frame,timestamp_ms,pose_detected,l_shoulder_x,l_shoulder_y,l_shoulder_vis,r_shoulder_x,r_shoulder_y,r_shoulder_vis,l_hip_x,l_hip_y,l_hip_vis,r_hip_x,r_hip_y,r_hip_vis,nose_x,nose_y,nose_vis,both_shoulders_visible,shoulder_angle_deg
0,0,True,0.5370748043060303,0.4726160764694214,0.9999889135360718,0.35996633768081665,0.49016353487968445,0.999902606010437,0.5196778774261475,0.6346833109855652,0.9995865225791931,0.4031243920326233,0.6363569498062134,0.9995100498199463,0.42189863324165344,0.4124298095703125,0.9999967813491821,True,174.34174548788596
1,33,True,0.5346111059188843,0.47204962372779846,0.9999892711639404,0.3549828827381134,0.49015673995018005,0.9999018311500549,0.5132110714912415,0.6351388692855835,0.9996019005775452,0.3987536132335663,0.6363140344619751,0.9995192885398865,0.41910162568092346,0.41189172863960266,0.9999966621398926,True,174.24384095355066
2,66,True,0.5273345112800598,0.4716179072856903,0.99998939037323,0.34498608112335205,0.49021461606025696,0.9999017119407654,0.5053731203079224,0.6356222033500671,0.9996099472045898,0.39066755771636963,0.6366719603538513,0.9995219111442566,0.40861836075782776,0.41182631254196167,0.9999966025352478,True,174.17685288714048
3,99,True,0.5145089030265808,0.47110921144485474,0.9999894499778748,0.32985687255859375,0.4902394711971283,0.9999021291732788,0.4935579001903534,0.6356629729270935,0.9996201395988464,0.3791636526584625,0.6369875073432922,0.9995251297950745,0.3963925540447235,0.41152223944664,0.9999964833259583,True,174.0851629291329
4,133,True,0.4994692802429199,0.4700579047203064,0.9999892711639404,0.31697818636894226,0.49023595452308655,0.9999035596847534,0.4853178858757019,0.6357249021530151,0.9996207356452942,0.3713191747665405,0.6376782059669495,0.999523937702179,0.3846443295478821,0.41039595007896423,0.9999964237213135,True,173.6904323998818
5,166,True,0.48727360367774963,0.46926361322402954,0.9999876618385315,0.30329495668411255,0.49020928144454956,0.9999009966850281,0.47840526700019836,0.6350979208946228,0.9995842576026917,0.36333221197128296,0.6376982927322388,0.9994956254959106,0.3731984496116638,0.40945911407470703,0.9999959468841553,True,173.50493464345195
6,199,True,0.4769870936870575,0.46873170137405396,0.9999868273735046,0.29194122552871704,0.49019762873649597,0.9999025464057922,0.4666581451892853,0.6344823837280273,0.9995869398117065,0.3516371250152588,0.6376486420631409,0.9995031952857971,0.3591671288013458,0.40836861729621887,0.9999959468841553,True,173.38307675715112
7,233,True,0.4673512578010559,0.46737033128738403,0.9999858140945435,0.28197723627090454,0.4902428090572357,0.9999033808708191,0.45974600315093994,0.6346038579940796,0.9995762705802917,0.34345707297325134,0.6386080980300903,0.9994990825653076,0.34879735112190247,0.40660640597343445,0.9999958872795105,True,172.96607909164945
8,266,True,0.4618552029132843,0.4673256576061249,0.999983549118042,0.2732294499874115,0.49022403359413147,0.9999017715454102,0.4531083405017853,0.6333288550376892,0.9995511174201965,0.3362768292427063,0.6385629773139954,0.9994824528694153,0.3387744724750519,0.40462252497673035,0.9999954700469971,True,173.0784009312145
9,299,True,0.45739078521728516,0.466804563999176,0.999982476234436,0.2689095139503479,0.49011486768722534,0.9999033212661743,0.4475921392440796,0.6333500146865845,0.9995407462120056,0.3312668800354004,0.638698935508728,0.9994704723358154,0.33320119976997375,0.40351998805999756,0.9999951720237732,True,172.94977994698553
10,333,True,0.45512309670448303,0.4659958481788635,0.9999819397926331,0.26546135544776917,0.48926863074302673,0.9999058842658997,0.4452463984489441,0.6337507367134094,0.9995353817939758,0.3283562958240509,0.6388673782348633,0.9994708299636841,0.33142203092575073,0.4031290113925934,0.999995231628418,True,173.00439007074564
11,366,True,0.4531863331794739,0.4658741354942322,0.999982476234436,0.2630285918712616,0.487480103969574,0.9999100565910339,0.4420080780982971,0.6342936754226685,0.9995537996292114,0.32530677318573,0.6389226913452148,0.9994891881942749,0.33042603731155396,0.40305235981941223,0.9999954700469971,True,173.51777877409697
12,399,True,0.45278313755989075,0.4659014046192169,0.9999827146530151,0.2630012035369873,0.4865560829639435,0.9999136328697205,0.4399224519729614,0.6344307661056519,0.9995654821395874,0.32369089126586914,0.6390494704246521,0.9995052814483643,0.33159124851226807,0.40248093008995056,0.9999956488609314,True,173.78873254662938
13,432,True,0.45376232266426086,0.4661560654640198,0.9999834299087524,0.2638668715953827,0.4858708679676056,0.9999178051948547,0.44021737575531006,0.6344621181488037,0.9995900988578796,0.3240542411804199,0.639234185218811,0.9995299577713013,0.33421680331230164,0.40141168236732483,0.9999958872795105,True,174.07282972910423
14,466,True,0.45608359575271606,0.4667917490005493,0.9999830722808838,0.2662314176559448,0.48589807748794556,0.9999205470085144,0.4405216574668884,0.6345731616020203,0.999600887298584,0.32485878467559814,0.6396865844726562,0.9995452165603638,0.3368026316165924,0.4013170003890991,0.9999958872795105,True,174.25322085891372
15,499,True,0.457655131816864,0.4677496552467346,0.9999836087226868,0.2682240903377533,0.4858451783657074,0.9999234080314636,0.44238102436065674,0.6353476643562317,0.9996155500411987,0.326393187046051,0.6407891511917114,0.9995588660240173,0.337859570980072,0.40130481123924255,0.9999959468841553,True,174.54334090874818
16,532,True,0.4586682915687561,0.46858564019203186,0.9999834299087524,0.2704925239086151,0.4857892096042633,0.9999253153800964,0.4430365264415741,0.6349630951881409,0.999614953994751,0.326874703168869,0.6402903199195862,0.9995691180229187,0.34370696544647217,0.4022974967956543,0.9999959468841553,True,174.77637616186044
17,566,True,0.4654074013233185,0.4702785909175873,0.9999832510948181,0.2790161669254303,0.4858858287334442,0.999925971031189,0.4441792666912079,0.6356266140937805,0.9996139407157898,0.3295372724533081,0.640625,0.9995763897895813,0.3526706099510193,0.4030625522136688,0.9999959468841553,True,175.21357486043928
18,599,True,0.47444814443588257,0.47140568494796753,0.9999833106994629,0.2894414961338043,0.485942542552948,0.999928891658783,0.45020776987075806,0.6352251172065735,0.9996083974838257,0.33827802538871765,0.640232264995575,0.9995841979980469,0.36613738536834717,0.4050807058811188,0.9999960660934448,True,175.5072273936214
19,632,True,0.4863291382789612,0.4737335443496704,0.9999825954437256,0.302047461271286,0.48596152663230896,0.9999286532402039,0.45850640535354614,0.6352662444114685,0.9996039271354675,0.3482925593852997,0.6398417353630066,0.9995847940444946,0.3818416893482208,0.4063238799571991,0.9999959468841553,True,176.20371249319666
20,666,True,0.49816957116127014,0.47510090470314026,0.9999831914901733,0.3138227164745331,0.48596134781837463,0.9999309182167053,0.46862372756004333,0.6365692615509033,0.999618411064148,0.35831356048583984,0.640501081943512,0.9995948076248169,0.39811450242996216,0.4071985185146332,0.9999960064888,True,176.62842552952654
21,699,True,0.5085747241973877,0.4764050543308258,0.9999837875366211,0.3272780478000641,0.48551592230796814,0.9999322891235352,0.4777635335922241,0.6366382837295532,0.999622642993927,0.36801591515541077,0.6403473615646362,0.9996011257171631,0.41082271933555603,0.40892553329467773,0.9999960660934448,True,177.1230829133348
22,732,True,0.518159031867981,0.47806528210639954,0.9999848008155823,0.33769503235816956,0.48509877920150757,0.999933123588562,0.4833356440067291,0.637795090675354,0.999636173248291,0.3734017014503479,0.6403428316116333,0.9996111392974854,0.42495420575141907,0.4107537269592285,0.9999961853027344,True,177.76805436664344
23,766,True,0.5264981389045715,0.47887054085731506,0.9999858736991882,0.3490731716156006,0.48256370425224304,0.9999358057975769,0.4903094172477722,0.6372175812721252,0.9996528625488281,0.38122910261154175,0.6385151147842407,0.9996210336685181,0.4312702715396881,0.41129299998283386,0.9999963045120239,True,178.80754030414846
24,799,True,0.5302248597145081,0.4795985817909241,0.9999868273735046,0.3564711809158325,0.4824383556842804,0.9999381899833679,0.4956793785095215,0.6372772455215454,0.9996720552444458,0.3861037790775299,0.6385177373886108,0.9996336698532104,0.4361266493797302,0.4122259318828583,0.9999964833259583,True,179.06365968708917
25,832,True,0.5379113554954529,0.4794500470161438,0.9999872446060181,0.360569566488266,0.4819805324077606,0.9999379515647888,0.49898776412010193,0.639843761920929,0.9996740818023682,0.39037954807281494,0.6396910548210144,0.9996238350868225,0.44240057468414307,0.4124680757522583,0.9999964237213135,True,179.18250348565851
26,865,True,0.5423645377159119,0.4795325696468353,0.9999875426292419,0.36477917432785034,0.48026779294013977,0.9999374747276306,0.504028856754303,0.6408692002296448,0.9996494650840759,0.39443865418434143,0.6410829424858093,0.9995861053466797,0.4425477683544159,0.4132281541824341,0.9999962449073792,True,179.76279041120182
27,899,True,0.5435877442359924,0.4795387089252472,0.9999865889549255,0.36717796325683594,0.47964248061180115,0.999932587146759,0.5066831707954407,0.6393746137619019,0.9995537400245667,0.39732617139816284,0.6395624876022339,0.9994564652442932,0.44805213809013367,0.4136120676994324,0.9999954700469971,True,179.96629620560887
28,932,True,0.5468688011169434,0.4795539975166321,0.9999852180480957,0.36998966336250305,0.47948014736175537,0.9999266862869263,0.5083325505256653,0.6383398771286011,0.9994948506355286,0.39813241362571716,0.63922518491745,0.9993685483932495,0.45008736848831177,0.41433313488960266,0.9999943375587463,True,-179.97607800445732
29,965,True,0.54799884557724,0.4794923663139343,0.999984085559845,0.3686518669128418,0.47951972484588623,0.9999138712882996,0.5089289546012878,0.637395977973938,0.999467134475708,0.3975001275539398,0.6387497782707214,0.9993085265159607,0.45216104388237,0.41538557410240173,0.9999935626983643,True,179.9912598003377
30,999,True,0.5490798950195312,0.4794400632381439,0.9999805688858032,0.3677251636981964,0.47960901260375977,0.9999011754989624,0.5105718970298767,0.6373897790908813,0.9994604587554932,0.3968487083911896,0.6387478113174438,0.9992866516113281,0.4511968195438385,0.41539543867111206,0.9999926090240479,True,179.94662348905752
31,1032,True,0.548518180847168,0.4790709316730499,0.9999706745147705,0.3671192526817322,0.4796307682991028,0.9998711943626404,0.5120911598205566,0.6372421979904175,0.9994168281555176,0.39704379439353943,0.6387406587600708,0.9992227554321289,0.4519229531288147,0.416803240776062,0.999983012676239,True,179.8231732988985
32,1065,True,0.5466926693916321,0.4785456359386444,0.9999684691429138,0.36552420258522034,0.4792853891849518,0.999869167804718,0.5114738941192627,0.6348914504051208,0.999397873878479,0.39640912413597107,0.6378510594367981,0.9991986751556396,0.4522545337677002,0.4182998538017273,0.9999817609786987,True,179.76604922431267
33,1099,True,0.5457491874694824,0.4784766435623169,0.9999619126319885,0.3643742799758911,0.47924861311912537,0.9998482465744019,0.5106948018074036,0.6349109411239624,0.999341607093811,0.39436444640159607,0.6379324793815613,0.9991014003753662,0.45145800709724426,0.4183027446269989,0.999977707862854,True,179.75613864647508
34,1132,True,0.5452536344528198,0.478149950504303,0.9999505877494812,0.36298853158950806,0.47853657603263855,0.999823808670044,0.5101065039634705,0.6359586119651794,0.9993305206298828,0.3914584815502167,0.6393715739250183,0.9991002082824707,0.45055657625198364,0.41821518540382385,0.9999721646308899,True,179.87846286835676
35,1165,True,0.5433286428451538,0.47729745507240295,0.9999459385871887,0.3606705963611603,0.4765316843986511,0.9998080730438232,0.5050552487373352,0.6358951926231384,0.9993013143539429,0.3877773880958557,0.6390411853790283,0.9990444183349609,0.4498627185821533,0.4180823564529419,0.9999667406082153,True,-179.75979612463425
36,1199,True,0.5392076373100281,0.47667187452316284,0.9999439120292664,0.35551539063453674,0.47510984539985657,0.9997909665107727,0.5015994310379028,0.6361912488937378,0.9993249177932739,0.3845326602458954,0.6392332315444946,0.9990698099136353,0.44823530316352844,0.4180106818675995,0.9999627470970154,True,-179.51279642569742
37,1232,True,0.5357567071914673,0.47586241364479065,0.9999405145645142,0.35137858986854553,0.47354668378829956,0.9997745752334595,0.4964336156845093,0.6360397338867188,0.99932461977005,0.3802027404308319,0.6389163732528687,0.9990649223327637,0.447851300239563,0.4175662398338318,0.9999569058418274,True,-179.28042127115714
38,1265,True,0.5310837626457214,0.4756922423839569,0.9999295473098755,0.3466988801956177,0.47236892580986023,0.999752938747406,0.49230653047561646,0.6348755359649658,0.9993164539337158,0.37615668773651123,0.63728266954422,0.9990527629852295,0.44415906071662903,0.4174421429634094,0.9999486207962036,True,-178.96742403037334
39,1298,True,0.5281977653503418,0.4756978750228882,0.9999160170555115,0.3443344235420227,0.4720836877822876,0.9997330904006958,0.48842811584472656,0.634612500667572,0.9993157982826233,0.3729592263698578,0.6368864178657532,0.9990422129631042,0.44297435879707336,0.41665560007095337,0.9999438524246216,True,-178.87388639751134
40,1332,True,0.5279307961463928,0.4755646288394928,0.9999046921730042,0.34288132190704346,0.4717522859573364,0.9996923804283142,0.48679324984550476,0.6349182724952698,0.9993042945861816,0.3714360296726227,0.6369004845619202,0.9990007877349854,0.44079166650772095,0.4162178635597229,0.9999327063560486,True,-178.81977366914296
41,1365,True,0.5276891589164734,0.4755599796772003,0.9998900890350342,0.34190383553504944,0.4718373417854309,0.9996640086174011,0.48533403873443604,0.6351543068885803,0.9992892146110535,0.37072381377220154,0.6369096040725708,0.9989572167396545,0.4407522976398468,0.4156513512134552,0.9999091029167175,True,-178.85210038238097
42,1398,True,0.5274618268013,0.4755658507347107,0.9998875856399536,0.34213224053382874,0.4719434082508087,0.9996685981750488,0.48428311944007874,0.6379531621932983,0.9992820620536804,0.3703513741493225,0.6384003162384033,0.998927652835846,0.4407152235507965,0.41563543677330017,0.9999129772186279,True,-178.88024224882435
43,1432,True,0.5278304219245911,0.4758688509464264,0.999869704246521,0.3439176678657532,0.4720379710197449,0.9996651411056519,0.4843539297580719,0.640120267868042,0.9991773366928101,0.3706665635108948,0.6393505334854126,0.998790442943573,0.4411846995353699,0.4160259962081909,0.9999113082885742,True,-178.80670856051674
44,1465,True,0.5281261205673218,0.476175457239151,0.9998688101768494,0.34676963090896606,0.47274383902549744,0.9996713399887085,0.48353222012519836,0.6399912238121033,0.9991154670715332,0.370882123708725,0.6391595602035522,0.9987202286720276,0.44163957238197327,0.41644176840782166,0.9999080300331116,True,-178.91598155472283
45,1498,True,0.5278588533401489,0.47756263613700867,0.9998742341995239,0.34689974784851074,0.4753546118736267,0.9996872544288635,0.4835982620716095,0.6404682993888855,0.9991216659545898,0.37332162261009216,0.6402862071990967,0.9987389445304871,0.4479440748691559,0.4164960980415344,0.999910831451416,True,-179.3009238572028
46,1532,True,0.5278192758560181,0.4782412350177765,0.9998833537101746,0.3528696298599243,0.47605884075164795,0.999701738357544,0.48489126563072205,0.6408969759941101,0.9990900158882141,0.3802753686904907,0.6405162811279297,0.998679518699646,0.45630621910095215,0.41662389039993286,0.999910295009613,True,-179.28530581123965
47,1565,True,0.5253359079360962,0.4792472720146179,0.9998648166656494,0.3638465702533722,0.47721928358078003,0.9997189044952393,0.48613789677619934,0.6449601054191589,0.9989690780639648,0.38915637135505676,0.6449204087257385,0.9985476136207581,0.4657437205314636,0.41681814193725586,0.9999039173126221,True,-179.28051552969504
48,1598,True,0.5199014544487,0.4830611050128937,0.999823272228241,0.37642166018486023,0.4772009551525116,0.9997292160987854,0.4881743788719177,0.6459832787513733,0.9987509846687317,0.39792904257774353,0.6453173756599426,0.9983996152877808,0.4750308096408844,0.41676777601242065,0.9999034404754639,True,-177.661166564014
49,1631,True,0.5124297142028809,0.48482826352119446,0.9997793436050415,0.3845265507698059,0.47638919949531555,0.9997474551200867,0.49128445982933044,0.6505895853042603,0.9986205101013184,0.4101940095424652,0.6506397724151611,0.9983715415000916,0.4862806499004364,0.4169764220714569,0.9999071359634399,True,-176.22509002901913
50,1665,True,0.5083703994750977,0.4881705045700073,0.9997174739837646,0.39404216408729553,0.4733891189098358,0.9997618198394775,0.4930843114852905,0.6496551632881165,0.9983838200569153,0.41880932450294495,0.6500110626220703,0.9983401298522949,0.4884495437145233,0.41745030879974365,0.9999092817306519,True,-172.63315058673487
51,1698,True,0.5004750490188599,0.48760277032852173,0.9996628761291504,0.4076347351074219,0.46725526452064514,0.9997786283493042,0.4923054873943329,0.6494800448417664,0.9982969164848328,0.4294149875640869,0.6485263109207153,0.9983670711517334,0.49544891715049744,0.41749107837677,0.9999154210090637,True,-167.6381295025127
52,1731,True,0.4885740578174591,0.48419177532196045,0.9994288086891174,0.42059919238090515,0.4653475880622864,0.9997854828834534,0.4802824854850769,0.6502681970596313,0.9978018999099731,0.4392071068286896,0.6495563387870789,0.9981719851493835,0.5041583180427551,0.41743382811546326,0.9999213814735413,True,-164.50540961977103
53,1765,True,0.4812275171279907,0.4767068028450012,0.9988710284233093,0.4329600930213928,0.4625071883201599,0.999774158000946,0.4731375277042389,0.6499810814857483,0.9970083236694336,0.44350185990333557,0.6490051746368408,0.9977502226829529,0.5186748504638672,0.4171319007873535,0.9999203085899353,True,-163.60683980720765
54,1798,True,0.47881942987442017,0.4710865318775177,0.9983316659927368,0.44341418147087097,0.4577672779560089,0.9997569918632507,0.47440049052238464,0.6458491086959839,0.9957050681114197,0.4514964520931244,0.6453996896743774,0.9971466660499573,0.5329368710517883,0.4164600372314453,0.9999098777770996,True,-159.38398455364631
55,1831,True,0.4794921278953552,0.4707683026790619,0.9981845617294312,0.4619576930999756,0.45857056975364685,0.999743640422821,0.47461315989494324,0.6450961828231812,0.9957160353660583,0.45805180072784424,0.6434429287910461,0.997161865234375,0.548126757144928,0.41592371463775635,0.9998597502708435,True,-145.17580758164954
56,1865,True,0.4732883870601654,0.4681582450866699,0.9982703328132629,0.49350059032440186,0.4564247131347656,0.9997557401657104,0.47353607416152954,0.6449986696243286,0.9958463907241821,0.47101253271102905,0.6432228088378906,0.9972228407859802,0.5706599354743958,0.4156844913959503,0.9998195171356201,True,-30.135902857435347
57,1898,True,0.4717699885368347,0.46744298934936523,0.9983722567558289,0.5131030678749084,0.4548633396625519,0.9997621178627014,0.45954692363739014,0.6457768678665161,0.9957225322723389,0.490322470664978,0.6430379748344421,0.9971513152122498,0.5864443778991699,0.4157326817512512,0.9997915625572205,True,-16.92753443482401
58,1931,True,0.47000202536582947,0.4679204225540161,0.9984736442565918,0.530628502368927,0.4555008113384247,0.9997722506523132,0.45650506019592285,0.6459753513336182,0.9956297874450684,0.5033616423606873,0.6435848474502563,0.9972295165061951,0.5919144153594971,0.418363094329834,0.9997862577438354,True,-11.577129829721567
59,1965,True,0.4605223834514618,0.46824154257774353,0.9985463619232178,0.553062379360199,0.455841064453125,0.9997841715812683,0.45167380571365356,0.6451005339622498,0.9953464269638062,0.5190653800964355,0.642940878868103,0.9971992373466492,0.5872756242752075,0.4226628839969635,0.9997445940971375,True,-7.632242252125336
60,1998,True,0.44879230856895447,0.46729299426078796,0.9986079931259155,0.5756580829620361,0.4591964781284332,0.9997937083244324,0.4511106312274933,0.6439478397369385,0.9950745105743408,0.5361894369125366,0.6424379348754883,0.9971298575401306,0.5773352980613708,0.4229200482368469,0.9997238516807556,True,-3.6516383848598766
61,2031,True,0.4454488754272461,0.4626806378364563,0.9986646175384521,0.5939492583274841,0.46741724014282227,0.9997706413269043,0.4522264003753662,0.6426036357879639,0.9952530264854431,0.5487103462219238,0.641839325428009,0.9971393346786499,0.5738474726676941,0.4226618707180023,0.9996740818023682,True,1.8268999614848587
62,2064,True,0.44140389561653137,0.46142661571502686,0.9987198114395142,0.6006829738616943,0.4723362326622009,0.9997457265853882,0.4534403681755066,0.636459469795227,0.9955672025680542,0.5572247505187988,0.6365400552749634,0.9972854852676392,0.5659639835357666,0.42249009013175964,0.9996294975280762,True,3.9182814599951237
63,2098,True,0.44174256920814514,0.4580826461315155,0.9988207817077637,0.6117406487464905,0.4768635034561157,0.9997168779373169,0.4517332911491394,0.6365846395492554,0.9959255456924438,0.5566067099571228,0.638944685459137,0.9974023699760437,0.5176172256469727,0.422536700963974,0.9996232390403748,True,6.3042936052691845
64,2131,True,0.444864958524704,0.4574066698551178,0.9989161491394043,0.6156594157218933,0.47857600450515747,0.9996981620788574,0.45212095975875854,0.637058436870575,0.996252179145813,0.5556100010871887,0.6398112177848816,0.9975172281265259,0.49993568658828735,0.4226457476615906,0.9996289014816284,True,7.065562798081235
65,2164,True,0.4489152431488037,0.45432624220848083,0.9990082383155823,0.6096441149711609,0.47768402099609375,0.9996634721755981,0.45235246419906616,0.6303496956825256,0.9965693950653076,0.5551260709762573,0.6365615725517273,0.9976553916931152,0.47112712264060974,0.4225902557373047,0.9996237754821777,True,8.268573618958607
66,2198,True,0.4542008638381958,0.4549712836742401,0.9990925192832947,0.6047694087028503,0.4795657694339752,0.9996215105056763,0.4526982307434082,0.6278972029685974,0.9968519806861877,0.552460253238678,0.6352218985557556,0.9978014826774597,0.4564683735370636,0.42351263761520386,0.9996243715286255,True,9.276999921454362
67,2231,True,0.504889190196991,0.44625797867774963,0.9991664290428162,0.5689302086830139,0.47366097569465637,0.9995039701461792,0.4704681634902954,0.6238282322883606,0.9970497488975525,0.5402175188064575,0.6338809132575989,0.9978592395782471,0.44749823212623596,0.42119404673576355,0.9995846748352051,True,23.16596502060705
68,2264,True,0.535363495349884,0.4449061453342438,0.9992297291755676,0.5348896980285645,0.4692898988723755,0.9994051456451416,0.496976375579834,0.6213533282279968,0.9973177909851074,0.5146953463554382,0.6299661993980408,0.9980116486549377,0.44720908999443054,0.4138849079608917,0.9996054768562317,True,91.11316623644413
69,2298,True,0.5278154611587524,0.44661056995391846,0.9992784261703491,0.5235518217086792,0.4695599377155304,0.9990040063858032,0.5055241584777832,0.6231819987297058,0.9975084066390991,0.5141032338142395,0.6306740641593933,0.9978663325309753,0.4461357891559601,0.4104129672050476,0.9995765089988708,True,100.52467948071653
70,2331,True,0.5355160236358643,0.44550076127052307,0.9993483424186707,0.5017723441123962,0.46785593032836914,0.9990594983100891,0.5207595229148865,0.6224904656410217,0.9977443814277649,0.5081969499588013,0.6280611753463745,0.9980244040489197,0.4504067599773407,0.4065297245979309,0.9996159672737122,True,146.47554873143537
71,2364,True,0.543775200843811,0.4429849684238434,0.9994099140167236,0.47664201259613037,0.46796780824661255,0.9989277124404907,0.524875819683075,0.6233430504798889,0.9979376196861267,0.4887967109680176,0.6279081702232361,0.9980799555778503,0.45549869537353516,0.40605562925338745,0.9996426701545715,True,159.5878315708731
72,2398,True,0.546898365020752,0.44447365403175354,0.9994659423828125,0.4379165768623352,0.4680447578430176,0.9988999962806702,0.5340620875358582,0.6289044618606567,0.9981216192245483,0.4701051712036133,0.6314407587051392,0.9981898069381714,0.4587886333465576,0.4038662910461426,0.9996759295463562,True,167.79577748785718
73,2431,True,0.5611212849617004,0.44807925820350647,0.999507486820221,0.41271117329597473,0.46796470880508423,0.9989099502563477,0.5405071973800659,0.6333481073379517,0.9982690811157227,0.4564065933227539,0.6354886293411255,0.9982666969299316,0.4603338837623596,0.40430885553359985,0.999687910079956,True,172.3684004635153
74,2464,True,0.5746275782585144,0.45407429337501526,0.9995413422584534,0.4012764096260071,0.46806126832962036,0.9989779591560364,0.5440998077392578,0.6381096243858337,0.9983698725700378,0.4469742178916931,0.6396777033805847,0.9983304738998413,0.4652862250804901,0.4049256443977356,0.9997012615203857,True,175.38703821650205
75,2497,True,0.5836034417152405,0.45897015929222107,0.999580979347229,0.39430323243141174,0.4680771827697754,0.999064028263092,0.5426758527755737,0.6391084790229797,0.9984416961669922,0.4344916343688965,0.6396016478538513,0.9983537197113037,0.4722881615161896,0.40320974588394165,0.9997270107269287,True,177.24568709577574
76,2531,True,0.5861440896987915,0.46548888087272644,0.9996210932731628,0.39095115661621094,0.468109130859375,0.9991477727890015,0.5442069172859192,0.6392999291419983,0.9985626339912415,0.43075037002563477,0.6395127773284912,0.9984441995620728,0.48085153102874756,0.40140068531036377,0.9997526407241821,True,179.23091350546315
77,2564,True,0.5786787271499634,0.46717768907546997,0.999652624130249,0.3865164816379547,0.4681219458580017,0.9992266297340393,0.546176552772522,0.6389526128768921,0.9986615777015686,0.4318685531616211,0.638759195804596,0.9985418319702148,0.4877564609050751,0.40105172991752625,0.9997752904891968,True,179.71845930073025
78,2597,True,0.57319176197052,0.4703274667263031,0.999680757522583,0.38926294445991516,0.4682120084762573,0.9992967247962952,0.5451434254646301,0.6421031951904297,0.9987558722496033,0.43280166387557983,0.6401035189628601,0.9986284971237183,0.49762165546417236,0.4008667767047882,0.9997949600219727,True,-179.34104134997187
79,2631,True,0.5720284581184387,0.4737769663333893,0.9996899962425232,0.39792266488075256,0.4681892395019531,0.9993532299995422,0.5454081296920776,0.6416023969650269,0.9988099336624146,0.4381864666938782,0.6399672627449036,0.9986762404441833,0.5059013366699219,0.40130290389060974,0.999809980392456,True,-178.16178826962508
80,2664,True,0.5602537989616394,0.4778122007846832,0.9997038841247559,0.40315765142440796,0.4642256796360016,0.9994088411331177,0.544977605342865,0.6412338614463806,0.9988747239112854,0.4409359395503998,0.6390127539634705,0.9987341165542603,0.5116078853607178,0.4013407528400421,0.9998248815536499,True,-175.0570517977788
81,2697,True,0.5469595193862915,0.477597713470459,0.9996801614761353,0.4124473035335541,0.45895856618881226,0.9994571208953857,0.543861448764801,0.6399526000022888,0.9988902807235718,0.4426155388355255,0.6355282664299011,0.9987720847129822,0.5165755152702332,0.40255919098854065,0.9998341798782349,True,-172.11085124416462
82,2731,True,0.5459461212158203,0.4766298234462738,0.9996063113212585,0.42954033613204956,0.4581755995750427,0.9994967579841614,0.5404262542724609,0.6391826272010803,0.9987390041351318,0.4449155032634735,0.6348575353622437,0.9987223148345947,0.5240182280540466,0.40262457728385925,0.999836802482605,True,-170.99166517728952
83,2764,True,0.5355069637298584,0.47568267583847046,0.9994183778762817,0.4458259344100952,0.45726555585861206,0.9995191097259521,0.5349671840667725,0.6391238570213318,0.9985376596450806,0.44642511010169983,0.6346842050552368,0.9986419081687927,0.5316545963287354,0.4027562737464905,0.9998411536216736,True,-168.39494337023064
84,2797,True,0.51704341173172,0.4687345623970032,0.9990760684013367,0.4792902171611786,0.4540262222290039,0.9995281100273132,0.5008403658866882,0.639013946056366,0.9977675676345825,0.45327839255332947,0.6353203654289246,0.9981706142425537,0.5465511679649353,0.4024117887020111,0.9998493194580078,True,-158.71451285501902
85,2831,True,0.5116150975227356,0.4647071659564972,0.9988776445388794,0.4989994764328003,0.453703373670578,0.9995298981666565,0.47838491201400757,0.6391000747680664,0.99678635597229,0.45580175518989563,0.6367095112800598,0.997626006603241,0.5639253258705139,0.40244361758232117,0.9998522996902466,True,-138.90390854364662
86,2864,True,0.49411919713020325,0.46453770995140076,0.9988855123519897,0.5224296450614929,0.4544360339641571,0.9995637536048889,0.4600255787372589,0.6393724083900452,0.9964130520820618,0.46694716811180115,0.6390013098716736,0.9975219964981079,0.5792521834373474,0.4025040864944458,0.9998648762702942,True,-19.637312398992435
87,2897,True,0.4781493544578552,0.46464774012565613,0.9989379048347473,0.5391573905944824,0.4542863070964813,0.999595582485199,0.45089191198349,0.6397789716720581,0.9962865710258484,0.4741818606853485,0.639532744884491,0.9974812269210815,0.5927737951278687,0.4024697542190552,0.9998723268508911,True,-9.638978401570698
88,2930,True,0.4643884301185608,0.46651023626327515,0.9989398121833801,0.5553486943244934,0.45454978942871094,0.9996012449264526,0.4441625475883484,0.6394210457801819,0.9955974221229553,0.49400681257247925,0.6392670273780823,0.9970816373825073,0.6019413471221924,0.4058983623981476,0.9998548626899719,True,-7.490898588675871
89,2964,True,0.45519059896469116,0.46649423241615295,0.9988754987716675,0.5702082514762878,0.455244243144989,0.9995928406715393,0.43823063373565674,0.6392837762832642,0.9946464896202087,0.5136377215385437,0.639319121837616,0.9965704679489136,0.6014187335968018,0.4120331406593323,0.9996944069862366,True,-5.586386584089927
90,2997,True,0.44384539127349854,0.46420881152153015,0.9988746643066406,0.5778182148933411,0.45557838678359985,0.999598503112793,0.43428197503089905,0.639249861240387,0.9941763877868652,0.5247761607170105,0.6393091678619385,0.9964565634727478,0.5923543572425842,0.41615772247314453,0.9995912313461304,True,-3.6858564630310595
91,3030,True,0.4289027750492096,0.46090707182884216,0.9988932609558105,0.588311493396759,0.45993295311927795,0.99959796667099,0.43348556756973267,0.6394575834274292,0.9942483305931091,0.532010555267334,0.6398370265960693,0.9965397119522095,0.5887922048568726,0.41632649302482605,0.9995803833007812,True,-0.3501200980218479
92,3064,True,0.4245813190937042,0.46039384603500366,0.9989421963691711,0.5947123169898987,0.4701372981071472,0.9995876550674438,0.4296194314956665,0.6392646431922913,0.9944743514060974,0.5310904383659363,0.6392311453819275,0.9966630339622498,0.5698989033699036,0.41610783338546753,0.9995908141136169,True,3.277765634292736
93,3097,True,0.4251407980918884,0.46000584959983826,0.9989967942237854,0.6063528656959534,0.47651636600494385,0.9995521306991577,0.42579442262649536,0.6400029063224792,0.9947631359100342,0.5294739603996277,0.6414775252342224,0.9967121481895447,0.5375747084617615,0.4156458079814911,0.9995898008346558,True,5.205934935658065
94,3130,True,0.428335577249527,0.45725762844085693,0.999076783657074,0.6025571227073669,0.481234610080719,0.9995688796043396,0.4280259311199188,0.639045000076294,0.9951712489128113,0.5274116396903992,0.6418763399124146,0.9968942999839783,0.5022406578063965,0.41621872782707214,0.9996099472045898,True,7.836022021041873
95,3164,True,0.42960265278816223,0.4542698264122009,0.999147355556488,0.5934181809425354,0.481372207403183,0.999523937702179,0.4299642741680145,0.636263906955719,0.9955500364303589,0.5296863317489624,0.640962541103363,0.9970263838768005,0.4660439193248749,0.41665682196617126,0.9995952844619751,True,9.39417727781118
96,3197,True,0.4320879280567169,0.45323851704597473,0.999218225479126,0.5884245038032532,0.4812301695346832,0.9994587302207947,0.4309923052787781,0.6313793063163757,0.9958711266517639,0.5305151343345642,0.6394978165626526,0.99712073802948,0.4355028569698334,0.4174899160861969,0.9995787739753723,True,10.151096139752688
97,3230,True,0.4871019124984741,0.44582244753837585,0.9992824196815491,0.5388689637184143,0.4770069122314453,0.9994551539421082,0.4523361325263977,0.620110809803009,0.9962143301963806,0.5134462118148804,0.6304363012313843,0.9973267912864685,0.4289778470993042,0.4154142141342163,0.9996000528335571,True,31.064754028266496
98,3263,True,0.4980078339576721,0.44407355785369873,0.9993460178375244,0.5096639394760132,0.4739450216293335,0.9993818402290344,0.4709002375602722,0.612534761428833,0.9965406656265259,0.49817103147506714,0.6241123080253601,0.997492253780365,0.4306160807609558,0.40901216864585876,0.9996166229248047,True,68.68383734536772
99,3297,True,0.4916072189807892,0.43922051787376404,0.9993890523910522,0.5087666511535645,0.4724973142147064,0.9991064667701721,0.4739580750465393,0.6137721538543701,0.9967950582504272,0.49792128801345825,0.6247216463088989,0.9975283145904541,0.42739778757095337,0.4063808023929596,0.999612033367157,True,62.721762134264594
100,3330,True,0.5075745582580566,0.4409569501876831,0.9994271397590637,0.48268595337867737,0.4724213778972626,0.9989184141159058,0.48762479424476624,0.6159155368804932,0.9970449209213257,0.48192670941352844,0.6258266568183899,0.9975883960723877,0.43223342299461365,0.405821293592453,0.9996383786201477,True,128.34426858950067
101,3363,True,0.5249189734458923,0.44148504734039307,0.9994765520095825,0.4503355920314789,0.4741131067276001,0.9988648891448975,0.4999151825904846,0.6215242147445679,0.9972425699234009,0.46843355894088745,0.6261322498321533,0.9976243376731873,0.43361276388168335,0.40563932061195374,0.999668538570404,True,156.3720214744455
102,3397,True,0.5332806706428528,0.44505012035369873,0.9995232820510864,0.4102315604686737,0.473974347114563,0.9988802671432495,0.5084608793258667,0.6227982044219971,0.9974769353866577,0.4477069675922394,0.6267957091331482,0.9977709650993347,0.43771660327911377,0.4034724235534668,0.999699056148529,True,166.77205735268348
103,3430,True,0.541195809841156,0.4575106203556061,0.9995306134223938,0.3966256380081177,0.47396811842918396,0.9989006519317627,0.5144221782684326,0.6319993734359741,0.9976678490638733,0.43821316957473755,0.6346464157104492,0.9979088306427002,0.4396858215332031,0.40261557698249817,0.999714195728302,True,173.5055526848696
104,3463,True,0.5494872331619263,0.45716825127601624,0.9995710849761963,0.38793274760246277,0.4738912880420685,0.998964786529541,0.5192851424217224,0.635761022567749,0.9978514313697815,0.4332340955734253,0.6381534934043884,0.9980361461639404,0.4381304383277893,0.40292248129844666,0.9997325539588928,True,174.09017315816183
105,3497,True,0.5588003993034363,0.45916712284088135,0.9995902180671692,0.38414227962493896,0.4738750755786896,0.9990286231040955,0.5247770547866821,0.6386029720306396,0.9977784156799316,0.4280425012111664,0.6408612728118896,0.9980261325836182,0.4405098259449005,0.4023228585720062,0.9997493028640747,True,175.1864814992617
106,3530,True,0.5636678338050842,0.464168518781662,0.999626636505127,0.37429168820381165,0.47425395250320435,0.9991055130958557,0.5272477865219116,0.6425853967666626,0.9979187250137329,0.4199391007423401,0.6435239315032959,0.9980879426002502,0.44067391753196716,0.4010085165500641,0.9997726082801819,True,176.95153046592824
107,3563,True,0.5613648295402527,0.46823564171791077,0.999660074710846,0.3657006621360779,0.47538140416145325,0.9991872906684875,0.5274019837379456,0.6418838500976562,0.9980645775794983,0.41478726267814636,0.642866849899292,0.9981644749641418,0.44379162788391113,0.4009515345096588,0.9997940063476562,True,177.9084563202747
108,3597,True,0.5568759441375732,0.4708896279335022,0.9996861815452576,0.3646900951862335,0.47546443343162537,0.9992602467536926,0.5247753858566284,0.6414381265640259,0.9981604814529419,0.4132741093635559,0.6424224376678467,0.9982306361198425,0.4513379633426666,0.401001900434494,0.9998098015785217,True,178.63638474285753
109,3630,True,0.5536013841629028,0.47356748580932617,0.9997086524963379,0.3639124929904938,0.47446635365486145,0.9993261098861694,0.5246163606643677,0.6413269639015198,0.9982703924179077,0.4141535460948944,0.642177164554596,0.9982941746711731,0.45863455533981323,0.4010540544986725,0.9998254776000977,True,179.72849781506355
110,3663,True,0.5449098944664001,0.47810423374176025,0.9997267127037048,0.3717467188835144,0.4711013436317444,0.9993848204612732,0.5231576561927795,0.6408579349517822,0.9983695149421692,0.41762539744377136,0.641872763633728,0.998359203338623,0.46754977107048035,0.40115711092948914,0.9998409152030945,True,-177.68416394679704
111,3696,True,0.5319374203681946,0.47882431745529175,0.9997387528419495,0.3777755796909332,0.4624282717704773,0.999435544013977,0.522518515586853,0.6389598250389099,0.998479425907135,0.42017611861228943,0.637155294418335,0.9984484910964966,0.4743611216545105,0.4008339047431946,0.999854564666748,True,-173.92906877392258
112,3730,True,0.5138283967971802,0.4772418737411499,0.9997185468673706,0.3793416917324066,0.4576914608478546,0.9994814395904541,0.5167980194091797,0.6394258141517639,0.9984744191169739,0.42175254225730896,0.6373286843299866,0.9984825849533081,0.4807851016521454,0.3998117744922638,0.9998674988746643,True,-171.72881734599835
113,3763,True,0.49909356236457825,0.4762249290943146,0.9996406435966492,0.3868064880371094,0.45509031414985657,0.9994896650314331,0.5014891624450684,0.6415547728538513,0.998418927192688,0.42144858837127686,0.6392573714256287,0.9984859824180603,0.48334428668022156,0.39851123094558716,0.9998766183853149,True,-169.34052668358026
114,3796,True,0.5014141798019409,0.4740895926952362,0.9995189905166626,0.40041929483413696,0.44881489872932434,0.999497652053833,0.48953738808631897,0.6413509845733643,0.998449981212616,0.4194161593914032,0.6390178203582764,0.998558759689331,0.48727449774742126,0.3974253833293915,0.9998765587806702,True,-165.9498894358955
115,3830,True,0.4740213453769684,0.46361127495765686,0.9989923238754272,0.4195454716682434,0.4466562867164612,0.9995014071464539,0.4642271399497986,0.640789270401001,0.9980231523513794,0.41985058784484863,0.6384465098381042,0.9983605742454529,0.496768981218338,0.3973526358604431,0.9998704195022583,True,-162.71184807330874
116,3863,True,0.4578932523727417,0.4631541967391968,0.998715877532959,0.4450189471244812,0.4490496516227722,0.9994759559631348,0.4397900402545929,0.6405514478683472,0.9974780082702637,0.42004457116127014,0.6381967663764954,0.9979587197303772,0.513831377029419,0.3974709212779999,0.9998668432235718,True,-132.3891120090842
117,3896,True,0.44154489040374756,0.46341472864151,0.99869304895401,0.4646339416503906,0.4506058394908905,0.9995065927505493,0.4173438549041748,0.6433884501457214,0.9972419738769531,0.42220982909202576,0.6420231461524963,0.9978665113449097,0.53682941198349,0.3975790739059448,0.9998610615730286,True,-29.0197742622918
118,3930,True,0.42594534158706665,0.4629950225353241,0.9987471699714661,0.4838182330131531,0.45029741525650024,0.9995387196540833,0.40464842319488525,0.643049418926239,0.9969534277915955,0.42723578214645386,0.642780065536499,0.9977402687072754,0.5473421216011047,0.3976818323135376,0.9998635649681091,True,-12.374902540634015
119,3963,True,0.4158685505390167,0.46104422211647034,0.9987631440162659,0.49694156646728516,0.4508577585220337,0.999552309513092,0.39311355352401733,0.6424711346626282,0.9961243271827698,0.43305718898773193,0.6426680684089661,0.9972131848335266,0.5519218444824219,0.40143415331840515,0.999805748462677,True,-7.161431648870011
120,3996,True,0.39960047602653503,0.4612596929073334,0.9986653923988342,0.5122890472412109,0.4512993097305298,0.9995641708374023,0.38946589827537537,0.6360162496566772,0.9944316148757935,0.4489842653274536,0.6386169791221619,0.9964195489883423,0.5466799736022949,0.41016584634780884,0.999565601348877,True,-5.051165931776267
121,4030,True,0.3849796950817108,0.4576912820339203,0.9986320734024048,0.5179283618927002,0.4517083466053009,0.9995807409286499,0.3806040287017822,0.6344632506370544,0.9938579201698303,0.4572197198867798,0.6378594636917114,0.9962427616119385,0.5397136211395264,0.4131898283958435,0.9994028210639954,True,-2.57667738404253
122,4063,True,0.3714076280593872,0.45181119441986084,0.9986452460289001,0.5274760127067566,0.4535869061946869,0.9995797276496887,0.37812191247940063,0.6337405443191528,0.993766725063324,0.4672292172908783,0.6371469497680664,0.9962372183799744,0.5223679542541504,0.41225987672805786,0.999411940574646,True,0.6518706569129974
123,4096,True,0.3677451014518738,0.4503806531429291,0.9986841678619385,0.5393748879432678,0.4626501500606537,0.9995046854019165,0.3705909848213196,0.6328283548355103,0.9940175414085388,0.4684523344039917,0.6367880702018738,0.9962352514266968,0.498077392578125,0.4116373062133789,0.9993994832038879,True,4.089013369354632
124,4129,True,0.36599448323249817,0.45117583870887756,0.9987549781799316,0.5514250993728638,0.47335830330848694,0.9993783235549927,0.36420369148254395,0.6334720849990845,0.9942956566810608,0.46939003467559814,0.6385307908058167,0.9960939884185791,0.46757033467292786,0.4119341969490051,0.9993414282798767,True,6.821691219046616
125,4163,True,0.36766380071640015,0.44964084029197693,0.998852550983429,0.5518065094947815,0.4770740270614624,0.9993653893470764,0.36297380924224854,0.6321316361427307,0.9947513937950134,0.4705386459827423,0.638399064540863,0.9963362216949463,0.44241204857826233,0.41268640756607056,0.9993844032287598,True,8.473481457194918
126,4196,True,0.36894047260284424,0.4458003640174866,0.998949408531189,0.5466083288192749,0.4756637215614319,0.9993870854377747,0.3676319420337677,0.6293594241142273,0.9951698184013367,0.47339656949043274,0.6361516714096069,0.9965448379516602,0.4152703583240509,0.41243046522140503,0.9994219541549683,True,9.541389693842156
127,4229,True,0.3755166232585907,0.4400154948234558,0.9990405440330505,0.541920006275177,0.4754253625869751,0.999384880065918,0.37175559997558594,0.6236534714698792,0.9955291152000427,0.47649794816970825,0.6326327919960022,0.9967372417449951,0.3937323987483978,0.4121856689453125,0.9994364976882935,True,12.013090048988772
128,4263,True,0.40992528200149536,0.4404430091381073,0.9990898966789246,0.49398013949394226,0.4684543013572693,0.9993171691894531,0.37800201773643494,0.6119076609611511,0.9957926273345947,0.47295981645584106,0.6205217242240906,0.9969136714935303,0.3742809295654297,0.4094187021255493,0.9994175434112549,True,18.43065825602048
129,4296,True,0.43736517429351807,0.43885573744773865,0.999096691608429,0.4733039140701294,0.4572727084159851,0.9989479184150696,0.3990806043148041,0.6085972189903259,0.9959827065467834,0.4463903307914734,0.6151468753814697,0.9969200491905212,0.37558290362358093,0.40277817845344543,0.9992552995681763,True,27.13307750493332
130,4329,True,0.4489724040031433,0.4327036738395691,0.9991375803947449,0.4473099112510681,0.4520469605922699,0.998355507850647,0.42205074429512024,0.6104956269264221,0.9962535500526428,0.4237576425075531,0.6162319183349609,0.996904194355011,0.37282514572143555,0.3918472230434418,0.9990028738975525,True,94.91231462951085
131,4363,True,0.4591064453125,0.43415531516075134,0.9991464018821716,0.418751060962677,0.45356717705726624,0.9981486797332764,0.43829619884490967,0.6118542551994324,0.9964869022369385,0.41404423117637634,0.6164087057113647,0.9969869256019592,0.37015628814697266,0.39215928316116333,0.9990624785423279,True,154.31138245421508
132,4396,True,0.46825575828552246,0.4339299499988556,0.9992294311523438,0.4117874205112457,0.4577353596687317,0.9982963800430298,0.44309964776039124,0.6121419668197632,0.99681156873703,0.41288289427757263,0.6174624562263489,0.9972034692764282,0.37690168619155884,0.3928242623806,0.9991448521614075,True,157.1411261028272
133,4429,True,0.4769461154937744,0.4428277909755707,0.9992918372154236,0.3741950988769531,0.4664553105831146,0.9983157515525818,0.4551888108253479,0.6188585162162781,0.9970180988311768,0.3971552848815918,0.6199312806129456,0.9972893595695496,0.3811485171318054,0.39350754022598267,0.9992188215255737,True,167.04999697406026
134,4462,True,0.48781144618988037,0.44740453362464905,0.9993319511413574,0.3533133566379547,0.46702858805656433,0.998278021812439,0.4605124592781067,0.6258193850517273,0.9972411394119263,0.38218948245048523,0.6280232071876526,0.9973753690719604,0.3850787580013275,0.3946894705295563,0.9992685317993164,True,171.6987882184104
135,4496,True,0.5105282664299011,0.45077112317085266,0.9993762373924255,0.34155839681625366,0.46720394492149353,0.9983646869659424,0.4685230255126953,0.6306346654891968,0.9973800778388977,0.3764231204986572,0.6319783926010132,0.99738609790802,0.38665854930877686,0.39546164870262146,0.9993234872817993,True,174.44528372005274
136,4529,True,0.5184546113014221,0.45629990100860596,0.9994335174560547,0.33256909251213074,0.46801069378852844,0.9984824657440186,0.47527211904525757,0.6351297497749329,0.9975720643997192,0.36800435185432434,0.6357952952384949,0.9975078105926514,0.3884231448173523,0.3948034942150116,0.9993862509727478,True,176.3951285316604
137,4562,True,0.5193009972572327,0.4635114073753357,0.9994872212409973,0.32036593556404114,0.4681333005428314,0.9986202120780945,0.4809240698814392,0.6361035704612732,0.9977523684501648,0.3650423586368561,0.6383388042449951,0.997589647769928,0.3914100229740143,0.39326000213623047,0.999445378780365,True,178.669076543289
138,4596,True,0.5171120762825012,0.4664193391799927,0.9995327591896057,0.3168827295303345,0.46880796551704407,0.9987484216690063,0.48000454902648926,0.6395771503448486,0.9978364706039429,0.36425426602363586,0.6400842666625977,0.9976327419281006,0.4006728529930115,0.39280107617378235,0.9994959831237793,True,179.31652518204382
139,4629,True,0.5101057887077332,0.4654674530029297,0.9995723962783813,0.3154796361923218,0.46783387660980225,0.9988657832145691,0.48082852363586426,0.6399126052856445,0.9978600740432739,0.3670731782913208,0.6403680443763733,0.9976545572280884,0.41046082973480225,0.3927086591720581,0.9995441436767578,True,179.30338547766505
140,4662,True,0.5065231919288635,0.4688311815261841,0.9996045231819153,0.3249366581439972,0.46207067370414734,0.998964786529541,0.4789333641529083,0.6391363739967346,0.9979736804962158,0.3708113431930542,0.638297438621521,0.997734546661377,0.42642971873283386,0.39245927333831787,0.9995869994163513,True,-177.86784989195223
141,4696,True,0.4986339509487152,0.4690973460674286,0.999630868434906,0.332986980676651,0.4555809199810028,0.9990603923797607,0.4773590564727783,0.6384018659591675,0.9981263875961304,0.37301185727119446,0.6381696462631226,0.997889518737793,0.4333297610282898,0.39175650477409363,0.9996252059936523,True,-175.3351261262944
142,4729,True,0.4868493974208832,0.47037437558174133,0.9996151328086853,0.3340199887752533,0.44983482360839844,0.999123752117157,0.47567886114120483,0.6379250288009644,0.9981687664985657,0.37404605746269226,0.635077714920044,0.9979689121246338,0.43773025274276733,0.3890628516674042,0.9996533393859863,True,-172.34558240572662
143,4762,True,0.48572951555252075,0.46955013275146484,0.9994564056396484,0.3482198119163513,0.4473295509815216,0.9991132616996765,0.4708831310272217,0.6376150846481323,0.9981775879859924,0.3733444809913635,0.6350032091140747,0.9980536103248596,0.44083109498023987,0.3881818354129791,0.9996715188026428,True,-170.82076098171513
144,4796,True,0.4531784653663635,0.4642569422721863,0.9993795156478882,0.3731749653816223,0.44115957617759705,0.9991605281829834,0.44356292486190796,0.6354572772979736,0.9980975389480591,0.3756352365016937,0.6309693455696106,0.9980807900428772,0.4456305205821991,0.3869006037712097,0.9997006058692932,True,-163.89633605723634
145,4829,True,0.4400711953639984,0.4574160873889923,0.9990391135215759,0.3960186243057251,0.4414806365966797,0.9992115497589111,0.4178682863712311,0.6349579691886902,0.9979262351989746,0.3806993067264557,0.6311256885528564,0.998064398765564,0.46158069372177124,0.38461795449256897,0.9997280836105347,True,-160.11306124558342
146,4862,True,0.43545809388160706,0.45190635323524475,0.9988396763801575,0.41797736287117004,0.4389670789241791,0.9992420077323914,0.3992621898651123,0.6349156498908997,0.9967498183250427,0.3887893557548523,0.6315382122993469,0.997410237789154,0.4808197021484375,0.38409245014190674,0.9997517466545105,True,-143.49107631195776
147,4895,True,0.41394880414009094,0.45267823338508606,0.9987809658050537,0.4373389780521393,0.4407186508178711,0.9992967844009399,0.3850821852684021,0.6379283666610718,0.9961811304092407,0.40274035930633545,0.6348669528961182,0.9971743822097778,0.4953572452068329,0.38447731733322144,0.9997748732566833,True,-27.081022934452523
148,4929,True,0.38698700070381165,0.4529239535331726,0.9988561272621155,0.4661542475223541,0.4417334794998169,0.999354362487793,0.37093889713287354,0.6377336978912354,0.9958881139755249,0.41173043847084045,0.6354591846466064,0.9970138669013977,0.5138575434684753,0.3868808448314667,0.9997896552085876,True,-8.045589031456705
149,4962,True,0.38554272055625916,0.453318327665329,0.9988336563110352,0.4844532012939453,0.44329822063446045,0.9993835687637329,0.36302170157432556,0.6375544667243958,0.9943879842758179,0.42387041449546814,0.6363288164138794,0.9960426688194275,0.5281297564506531,0.3889530301094055,0.999723494052887,True,-5.78460319701137
150,4995,True,0.3767680525779724,0.4528912603855133,0.9987814426422119,0.5041848421096802,0.4475418031215668,0.9994105696678162,0.3558989465236664,0.6372309327125549,0.9935331344604492,0.43380457162857056,0.6366093754768372,0.9957824945449829,0.5295727849006653,0.39709529280662537,0.9995651841163635,True,-2.4040899977258667
151,5029,True,0.36857375502586365,0.45069795846939087,0.9987440705299377,0.5137149095535278,0.450277715921402,0.9994393587112427,0.3514341711997986,0.6372024416923523,0.9923656582832336,0.43968039751052856,0.6370033621788025,0.9954411387443542,0.5273072719573975,0.40271005034446716,0.9994351267814636,True,-0.16589407163645614
152,5062,True,0.3600046932697296,0.4486444592475891,0.9987333416938782,0.5217229723930359,0.45493829250335693,0.9994333982467651,0.3493889272212982,0.6368988156318665,0.9925106167793274,0.44993388652801514,0.6369794607162476,0.9954641461372375,0.5206273198127747,0.40400299429893494,0.9994082450866699,True,2.2287411401373527
153,5095,True,0.3491840362548828,0.44811466336250305,0.9988137483596802,0.5310201048851013,0.4637477993965149,0.9994031190872192,0.3410675525665283,0.636642575263977,0.9930408596992493,0.45053789019584656,0.6369480490684509,0.9956888556480408,0.5043074488639832,0.4031953513622284,0.9994319081306458,True,4.913852203895072
154,5129,True,0.34647735953330994,0.4460419714450836,0.9988807439804077,0.5410858988761902,0.46855801343917847,0.9993715882301331,0.33751678466796875,0.6367120146751404,0.9935095310211182,0.44862037897109985,0.638246476650238,0.9957838654518127,0.4713362455368042,0.4024942219257355,0.999430239200592,True,6.599728573130241
155,5162,True,0.3438640236854553,0.44356539845466614,0.9989478588104248,0.5426060557365417,0.47114160656929016,0.9993674159049988,0.33858293294906616,0.6365053653717041,0.9940556883811951,0.4488414227962494,0.6391119360923767,0.9960722327232361,0.44933873414993286,0.40208759903907776,0.9994691610336304,True,7.899567874262562
156,5195,True,0.35228797793388367,0.4399835765361786,0.9990364909172058,0.5349774956703186,0.4715198576450348,0.9993941783905029,0.34387898445129395,0.627604067325592,0.9945695996284485,0.4521408677101135,0.6359497904777527,0.9963967800140381,0.4028996229171753,0.4026836156845093,0.9995038509368896,True,9.794007208937714
157,5229,True,0.3714107275009155,0.43395450711250305,0.999121367931366,0.5264535546302795,0.46998992562294006,0.9993892908096313,0.35135748982429504,0.6093930006027222,0.9950411319732666,0.457783579826355,0.6257287263870239,0.9966743588447571,0.3731982409954071,0.402375191450119,0.9995363354682922,True,13.084511961257773
158,5262,True,0.40518832206726074,0.43149521946907043,0.9991916418075562,0.4962683320045471,0.4601805508136749,0.9993692636489868,0.36143454909324646,0.6092756390571594,0.9954457879066467,0.45542576909065247,0.6232365369796753,0.9969260096549988,0.36142757534980774,0.3984440565109253,0.9995540380477905,True,17.481639226769616
159,5295,True,0.43200957775115967,0.4292781949043274,0.9992430210113525,0.4360482394695282,0.4588116705417633,0.9991952180862427,0.40137192606925964,0.6099112033843994,0.9958531260490417,0.413882851600647,0.6193559765815735,0.9971476197242737,0.3581644296646118,0.39014679193496704,0.9995760917663574,True,82.21318044873445
160,5328,True,0.4352257549762726,0.4257300794124603,0.9992499351501465,0.425805002450943,0.45501258969306946,0.9989039897918701,0.40910065174102783,0.6100961565971375,0.9961196184158325,0.41182926297187805,0.6164783835411072,0.9970563650131226,0.3588525354862213,0.38818496465682983,0.99928879737854,True,107.8339920840957
161,5362,True,0.4514385759830475,0.4268249273300171,0.9993242025375366,0.4001308083534241,0.4562430679798126,0.9990090131759644,0.4235219657421112,0.6119529604911804,0.9964839220046997,0.4027273952960968,0.6181281805038452,0.9973015785217285,0.3630753457546234,0.3886181116104126,0.9993588924407959,True,150.17149736058334
162,5395,True,0.4679121673107147,0.42713868618011475,0.9993897080421448,0.3608117699623108,0.4589429497718811,0.9989952445030212,0.4322330355644226,0.6131264567375183,0.9968068599700928,0.3852279484272003,0.6192417740821838,0.9974743127822876,0.3667721450328827,0.3892923891544342,0.9994204640388489,True,163.4608195043172
163,5428,True,0.47844287753105164,0.44085055589675903,0.9994121789932251,0.34684473276138306,0.4654351770877838,0.9989240765571594,0.4387591481208801,0.623791515827179,0.9970471262931824,0.3713545501232147,0.6264150142669678,0.9975672960281372,0.36948108673095703,0.3895074725151062,0.9994571805000305,True,169.4182162287477
164,5462,True,0.4973592162132263,0.4488297402858734,0.9994574785232544,0.32335442304611206,0.4677017629146576,0.9989720582962036,0.45725879073143005,0.625798225402832,0.9971344470977783,0.3621510863304138,0.6279166340827942,0.9974535703659058,0.3719007670879364,0.38982802629470825,0.9994989037513733,True,173.81007149581583
165,5495,True,0.5028666257858276,0.4541281461715698,0.9995064735412598,0.30813363194465637,0.4685724973678589,0.9990427494049072,0.4683228135108948,0.6326630711555481,0.9973675012588501,0.3571081757545471,0.636039137840271,0.9975978136062622,0.3732236325740814,0.38717231154441833,0.9995457530021667,True,175.75784498829654
166,5528,True,0.5062041878700256,0.45866596698760986,0.9995502233505249,0.2993770241737366,0.468257874250412,0.9991156458854675,0.47432154417037964,0.638110876083374,0.9975122809410095,0.35336750745773315,0.6415367126464844,0.9976045489311218,0.37369662523269653,0.38521021604537964,0.9995860457420349,True,177.34472833725988
167,5562,True,0.5026224255561829,0.46117308735847473,0.9995862245559692,0.2977615296840668,0.46799591183662415,0.9991870522499084,0.47405561804771423,0.6412674188613892,0.9976177215576172,0.35182127356529236,0.6432314515113831,0.9976462125778198,0.3835202157497406,0.38313379883766174,0.9996193647384644,True,178.09248804915916
168,5595,True,0.49431535601615906,0.4613597095012665,0.9996129274368286,0.2979074716567993,0.4673290252685547,0.9992586970329285,0.474716454744339,0.6394242644309998,0.9977229833602905,0.35534828901290894,0.641934335231781,0.997745156288147,0.39499637484550476,0.3837786316871643,0.9996524453163147,True,178.25917705648087
169,5628,True,0.48993152379989624,0.4651317596435547,0.999640703201294,0.30853471159935,0.46163955330848694,0.999321699142456,0.4733903706073761,0.63834148645401,0.9979191422462463,0.3590700924396515,0.6410406231880188,0.9979037046432495,0.40501317381858826,0.3840174674987793,0.9996842741966248,True,-178.8970921393911
170,5662,True,0.4685501456260681,0.4658442735671997,0.9996641278266907,0.31819918751716614,0.44711926579475403,0.999384343624115,0.46851852536201477,0.6380495429039001,0.9980639815330505,0.3609619736671448,0.6370325684547424,0.9980430006980896,0.41333019733428955,0.38354435563087463,0.9997148513793945,True,-172.90082332798028
171,5695,True,0.45644909143447876,0.46522238850593567,0.9995954632759094,0.3198089599609375,0.4429193139076233,0.9993792772293091,0.4661334753036499,0.637342631816864,0.9980455040931702,0.3627103567123413,0.6357545256614685,0.997968852519989,0.41614511609077454,0.3835635781288147,0.999730110168457,True,-170.7296520848227
172,5728,True,0.45603999495506287,0.4642088711261749,0.9992952942848206,0.33031249046325684,0.4363117218017578,0.9992696642875671,0.4540315866470337,0.6372367739677429,0.9979676008224487,0.3610098958015442,0.6327196359634399,0.9979534149169922,0.41914454102516174,0.38232603669166565,0.9997220039367676,True,-167.48956147493863
173,5761,True,0.43565624952316284,0.4605117738246918,0.998165488243103,0.34765273332595825,0.4358413517475128,0.9992545247077942,0.43234166502952576,0.6370006203651428,0.9975860714912415,0.3619467318058014,0.6322265863418579,0.9977949261665344,0.4210968613624573,0.38077741861343384,0.9997193217277527,True,-164.33998276074848
174,5795,True,0.4249006509780884,0.4560803472995758,0.997718334197998,0.37022435665130615,0.43730226159095764,0.9992429614067078,0.4062128961086273,0.6366299986839294,0.9972744584083557,0.36256715655326843,0.6322977542877197,0.997606635093689,0.4338120222091675,0.38086408376693726,0.9997368454933167,True,-161.0454229200637
175,5828,True,0.3989669680595398,0.4550636410713196,0.9977896809577942,0.4010775089263916,0.43859583139419556,0.9993028044700623,0.3800911605358124,0.6390993595123291,0.9970230460166931,0.3663836717605591,0.6366385221481323,0.9974981546401978,0.4447006285190582,0.3806089460849762,0.9997624754905701,True,-82.69669402984604
176,5861,True,0.376171737909317,0.4551415741443634,0.9979144334793091,0.4206981956958771,0.43933314085006714,0.9993612766265869,0.363437682390213,0.6405535340309143,0.9964665770530701,0.3706445097923279,0.6388698816299438,0.9972573518753052,0.4579310417175293,0.38162195682525635,0.9997856020927429,True,-19.546623055015207
177,5895,True,0.3594512343406677,0.4552449882030487,0.9980554580688477,0.44246092438697815,0.4406477212905884,0.9994127154350281,0.34810781478881836,0.6383679509162903,0.9959290027618408,0.38515207171440125,0.6382233500480652,0.9970153570175171,0.4749082922935486,0.38353416323661804,0.9998060464859009,True,-9.973501576685349
178,5928,True,0.3517393469810486,0.45526036620140076,0.9981426000595093,0.454903781414032,0.44249534606933594,0.9994479417800903,0.3372422456741333,0.6380302906036377,0.9945091605186462,0.40047702193260193,0.6380399465560913,0.9960496425628662,0.4887895882129669,0.3888070285320282,0.9997655749320984,True,-7.053624130041373
179,5961,True,0.347639262676239,0.45475247502326965,0.9982107281684875,0.46920353174209595,0.44725513458251953,0.9994635581970215,0.3302268385887146,0.63326096534729,0.9942300319671631,0.4106862246990204,0.6351727247238159,0.9959284067153931,0.4976028501987457,0.392152339220047,0.9997180700302124,True,-3.529183086996648
180,5995,True,0.3330267071723938,0.4530135691165924,0.9982539415359497,0.4823613464832306,0.45020121335983276,0.9994685649871826,0.31780579686164856,0.6332706809043884,0.9939525127410889,0.41454124450683594,0.6351675391197205,0.9957219362258911,0.4994109570980072,0.4019971787929535,0.9995588660240173,True,-1.07889951267185
181,6028,True,0.3249695599079132,0.4500206708908081,0.9983401894569397,0.489279568195343,0.45783138275146484,0.9994673132896423,0.3060833811759949,0.6343221664428711,0.9943749308586121,0.4158649742603302,0.6358041763305664,0.995920717716217,0.49266889691352844,0.40893229842185974,0.9993973970413208,True,2.721588271419058
182,6061,True,0.3161117732524872,0.44994136691093445,0.9984046816825867,0.4978186786174774,0.46305716037750244,0.9994082450866699,0.300822377204895,0.6334924101829529,0.9946237206459045,0.41419464349746704,0.6356451511383057,0.9959821105003357,0.47548550367355347,0.40775591135025024,0.9993590712547302,True,4.1285089220576
183,6094,True,0.3074476718902588,0.44867756962776184,0.9984976053237915,0.5042000412940979,0.46773290634155273,0.9993467330932617,0.2974557876586914,0.6325963735580444,0.9950255155563354,0.41222769021987915,0.6356364488601685,0.9961932897567749,0.44131001830101013,0.4060431718826294,0.9993892312049866,True,5.531805629559843
184,6128,True,0.3097388446331024,0.44379135966300964,0.9986186623573303,0.5034337639808655,0.46774157881736755,0.9993512630462646,0.3050358295440674,0.6261938214302063,0.9954560995101929,0.4174341857433319,0.631790280342102,0.9964610934257507,0.4100395143032074,0.4050219655036926,0.999434769153595,True,7.048798501019498
185,6161,True,0.31830865144729614,0.4390411972999573,0.9987389445304871,0.4938303530216217,0.46684643626213074,0.9993752241134644,0.3108087182044983,0.6210634708404541,0.9958189129829407,0.4170032739639282,0.6300098896026611,0.996697187423706,0.3721252381801605,0.40379494428634644,0.9994823932647705,True,9.001698087101685
186,6194,True,0.33492574095726013,0.43327420949935913,0.9988590478897095,0.48348861932754517,0.4662891626358032,0.9994162917137146,0.3164689242839813,0.6110070943832397,0.9961465001106262,0.4189072847366333,0.6251427531242371,0.996944010257721,0.3343914747238159,0.40347543358802795,0.9995216131210327,True,12.52916793686682
187,6228,True,0.36352840065956116,0.4280814230442047,0.9989422559738159,0.4388120472431183,0.45802006125450134,0.9992982745170593,0.34136539697647095,0.6060015559196472,0.9963752627372742,0.3998904526233673,0.6194819211959839,0.9970657229423523,0.3214126527309418,0.3972266614437103,0.9995195269584656,True,21.686619638623913
188,6261,True,0.3964357376098633,0.42382967472076416,0.9990277886390686,0.4078480005264282,0.4527078866958618,0.9991963505744934,0.3655603229999542,0.6068204045295715,0.9966505169868469,0.37965449690818787,0.617826521396637,0.9971913695335388,0.3186241090297699,0.3912765383720398,0.9995130896568298,True,68.43676570214282
189,6294,True,0.3871117830276489,0.4219830632209778,0.9991177916526794,0.39675551652908325,0.4495425522327423,0.999264657497406,0.3721487522125244,0.6058010458946228,0.9969582557678223,0.3799537718296051,0.6143938302993774,0.9974168539047241,0.31723451614379883,0.3854142725467682,0.999553918838501,True,70.71382041981138
190,6328,True,0.40169137716293335,0.4184856414794922,0.9992057085037231,0.38568761944770813,0.4488571584224701,0.999327540397644,0.3779725134372711,0.6075412034988403,0.99725341796875,0.36682063341140747,0.6145485043525696,0.997635543346405,0.3222087621688843,0.38652941584587097,0.9995954632759094,True,117.78623075288282
191,6361,True,0.4240192770957947,0.4204263389110565,0.9992795586585999,0.32684722542762756,0.45231950283050537,0.9990490078926086,0.402008593082428,0.6117274165153503,0.9974755644798279,0.33957913517951965,0.6156237125396729,0.9977666139602661,0.3286702334880829,0.3869987428188324,0.9996238946914673,True,161.8294739112513
192,6394,True,0.43960654735565186,0.4303887188434601,0.9993420839309692,0.28403162956237793,0.4580742418766022,0.9986397624015808,0.40680232644081116,0.6225448250770569,0.9977034330368042,0.31415218114852905,0.6258313655853271,0.9978945255279541,0.3303796350955963,0.386711984872818,0.9996395111083984,True,169.90949201124715
193,6428,True,0.46018749475479126,0.4359073042869568,0.9994014501571655,0.27510085701942444,0.4598970115184784,0.9986673593521118,0.4154890775680542,0.6254647970199585,0.9978647232055664,0.3088417649269104,0.6273136138916016,0.997920572757721,0.33257171511650085,0.3847813904285431,0.9996553659439087,True,172.6148717316527
194,6461,True,0.46614620089530945,0.4451065957546234,0.9994490146636963,0.26474133133888245,0.46007996797561646,0.9987571239471436,0.42682451009750366,0.6264890432357788,0.9979056119918823,0.3055330514907837,0.6275241374969482,0.9978552460670471,0.3358670473098755,0.3815816044807434,0.9996797442436218,True,175.7481879043557
195,6494,True,0.47323641180992126,0.45383504033088684,0.9994962811470032,0.2634941637516022,0.45994195342063904,0.9988659620285034,0.42884477972984314,0.6343658566474915,0.998002827167511,0.30311957001686096,0.6330181956291199,0.997904896736145,0.33804383873939514,0.3803284466266632,0.9997085332870483,True,178.33223147688685
196,6527,True,0.4716794788837433,0.4592379927635193,0.9995338320732117,0.26413285732269287,0.4598698019981384,0.9989648461341858,0.42909952998161316,0.6393918991088867,0.9980238080024719,0.3058297038078308,0.6355862021446228,0.9979194402694702,0.349191278219223,0.3790777623653412,0.9997297525405884,True,179.82558188368844
197,6561,True,0.46217086911201477,0.4599946141242981,0.9995700120925903,0.27330443263053894,0.4598994553089142,0.9990544319152832,0.4267764985561371,0.6388419270515442,0.9979437589645386,0.3130286633968353,0.6366503238677979,0.9978657960891724,0.3624567687511444,0.3779539465904236,0.9997532963752747,True,-179.97113199070637
198,6594,True,0.45624980330467224,0.4619961380958557,0.9996028542518616,0.28621289134025574,0.45951852202415466,0.9991396069526672,0.4253097474575043,0.6385582089424133,0.9980076551437378,0.3140682578086853,0.6361140012741089,0.9979528188705444,0.3757683336734772,0.37902048230171204,0.9997762441635132,True,-179.1651995013841
199,6627,True,0.45362868905067444,0.4631696939468384,0.9996333718299866,0.2897585928440094,0.4529193043708801,0.9992196559906006,0.4246917963027954,0.6395906805992126,0.9981252551078796,0.3201484978199005,0.6357646584510803,0.9980998039245605,0.3895081579685211,0.3808295428752899,0.9997968673706055,True,-176.42070226385607
200,6661,True,0.4264364540576935,0.4648870825767517,0.9995573163032532,0.318513959646225,0.4503161311149597,0.9992765784263611,0.4101930558681488,0.6400715708732605,0.9978814125061035,0.3399319052696228,0.6355800032615662,0.998024582862854,0.4067178964614868,0.3810599446296692,0.999815821647644,True,-172.31081460533565
201,6694,True,0.41556841135025024,0.46553125977516174,0.9995449185371399,0.3445292115211487,0.44536593556404114,0.9993314146995544,0.3991309404373169,0.6410977840423584,0.9977750182151794,0.3462907075881958,0.6355757117271423,0.9980021119117737,0.4211832880973816,0.38107776641845703,0.9998334050178528,True,-164.15277434569776
202,6727,True,0.4122638404369354,0.45953047275543213,0.999213457107544,0.367512047290802,0.44179683923721313,0.9993671774864197,0.38703933358192444,0.6398586630821228,0.996928870677948,0.3568800985813141,0.6354589462280273,0.9975723028182983,0.4385519325733185,0.38122084736824036,0.9998454451560974,True,-158.3832392642038
203,6761,True,0.4008671045303345,0.45461326837539673,0.9990664124488831,0.4029044508934021,0.44141319394111633,0.9994014501571655,0.36816027760505676,0.6399503350257874,0.9968790411949158,0.36548566818237305,0.6369397044181824,0.997580349445343,0.4639398157596588,0.38119813799858093,0.9998600482940674,True,-81.22599998774989
204,6794,True,0.3771427273750305,0.45457592606544495,0.9991010427474976,0.4428205192089081,0.4421769082546234,0.9994571208953857,0.34362056851387024,0.6397305130958557,0.9967865943908691,0.3898122012615204,0.6368237137794495,0.9977148175239563,0.48302069306373596,0.381439208984375,0.9998739361763,True,-10.690793514541324
205,6827,True,0.364236444234848,0.45572513341903687,0.9991437196731567,0.4691968262195587,0.4423559606075287,0.9995042085647583,0.33664384484291077,0.6385735273361206,0.9967604875564575,0.41032111644744873,0.6367546319961548,0.9977729320526123,0.497910737991333,0.3817155957221985,0.9998854994773865,True,-7.258877214666157
206,6861,True,0.35928988456726074,0.456016480922699,0.9991390109062195,0.4817366898059845,0.4438573718070984,0.9995364546775818,0.33879825472831726,0.6369065642356873,0.9967636466026306,0.4233746826648712,0.6354312300682068,0.9977762699127197,0.5105808973312378,0.3919357359409332,0.9998869895935059,True,-5.670945943009265
207,6894,True,0.350569486618042,0.45478349924087524,0.9990646243095398,0.4934019446372986,0.44833964109420776,0.9995454549789429,0.33843985199928284,0.6357965469360352,0.9954029321670532,0.43375638127326965,0.6347006559371948,0.9971433877944946,0.5135753154754639,0.4044819474220276,0.9996262192726135,True,-2.5831362072218984
208,6927,True,0.33977773785591125,0.4539361298084259,0.9989922642707825,0.5059580206871033,0.45717236399650574,0.9995348453521729,0.33978578448295593,0.6328734159469604,0.9950689673423767,0.4452627897262573,0.6333358287811279,0.9969537258148193,0.5070452690124512,0.40893301367759705,0.9994901418685913,True,1.1156505598495445
209,6960,True,0.33387213945388794,0.45273682475090027,0.998974621295929,0.5223485231399536,0.46504321694374084,0.9994788765907288,0.33841195702552795,0.6329241991043091,0.995198130607605,0.4471798539161682,0.6339848041534424,0.9970117211341858,0.4829215109348297,0.4056094288825989,0.999430775642395,True,3.735772342156276
210,6994,True,0.33237797021865845,0.45182618498802185,0.99898362159729,0.5302898287773132,0.4722127318382263,0.9993628263473511,0.3342123329639435,0.6349231004714966,0.995276689529419,0.4455145597457886,0.6374051570892334,0.9969292283058167,0.44165223836898804,0.40605148673057556,0.9992731213569641,True,5.881193206991481
211,7027,True,0.3339715898036957,0.45106250047683716,0.9990315437316895,0.5327700972557068,0.4790380895137787,0.9993516206741333,0.3357234597206116,0.6360476016998291,0.9956098198890686,0.44622230529785156,0.6390262842178345,0.9970585703849792,0.4291036128997803,0.40810662508010864,0.9993051886558533,True,8.010253726599172
212,7060,True,0.33898985385894775,0.44969606399536133,0.9991052746772766,0.5224106311798096,0.48165062069892883,0.9993700981140137,0.33846840262413025,0.6360267400741577,0.9959064722061157,0.4493229389190674,0.6400748491287231,0.9971713423728943,0.39285898208618164,0.40830838680267334,0.9993491172790527,True,9.882570503128111
213,7094,True,0.35092654824256897,0.44510725140571594,0.999174952507019,0.5123310089111328,0.47918814420700073,0.999367892742157,0.3548676669597626,0.6274347305297852,0.9962213039398193,0.45551201701164246,0.6386240124702454,0.9973032474517822,0.3685096502304077,0.4078749120235443,0.99935382604599,True,11.922987483582878
214,7127,True,0.39076247811317444,0.44076332449913025,0.9992366433143616,0.47219377756118774,0.47585487365722656,0.9992905855178833,0.3744470775127411,0.6153643727302551,0.9965112209320068,0.45008549094200134,0.6294260621070862,0.9974430799484253,0.3532649874687195,0.40720808506011963,0.9993724226951599,True,23.312872936397593
215,7160,True,0.42730197310447693,0.439602792263031,0.9992648959159851,0.4240639805793762,0.4708113670349121,0.9991434812545776,0.41201457381248474,0.6131858825683594,0.9967686533927917,0.4175461530685425,0.6245052218437195,0.9975934028625488,0.3537359833717346,0.4024578928947449,0.9993693828582764,True,95.92343194889604
216,7194,True,0.41484755277633667,0.4289873540401459,0.9993324279785156,0.42805421352386475,0.46318188309669495,0.9991763830184937,0.4076642394065857,0.6097826361656189,0.9970644116401672,0.4179597496986389,0.6213505864143372,0.9977360963821411,0.35684090852737427,0.3975251317024231,0.9994189739227295,True,68.8823694949901
217,7227,True,0.437149316072464,0.430518239736557,0.9993941187858582,0.40610969066619873,0.4641122817993164,0.9992290735244751,0.42242446541786194,0.6118859648704529,0.9973434805870056,0.40536630153656006,0.6215400695800781,0.9979169964790344,0.36206573247909546,0.39693766832351685,0.9994735717773438,True,132.73676522018337
218,7260,True,0.4610811471939087,0.4402160048484802,0.9994505643844604,0.3692459464073181,0.467358261346817,0.9992110729217529,0.4305274486541748,0.6170498728752136,0.9975695610046387,0.38220804929733276,0.6222735643386841,0.9980112910270691,0.36493438482284546,0.3972218632698059,0.9995198249816895,True,163.5347470388488
219,7294,True,0.46300947666168213,0.4476434588432312,0.9994969964027405,0.328203409910202,0.46841081976890564,0.9991371631622314,0.44352635741233826,0.6299535632133484,0.9977962970733643,0.36138561367988586,0.6326598525047302,0.9981743097305298,0.36943310499191284,0.3955917954444885,0.9995618462562561,True,171.24222669433084
220,7327,True,0.47049829363822937,0.4501894414424896,0.999531090259552,0.320165753364563,0.4687204658985138,0.9989657402038574,0.4449659585952759,0.6341516971588135,0.9979771971702576,0.35577285289764404,0.6358984708786011,0.9982580542564392,0.37213417887687683,0.3959077298641205,0.9995846748352051,True,172.972776707403
221,7360,True,0.4860897958278656,0.4520527124404907,0.9995686411857605,0.3040092885494232,0.46865376830101013,0.9990057349205017,0.45323872566223145,0.6349439024925232,0.9980687499046326,0.34755533933639526,0.6364291906356812,0.9982337355613708,0.3734234869480133,0.39542973041534424,0.9996137619018555,True,174.79050280755519
222,7393,True,0.49895426630973816,0.45550209283828735,0.9995919466018677,0.2987293303012848,0.4686278998851776,0.9990498423576355,0.46100348234176636,0.637069582939148,0.9981182813644409,0.34513387084007263,0.637733519077301,0.9981809854507446,0.3742244839668274,0.3944724500179291,0.9996323585510254,True,176.2493243106954
223,7427,True,0.5004554986953735,0.46017664670944214,0.9996211528778076,0.2968868613243103,0.46849340200424194,0.9991195201873779,0.462406188249588,0.6397882699966431,0.9981207251548767,0.34193864464759827,0.6397342681884766,0.9981092214584351,0.3778555989265442,0.39286306500434875,0.9996632933616638,True,177.6604936318338
224,7460,True,0.501281201839447,0.46441179513931274,0.9996482729911804,0.29883667826652527,0.46814051270484924,0.9992029666900635,0.46368134021759033,0.6430609822273254,0.9981871843338013,0.3431002199649811,0.6409196853637695,0.9981903433799744,0.38492169976234436,0.39178210496902466,0.9996941089630127,True,178.9448189446212
225,7493,True,0.49320900440216064,0.465125173330307,0.9996786117553711,0.30394247174263,0.46732017397880554,0.9992756247520447,0.4630383551120758,0.6450567245483398,0.9982742667198181,0.3478952646255493,0.642277181148529,0.9982530474662781,0.39308691024780273,0.39109691977500916,0.9997227787971497,True,179.33554742377382
226,7527,True,0.48769068717956543,0.46595847606658936,0.9997031092643738,0.3131319284439087,0.4651821255683899,0.9993447661399841,0.46404653787612915,0.6449050307273865,0.9983870983123779,0.35095733404159546,0.6427352428436279,0.9983487725257874,0.4069451689720154,0.39126986265182495,0.9997492432594299,True,-179.74517856331477
227,7560,True,0.48200199007987976,0.47070372104644775,0.9997202157974243,0.32161206007003784,0.4580537676811218,0.9994069337844849,0.46168282628059387,0.644364595413208,0.9984866380691528,0.3605100214481354,0.6402910351753235,0.9984580874443054,0.416359007358551,0.39115700125694275,0.9997735023498535,True,-175.490417142256
228,7593,True,0.4610774517059326,0.4693434536457062,0.999586284160614,0.34694305062294006,0.44877034425735474,0.9994512796401978,0.46114346385002136,0.6429757475852966,0.9983338713645935,0.3702720105648041,0.634665846824646,0.9984515309333801,0.42420804500579834,0.39121711254119873,0.999786913394928,True,-169.78196596427514
229,7627,True,0.445461630821228,0.4679361879825592,0.9993653893470764,0.36837872862815857,0.4458964765071869,0.9994828104972839,0.4434269964694977,0.6413620710372925,0.9980451464653015,0.3822679817676544,0.6334090828895569,0.998370885848999,0.4356524348258972,0.390522837638855,0.999805212020874,True,-164.04359219006912
230,7660,True,0.4334806799888611,0.46701937913894653,0.9985939860343933,0.38482198119163513,0.44476887583732605,0.9994769096374512,0.423807293176651,0.6411295533180237,0.9964402914047241,0.38328817486763,0.635157585144043,0.9976584315299988,0.44949761033058167,0.38988932967185974,0.9998171925544739,True,-155.42647221869137
231,7693,True,0.41310620307922363,0.459146112203598,0.9983322024345398,0.41097158193588257,0.43721097707748413,0.9995104670524597,0.4062192142009735,0.6394508481025696,0.9963181018829346,0.39725229144096375,0.6342130303382874,0.9976699948310852,0.4635169208049774,0.3854568898677826,0.9998347163200378,True,-95.55824596101974
232,7726,True,0.39403659105300903,0.45469507575035095,0.9983825087547302,0.4455825388431549,0.4380156099796295,0.9995481371879578,0.39097827672958374,0.6366192698478699,0.9957229495048523,0.4148505926132202,0.6334534287452698,0.9975571632385254,0.47723740339279175,0.38282057642936707,0.9998509287834167,True,-17.93077297056988
233,7760,True,0.39010554552078247,0.45219340920448303,0.9984341263771057,0.46092459559440613,0.44007447361946106,0.999582052230835,0.3793470561504364,0.6352884769439697,0.9952504634857178,0.423464298248291,0.6334747672080994,0.9973983764648438,0.4977312386035919,0.3814938962459564,0.9998642206192017,True,-9.710701049736528
234,7793,True,0.38018590211868286,0.45480474829673767,0.9985560774803162,0.47787871956825256,0.4436545968055725,0.9996206760406494,0.3666499853134155,0.6355711221694946,0.9953264594078064,0.43413046002388,0.6345412135124207,0.9975175857543945,0.5098145008087158,0.3823715150356293,0.9998772740364075,True,-6.51126709434167
235,7826,True,0.3767315447330475,0.4548799693584442,0.9986243844032288,0.4883791208267212,0.44624075293540955,0.999645471572876,0.35897552967071533,0.6335080862045288,0.9952049851417542,0.4413489103317261,0.6319526433944702,0.9974119067192078,0.5183869004249573,0.38971787691116333,0.9998800158500671,True,-4.4246929619498
236,7860,True,0.361356645822525,0.45479777455329895,0.9986177086830139,0.5054996013641357,0.44736623764038086,0.9996365308761597,0.3554399609565735,0.6332924365997314,0.9944550395011902,0.4596424102783203,0.6320532560348511,0.9968896508216858,0.5143992304801941,0.40211689472198486,0.9997682571411133,True,-2.9513688750107856
237,7893,True,0.35281407833099365,0.45329201221466064,0.9986453652381897,0.5101721882820129,0.4517155587673187,0.9996290802955627,0.35454174876213074,0.6333234906196594,0.994235634803772,0.4604797065258026,0.6322641968727112,0.9966849088668823,0.5045498609542847,0.4061774015426636,0.999707818031311,True,-0.5739844456424228
238,7926,True,0.34239107370376587,0.45203647017478943,0.9987261891365051,0.5276229977607727,0.46135881543159485,0.9996173977851868,0.34956467151641846,0.6357341408729553,0.9943857789039612,0.458487331867218,0.634975254535675,0.9966132044792175,0.49158975481987,0.4047524631023407,0.9996920824050903,True,2.8811489040317353
239,7960,True,0.3386146128177643,0.4512891471385956,0.9987702369689941,0.5342817306518555,0.4670591354370117,0.9995394945144653,0.3471495807170868,0.6361746191978455,0.9947333931922913,0.456643283367157,0.6364234089851379,0.9967147707939148,0.46243640780448914,0.4057685434818268,0.9996479153633118,True,4.607851143178072
240,7993,True,0.33952754735946655,0.4490276277065277,0.9988515377044678,0.5339125394821167,0.47469136118888855,0.9995181560516357,0.3471723198890686,0.6363415122032166,0.9951846599578857,0.45360755920410156,0.6383690237998962,0.9969258308410645,0.43624213337898254,0.40678834915161133,0.9996529221534729,True,7.520994088499604
241,8026,True,0.3470683991909027,0.44627904891967773,0.9989462494850159,0.5247767567634583,0.4747021794319153,0.9995015859603882,0.35123106837272644,0.6362349390983582,0.995573878288269,0.454365074634552,0.6394470930099487,0.9970679879188538,0.39968010783195496,0.40756499767303467,0.9996447563171387,True,9.087068243969085
242,8060,True,0.34814316034317017,0.4429832398891449,0.9990342259407043,0.5161650776863098,0.47257471084594727,0.9994255304336548,0.3514031171798706,0.624207615852356,0.9959107637405396,0.4531514346599579,0.6328080892562866,0.9971551299095154,0.36980605125427246,0.40668347477912903,0.9996346235275269,True,9.98831644881406
243,8093,True,0.3781922459602356,0.4408969283103943,0.9991076588630676,0.5113673210144043,0.4716113209724426,0.999336302280426,0.36860302090644836,0.6130106449127197,0.9961967468261719,0.45219701528549194,0.6245461702346802,0.9972144961357117,0.35635456442832947,0.4061488211154938,0.9996389150619507,True,12.987134528300961
244,8126,True,0.41083768010139465,0.43126997351646423,0.9991817474365234,0.4536135494709015,0.46579626202583313,0.9993133544921875,0.39449962973594666,0.6028619408607483,0.9965382218360901,0.4273267388343811,0.6179215312004089,0.9974285364151001,0.3564929962158203,0.3980294466018677,0.9996668100357056,True,38.90852772770042
245,8159,True,0.40956583619117737,0.4256475269794464,0.9992616772651672,0.43174511194229126,0.4618530571460724,0.9993720054626465,0.4049844741821289,0.6080376505851746,0.9968693256378174,0.40290459990501404,0.6203461289405823,0.9976578950881958,0.3574552834033966,0.39377692341804504,0.9996987581253052,True,58.50863132237995
246,8193,True,0.43278077244758606,0.42551517486572266,0.9993346333503723,0.4108544886112213,0.45786646008491516,0.9994100332260132,0.41305044293403625,0.6102011799812317,0.9971742033958435,0.3771823048591614,0.6212982535362244,0.9978610277175903,0.36695313453674316,0.3896630108356476,0.9997263550758362,True,124.12769955322298
247,8226,True,0.460237979888916,0.4254525899887085,0.9994001388549805,0.38723164796829224,0.45734986662864685,0.999336302280426,0.42549553513526917,0.6100592017173767,0.997443675994873,0.36655086278915405,0.6149641871452332,0.9980051517486572,0.3656843304634094,0.38629579544067383,0.9997402429580688,True,156.39894921075222
248,8259,True,0.4611712098121643,0.42949074506759644,0.9994505047798157,0.34426432847976685,0.4567669928073883,0.99891197681427,0.43189364671707153,0.6137417554855347,0.9976682066917419,0.34368836879730225,0.6162027716636658,0.9980812668800354,0.36907386779785156,0.38647472858428955,0.9997125267982483,True,166.86691870211553
249,8293,True,0.4792303144931793,0.43585410714149475,0.9994875192642212,0.32332101464271545,0.4569838345050812,0.9987244009971619,0.43099120259284973,0.6303392648696899,0.997846245765686,0.32311514019966125,0.6285127401351929,0.9980973601341248,0.36729198694229126,0.3860197961330414,0.9997106194496155,True,172.28196928145505
250,8326,True,0.49004119634628296,0.44065508246421814,0.9995244741439819,0.31060248613357544,0.45707353949546814,0.9986683130264282,0.4332081973552704,0.6328785419464111,0.9979467391967773,0.31665000319480896,0.6290277242660522,0.9980119466781616,0.36487096548080444,0.3852909207344055,0.9997038245201111,True,174.77205236743336
251,8359,True,0.49910181760787964,0.45005983114242554,0.9995498657226562,0.30545082688331604,0.45731958746910095,0.9986332654953003,0.43537595868110657,0.6320789456367493,0.9979123473167419,0.3120768964290619,0.6285017728805542,0.9977155923843384,0.36536094546318054,0.38337767124176025,0.9997074604034424,True,177.853051523248
252,8393,True,0.5009457468986511,0.46170276403427124,0.9995874762535095,0.29776355624198914,0.4591587483882904,0.9987574219703674,0.43899112939834595,0.6398426294326782,0.9980884194374084,0.31376925110816956,0.632401704788208,0.9978870153427124,0.36680513620376587,0.3810049593448639,0.9997352957725525,True,-179.28264508479214
253,8426,True,0.4987305700778961,0.46690094470977783,0.9996243715286255,0.3036729693412781,0.4595719575881958,0.9988744258880615,0.4403471350669861,0.6425396203994751,0.9981963634490967,0.32204097509384155,0.6356019973754883,0.9980016946792603,0.3693956434726715,0.38143810629844666,0.9997584819793701,True,-177.84821208477973
254,8459,True,0.49156278371810913,0.466634601354599,0.99965900182724,0.307686984539032,0.4587785303592682,0.9989830851554871,0.44011247158050537,0.6421303153038025,0.9982761144638062,0.3279399573802948,0.6359091401100159,0.9980961680412292,0.3769836723804474,0.3821343183517456,0.9997817873954773,True,-177.55353272120055
255,8493,True,0.4902878999710083,0.46880432963371277,0.9996806979179382,0.31602782011032104,0.4564550220966339,0.9990767240524292,0.4390511214733124,0.6406091451644897,0.9983256459236145,0.33187785744667053,0.6336005330085754,0.9981603026390076,0.3829115927219391,0.3826504349708557,0.9998008012771606,True,-175.9463908003464
256,8526,True,0.4694608151912689,0.4709714353084564,0.9996814131736755,0.3209652006626129,0.45155125856399536,0.9991607666015625,0.4386546313762665,0.642778754234314,0.9983314275741577,0.34365344047546387,0.6338489651679993,0.9982568621635437,0.40000471472740173,0.38301971554756165,0.9998182058334351,True,-172.549174518324
257,8559,True,0.44825512170791626,0.4712475538253784,0.9996309280395508,0.33506184816360474,0.4469732344150543,0.9992306232452393,0.42755958437919617,0.6418904662132263,0.9982883334159851,0.35613006353378296,0.6325899958610535,0.9982848763465881,0.41058674454689026,0.3835983872413635,0.9998340606689453,True,-167.89623299893316
258,8592,True,0.44925108551979065,0.4701826274394989,0.9992824792861938,0.3517194092273712,0.44654837250709534,0.9992783069610596,0.41948869824409485,0.6414754390716553,0.998009204864502,0.3574892282485962,0.6328867077827454,0.998218297958374,0.416581928730011,0.38385507464408875,0.9998459815979004,True,-166.37843602764644
259,8626,True,0.42759639024734497,0.46572062373161316,0.9985367655754089,0.36904826760292053,0.4446001350879669,0.9993192553520203,0.40740883350372314,0.6406455636024475,0.9975432753562927,0.37233924865722656,0.6328459978103638,0.9981597065925598,0.43858933448791504,0.38403305411338806,0.9998576641082764,True,-160.1637376013256
260,8659,True,0.41171663999557495,0.45599365234375,0.9981321096420288,0.40526530146598816,0.443156898021698,0.9993477463722229,0.3976967930793762,0.639726459980011,0.9973130226135254,0.38544419407844543,0.6343756914138794,0.9981092214584351,0.45743829011917114,0.3835214674472809,0.9998701214790344,True,-116.682626500901
261,8692,True,0.39289894700050354,0.4550321698188782,0.9981481432914734,0.43991798162460327,0.44147375226020813,0.9993983507156372,0.38569626212120056,0.6395742893218994,0.9970813989639282,0.3922448754310608,0.6358092427253723,0.9980958700180054,0.4767454266548157,0.38345304131507874,0.9998828768730164,True,-16.085455210945437
262,8726,True,0.3794964849948883,0.4543192982673645,0.9982853531837463,0.4627641439437866,0.44216346740722656,0.9994527101516724,0.3678770065307617,0.6373655200004578,0.996869683265686,0.4205830693244934,0.6352895498275757,0.9980866312980652,0.49133601784706116,0.38355204463005066,0.9998944997787476,True,-8.305654807694346
263,8759,True,0.37564992904663086,0.4544166624546051,0.9984097480773926,0.48333513736724854,0.44244277477264404,0.9995013475418091,0.36290761828422546,0.6366158127784729,0.9967742562294006,0.43828085064888,0.6352388858795166,0.9980260133743286,0.5097411870956421,0.38497552275657654,0.9999039173126221,True,-6.3448507145985555
264,8792,True,0.367668092250824,0.4544600248336792,0.9984696507453918,0.5046308636665344,0.44269970059394836,0.9995294213294983,0.36192870140075684,0.6310805082321167,0.9963301420211792,0.45808830857276917,0.6299008131027222,0.9977431893348694,0.5181493759155273,0.3912602365016937,0.9998345375061035,True,-4.907671247228477
265,8826,True,0.3636830449104309,0.449466347694397,0.998600423336029,0.5170173645019531,0.4429173171520233,0.9995656609535217,0.36216843128204346,0.630696177482605,0.9964708089828491,0.4682297110557556,0.6289520263671875,0.9977585077285767,0.519599437713623,0.40317851305007935,0.9997609257698059,True,-2.4456618253635933
266,8859,True,0.3575096130371094,0.4477650821208954,0.9986674189567566,0.5289193391799927,0.4528900682926178,0.999582052230835,0.36434751749038696,0.6307047605514526,0.9965261816978455,0.473737508058548,0.6290864944458008,0.9978232383728027,0.5053304433822632,0.4017288386821747,0.9997598528862,True,1.7125785748034408
267,8892,True,0.35075461864471436,0.44700971245765686,0.9986729621887207,0.54118812084198,0.4633975028991699,0.9994901418685913,0.3632235527038574,0.6337363123893738,0.9963789582252502,0.47380775213241577,0.6331809759140015,0.9977125525474548,0.4870460331439972,0.40161067247390747,0.9996921420097351,True,4.918481580152911
268,8925,True,0.35341787338256836,0.44665825366973877,0.9987601637840271,0.5501524806022644,0.47064822912216187,0.9994640946388245,0.363998681306839,0.636804461479187,0.9965571165084839,0.47276854515075684,0.639224648475647,0.9976935386657715,0.47172051668167114,0.4037739336490631,0.9996655583381653,True,6.952369239135282
269,8959,True,0.3589024841785431,0.4464917480945587,0.9988671541213989,0.5492003560066223,0.47770845890045166,0.9994744658470154,0.3654223084449768,0.6377952098846436,0.9968332648277283,0.47247692942619324,0.6425217390060425,0.9978075623512268,0.4308353364467621,0.40761253237724304,0.9996791481971741,True,9.31590338594695
270,8992,True,0.3738380968570709,0.4452260434627533,0.9989622235298157,0.5343295931816101,0.47641727328300476,0.9994381666183472,0.37471362948417664,0.6305009722709656,0.9970352649688721,0.4724353551864624,0.6398820877075195,0.9978735446929932,0.40046384930610657,0.40663060545921326,0.9996563196182251,True,10.998226011452378
271,9025,True,0.409434974193573,0.441092312335968,0.9990404844284058,0.5105891823768616,0.47320884466171265,0.9993196725845337,0.3928731381893158,0.623074471950531,0.9971922039985657,0.4688396155834198,0.6379509568214417,0.9978898167610168,0.3828714191913605,0.4067813754081726,0.9996234178543091,True,17.614679950153292
272,9059,True,0.4547492563724518,0.4395613670349121,0.9990808963775635,0.4499753415584564,0.4719758629798889,0.9992368817329407,0.42045411467552185,0.6163174510002136,0.9973931908607483,0.42867326736450195,0.6315282583236694,0.9980133175849915,0.38401180505752563,0.4021427035331726,0.9996327757835388,True,98.37813052596516
273,9092,True,0.44741711020469666,0.43011075258255005,0.9991682171821594,0.4583638906478882,0.47027987241744995,0.9992892742156982,0.42420610785484314,0.6123238801956177,0.9976313710212708,0.430819034576416,0.6280563473701477,0.998157799243927,0.381337970495224,0.3979474604129791,0.9996615648269653,True,74.75607907926538
274,9125,True,0.4727272689342499,0.4310411810874939,0.9992355108261108,0.44354549050331116,0.46973344683647156,0.999184250831604,0.4354143738746643,0.6134606003761292,0.9978456497192383,0.4118114113807678,0.6262925267219543,0.9982762932777405,0.38904672861099243,0.39508262276649475,0.9996814131736755,True,127.02366605694814
275,9159,True,0.4897756576538086,0.430352121591568,0.9993043541908264,0.41440027952194214,0.4667954742908478,0.9991341233253479,0.4479767382144928,0.6156346797943115,0.9979926943778992,0.39187708497047424,0.6256011128425598,0.9983409643173218,0.3940345346927643,0.3922549784183502,0.9996803998947144,True,154.19662901196912
276,9192,True,0.5002032518386841,0.4386819899082184,0.9993168711662292,0.3583969473838806,0.4642646610736847,0.9988990426063538,0.4622437059879303,0.622125506401062,0.998121976852417,0.3698529899120331,0.6260175108909607,0.99839186668396,0.3945443332195282,0.38777562975883484,0.9996724128723145,True,169.77351030295367
277,9225,True,0.512212336063385,0.4482271373271942,0.9993512034416199,0.34147781133651733,0.4628365933895111,0.9988876581192017,0.46394965052604675,0.6274203658103943,0.9982436895370483,0.35863226652145386,0.6272865533828735,0.9984318614006042,0.3979673981666565,0.3864908218383789,0.9996929168701172,True,175.1092133322863
278,9259,True,0.5231236219406128,0.45364993810653687,0.9993940591812134,0.33200645446777344,0.46274033188819885,0.9988698363304138,0.4703490436077118,0.6334062218666077,0.9983417987823486,0.35120323300361633,0.63128262758255,0.9984303116798401,0.40008261799812317,0.3866269290447235,0.9996846318244934,True,177.27680691190264
279,9292,True,0.5334760546684265,0.45795685052871704,0.9994333386421204,0.333234578371048,0.4616761803627014,0.9989278316497803,0.47275471687316895,0.6372836232185364,0.9984070062637329,0.34874874353408813,0.6329089403152466,0.9984023571014404,0.40437209606170654,0.3869149386882782,0.9997071623802185,True,178.93589777566416
280,9325,True,0.534273087978363,0.46418434381484985,0.9994674921035767,0.32820430397987366,0.46162787079811096,0.9990096688270569,0.4806138873100281,0.6412591338157654,0.9984824657440186,0.3522427976131439,0.6357681155204773,0.9984374642372131,0.41242796182632446,0.3868553042411804,0.9997308850288391,True,-179.28922955897932
281,9358,True,0.5302191376686096,0.4665921926498413,0.9994954466819763,0.3321074843406677,0.4614192247390747,0.9990969896316528,0.47795161604881287,0.6441541314125061,0.9985279440879822,0.3559863567352295,0.6365286707878113,0.9984840154647827,0.4224168062210083,0.38670259714126587,0.9997515082359314,True,-178.50426821631098
282,9392,True,0.5213634967803955,0.46719837188720703,0.9995429515838623,0.33865588903427124,0.4606991708278656,0.9991840720176697,0.4757145643234253,0.6476637721061707,0.9986209273338318,0.36043840646743774,0.6422666311264038,0.9985615015029907,0.442709356546402,0.38684096932411194,0.999775767326355,True,-177.96275670318224
283,9425,True,0.5186566710472107,0.4676356017589569,0.9995732307434082,0.3459882438182831,0.45658883452415466,0.9992611408233643,0.47700998187065125,0.6461823582649231,0.9986212849617004,0.3744037449359894,0.6416842937469482,0.9985719323158264,0.4540358781814575,0.3869580328464508,0.9997965693473816,True,-176.33939031511815
284,9458,True,0.4992919862270355,0.47093015909194946,0.9995720386505127,0.36445730924606323,0.45017310976982117,0.9993300437927246,0.47452935576438904,0.6453282237052917,0.9984842538833618,0.39296042919158936,0.6406997442245483,0.9985679388046265,0.46170198917388916,0.38699963688850403,0.9998154640197754,True,-171.24833644232308
285,9492,True,0.4906361401081085,0.46920245885849,0.9995359778404236,0.38722681999206543,0.4478897750377655,0.9993852376937866,0.4692745804786682,0.6433589458465576,0.9983727335929871,0.40477243065834045,0.6352645754814148,0.9985517859458923,0.4638121724128723,0.38708508014678955,0.9998317360877991,True,-168.35439115193827
286,9525,True,0.4727393388748169,0.4681132137775421,0.9991925954818726,0.4098901152610779,0.4473586678504944,0.9994255900382996,0.45161738991737366,0.6429997682571411,0.9979885816574097,0.4095379114151001,0.6353095173835754,0.9984415769577026,0.4723602533340454,0.387151837348938,0.9998453259468079,True,-161.7253529155166
287,9558,True,0.45404842495918274,0.4616055488586426,0.9989365935325623,0.4381546080112457,0.4432130753993988,0.9994550347328186,0.4351297616958618,0.6427260637283325,0.997612476348877,0.4181058406829834,0.6371152997016907,0.9981999397277832,0.49297305941581726,0.3871525526046753,0.9998589754104614,True,-130.83186654023763
288,9592,True,0.42340707778930664,0.45709657669067383,0.9988390803337097,0.4718739986419678,0.4394248127937317,0.9994959831237793,0.4106626808643341,0.6415345072746277,0.9967883229255676,0.4404079020023346,0.6370296478271484,0.9980539083480835,0.5025037527084351,0.3858274519443512,0.9998729228973389,True,-20.032611602539713
289,9625,True,0.4178151488304138,0.45536571741104126,0.9987766742706299,0.49525219202041626,0.4396350085735321,0.9995288848876953,0.4101489186286926,0.6396214962005615,0.9960658550262451,0.4483235776424408,0.6366798281669617,0.9978914856910706,0.5235336422920227,0.38342270255088806,0.9998849034309387,True,-11.482921817090787
290,9658,True,0.4192894697189331,0.4522743821144104,0.9988214373588562,0.5092579126358032,0.4390019178390503,0.9995614886283875,0.40412941575050354,0.6347092986106873,0.9958288669586182,0.4558052122592926,0.6332324743270874,0.9977912902832031,0.5388075113296509,0.38016530871391296,0.9998956322669983,True,-8.391947710758608
291,9692,True,0.417758047580719,0.45262032747268677,0.998914361000061,0.524140477180481,0.4384753108024597,0.999600350856781,0.3956048786640167,0.6319485306739807,0.9960951209068298,0.47679391503334045,0.6308878064155579,0.9978591203689575,0.5519112944602966,0.38150522112846375,0.9999051094055176,True,-7.573841913306044
292,9725,True,0.4070045053958893,0.451654314994812,0.9989298582077026,0.5416412353515625,0.43865329027175903,0.9996116757392883,0.39546775817871094,0.6292515397071838,0.9959909915924072,0.4960797429084778,0.6275380849838257,0.9977021813392639,0.5560438632965088,0.39140644669532776,0.9998521208763123,True,-5.515593073181433
293,9758,True,0.4037145674228668,0.4479600787162781,0.9989734292030334,0.5575845241546631,0.43935954570770264,0.9996155500411987,0.39854854345321655,0.6264037489891052,0.9960049390792847,0.5048953294754028,0.6252268552780151,0.9976379871368408,0.5542793869972229,0.39883431792259216,0.9997665882110596,True,-3.1992081699013353
294,9791,True,0.39870619773864746,0.4480479657649994,0.9989670515060425,0.5741875171661377,0.4516168236732483,0.999555230140686,0.39948123693466187,0.6265175342559814,0.9959585666656494,0.5080483555793762,0.62563556432724,0.9975507855415344,0.5444889068603516,0.398648738861084,0.9996833801269531,True,1.1650944464621307
295,9825,True,0.38643500208854675,0.44843757152557373,0.998907208442688,0.5803499817848206,0.4593832194805145,0.9994347095489502,0.40006282925605774,0.631312370300293,0.9960105419158936,0.5107678771018982,0.630347490310669,0.9974715709686279,0.5168342590332031,0.40343141555786133,0.9996029734611511,True,3.230666650621724
296,9858,True,0.38572990894317627,0.447399765253067,0.9989725351333618,0.5811498761177063,0.46718043088912964,0.9994072914123535,0.4013608694076538,0.6343237161636353,0.9962751865386963,0.5101842284202576,0.6367770433425903,0.9975387454032898,0.4879733622074127,0.403452068567276,0.9995964765548706,True,5.779867966710529
297,9891,True,0.3916276693344116,0.4473534822463989,0.9990555644035339,0.57454514503479,0.47464972734451294,0.9994164109230042,0.4015590250492096,0.6356392502784729,0.9965864419937134,0.5059391856193542,0.6397643685340881,0.9976851344108582,0.4608941078186035,0.40712711215019226,0.9996201395988464,True,8.48745146382605
298,9925,True,0.39902201294898987,0.4471106231212616,0.9991329908370972,0.5631553530693054,0.4744647741317749,0.9994089603424072,0.4081345796585083,0.6347295641899109,0.9968459010124207,0.5028202533721924,0.6393419504165649,0.9978251457214355,0.4229254126548767,0.40707212686538696,0.999634325504303,True,9.46184477495493
299,9958,True,0.43721598386764526,0.4454098045825958,0.99920254945755,0.5299222469329834,0.4746014177799225,0.9994348287582397,0.4171493947505951,0.6300743222236633,0.9970749616622925,0.5020139217376709,0.6394720673561096,0.9979761242866516,0.4056779444217682,0.4080760180950165,0.9996581673622131,True,17.478321305003377
300,9991,True,0.4692421853542328,0.441217839717865,0.9992600083351135,0.48644009232521057,0.4728923738002777,0.9994015097618103,0.43557462096214294,0.6214678287506104,0.9973244071006775,0.466583251953125,0.6349634528160095,0.9981270432472229,0.4003053903579712,0.405251145362854,0.9996801614761353,True,61.49994669234793
301,10025,True,0.4650784134864807,0.4375286400318146,0.9993024468421936,0.47395581007003784,0.4708787798881531,0.9991903305053711,0.4451170563697815,0.6199147701263428,0.997463047504425,0.4614867568016052,0.6323134899139404,0.9980165958404541,0.3979271948337555,0.4029514491558075,0.9996330142021179,True,75.09420742272847
302,10058,True,0.47488319873809814,0.4261295199394226,0.9993711709976196,0.46232885122299194,0.46683037281036377,0.9992287158966064,0.45168375968933105,0.6150996088981628,0.997699499130249,0.4541546404361725,0.6256551146507263,0.9981459975242615,0.40423718094825745,0.3984007239341736,0.9996650815010071,True,107.14259630140813
303,10091,True,0.49415287375450134,0.4292221963405609,0.9994204640388489,0.4026680886745453,0.4666522741317749,0.9987485408782959,0.47107720375061035,0.6168298721313477,0.9978029131889343,0.418364018201828,0.6243868470191956,0.9980267286300659,0.4082353115081787,0.3936363458633423,0.9996646046638489,True,157.74857076926057
304,10125,True,0.49790436029434204,0.4307497441768646,0.999472439289093,0.36716148257255554,0.46080341935157776,0.9987179040908813,0.47912320494651794,0.6177711486816406,0.9979794025421143,0.4013056755065918,0.6238438487052917,0.9981069564819336,0.4059728980064392,0.3875068128108978,0.999690055847168,True,167.05438905058995
305,10158,True,0.5006294250488281,0.4378710985183716,0.9994866251945496,0.3454316258430481,0.45671939849853516,0.9987331628799438,0.4851436913013458,0.6272309422492981,0.9981051683425903,0.38849109411239624,0.6313092708587646,0.9981567859649658,0.40294358134269714,0.3870454728603363,0.9997113347053528,True,173.07551314834546
306,10191,True,0.5076037049293518,0.4433727264404297,0.9995086789131165,0.33592960238456726,0.4569222033023834,0.998772382736206,0.4894963502883911,0.6339797377586365,0.9981722235679626,0.3847423195838928,0.6371326446533203,0.9981052279472351,0.3968145549297333,0.38657698035240173,0.9997310042381287,True,175.48725261148118
307,10224,True,0.5107497572898865,0.4487062394618988,0.9995113015174866,0.3205122947692871,0.45707252621650696,0.9988111853599548,0.48886746168136597,0.6384021639823914,0.9981849193572998,0.37304043769836426,0.6400991082191467,0.9980695843696594,0.3966612219810486,0.3858844041824341,0.9997413754463196,True,177.481861679017
308,10258,True,0.5201697945594788,0.4513271152973175,0.9994646906852722,0.31575852632522583,0.4596414566040039,0.9988306760787964,0.4909684360027313,0.6411926746368408,0.9977690577507019,0.367694616317749,0.6408369541168213,0.9976070523262024,0.3969443142414093,0.3851545453071594,0.999749481678009,True,177.6708024870495
309,10291,True,0.5193871259689331,0.4537023901939392,0.9994704723358154,0.3111925721168518,0.45974814891815186,0.9989213347434998,0.4912451207637787,0.6414528489112854,0.9977019429206848,0.36487653851509094,0.6406925916671753,0.9976234436035156,0.3977271020412445,0.3838735818862915,0.9997676014900208,True,178.33665610391606
310,10324,True,0.520064651966095,0.4599509537220001,0.9995020031929016,0.3130757510662079,0.4610678553581238,0.9990190863609314,0.4903695583343506,0.6448642015457153,0.9977132081985474,0.3662618100643158,0.6418895125389099,0.997688889503479,0.3991636633872986,0.3838455379009247,0.9997876286506653,True,179.69083787329973
311,10358,True,0.5158587694168091,0.4623417258262634,0.9995461106300354,0.32162007689476013,0.46121665835380554,0.9991073608398438,0.4885149300098419,0.6445246338844299,0.9978348612785339,0.3694908022880554,0.6414279341697693,0.9978008270263672,0.3996383249759674,0.3839190900325775,0.9998068809509277,True,-179.6681356524157
312,10391,True,0.5141143202781677,0.46519336104393005,0.9995867013931274,0.33146777749061584,0.4606456160545349,0.9991909861564636,0.4875301718711853,0.6441915035247803,0.9980043172836304,0.3738027811050415,0.6401908993721008,0.9979506134986877,0.4081474840641022,0.3841344714164734,0.9998252391815186,True,-178.57367808562506
313,10424,True,0.49610042572021484,0.4679889678955078,0.9996157288551331,0.33800432085990906,0.45406121015548706,0.9992665648460388,0.48060354590415955,0.643376886844635,0.9981040358543396,0.3758944272994995,0.6388292908668518,0.9980551600456238,0.41572487354278564,0.38366496562957764,0.9998419284820557,True,-174.9654240006802
314,10458,True,0.4685088098049164,0.46789222955703735,0.9996087551116943,0.3617747724056244,0.4461008608341217,0.9993234872817993,0.45793601870536804,0.6428254246711731,0.9981236457824707,0.37744712829589844,0.6360999941825867,0.9981120824813843,0.4215202033519745,0.38366350531578064,0.9998559951782227,True,-168.46078660873195
315,10491,True,0.47285979986190796,0.4674932658672333,0.9995478987693787,0.3762868046760559,0.44157952070236206,0.9993555545806885,0.450171560049057,0.6407797336578369,0.9980436563491821,0.37788307666778564,0.6332944631576538,0.9981394410133362,0.43092289566993713,0.38305607438087463,0.9998672604560852,True,-164.9794714157415
316,10524,True,0.4451255798339844,0.4640006721019745,0.9993177652359009,0.3976854383945465,0.44209444522857666,0.9993886351585388,0.4229952394962311,0.6429659128189087,0.997797966003418,0.378314346075058,0.6376131772994995,0.998004138469696,0.4509630799293518,0.38277938961982727,0.9998781085014343,True,-155.2141301910161
317,10557,True,0.4263312816619873,0.4557377099990845,0.9987170696258545,0.4288182854652405,0.4406247138977051,0.9993967413902283,0.40622276067733765,0.6424762010574341,0.9974024295806885,0.3880782723426819,0.6387612819671631,0.9978512525558472,0.4744531214237213,0.3818112313747406,0.99988853931427,True,-80.65512479487822
318,10591,True,0.4026249945163727,0.4522154629230499,0.9986893534660339,0.46855828166007996,0.4399074912071228,0.9994391202926636,0.3835087716579437,0.634390652179718,0.9968591332435608,0.4012339413166046,0.6351121664047241,0.9976991415023804,0.49858522415161133,0.38147395849227905,0.9998985528945923,True,-10.573880123298212
319,10624,True,0.40622904896736145,0.4498955309391022,0.9987832903862,0.48075905442237854,0.4406619966030121,0.9994884133338928,0.37880000472068787,0.6298566460609436,0.996818482875824,0.4100898504257202,0.6322759389877319,0.9977385997772217,0.5175773501396179,0.38003405928611755,0.999907910823822,True,-7.062396993795139
320,10657,True,0.4055251479148865,0.45074304938316345,0.9988191723823547,0.49951255321502686,0.4409332871437073,0.9995220899581909,0.3744950592517853,0.6299371123313904,0.9964345097541809,0.4161372184753418,0.6318487524986267,0.9975706338882446,0.5401611328125,0.3827832341194153,0.9999024271965027,True,-5.9585668506691984
321,10691,True,0.3922637403011322,0.45146143436431885,0.9988419413566589,0.5177434086799622,0.44293245673179626,0.999545156955719,0.3586266040802002,0.6298444271087646,0.9960781931877136,0.4339316487312317,0.6306182146072388,0.9973843097686768,0.5389664769172668,0.39411070942878723,0.9998572468757629,True,-3.8884700588030254
322,10724,True,0.383446604013443,0.45168736577033997,0.9988934397697449,0.5324637293815613,0.4498128592967987,0.9995423555374146,0.3583097755908966,0.6288255453109741,0.9958605766296387,0.45162278413772583,0.6296469569206238,0.9970480799674988,0.5226370692253113,0.4028957784175873,0.9997010231018066,True,-0.7206933096288421
323,10757,True,0.36770543456077576,0.4515599012374878,0.9989275932312012,0.5406184196472168,0.4585936367511749,0.9995331764221191,0.3565866947174072,0.6286766529083252,0.9958329200744629,0.4629087448120117,0.6297294497489929,0.9970055222511292,0.516571044921875,0.4031490385532379,0.9995240569114685,True,2.3293872197373178
324,10791,True,0.35686373710632324,0.45056307315826416,0.9989074468612671,0.5515048503875732,0.4661445617675781,0.9993830919265747,0.35241562128067017,0.6308625936508179,0.9960371255874634,0.466040700674057,0.6336177587509155,0.9970713257789612,0.48393040895462036,0.40218406915664673,0.9993987083435059,True,4.576904556895101
325,10824,True,0.34795692563056946,0.45067188143730164,0.9989016056060791,0.5500107407569885,0.4731672704219818,0.9992026090621948,0.3507515788078308,0.6352117657661438,0.9962977170944214,0.46509629487991333,0.6407058238983154,0.9971065521240234,0.4606316089630127,0.4048031270503998,0.9992985129356384,True,6.352786552900458
326,10857,True,0.35758236050605774,0.4503710865974426,0.9989646077156067,0.5406823754310608,0.4805869460105896,0.9991784691810608,0.35319212079048157,0.6368218660354614,0.9965144395828247,0.46602103114128113,0.6444418430328369,0.9971106052398682,0.4100428521633148,0.4067353308200836,0.9993051886558533,True,9.370712337032595
327,10891,True,0.3648222088813782,0.4504541754722595,0.9990510940551758,0.5315396785736084,0.4812680184841156,0.9992091059684753,0.35693734884262085,0.6368210911750793,0.9968109130859375,0.4666101336479187,0.6455157399177551,0.9973092675209045,0.38528838753700256,0.40813782811164856,0.999356746673584,True,10.471618156552681
328,10924,True,0.38374078273773193,0.4492601454257965,0.9991289377212524,0.5309479832649231,0.48051294684410095,0.9992322325706482,0.3694990873336792,0.6319624185562134,0.9969913363456726,0.46737954020500183,0.6446753144264221,0.9974275827407837,0.3755866587162018,0.40751364827156067,0.9993946552276611,True,11.986200251844267
329,10957,True,0.3987676203250885,0.44709357619285583,0.9991962313652039,0.4869149625301361,0.4750356674194336,0.9992167353630066,0.38281112909317017,0.6294615268707275,0.9972054362297058,0.46395349502563477,0.643916130065918,0.9975450038909912,0.37119871377944946,0.40710943937301636,0.999406635761261,True,17.58825109868131
330,10990,True,0.4245302975177765,0.446546733379364,0.9992561340332031,0.4389079511165619,0.4713153839111328,0.9992110133171082,0.41865527629852295,0.6249565482139587,0.9974333643913269,0.43226268887519836,0.6340188980102539,0.9976919889450073,0.3774196207523346,0.40414005517959595,0.9994456171989441,True,59.865783104558176
331,11024,True,0.4537036418914795,0.4445212483406067,0.9993252754211426,0.3924506902694702,0.47458571195602417,0.9992564916610718,0.43061211705207825,0.6251770853996277,0.9976680278778076,0.4085739552974701,0.6337324976921082,0.9978697896003723,0.38512229919433594,0.3993533253669739,0.9994983673095703,True,153.85705365153694
332,11057,True,0.4737008512020111,0.4436923861503601,0.9993872046470642,0.3629363775253296,0.4725404381752014,0.9991650581359863,0.4430725574493408,0.6223392486572266,0.9978744983673096,0.39381229877471924,0.6280869245529175,0.997995913028717,0.3888624310493469,0.3951258361339569,0.9995438456535339,True,165.401904845509
333,11090,True,0.4906204640865326,0.4426833987236023,0.9994363188743591,0.3476763069629669,0.4686005413532257,0.998913049697876,0.45169422030448914,0.6194363236427307,0.9980481863021851,0.3742254972457886,0.6246169209480286,0.9980514049530029,0.39328432083129883,0.39020928740501404,0.9995682835578918,True,169.72336524362947
334,11124,True,0.49302300810813904,0.44239652156829834,0.9994550347328186,0.3388782739639282,0.46364736557006836,0.9985973238945007,0.4533206522464752,0.6162084341049194,0.9981224536895752,0.36015892028808594,0.6193571090698242,0.9979569911956787,0.3952363431453705,0.3863532841205597,0.9995543360710144,True,172.15051623362135
335,11157,True,0.49813956022262573,0.44257813692092896,0.9994823336601257,0.3272264003753662,0.46092116832733154,0.9984800815582275,0.45252174139022827,0.6202201843261719,0.9982383847236633,0.3469896912574768,0.6199353933334351,0.997997522354126,0.3968530595302582,0.3837178647518158,0.9995546340942383,True,173.8742531203561
336,11190,True,0.507697343826294,0.4426683783531189,0.9995267987251282,0.31947246193885803,0.4597286581993103,0.998559296131134,0.45116257667541504,0.6269535422325134,0.9983463287353516,0.3372533917427063,0.622018039226532,0.9980586171150208,0.39715442061424255,0.3812733292579651,0.9995884895324707,True,174.82099070868
337,11224,True,0.5106977820396423,0.4437367618083954,0.9995630979537964,0.312010258436203,0.459401935338974,0.9986572861671448,0.45081064105033875,0.6306002736091614,0.9983776211738586,0.3305836021900177,0.6253029704093933,0.9980809688568115,0.39867112040519714,0.38061249256134033,0.9996088147163391,True,175.491939200925
338,11257,True,0.5146317481994629,0.4481112062931061,0.9995929002761841,0.3069712817668915,0.4586920142173767,0.998758852481842,0.4513913094997406,0.6328575611114502,0.9984158277511597,0.3240715265274048,0.626755952835083,0.9981211423873901,0.3996589779853821,0.3816031813621521,0.9996313452720642,True,177.08316254170032
339,11290,True,0.5160749554634094,0.45086830854415894,0.9996283650398254,0.3089126646518707,0.45681872963905334,0.9988560080528259,0.4511045217514038,0.6329249143600464,0.9985078573226929,0.32281017303466797,0.6270619034767151,0.9981900453567505,0.39975476264953613,0.3821850121021271,0.9996616840362549,True,178.35471842422072
340,11324,True,0.5140021443367004,0.45277097821235657,0.9996552467346191,0.3064640462398529,0.45433253049850464,0.9989432692527771,0.4518996477127075,0.6327202916145325,0.9985417127609253,0.32421866059303284,0.6269093751907349,0.9981802105903625,0.4015410542488098,0.38225826621055603,0.9996812343597412,True,179.56890485186463
341,11357,True,0.5101211667060852,0.4573102295398712,0.99968421459198,0.30392658710479736,0.45338815450668335,0.9990259408950806,0.4513612687587738,0.6325841546058655,0.9986159801483154,0.32410863041877747,0.6270585656166077,0.9982324838638306,0.40497103333473206,0.38231417536735535,0.9997046589851379,True,-178.91029506656605
342,11390,True,0.5077047348022461,0.45872506499290466,0.9997105002403259,0.306065171957016,0.4513593912124634,0.9991064667701721,0.45164841413497925,0.6324784755706787,0.9986738562583923,0.32689106464385986,0.6270999908447266,0.9982874393463135,0.4063338041305542,0.3827807307243347,0.9997277855873108,True,-177.90797770479824
343,11423,True,0.5060141086578369,0.46027466654777527,0.999734103679657,0.30701589584350586,0.450557678937912,0.9991820454597473,0.4525073766708374,0.6333230137825012,0.9987547397613525,0.3284080922603607,0.6275842189788818,0.998379647731781,0.4102388024330139,0.3840784728527069,0.999747633934021,True,-177.20449485807333
344,11457,True,0.5043588876724243,0.4608742296695709,0.9997540712356567,0.30504223704338074,0.44975215196609497,0.9992420673370361,0.45354941487312317,0.6327344179153442,0.9987680315971375,0.3300672769546509,0.627495527267456,0.9983800053596497,0.4136742651462555,0.38716545701026917,0.999761164188385,True,-176.80614775092621
345,11490,True,0.5011080503463745,0.4614662528038025,0.99977046251297,0.3057684302330017,0.44801798462867737,0.9992967844009399,0.4531252682209015,0.6327410340309143,0.998785138130188,0.3306286334991455,0.6275731325149536,0.9983987212181091,0.41738569736480713,0.3891181945800781,0.9997761249542236,True,-176.06165356560936
346,11523,True,0.4981447458267212,0.463345468044281,0.9997878670692444,0.30638542771339417,0.4481204152107239,0.9993540644645691,0.4528449475765228,0.6332740187644958,0.998852550983429,0.33144205808639526,0.6283791065216064,0.9984720349311829,0.4182760715484619,0.39174237847328186,0.9997930526733398,True,-175.46042836063987
347,11557,True,0.4965486228466034,0.463580459356308,0.9997954368591309,0.30742740631103516,0.4468134939670563,0.9993858933448792,0.45296743512153625,0.6332194805145264,0.998840868473053,0.3318850100040436,0.628596842288971,0.9984585046768188,0.4196445047855377,0.39309626817703247,0.9997939467430115,True,-174.93356077347124
348,11590,True,0.4951276481151581,0.464114248752594,0.9998055100440979,0.30729836225509644,0.4462156295776367,0.9994282722473145,0.4528728723526001,0.6327197551727295,0.9987853765487671,0.3323402404785156,0.6283870339393616,0.9984197616577148,0.4196927547454834,0.39422014355659485,0.9998028874397278,True,-174.556609992095
349,11623,True,0.4933455288410187,0.46465158462524414,0.9998074769973755,0.30721500515937805,0.446135938167572,0.9994623064994812,0.452841579914093,0.6317058801651001,0.9987677931785583,0.3326561450958252,0.6276384592056274,0.9984236359596252,0.42177480459213257,0.3946652114391327,0.999809205532074,True,-174.31909557976587
350,11657,True,0.491061806678772,0.46483463048934937,0.9998151063919067,0.30744966864585876,0.4457385838031769,0.9995072484016418,0.45237329602241516,0.6308753490447998,0.9987742900848389,0.3329445421695709,0.6270835995674133,0.9984696507453918,0.42281201481819153,0.3955674171447754,0.9998199343681335,True,-174.06246525422472
351,11690,True,0.48990434408187866,0.4647350609302521,0.999826192855835,0.3074010908603668,0.4451810419559479,0.9995457530021667,0.45235368609428406,0.6302674412727356,0.9988034963607788,0.33317965269088745,0.6268155574798584,0.9985212683677673,0.4242834746837616,0.39547356963157654,0.999830961227417,True,-173.88446571027052
352,11723,True,0.48954156041145325,0.4648221433162689,0.9998370409011841,0.3071713149547577,0.44532087445259094,0.9995809197425842,0.4522886574268341,0.6293904781341553,0.9988253712654114,0.3333587050437927,0.6259289383888245,0.998565673828125,0.42497625946998596,0.3953990936279297,0.9998425841331482,True,-173.89642410705886
353,11756,True,0.48898833990097046,0.4647204577922821,0.9998487234115601,0.3071988523006439,0.4453282654285431,0.9996132850646973,0.45222947001457214,0.6290096044540405,0.9988677501678467,0.3334898352622986,0.6257021427154541,0.9986227750778198,0.42485669255256653,0.3955859839916229,0.999853789806366,True,-173.91106246090175
354,11790,True,0.4890967607498169,0.4646824598312378,0.9998579025268555,0.3064756393432617,0.4453577399253845,0.9996376633644104,0.4522087275981903,0.6278499960899353,0.9988957047462463,0.33287233114242554,0.6246423721313477,0.9986519813537598,0.42479291558265686,0.3957851529121399,0.9998595714569092,True,-173.9595174990213
355,11823,True,0.4889940023422241,0.4646235704421997,0.9998698234558105,0.30613717436790466,0.44547238945961,0.9996659159660339,0.4521857500076294,0.6278645992279053,0.9989616870880127,0.3327850103378296,0.6246641874313354,0.9987191557884216,0.4247230589389801,0.3958328664302826,0.9998716115951538,True,-174.02102721092942
356,11856,True,0.489401638507843,0.4643853008747101,0.9998763799667358,0.30520179867744446,0.44578102231025696,0.999683678150177,0.452041357755661,0.6264528036117554,0.9989683628082275,0.3321063220500946,0.6237537264823914,0.9987342953681946,0.42345982789993286,0.3959346115589142,0.9998748898506165,True,-174.23265483059097
357,11890,True,0.4892441928386688,0.4639749228954315,0.9998853802680969,0.3041764497756958,0.4459837079048157,0.9997072815895081,0.451901376247406,0.626257061958313,0.9990087151527405,0.33215904235839844,0.6237308979034424,0.9987781643867493,0.4230932891368866,0.3959333300590515,0.9998835325241089,True,-174.4474835659148
358,11923,True,0.48996084928512573,0.4633289873600006,0.9998914003372192,0.303388774394989,0.4461098313331604,0.9997254014015198,0.45187240839004517,0.6252239942550659,0.999024510383606,0.33196964859962463,0.6228160262107849,0.998798131942749,0.4172750413417816,0.39592245221138,0.9998881816864014,True,-174.7269815157609
359,11956,True,0.4904296398162842,0.4617983102798462,0.9998987913131714,0.30340680480003357,0.44613826274871826,0.9997427463531494,0.4518314003944397,0.6253739595413208,0.9990697503089905,0.33158954977989197,0.6228502988815308,0.9988380670547485,0.41483503580093384,0.39597803354263306,0.9998940229415894,True,-175.21359815661225
360,11990,True,0.4909015893936157,0.46083298325538635,0.9999059438705444,0.3030971586704254,0.4465063810348511,0.9997590780258179,0.4518168568611145,0.6245976090431213,0.9991081953048706,0.3311145007610321,0.6223596334457397,0.9988797903060913,0.4116861820220947,0.3957856595516205,0.9998999238014221,True,-175.63765830279416
361,12023,True,0.49103325605392456,0.4592360556125641,0.9999125003814697,0.3026677072048187,0.44666722416877747,0.9997755885124207,0.4517920911312103,0.6248929500579834,0.9991451501846313,0.33092743158340454,0.6225236058235168,0.998911440372467,0.41153138875961304,0.39579126238822937,0.999905526638031,True,-176.18255525840775
362,12056,True,0.4916086196899414,0.4585076570510864,0.9999175071716309,0.3022657334804535,0.44697004556655884,0.9997903108596802,0.45174381136894226,0.6249093413352966,0.9991488456726074,0.3309330642223358,0.6225855946540833,0.9989245533943176,0.4104560613632202,0.3957509994506836,0.999910831451416,True,-176.51299243058602
363,12090,True,0.4922139346599579,0.4576152563095093,0.9999229907989502,0.30146920680999756,0.4471849799156189,0.9998024106025696,0.4517253637313843,0.6254436373710632,0.9991699457168579,0.3307926058769226,0.6232149600982666,0.998936116695404,0.4068768620491028,0.39513447880744934,0.9999157786369324,True,-176.87007735549648
364,12123,True,0.4932846128940582,0.4572798013687134,0.9999256730079651,0.3015303611755371,0.44737517833709717,0.9998108148574829,0.4517066478729248,0.6235285401344299,0.9991684556007385,0.3309940993785858,0.6217681169509888,0.9989272356033325,0.4050588607788086,0.39486080408096313,0.9999172687530518,True,-177.04314658966518
