hand_right_0_x,hand_right_1_x,hand_right_2_x,hand_right_3_x,hand_right_4_x,hand_right_5_x,hand_right_6_x,hand_right_7_x,hand_right_8_x,hand_right_9_x,hand_right_10_x,hand_right_11_x,hand_right_12_x,hand_right_13_x,hand_right_14_x,hand_right_15_x,hand_right_16_x,hand_right_17_x,hand_right_18_x,hand_right_19_x,hand_right_20_x,hand_right_0_y,hand_right_1_y,hand_right_2_y,hand_right_3_y,hand_right_4_y,hand_right_5_y,hand_right_6_y,hand_right_7_y,hand_right_8_y,hand_right_9_y,hand_right_10_y,hand_right_11_y,hand_right_12_y,hand_right_13_y,hand_right_14_y,hand_right_15_y,hand_right_16_y,hand_right_17_y,hand_right_18_y,hand_right_19_y,hand_right_20_y,mudra,hand_side,hand_left_0_x,hand_left_1_x,hand_left_2_x,hand_left_3_x,hand_left_4_x,hand_left_5_x,hand_left_6_x,hand_left_7_x,hand_left_8_x,hand_left_9_x,hand_left_10_x,hand_left_11_x,hand_left_12_x,hand_left_13_x,hand_left_14_x,hand_left_15_x,hand_left_16_x,hand_left_17_x,hand_left_18_x,hand_left_19_x,hand_left_20_x,hand_left_0_y,hand_left_1_y,hand_left_2_y,hand_left_3_y,hand_left_4_y,hand_left_5_y,hand_left_6_y,hand_left_7_y,hand_left_8_y,hand_left_9_y,hand_left_10_y,hand_left_11_y,hand_left_12_y,hand_left_13_y,hand_left_14_y,hand_left_15_y,hand_left_16_y,hand_left_17_y,hand_left_18_y,hand_left_19_y,hand_left_20_y,timestamp_ms
0.3568466603755951,0.42714715003967285,0.4993107318878174,0.6066731810569763,0.6621041297912598,0.6714387536048889,0.7957853078842163,0.8552678227424622,0.9004120826721191,0.6739230751991272,0.8086733222007751,0.8816221356391907,0.9192476272583008,0.6480523943901062,0.7536880970001221,0.7550401091575623,0.7117531895637512,0.6134045720100403,0.6877954006195068,0.6935279369354248,0.6571862101554871,0.4472985863685608,0.6170890927314758,0.7343832850456238,0.7902504205703735,0.6925466656684875,0.6037917733192444,0.6125258803367615,0.6052347421646118,0.6085900664329529,0.5012221932411194,0.4942414164543152,0.506503701210022,0.5247690081596375,0.4049249291419983,0.39409613609313965,0.40134626626968384,0.4054145812988281,0.3038569986820221,0.27508723735809326,0.2792557179927826,0.29159343242645264,ardhapataka,right,,,,,,,,,,,,,,,,,,,,,,,,,,,,,,,,,,,,,,,,,,,0
0.4601280689239502,0.6329973936080933,0.739040195941925,0.7842137813568115,0.6890032291412354,0.6003142595291138,0.6082162261009216,0.6019623875617981,0.6038270592689514,0.49994513392448425,0.49128925800323486,0.5067331790924072,0.5271724462509155,0.40524932742118835,0.3893149495124817,0.3960517346858978,0.4054897427558899,0.3026465177536011,0.2746882736682892,0.2832726240158081,0.3051302134990692,0.6554994583129883,0.5704374313354492,0.4925062954425812,0.3796379268169403,0.3331730365753174,0.3328409492969513,0.20920807123184204,0.15087543427944183,0.10360805690288544,0.33510279655456543,0.19998975098133087,0.11941513419151306,0.07354861497879028,0.3609417974948883,0.2447231411933899,0.23676517605781555,0.2815276086330414,0.3962036371231079,0.3098986744880676,0.29811930656433105,0.3362343907356262,ardhapataka,right,,,,,,,,,,,,,,,,,,,,,,,,,,,,,,,,,,,,,,,,,,,1
0.46233582496643066,0.6440571546554565,0.7493777871131897,0.7746052742004395,0.6894072890281677,0.6106886863708496,0.6098081469535828,0.6070619225502014,0.6042641401290894,0.5009608864784241,0.4957686960697174,0.5063158273696899,0.5192281007766724,0.4021834433078766,0.389664888381958,0.40269458293914795,0.40199995040893555,0.2968716621398926,0.28173184394836426,0.3061206042766571,0.32510313391685486,0.6232433319091797,0.5673635005950928,0.4777052700519562,0.38000598549842834,0.3214852213859558,0.33508095145225525,0.22666436433792114,0.15762588381767273,0.10543221235275269,0.32999148964881897,0.20201162993907928,0.12453551590442657,0.06945562362670898,0.3505127429962158,0.23366379737854004,0.259617418050766,0.3112722933292389,0.38240310549736023,0.2963021695613861,0.30636608600616455,0.3461765944957733,ardhapataka,right,,,,,,,,,,,,,,,,,,,,,,,,,,,,,,,,,,,,,,,,,,,2
0.46915844082832336,0.641916811466217,0.7406814098358154,0.7810083031654358,0.6886366605758667,0.5938735008239746,0.6039262413978577,0.6014539003372192,0.6036694645881653,0.4933689534664154,0.48427537083625793,0.5009855628013611,0.5244143009185791,0.4022139310836792,0.38478296995162964,0.3978370726108551,0.41924166679382324,0.2963879406452179,0.2744055390357971,0.28589946031570435,0.3168472349643707,0.6373928785324097,0.5572456121444702,0.4883142113685608,0.3764086067676544,0.33492177724838257,0.3386557698249817,0.21578113734722137,0.15767750144004822,0.10481537878513336,0.34215131402015686,0.20916056632995605,0.12227444350719452,0.07315221428871155,0.36303991079330444,0.24961763620376587,0.23134714365005493,0.269224613904953,0.39314454793930054,0.3111990690231323,0.2975519001483917,0.3341236412525177,ardhapataka,right,,,,,,,,,,,,,,,,,,,,,,,,,,,,,,,,,,,,,,,,,,,3
0.46915844082832336,0.641916811466217,0.7406814098358154,0.7810083031654358,0.6886366605758667,0.5938735008239746,0.6039262413978577,0.6014539003372192,0.6036694645881653,0.4933689534664154,0.48427537083625793,0.5009855628013611,0.5244143009185791,0.4022139310836792,0.38478296995162964,0.3978370726108551,0.41924166679382324,0.2963879406452179,0.2744055390357971,0.28589946031570435,0.3168472349643707,0.6373928785324097,0.5572456121444702,0.4883142113685608,0.3764086067676544,0.33492177724838257,0.3386557698249817,0.21578113734722137,0.15767750144004822,0.10481537878513336,0.34215131402015686,0.20916056632995605,0.12227444350719452,0.07315221428871155,0.36303991079330444,0.24961763620376587,0.23134714365005493,0.269224613904953,0.39314454793930054,0.3111990690231323,0.2975519001483917,0.3341236412525177,ardhapataka,right,,,,,,,,,,,,,,,,,,,,,,,,,,,,,,,,,,,,,,,,,,,4
0.46915844082832336,0.641916811466217,0.7406814098358154,0.7810083031654358,0.6886366605758667,0.5938735008239746,0.6039262413978577,0.6014539003372192,0.6036694645881653,0.4933689534664154,0.48427537083625793,0.5009855628013611,0.5244143009185791,0.4022139310836792,0.38478296995162964,0.3978370726108551,0.41924166679382324,0.2963879406452179,0.2744055390357971,0.28589946031570435,0.3168472349643707,0.6373928785324097,0.5572456121444702,0.4883142113685608,0.3764086067676544,0.33492177724838257,0.3386557698249817,0.21578113734722137,0.15767750144004822,0.10481537878513336,0.34215131402015686,0.20916056632995605,0.12227444350719452,0.07315221428871155,0.36303991079330444,0.24961763620376587,0.23134714365005493,0.269224613904953,0.39314454793930054,0.3111990690231323,0.2975519001483917,0.3341236412525177,ardhapataka,right,,,,,,,,,,,,,,,,,,,,,,,,,,,,,,,,,,,,,,,,,,,5
0.46233582496643066,0.6440571546554565,0.7493777871131897,0.7746052742004395,0.6894072890281677,0.6106886863708496,0.6098081469535828,0.6070619225502014,0.6042641401290894,0.5009608864784241,0.4957686960697174,0.5063158273696899,0.5192281007766724,0.4021834433078766,0.389664888381958,0.40269458293914795,0.40199995040893555,0.2968716621398926,0.28173184394836426,0.3061206042766571,0.32510313391685486,0.6232433319091797,0.5673635005950928,0.4777052700519562,0.38000598549842834,0.3214852213859558,0.33508095145225525,0.22666436433792114,0.15762588381767273,0.10543221235275269,0.32999148964881897,0.20201162993907928,0.12453551590442657,0.06945562362670898,0.3505127429962158,0.23366379737854004,0.259617418050766,0.3112722933292389,0.38240310549736023,0.2963021695613861,0.30636608600616455,0.3461765944957733,ardhapataka,right,,,,,,,,,,,,,,,,,,,,,,,,,,,,,,,,,,,,,,,,,,,6
0.36152738332748413,0.42719870805740356,0.5017948746681213,0.6034445762634277,0.6552789807319641,0.6742487549781799,0.7956357002258301,0.8538144826889038,0.8968795537948608,0.6767442226409912,0.8094604015350342,0.8826732635498047,0.9216112494468689,0.6507923603057861,0.7527787089347839,0.7548181414604187,0.7136132121086121,0.6170680522918701,0.688334047794342,0.6906464099884033,0.6532859802246094,0.4464991092681885,0.6158270835876465,0.7346439957618713,0.7947056293487549,0.7006639242172241,0.6057476997375488,0.611612856388092,0.6038419008255005,0.6085988283157349,0.5015248656272888,0.4936625361442566,0.5075098276138306,0.529029905796051,0.40349316596984863,0.39612600207328796,0.4044405221939087,0.4072948098182678,0.30293595790863037,0.27964505553245544,0.28562071919441223,0.29824545979499817,ardhapataka,right,,,,,,,,,,,,,,,,,,,,,,,,,,,,,,,,,,,,,,,,,,,7
0.6592659950256348,0.5760562419891357,0.49583715200424194,0.37941011786460876,0.3264979422092438,0.3342548608779907,0.20897480845451355,0.14826270937919617,0.10072173178195953,0.33199983835220337,0.1986527144908905,0.12186846137046814,0.07750283181667328,0.3580368757247925,0.24747145175933838,0.24877402186393738,0.2940290570259094,0.3929336667060852,0.3155258595943451,0.3075767755508423,0.34184396266937256,0.5410431623458862,0.3745914101600647,0.2624419331550598,0.2228247970342636,0.31899315118789673,0.39084163308143616,0.383257657289505,0.3933115005493164,0.3912390470504761,0.4918177127838135,0.49875375628471375,0.4876473546028137,0.47068357467651367,0.5882601737976074,0.5981732606887817,0.5983902215957642,0.600665807723999,0.6875965595245361,0.717903733253479,0.7123900651931763,0.6993459463119507,ardhapataka,right,,,,,,,,,,,,,,,,,,,,,,,,,,,,,,,,,,,,,,,,,,,8
0.45287781953811646,0.6232244968414307,0.7373620867729187,0.7868490815162659,0.6872700452804565,0.6067346930503845,0.6165356636047363,0.6074639558792114,0.6094341278076172,0.5048931837081909,0.4978993535041809,0.5117369294166565,0.5317478179931641,0.4092463254928589,0.39449578523635864,0.3970247507095337,0.3998028635978699,0.3109809160232544,0.27686816453933716,0.27981486916542053,0.2950913608074188,0.6534261703491211,0.5718138217926025,0.49886366724967957,0.3874838948249817,0.33358219265937805,0.33497607707977295,0.20967763662338257,0.14836560189723969,0.10072992742061615,0.3302655816078186,0.19615916907787323,0.11950512230396271,0.07465924322605133,0.35316625237464905,0.24481581151485443,0.24784645438194275,0.29900431632995605,0.3865072727203369,0.3068313002586365,0.29991790652275085,0.33962544798851013,ardhapataka,right,,,,,,,,,,,,,,,,,,,,,,,,,,,,,,,,,,,,,,,,,,,9
0.272484689950943,0.3819314241409302,0.5499376654624939,0.7299401760101318,0.8191778063774109,0.801125168800354,1.000482439994812,1.1145321130752563,1.199904441833496,0.8060890436172485,1.023240327835083,1.1341745853424072,1.1951942443847656,0.764647901058197,0.9819068908691406,0.9614232182502747,0.8730999827384949,0.6987369060516357,0.859934389591217,0.8619732856750488,0.7934776544570923,0.4856334924697876,0.5819703936576843,0.6405081152915955,0.6529960036277771,0.5992053747177124,0.5682721138000488,0.5680034756660461,0.5654057860374451,0.5661675930023193,0.5090320706367493,0.5023800730705261,0.5043758153915405,0.5084247589111328,0.4527910351753235,0.4434380531311035,0.44504714012145996,0.44370704889297485,0.39146023988723755,0.3753799796104431,0.38412711024284363,0.3939492702484131,ardhapataka,right,,,,,,,,,,,,,,,,,,,,,,,,,,,,,,,,,,,,,,,,,,,10
0.4648878276348114,0.6443548798561096,0.7527788281440735,0.7746796607971191,0.6861417293548584,0.6135557293891907,0.6156212091445923,0.6127891540527344,0.6121746301651001,0.5056684613227844,0.5012388229370117,0.5120516419410706,0.5250857472419739,0.4068281054496765,0.39204445481300354,0.40557849407196045,0.406082421541214,0.29942724108695984,0.28068822622299194,0.3023413121700287,0.31833702325820923,0.6237651109695435,0.5687483549118042,0.4760749638080597,0.37663498520851135,0.32220709323883057,0.336750864982605,0.22691109776496887,0.15849021077156067,0.10593874752521515,0.3307721018791199,0.2038315385580063,0.1248026043176651,0.06987205147743225,0.3513522744178772,0.23432771861553192,0.25301897525787354,0.30153006315231323,0.38489413261413574,0.2972271144390106,0.3007553815841675,0.337314635515213,ardhapataka,right,,,,,,,,,,,,,,,,,,,,,,,,,,,,,,,,,,,,,,,,,,,11
0.45287781953811646,0.6232244968414307,0.7373620867729187,0.7868490815162659,0.6872700452804565,0.6067346930503845,0.6165356636047363,0.6074639558792114,0.6094341278076172,0.5048931837081909,0.4978993535041809,0.5117369294166565,0.5317478179931641,0.4092463254928589,0.39449578523635864,0.3970247507095337,0.3998028635978699,0.3109809160232544,0.27686816453933716,0.27981486916542053,0.2950913608074188,0.6534261703491211,0.5718138217926025,0.49886366724967957,0.3874838948249817,0.33358219265937805,0.33497607707977295,0.20967763662338257,0.14836560189723969,0.10072992742061615,0.3302655816078186,0.19615916907787323,0.11950512230396271,0.07465924322605133,0.35316625237464905,0.24481581151485443,0.24784645438194275,0.29900431632995605,0.3865072727203369,0.3068313002586365,0.29991790652275085,0.33962544798851013,ardhapataka,right,,,,,,,,,,,,,,,,,,,,,,,,,,,,,,,,,,,,,,,,,,,12
0.45287781953811646,0.6232244968414307,0.7373620867729187,0.7868490815162659,0.6872700452804565,0.6067346930503845,0.6165356636047363,0.6074639558792114,0.6094341278076172,0.5048931837081909,0.4978993535041809,0.5117369294166565,0.5317478179931641,0.4092463254928589,0.39449578523635864,0.3970247507095337,0.3998028635978699,0.3109809160232544,0.27686816453933716,0.27981486916542053,0.2950913608074188,0.6534261703491211,0.5718138217926025,0.49886366724967957,0.3874838948249817,0.33358219265937805,0.33497607707977295,0.20967763662338257,0.14836560189723969,0.10072992742061615,0.3302655816078186,0.19615916907787323,0.11950512230396271,0.07465924322605133,0.35316625237464905,0.24481581151485443,0.24784645438194275,0.29900431632995605,0.3865072727203369,0.3068313002586365,0.29991790652275085,0.33962544798851013,ardhapataka,right,,,,,,,,,,,,,,,,,,,,,,,,,,,,,,,,,,,,,,,,,,,13
0.4624364972114563,0.6444159746170044,0.7505109310150146,0.7733494639396667,0.6845025420188904,0.6127349734306335,0.6149778962135315,0.6122209429740906,0.6096474528312683,0.5054125785827637,0.5011448860168457,0.5115119814872742,0.5229992270469666,0.40727221965789795,0.39456525444984436,0.40596115589141846,0.40372100472450256,0.3010273277759552,0.28119397163391113,0.30455726385116577,0.3218422830104828,0.623629093170166,0.5687450170516968,0.4762539267539978,0.37649619579315186,0.32418376207351685,0.33619409799575806,0.22714954614639282,0.15886130928993225,0.10617461800575256,0.3299797773361206,0.20343787968158722,0.12584683299064636,0.07136023044586182,0.34957176446914673,0.2354883849620819,0.26309141516685486,0.3166341483592987,0.38200467824935913,0.2958570718765259,0.30460992455482483,0.3438090682029724,ardhapataka,right,,,,,,,,,,,,,,,,,,,,,,,,,,,,,,,,,,,,,,,,,,,14
0.4624364972114563,0.6444159746170044,0.7505109310150146,0.7733494639396667,0.6845025420188904,0.6127349734306335,0.6149778962135315,0.6122209429740906,0.6096474528312683,0.5054125785827637,0.5011448860168457,0.5115119814872742,0.5229992270469666,0.40727221965789795,0.39456525444984436,0.40596115589141846,0.40372100472450256,0.3010273277759552,0.28119397163391113,0.30455726385116577,0.3218422830104828,0.623629093170166,0.5687450170516968,0.4762539267539978,0.37649619579315186,0.32418376207351685,0.33619409799575806,0.22714954614639282,0.15886130928993225,0.10617461800575256,0.3299797773361206,0.20343787968158722,0.12584683299064636,0.07136023044586182,0.34957176446914673,0.2354883849620819,0.26309141516685486,0.3166341483592987,0.38200467824935913,0.2958570718765259,0.30460992455482483,0.3438090682029724,ardhapataka,right,,,,,,,,,,,,,,,,,,,,,,,,,,,,,,,,,,,,,,,,,,,15
0.4618157744407654,0.6403630375862122,0.7480112910270691,0.7724364399909973,0.6858677864074707,0.6091324090957642,0.61094069480896,0.6077456474304199,0.6045138239860535,0.5015514492988586,0.4972233176231384,0.5077603459358215,0.5202620029449463,0.40369969606399536,0.3900497853755951,0.40376392006874084,0.4037061929702759,0.2966787815093994,0.2762346863746643,0.30009621381759644,0.3203626871109009,0.6246265172958374,0.569441556930542,0.47914841771125793,0.3806300163269043,0.32243025302886963,0.33767634630203247,0.22962291538715363,0.1608775407075882,0.10777944326400757,0.33204954862594604,0.2055724561214447,0.12698061764240265,0.0706530511379242,0.3527102768421173,0.2361387014389038,0.25490492582321167,0.3027340769767761,0.3857426643371582,0.2990753650665283,0.30385690927505493,0.3404233455657959,ardhapataka,right,,,,,,,,,,,,,,,,,,,,,,,,,,,,,,,,,,,,,,,,,,,16
0.4618157744407654,0.6403630375862122,0.7480112910270691,0.7724364399909973,0.6858677864074707,0.6091324090957642,0.61094069480896,0.6077456474304199,0.6045138239860535,0.5015514492988586,0.4972233176231384,0.5077603459358215,0.5202620029449463,0.40369969606399536,0.3900497853755951,0.40376392006874084,0.4037061929702759,0.2966787815093994,0.2762346863746643,0.30009621381759644,0.3203626871109009,0.6246265172958374,0.569441556930542,0.47914841771125793,0.3806300163269043,0.32243025302886963,0.33767634630203247,0.22962291538715363,0.1608775407075882,0.10777944326400757,0.33204954862594604,0.2055724561214447,0.12698061764240265,0.0706530511379242,0.3527102768421173,0.2361387014389038,0.25490492582321167,0.3027340769767761,0.3857426643371582,0.2990753650665283,0.30385690927505493,0.3404233455657959,ardhapataka,right,,,,,,,,,,,,,,,,,,,,,,,,,,,,,,,,,,,,,,,,,,,17
0.47265687584877014,0.6430253982543945,0.7442642450332642,0.7824300527572632,0.6843494772911072,0.5991559624671936,0.6091102361679077,0.6035541296005249,0.603855550289154,0.4980640709400177,0.4909060299396515,0.5007662177085876,0.5214568376541138,0.4065179228782654,0.3907756209373474,0.3967931270599365,0.41235172748565674,0.3005346953868866,0.2701084315776825,0.27542680501937866,0.3021903932094574,0.6408605575561523,0.5561214089393616,0.4891068935394287,0.36965781450271606,0.3363204598426819,0.33807796239852905,0.21234546601772308,0.1505582183599472,0.09762066602706909,0.341530978679657,0.2026529759168625,0.1186976432800293,0.06757739186286926,0.36574727296829224,0.2470826804637909,0.23115789890289307,0.2791346609592438,0.39865994453430176,0.3141787052154541,0.300159752368927,0.339661180973053,ardhapataka,right,,,,,,,,,,,,,,,,,,,,,,,,,,,,,,,,,,,,,,,,,,,18
0.47265687584877014,0.6430253982543945,0.7442642450332642,0.7824300527572632,0.6843494772911072,0.5991559624671936,0.6091102361679077,0.6035541296005249,0.603855550289154,0.4980640709400177,0.4909060299396515,0.5007662177085876,0.5214568376541138,0.4065179228782654,0.3907756209373474,0.3967931270599365,0.41235172748565674,0.3005346953868866,0.2701084315776825,0.27542680501937866,0.3021903932094574,0.6408605575561523,0.5561214089393616,0.4891068935394287,0.36965781450271606,0.3363204598426819,0.33807796239852905,0.21234546601772308,0.1505582183599472,0.09762066602706909,0.341530978679657,0.2026529759168625,0.1186976432800293,0.06757739186286926,0.36574727296829224,0.2470826804637909,0.23115789890289307,0.2791346609592438,0.39865994453430176,0.3141787052154541,0.300159752368927,0.339661180973053,ardhapataka,right,,,,,,,,,,,,,,,,,,,,,,,,,,,,,,,,,,,,,,,,,,,19
0.46734994649887085,0.649513840675354,0.7542779445648193,0.7801787853240967,0.689517617225647,0.6162890195846558,0.6152409315109253,0.6112070679664612,0.6081136465072632,0.5070866346359253,0.4987359642982483,0.5062086582183838,0.5188764929771423,0.406576931476593,0.3926142454147339,0.4023021459579468,0.4018837809562683,0.29811379313468933,0.27643537521362305,0.2963630259037018,0.31432536244392395,0.6254820823669434,0.5689340829849243,0.48032134771347046,0.3827422857284546,0.32344600558280945,0.3415471911430359,0.2331010401248932,0.16207224130630493,0.10827161371707916,0.3369946777820587,0.20838667452335358,0.1290842741727829,0.0711887776851654,0.3576739430427551,0.2389620691537857,0.2657589018344879,0.31801706552505493,0.38965269923210144,0.3048475682735443,0.31571438908576965,0.3553326427936554,ardhapataka,right,,,,,,,,,,,,,,,,,,,,,,,,,,,,,,,,,,,,,,,,,,,20
0.2626717984676361,0.3751353323459625,0.5381379127502441,0.7182862162590027,0.8133158087730408,0.7856733202934265,0.978008508682251,1.0917302370071411,1.1790059804916382,0.7952841520309448,1.010259985923767,1.1294509172439575,1.2006865739822388,0.7568233013153076,0.9721439480781555,0.9564939141273499,0.8762912750244141,0.6919146180152893,0.8485438823699951,0.8460674285888672,0.7767713665962219,0.487914115190506,0.5816110372543335,0.640005350112915,0.6560025215148926,0.6025338768959045,0.5700705051422119,0.5714518427848816,0.5693421363830566,0.570321261882782,0.5097127556800842,0.5026779174804688,0.505083441734314,0.5107213854789734,0.4518395960330963,0.44123268127441406,0.4428696632385254,0.44226810336112976,0.38945165276527405,0.36935338377952576,0.3778519332408905,0.3885754644870758,ardhapataka,right,,,,,,,,,,,,,,,,,,,,,,,,,,,,,,,,,,,,,,,,,,,21
0.4721183478832245,0.6271564364433289,0.7427220940589905,0.7567110061645508,0.6766201853752136,0.5968921184539795,0.6057044267654419,0.6087966561317444,0.6066640615463257,0.5016623735427856,0.5077633857727051,0.509939968585968,0.5155195593833923,0.40661925077438354,0.3896099328994751,0.38171643018722534,0.389701783657074,0.29669255018234253,0.27190887928009033,0.2784575819969177,0.3022941052913666,0.6415082216262817,0.5651441812515259,0.48729562759399414,0.3733314573764801,0.3249884247779846,0.3416687846183777,0.21708443760871887,0.15852367877960205,0.10809145867824554,0.33959969878196716,0.19558356702327728,0.12409252673387527,0.08248531818389893,0.36943042278289795,0.2538469135761261,0.2638794481754303,0.30783388018608093,0.4213300347328186,0.31947800517082214,0.3190159201622009,0.35202640295028687,ardhapataka,right,,,,,,,,,,,,,,,,,,,,,,,,,,,,,,,,,,,,,,,,,,,22
0.46634846925735474,0.6502372622489929,0.7557908892631531,0.7797139286994934,0.6917387843132019,0.6141353845596313,0.6131620407104492,0.6097486019134521,0.607176661491394,0.5047653913497925,0.49690771102905273,0.5040023326873779,0.5159492492675781,0.4049159288406372,0.3918640911579132,0.4005869925022125,0.3991053104400635,0.2980274558067322,0.27594783902168274,0.2953488528728485,0.3121059536933899,0.6248184442520142,0.5683277249336243,0.4800456166267395,0.38393479585647583,0.32471728324890137,0.3415807783603668,0.23250097036361694,0.16142360866069794,0.1074962168931961,0.33775246143341064,0.20893417298793793,0.1297399401664734,0.0719689428806305,0.3583454191684723,0.239291250705719,0.26618343591690063,0.3184525668621063,0.38980525732040405,0.3047622740268707,0.31725916266441345,0.3583891689777374,ardhapataka,right,,,,,,,,,,,,,,,,,,,,,,,,,,,,,,,,,,,,,,,,,,,23
0.7378032207489014,0.6300657987594604,0.4639854431152344,0.28107577562332153,0.18702782690525055,0.21927624940872192,0.025931939482688904,-0.07739636301994324,-0.14351814985275269,0.20746329426765442,-0.01326841115951538,-0.12023493647575378,-0.16800528764724731,0.24554094672203064,0.02532176673412323,0.0484536737203598,0.1452738344669342,0.31184110045433044,0.16064023971557617,0.1598302125930786,0.2316635698080063,0.5125638842582703,0.4213888347148895,0.36138784885406494,0.3503105342388153,0.40277010202407837,0.4329535961151123,0.43171390891075134,0.4335564970970154,0.43281224370002747,0.49215975403785706,0.49943435192108154,0.49795734882354736,0.49132484197616577,0.5485507845878601,0.5601491928100586,0.5573109984397888,0.5522586107254028,0.610160231590271,0.6312982439994812,0.6231750249862671,0.6100017428398132,ardhapataka,right,,,,,,,,,,,,,,,,,,,,,,,,,,,,,,,,,,,,,,,,,,,24
0.4721183478832245,0.6271564364433289,0.7427220940589905,0.7567110061645508,0.6766201853752136,0.5968921184539795,0.6057044267654419,0.6087966561317444,0.6066640615463257,0.5016623735427856,0.5077633857727051,0.509939968585968,0.5155195593833923,0.40661925077438354,0.3896099328994751,0.38171643018722534,0.389701783657074,0.29669255018234253,0.27190887928009033,0.2784575819969177,0.3022941052913666,0.6415082216262817,0.5651441812515259,0.48729562759399414,0.3733314573764801,0.3249884247779846,0.3416687846183777,0.21708443760871887,0.15852367877960205,0.10809145867824554,0.33959969878196716,0.19558356702327728,0.12409252673387527,0.08248531818389893,0.36943042278289795,0.2538469135761261,0.2638794481754303,0.30783388018608093,0.4213300347328186,0.31947800517082214,0.3190159201622009,0.35202640295028687,ardhapataka,right,,,,,,,,,,,,,,,,,,,,,,,,,,,,,,,,,,,,,,,,,,,25
0.7478691339492798,0.6469912528991699,0.46877625584602356,0.28659936785697937,0.1906067430973053,0.22081570327281952,0.02358308434486389,-0.09453690052032471,-0.18662503361701965,0.21134936809539795,-0.006499111652374268,-0.13027474284172058,-0.21242022514343262,0.25125202536582947,0.03170508146286011,0.07522924244403839,0.17462292313575745,0.3186812996864319,0.16378436982631683,0.17503686249256134,0.25065168738365173,0.5133638381958008,0.419597327709198,0.360454261302948,0.34803715348243713,0.40059858560562134,0.4319702982902527,0.429488867521286,0.4301151931285858,0.4288278818130493,0.49153363704681396,0.4951716363430023,0.49128037691116333,0.4831595718860626,0.5490241050720215,0.5599434971809387,0.5585421919822693,0.556373655796051,0.611563503742218,0.6276125907897949,0.6213722229003906,0.6113736629486084,ardhapataka,right,,,,,,,,,,,,,,,,,,,,,,,,,,,,,,,,,,,,,,,,,,,26
0.3745904862880707,0.442955881357193,0.5040944814682007,0.6135991811752319,0.6635698676109314,0.6438916325569153,0.7704846262931824,0.8304586410522461,0.8870128989219666,0.6477551460266113,0.7831234335899353,0.867720365524292,0.9236140251159668,0.6254293918609619,0.7368559837341309,0.743700385093689,0.7098721265792847,0.5899150371551514,0.678303599357605,0.680305004119873,0.6464077830314636,0.4625464677810669,0.6263201236724854,0.7416489124298096,0.778822124004364,0.6923527717590332,0.600796639919281,0.6117838025093079,0.6096807718276978,0.6084816455841064,0.5009061098098755,0.5018810629844666,0.5108160972595215,0.5246395468711853,0.4045763611793518,0.39106985926628113,0.3902742266654968,0.40071412920951843,0.2905798852443695,0.27014827728271484,0.2758258283138275,0.2987806797027588,ardhapataka,right,,,,,,,,,,,,,,,,,,,,,,,,,,,,,,,,,,,,,,,,,,,27
0.4675234258174896,0.6493420600891113,0.7533191442489624,0.7798982858657837,0.6899241209030151,0.6123908758163452,0.6118960976600647,0.6079487204551697,0.6038593053817749,0.5040673017501831,0.49758410453796387,0.507953405380249,0.520234227180481,0.40449395775794983,0.38702669739723206,0.3994936943054199,0.40196529030799866,0.2979997992515564,0.2729426622390747,0.29341739416122437,0.3113456666469574,0.6329084634780884,0.5761387348175049,0.48486560583114624,0.38643932342529297,0.3305301070213318,0.34515807032585144,0.2363835871219635,0.16805531084537506,0.11570324003696442,0.3399009704589844,0.21224217116832733,0.13373655080795288,0.07762867212295532,0.3610382080078125,0.243061825633049,0.2771797478199005,0.3340250253677368,0.39550063014030457,0.3085361123085022,0.32405340671539307,0.3676587641239166,ardhapataka,right,,,,,,,,,,,,,,,,,,,,,,,,,,,,,,,,,,,,,,,,,,,28
0.4767228364944458,0.6210174560546875,0.7381172180175781,0.7535003423690796,0.678919792175293,0.5931563973426819,0.6031156182289124,0.6085712313652039,0.6078044176101685,0.49947646260261536,0.5062196850776672,0.5097938179969788,0.5173399448394775,0.40655386447906494,0.3916679620742798,0.3842272162437439,0.39160895347595215,0.3005557656288147,0.26755404472351074,0.2768229842185974,0.30471813678741455,0.6406965851783752,0.5685735940933228,0.4900304079055786,0.383039653301239,0.3311028480529785,0.3464397192001343,0.2261900156736374,0.16984087228775024,0.11876043677330017,0.34331321716308594,0.2046930193901062,0.13516943156719208,0.09374000132083893,0.3713151216506958,0.263606458902359,0.27641820907592773,0.3158165216445923,0.4217349886894226,0.32824623584747314,0.32452189922332764,0.34867092967033386,ardhapataka,right,,,,,,,,,,,,,,,,,,,,,,,,,,,,,,,,,,,,,,,,,,,29
0.4665642976760864,0.6227131485939026,0.7409015893936157,0.7687351107597351,0.689084529876709,0.5945178866386414,0.6070802211761475,0.6072041392326355,0.6080462336540222,0.4970373809337616,0.4957551956176758,0.5037938952445984,0.5166798233985901,0.40262266993522644,0.38394927978515625,0.38764047622680664,0.40187954902648926,0.29449546337127686,0.26338160037994385,0.2715189754962921,0.3011651933193207,0.6325843334197998,0.5708367824554443,0.502678394317627,0.39062872529029846,0.3405742049217224,0.3572629392147064,0.23604393005371094,0.17721787095069885,0.12336096912622452,0.3547373414039612,0.21841813623905182,0.13699209690093994,0.0867982804775238,0.37900495529174805,0.2645528316497803,0.26147499680519104,0.30497464537620544,0.41789525747299194,0.3228137493133545,0.32052353024482727,0.3594961166381836,ardhapataka,right,,,,,,,,,,,,,,,,,,,,,,,,,,,,,,,,,,,,,,,,,,,30
0.6392217874526978,0.5704267621040344,0.4899500608444214,0.37743550539016724,0.3289349675178528,0.34678149223327637,0.23358264565467834,0.1763896942138672,0.125399649143219,0.3431641161441803,0.20557720959186554,0.13455891609191895,0.0903020054101944,0.3694617450237274,0.25536057353019714,0.27778324484825134,0.3278813660144806,0.4170471429824829,0.3242376446723938,0.33096811175346375,0.36535555124282837,0.5293095707893372,0.37316393852233887,0.25327011942863464,0.24386140704154968,0.3203972578048706,0.39812320470809937,0.39044976234436035,0.38798895478248596,0.38810235261917114,0.49436792731285095,0.487282931804657,0.48473241925239563,0.48021256923675537,0.5903507471084595,0.6086337566375732,0.6173820495605469,0.6112099885940552,0.7008565068244934,0.7289772033691406,0.71907639503479,0.6936736702919006,ardhapataka,right,,,,,,,,,,,,,,,,,,,,,,,,,,,,,,,,,,,,,,,,,,,31
0.4757755398750305,0.6577380299568176,0.7605584263801575,0.7812103629112244,0.6956382989883423,0.6188796758651733,0.6191045641899109,0.6164812445640564,0.6141467094421387,0.5083299279212952,0.5014982223510742,0.5136207938194275,0.5273796319961548,0.4081774652004242,0.3935065269470215,0.40617361664772034,0.4069850742816925,0.3023565113544464,0.2779172658920288,0.2948715388774872,0.3102121949195862,0.6351369619369507,0.5774391889572144,0.4886249899864197,0.3933446407318115,0.33420827984809875,0.3463810980319977,0.23843714594841003,0.16785183548927307,0.11499214172363281,0.3434942364692688,0.2154405564069748,0.135166734457016,0.07903844118118286,0.36602452397346497,0.2469255030155182,0.26810604333877563,0.3161051571369171,0.39956235885620117,0.31431907415390015,0.3255831301212311,0.3647737205028534,ardhapataka,right,,,,,,,,,,,,,,,,,,,,,,,,,,,,,,,,,,,,,,,,,,,32
0.4757755398750305,0.6577380299568176,0.7605584263801575,0.7812103629112244,0.6956382989883423,0.6188796758651733,0.6191045641899109,0.6164812445640564,0.6141467094421387,0.5083299279212952,0.5014982223510742,0.5136207938194275,0.5273796319961548,0.4081774652004242,0.3935065269470215,0.40617361664772034,0.4069850742816925,0.3023565113544464,0.2779172658920288,0.2948715388774872,0.3102121949195862,0.6351369619369507,0.5774391889572144,0.4886249899864197,0.3933446407318115,0.33420827984809875,0.3463810980319977,0.23843714594841003,0.16785183548927307,0.11499214172363281,0.3434942364692688,0.2154405564069748,0.135166734457016,0.07903844118118286,0.36602452397346497,0.2469255030155182,0.26810604333877563,0.3161051571369171,0.39956235885620117,0.31431907415390015,0.3255831301212311,0.3647737205028534,ardhapataka,right,,,,,,,,,,,,,,,,,,,,,,,,,,,,,,,,,,,,,,,,,,,33
0.46023130416870117,0.5904203057289124,0.6211792826652527,0.5109180212020874,0.38894590735435486,0.6249555945396423,0.6521373391151428,0.6660240888595581,0.6786816716194153,0.5186402797698975,0.5286999344825745,0.5504989624023438,0.5619164705276489,0.4143030643463135,0.3808963894844055,0.41871947050094604,0.4400170147418976,0.3140702247619629,0.3092806935310364,0.35506194829940796,0.38973039388656616,0.6246269941329956,0.5618088841438293,0.4578332304954529,0.38589218258857727,0.3457833230495453,0.3614555597305298,0.2629394829273224,0.20438554883003235,0.15419892966747284,0.351921945810318,0.23228508234024048,0.15984080731868744,0.09783095121383667,0.3729584217071533,0.2938093841075897,0.3660554587841034,0.4200403392314911,0.4144991338253021,0.35313859581947327,0.4020986258983612,0.4491981565952301,kartarimukh,right,,,,,,,,,,,,,,,,,,,,,,,,,,,,,,,,,,,,,,,,,,,34
0.46023130416870117,0.5904203057289124,0.6211792826652527,0.5109180212020874,0.38894590735435486,0.6249555945396423,0.6521373391151428,0.6660240888595581,0.6786816716194153,0.5186402797698975,0.5286999344825745,0.5504989624023438,0.5619164705276489,0.4143030643463135,0.3808963894844055,0.41871947050094604,0.4400170147418976,0.3140702247619629,0.3092806935310364,0.35506194829940796,0.38973039388656616,0.6246269941329956,0.5618088841438293,0.4578332304954529,0.38589218258857727,0.3457833230495453,0.3614555597305298,0.2629394829273224,0.20438554883003235,0.15419892966747284,0.351921945810318,0.23228508234024048,0.15984080731868744,0.09783095121383667,0.3729584217071533,0.2938093841075897,0.3660554587841034,0.4200403392314911,0.4144991338253021,0.35313859581947327,0.4020986258983612,0.4491981565952301,kartarimukh,right,,,,,,,,,,,,,,,,,,,,,,,,,,,,,,,,,,,,,,,,,,,35
0.45995891094207764,0.583791196346283,0.6082448363304138,0.4967609643936157,0.37481164932250977,0.6095108389854431,0.6128684282302856,0.6075300574302673,0.6035184264183044,0.5072391629219055,0.5176676511764526,0.535569429397583,0.5456762313842773,0.405576229095459,0.3653913140296936,0.4026167392730713,0.4306919574737549,0.3073422610759735,0.29923027753829956,0.3426719903945923,0.3827322721481323,0.6236408948898315,0.557765007019043,0.45631688833236694,0.38922637701034546,0.3497921824455261,0.35654112696647644,0.26334747672080994,0.20784521102905273,0.15961763262748718,0.3477990925312042,0.22818045318126678,0.15483346581459045,0.09156173467636108,0.3691573739051819,0.29593974351882935,0.3716188967227936,0.42620736360549927,0.4100658893585205,0.35502922534942627,0.4067292809486389,0.4510838985443115,kartarimukh,right,,,,,,,,,,,,,,,,,,,,,,,,,,,,,,,,,,,,,,,,,,,36
0.45995891094207764,0.583791196346283,0.6082448363304138,0.4967609643936157,0.37481164932250977,0.6095108389854431,0.6128684282302856,0.6075300574302673,0.6035184264183044,0.5072391629219055,0.5176676511764526,0.535569429397583,0.5456762313842773,0.405576229095459,0.3653913140296936,0.4026167392730713,0.4306919574737549,0.3073422610759735,0.29923027753829956,0.3426719903945923,0.3827322721481323,0.6236408948898315,0.557765007019043,0.45631688833236694,0.38922637701034546,0.3497921824455261,0.35654112696647644,0.26334747672080994,0.20784521102905273,0.15961763262748718,0.3477990925312042,0.22818045318126678,0.15483346581459045,0.09156173467636108,0.3691573739051819,0.29593974351882935,0.3716188967227936,0.42620736360549927,0.4100658893585205,0.35502922534942627,0.4067292809486389,0.4510838985443115,kartarimukh,right,,,,,,,,,,,,,,,,,,,,,,,,,,,,,,,,,,,,,,,,,,,37
0.4575897455215454,0.580049455165863,0.5988487601280212,0.4881821572780609,0.3703303933143616,0.6047854423522949,0.5972416400909424,0.5857468843460083,0.5758956670761108,0.5016931295394897,0.5091631412506104,0.5219144225120544,0.5300246477127075,0.3986439108848572,0.3537118434906006,0.38973724842071533,0.4202369749546051,0.30031582713127136,0.28452467918395996,0.32975637912750244,0.37517738342285156,0.6231376528739929,0.5555711984634399,0.4559519290924072,0.38915717601776123,0.3479960262775421,0.3514368236064911,0.2522363066673279,0.18954969942569733,0.1351856142282486,0.34520190954208374,0.22606639564037323,0.15095490217208862,0.08569091558456421,0.36862313747406006,0.2975826859474182,0.37470743060112,0.43046045303344727,0.4120769798755646,0.3568153977394104,0.40825992822647095,0.4529224634170532,kartarimukh,right,,,,,,,,,,,,,,,,,,,,,,,,,,,,,,,,,,,,,,,,,,,38
0.4575897455215454,0.580049455165863,0.5988487601280212,0.4881821572780609,0.3703303933143616,0.6047854423522949,0.5972416400909424,0.5857468843460083,0.5758956670761108,0.5016931295394897,0.5091631412506104,0.5219144225120544,0.5300246477127075,0.3986439108848572,0.3537118434906006,0.38973724842071533,0.4202369749546051,0.30031582713127136,0.28452467918395996,0.32975637912750244,0.37517738342285156,0.6231376528739929,0.5555711984634399,0.4559519290924072,0.38915717601776123,0.3479960262775421,0.3514368236064911,0.2522363066673279,0.18954969942569733,0.1351856142282486,0.34520190954208374,0.22606639564037323,0.15095490217208862,0.08569091558456421,0.36862313747406006,0.2975826859474182,0.37470743060112,0.43046045303344727,0.4120769798755646,0.3568153977394104,0.40825992822647095,0.4529224634170532,kartarimukh,right,,,,,,,,,,,,,,,,,,,,,,,,,,,,,,,,,,,,,,,,,,,39
0.4759547710418701,0.5859801769256592,0.6040199995040894,0.4830503463745117,0.3678849935531616,0.5978912115097046,0.5876086950302124,0.5739162564277649,0.5637999773025513,0.5020871162414551,0.506026029586792,0.5256913304328918,0.5456161499023438,0.40675875544548035,0.3725593686103821,0.4059540629386902,0.4369950294494629,0.3147284984588623,0.2898889183998108,0.3314608037471771,0.3749399185180664,0.6733818650245667,0.567219614982605,0.4450356960296631,0.3672184944152832,0.3584496080875397,0.345733642578125,0.24631407856941223,0.1926366090774536,0.1430628001689911,0.33856648206710815,0.21497467160224915,0.14648813009262085,0.07859617471694946,0.36497971415519714,0.30055516958236694,0.39222100377082825,0.45353829860687256,0.4102281332015991,0.35809651017189026,0.40951523184776306,0.45479971170425415,kartarimukh,right,,,,,,,,,,,,,,,,,,,,,,,,,,,,,,,,,,,,,,,,,,,40
0.6772118806838989,0.5732840299606323,0.45179224014282227,0.3708759844303131,0.3623507022857666,0.34454527497291565,0.24051597714424133,0.1840188205242157,0.12998634576797485,0.3397054672241211,0.21606986224651337,0.14403873682022095,0.07462075352668762,0.3659299910068512,0.3020474910736084,0.39285042881965637,0.4580802917480469,0.40858742594718933,0.3596705496311188,0.40728840231895447,0.44958800077438354,0.5274701118469238,0.4091598093509674,0.3840561509132385,0.5062770843505859,0.6226047277450562,0.3986744284629822,0.40843093395233154,0.4210526645183563,0.4297865927219391,0.49576812982559204,0.4935937821865082,0.4727473258972168,0.45068055391311646,0.5919947624206543,0.6279243230819702,0.5945687294006348,0.5613638162612915,0.6848636865615845,0.7109850645065308,0.6702088117599487,0.6238613128662109,kartarimukh,right,,,,,,,,,,,,,,,,,,,,,,,,,,,,,,,,,,,,,,,,,,,41
0.280830055475235,0.4005703032016754,0.5799587965011597,0.6997223496437073,0.7620457410812378,0.7547609210014343,0.9387860894203186,1.0470647811889648,1.1318628787994385,0.760757327079773,0.9592763185501099,1.0548479557037354,1.1331911087036133,0.7211755514144897,0.8583366870880127,0.7306950092315674,0.6289024353027344,0.6467421054840088,0.7455787658691406,0.6657254695892334,0.5864178538322449,0.4800149202346802,0.5415763854980469,0.5499985218048096,0.48828646540641785,0.4264465570449829,0.5616113543510437,0.5552921295166016,0.5484930872917175,0.5425601005554199,0.5002894997596741,0.49818822741508484,0.49195170402526855,0.4823867380619049,0.44326353073120117,0.4209597110748291,0.43850308656692505,0.45366090536117554,0.3904949128627777,0.37946563959121704,0.40453487634658813,0.4310097098350525,kartarimukh,right,,,,,,,,,,,,,,,,,,,,,,,,,,,,,,,,,,,,,,,,,,,42
0.45787161588668823,0.5767454504966736,0.5921788215637207,0.47606396675109863,0.3587169051170349,0.6009787321090698,0.5887817740440369,0.5720294117927551,0.5589104294776917,0.4967459738254547,0.5007486343383789,0.5118383765220642,0.519770622253418,0.3943072557449341,0.3443590998649597,0.38239455223083496,0.4144485592842102,0.29733890295028687,0.2807652950286865,0.3264794945716858,0.3723156154155731,0.6229991912841797,0.5552939176559448,0.45374923944473267,0.39056453108787537,0.34991300106048584,0.34981873631477356,0.24798429012298584,0.18370190262794495,0.1281164586544037,0.3472106158733368,0.22771339118480682,0.15137937664985657,0.08417913317680359,0.3724706172943115,0.30633875727653503,0.3855205774307251,0.44117140769958496,0.4165346622467041,0.36107245087623596,0.4133937954902649,0.4578421413898468,kartarimukh,right,,,,,,,,,,,,,,,,,,,,,,,,,,,,,,,,,,,,,,,,,,,43
0.45776528120040894,0.5735322833061218,0.584040641784668,0.46727338433265686,0.34855949878692627,0.5901365876197815,0.5743180513381958,0.5548890829086304,0.5377819538116455,0.48696738481521606,0.492554247379303,0.5031386613845825,0.5095097422599792,0.38465312123298645,0.3339337706565857,0.37489157915115356,0.40901246666908264,0.2891038954257965,0.2711925804615021,0.31985199451446533,0.36779773235321045,0.625399649143219,0.5578225255012512,0.4561288058757782,0.39267000555992126,0.35531288385391235,0.3522280156612396,0.2504136860370636,0.18501706421375275,0.12867383658885956,0.3507241904735565,0.22952893376350403,0.15199321508407593,0.0832468569278717,0.37658384442329407,0.3088076710700989,0.3874240219593048,0.44400423765182495,0.42083996534347534,0.3661263883113861,0.41705000400543213,0.461261510848999,kartarimukh,right,,,,,,,,,,,,,,,,,,,,,,,,,,,,,,,,,,,,,,,,,,,44
0.45776528120040894,0.5735322833061218,0.584040641784668,0.46727338433265686,0.34855949878692627,0.5901365876197815,0.5743180513381958,0.5548890829086304,0.5377819538116455,0.48696738481521606,0.492554247379303,0.5031386613845825,0.5095097422599792,0.38465312123298645,0.3339337706565857,0.37489157915115356,0.40901246666908264,0.2891038954257965,0.2711925804615021,0.31985199451446533,0.36779773235321045,0.625399649143219,0.5578225255012512,0.4561288058757782,0.39267000555992126,0.35531288385391235,0.3522280156612396,0.2504136860370636,0.18501706421375275,0.12867383658885956,0.3507241904735565,0.22952893376350403,0.15199321508407593,0.0832468569278717,0.37658384442329407,0.3088076710700989,0.3874240219593048,0.44400423765182495,0.42083996534347534,0.3661263883113861,0.41705000400543213,0.461261510848999,kartarimukh,right,,,,,,,,,,,,,,,,,,,,,,,,,,,,,,,,,,,,,,,,,,,45
0.24022126197814941,0.35622361302375793,0.5353275537490845,0.6339313983917236,0.6884720325469971,0.7311728596687317,0.9063981771469116,1.0187962055206299,1.1023499965667725,0.7189921736717224,0.9086065888404846,1.0172324180603027,1.0962238311767578,0.6610437631607056,0.7834227085113525,0.6496224999427795,0.5536810159683228,0.5695862770080566,0.6548498868942261,0.5619901418685913,0.48470741510391235,0.4724062979221344,0.5267617106437683,0.525056004524231,0.45488241314888,0.38940709829330444,0.5289006233215332,0.5084220767021179,0.4948151409626007,0.4851318299770355,0.4663240611553192,0.4478806257247925,0.43996843695640564,0.43154820799827576,0.4101141691207886,0.38459843397140503,0.40425583720207214,0.421295166015625,0.3601715564727783,0.3533168435096741,0.3808390498161316,0.4056714177131653,kartarimukh,right,,,,,,,,,,,,,,,,,,,,,,,,,,,,,,,,,,,,,,,,,,,46
0.44185030460357666,0.5474669337272644,0.5564431548118591,0.4362526834011078,0.3133676052093506,0.5388620495796204,0.4960877001285553,0.46232545375823975,0.4307694435119629,0.4299249053001404,0.410136342048645,0.40821537375450134,0.4023391604423523,0.33133602142333984,0.2778890132904053,0.32673415541648865,0.3680424094200134,0.24270915985107422,0.21959736943244934,0.2792242169380188,0.3347688317298889,0.6463972330093384,0.5793930292129517,0.47826358675956726,0.4238453805446625,0.39584454894065857,0.3655073642730713,0.26193463802337646,0.19438906013965607,0.1376916766166687,0.3719966411590576,0.2493009716272354,0.17115701735019684,0.10342666506767273,0.40477994084358215,0.35245025157928467,0.42903369665145874,0.47917622327804565,0.4546080231666565,0.4144705533981323,0.46594834327697754,0.5052167177200317,kartarimukh,right,,,,,,,,,,,,,,,,,,,,,,,,,,,,,,,,,,,,,,,,,,,47
0.4430636465549469,0.5481796860694885,0.555123507976532,0.4319290816783905,0.308946818113327,0.5398516058921814,0.4996592104434967,0.46894320845603943,0.44054490327835083,0.4311419427394867,0.41188758611679077,0.4086088240146637,0.400898814201355,0.3319874107837677,0.2740505337715149,0.322875440120697,0.36450546979904175,0.24318328499794006,0.21907195448875427,0.278475821018219,0.33435511589050293,0.6459696292877197,0.5796091556549072,0.47954046726226807,0.4262467622756958,0.4000692069530487,0.3673616349697113,0.2643524408340454,0.19665534794330597,0.13998833298683167,0.3740222156047821,0.25340476632118225,0.17615462839603424,0.10817822813987732,0.40670305490493774,0.35336023569107056,0.42824506759643555,0.4765992760658264,0.45655959844589233,0.41646718978881836,0.467857301235199,0.5072184801101685,kartarimukh,right,,,,,,,,,,,,,,,,,,,,,,,,,,,,,,,,,,,,,,,,,,,48
0.23796489834785461,0.34737077355384827,0.5303307771682739,0.6290081739425659,0.6851086616516113,0.7288049459457397,0.907863199710846,1.0229651927947998,1.1113317012786865,0.7199961543083191,0.9158276319503784,1.0267374515533447,1.1109650135040283,0.6641736030578613,0.7812598347663879,0.6379812955856323,0.5394141674041748,0.5733381509780884,0.6531038284301758,0.5552147626876831,0.4809894263744354,0.4731631278991699,0.5292752385139465,0.5291829109191895,0.4592841863632202,0.3940967917442322,0.5277067422866821,0.507888674736023,0.49547460675239563,0.48522597551345825,0.46586376428604126,0.44963663816452026,0.442574143409729,0.43393075466156006,0.4100472033023834,0.38399356603622437,0.4055771231651306,0.4234671890735626,0.36005914211273193,0.35082653164863586,0.37987902760505676,0.4072136878967285,kartarimukh,right,,,,,,,,,,,,,,,,,,,,,,,,,,,,,,,,,,,,,,,,,,,49
0.4531030058860779,0.5617080330848694,0.5729857683181763,0.44751203060150146,0.3226807117462158,0.5480761528015137,0.5070135593414307,0.47544315457344055,0.44600939750671387,0.4400922358036041,0.4218495488166809,0.4205232560634613,0.41326871514320374,0.34155625104904175,0.28859376907348633,0.3416181802749634,0.38282510638237,0.25311627984046936,0.23341965675354004,0.29313427209854126,0.3446159362792969,0.6504657864570618,0.5853531360626221,0.4856519103050232,0.4314458668231964,0.4055532217025757,0.36894020438194275,0.26697611808776855,0.19928304851055145,0.1425246000289917,0.37862783670425415,0.2585293650627136,0.181184321641922,0.11243298649787903,0.4131294786930084,0.3596920073032379,0.43482711911201477,0.4836639165878296,0.4641185700893402,0.4193675220012665,0.4710649251937866,0.512058675289154,kartarimukh,right,,,,,,,,,,,,,,,,,,,,,,,,,,,,,,,,,,,,,,,,,,,50
0.4531030058860779,0.5617080330848694,0.5729857683181763,0.44751203060150146,0.3226807117462158,0.5480761528015137,0.5070135593414307,0.47544315457344055,0.44600939750671387,0.4400922358036041,0.4218495488166809,0.4205232560634613,0.41326871514320374,0.34155625104904175,0.28859376907348633,0.3416181802749634,0.38282510638237,0.25311627984046936,0.23341965675354004,0.29313427209854126,0.3446159362792969,0.6504657864570618,0.5853531360626221,0.4856519103050232,0.4314458668231964,0.4055532217025757,0.36894020438194275,0.26697611808776855,0.19928304851055145,0.1425246000289917,0.37862783670425415,0.2585293650627136,0.181184321641922,0.11243298649787903,0.4131294786930084,0.3596920073032379,0.43482711911201477,0.4836639165878296,0.4641185700893402,0.4193675220012665,0.4710649251937866,0.512058675289154,kartarimukh,right,,,,,,,,,,,,,,,,,,,,,,,,,,,,,,,,,,,,,,,,,,,51
0.4796071946620941,0.5733634829521179,0.5866152048110962,0.44617828726768494,0.3353356420993805,0.526310920715332,0.48677191138267517,0.4500296711921692,0.41643860936164856,0.43333107233047485,0.4243311285972595,0.4269821047782898,0.4247642755508423,0.3503425121307373,0.3157425820827484,0.3689638376235962,0.4113880693912506,0.2702755630016327,0.2374560534954071,0.2933521866798401,0.3473546802997589,0.683950662612915,0.5944129824638367,0.47125232219696045,0.4196206331253052,0.41194379329681396,0.36029472947120667,0.2672311067581177,0.19832077622413635,0.1400049924850464,0.3737719655036926,0.25700899958610535,0.18126438558101654,0.11078605055809021,0.4134890139102936,0.3562288284301758,0.4422922730445862,0.5013719797134399,0.4719165861606598,0.41672515869140625,0.4658544063568115,0.5110316276550293,kartarimukh,right,,,,,,,,,,,,,,,,,,,,,,,,,,,,,,,,,,,,,,,,,,,52
0.4796071946620941,0.5733634829521179,0.5866152048110962,0.44617828726768494,0.3353356420993805,0.526310920715332,0.48677191138267517,0.4500296711921692,0.41643860936164856,0.43333107233047485,0.4243311285972595,0.4269821047782898,0.4247642755508423,0.3503425121307373,0.3157425820827484,0.3689638376235962,0.4113880693912506,0.2702755630016327,0.2374560534954071,0.2933521866798401,0.3473546802997589,0.683950662612915,0.5944129824638367,0.47125232219696045,0.4196206331253052,0.41194379329681396,0.36029472947120667,0.2672311067581177,0.19832077622413635,0.1400049924850464,0.3737719655036926,0.25700899958610535,0.18126438558101654,0.11078605055809021,0.4134890139102936,0.3562288284301758,0.4422922730445862,0.5013719797134399,0.4719165861606598,0.41672515869140625,0.4658544063568115,0.5110316276550293,kartarimukh,right,,,,,,,,,,,,,,,,,,,,,,,,,,,,,,,,,,,,,,,,,,,53
0.4776408076286316,0.5817292332649231,0.5955131649971008,0.46791163086891174,0.3451300263404846,0.5729504227638245,0.5327287316322327,0.5003031492233276,0.47032833099365234,0.4645950198173523,0.44721171259880066,0.44907495379447937,0.44298118352890015,0.36601752042770386,0.3173699378967285,0.3728598952293396,0.41293859481811523,0.27761244773864746,0.25961410999298096,0.3207744359970093,0.3721925616264343,0.6562976837158203,0.590591311454773,0.4890165627002716,0.4311012029647827,0.3990350067615509,0.3749816119670868,0.2725876569747925,0.20600871741771698,0.14999020099639893,0.38491979241371155,0.26317381858825684,0.1859491765499115,0.11636623740196228,0.41943052411079407,0.3636278510093689,0.4407152831554413,0.4916002154350281,0.46955108642578125,0.4203498959541321,0.4701932668685913,0.5110163688659668,kartarimukh,right,,,,,,,,,,,,,,,,,,,,,,,,,,,,,,,,,,,,,,,,,,,54
0.7024933099746704,0.5947660803794861,0.4640672206878662,0.40192824602127075,0.402696818113327,0.3667697608470917,0.2709403932094574,0.2060590386390686,0.14422361552715302,0.3765551447868347,0.2645590007305145,0.19253584742546082,0.11716960370540619,0.41247832775115967,0.35904330015182495,0.45342570543289185,0.5126887559890747,0.46652457118034363,0.42050155997276306,0.472797155380249,0.5131997466087341,0.4998357594013214,0.39431190490722656,0.38451364636421204,0.5348861813545227,0.6557243466377258,0.4439224898815155,0.4813748896121979,0.5149832367897034,0.5453708171844482,0.5396628379821777,0.5503523349761963,0.5494009256362915,0.5521768927574158,0.6257013082504272,0.65982985496521,0.6045907139778137,0.5611767768859863,0.7085114121437073,0.7265615463256836,0.6684154272079468,0.6160448789596558,kartarimukh,right,,,,,,,,,,,,,,,,,,,,,,,,,,,,,,,,,,,,,,,,,,,55
0.49859049916267395,0.6004419922828674,0.6127902865409851,0.47423461079597473,0.3613996207714081,0.554772138595581,0.5156900882720947,0.48232609033584595,0.45402997732162476,0.45774024724960327,0.4437258541584015,0.44449377059936523,0.4410709738731384,0.3698234558105469,0.3363579511642456,0.39226484298706055,0.4338512420654297,0.2874249517917633,0.26761847734451294,0.32441192865371704,0.37404781579971313,0.7022844552993774,0.6023525595664978,0.4764869213104248,0.4100606143474579,0.4032071530818939,0.3587646782398224,0.2685301601886749,0.2019810527563095,0.14065273106098175,0.3715711534023285,0.26419031620025635,0.1881054788827896,0.11510723829269409,0.4125329852104187,0.3579333424568176,0.44526755809783936,0.5058732032775879,0.4735557436943054,0.41683229804039,0.46678775548934937,0.5140801668167114,kartarimukh,right,,,,,,,,,,,,,,,,,,,,,,,,,,,,,,,,,,,,,,,,,,,56
0.4776408076286316,0.5817292332649231,0.5955131649971008,0.46791163086891174,0.3451300263404846,0.5729504227638245,0.5327287316322327,0.5003031492233276,0.47032833099365234,0.4645950198173523,0.44721171259880066,0.44907495379447937,0.44298118352890015,0.36601752042770386,0.3173699378967285,0.3728598952293396,0.41293859481811523,0.27761244773864746,0.25961410999298096,0.3207744359970093,0.3721925616264343,0.6562976837158203,0.590591311454773,0.4890165627002716,0.4311012029647827,0.3990350067615509,0.3749816119670868,0.2725876569747925,0.20600871741771698,0.14999020099639893,0.38491979241371155,0.26317381858825684,0.1859491765499115,0.11636623740196228,0.41943052411079407,0.3636278510093689,0.4407152831554413,0.4916002154350281,0.46955108642578125,0.4203498959541321,0.4701932668685913,0.5110163688659668,kartarimukh,right,,,,,,,,,,,,,,,,,,,,,,,,,,,,,,,,,,,,,,,,,,,57
0.5066899061203003,0.6086388230323792,0.6224927306175232,0.49144551157951355,0.37892234325408936,0.5614439845085144,0.5183328986167908,0.4854241907596588,0.4596930742263794,0.46612903475761414,0.4448082149028778,0.4408440589904785,0.4364734888076782,0.3789648413658142,0.3341054916381836,0.38770592212677,0.4330095052719116,0.29585981369018555,0.26417917013168335,0.32068324089050293,0.37647122144699097,0.7098363041877747,0.5957514047622681,0.473552405834198,0.41579148173332214,0.412874311208725,0.36171531677246094,0.26467734575271606,0.19851121306419373,0.1390971541404724,0.3801285922527313,0.25878235697746277,0.17855632305145264,0.10839542746543884,0.4261125326156616,0.3604014813899994,0.4443938434123993,0.5059558153152466,0.4900457262992859,0.42610540986061096,0.47241365909576416,0.518711507320404,kartarimukh,right,,,,,,,,,,,,,,,,,,,,,,,,,,,,,,,,,,,,,,,,,,,58
0.48029541969299316,0.5911126732826233,0.599520742893219,0.4696977734565735,0.3458992838859558,0.5795928835868835,0.5427654981613159,0.5127958655357361,0.48738545179367065,0.4702887535095215,0.4445130228996277,0.4443385601043701,0.4363408088684082,0.3704485297203064,0.32054486870765686,0.3749973475933075,0.4123396575450897,0.2805217206478119,0.2688484191894531,0.3291933238506317,0.3746979236602783,0.657494306564331,0.5959060192108154,0.49388888478279114,0.43697863817214966,0.40789905190467834,0.3872413635253906,0.29074814915657043,0.23067353665828705,0.178920179605484,0.39419713616371155,0.26865679025650024,0.18959127366542816,0.11990278959274292,0.4263707995414734,0.3637225329875946,0.44002434611320496,0.48969265818595886,0.4747539460659027,0.42827358841896057,0.4805153012275696,0.5198389887809753,kartarimukh,right,,,,,,,,,,,,,,,,,,,,,,,,,,,,,,,,,,,,,,,,,,,59
0.5066899061203003,0.6086388230323792,0.6224927306175232,0.49144551157951355,0.37892234325408936,0.5614439845085144,0.5183328986167908,0.4854241907596588,0.4596930742263794,0.46612903475761414,0.4448082149028778,0.4408440589904785,0.4364734888076782,0.3789648413658142,0.3341054916381836,0.38770592212677,0.4330095052719116,0.29585981369018555,0.26417917013168335,0.32068324089050293,0.37647122144699097,0.7098363041877747,0.5957514047622681,0.473552405834198,0.41579148173332214,0.412874311208725,0.36171531677246094,0.26467734575271606,0.19851121306419373,0.1390971541404724,0.3801285922527313,0.25878235697746277,0.17855632305145264,0.10839542746543884,0.4261125326156616,0.3604014813899994,0.4443938434123993,0.5059558153152466,0.4900457262992859,0.42610540986061096,0.47241365909576416,0.518711507320404,kartarimukh,right,,,,,,,,,,,,,,,,,,,,,,,,,,,,,,,,,,,,,,,,,,,60
0.5066899061203003,0.6086388230323792,0.6224927306175232,0.49144551157951355,0.37892234325408936,0.5614439845085144,0.5183328986167908,0.4854241907596588,0.4596930742263794,0.46612903475761414,0.4448082149028778,0.4408440589904785,0.4364734888076782,0.3789648413658142,0.3341054916381836,0.38770592212677,0.4330095052719116,0.29585981369018555,0.26417917013168335,0.32068324089050293,0.37647122144699097,0.7098363041877747,0.5957514047622681,0.473552405834198,0.41579148173332214,0.412874311208725,0.36171531677246094,0.26467734575271606,0.19851121306419373,0.1390971541404724,0.3801285922527313,0.25878235697746277,0.17855632305145264,0.10839542746543884,0.4261125326156616,0.3604014813899994,0.4443938434123993,0.5059558153152466,0.4900457262992859,0.42610540986061096,0.47241365909576416,0.518711507320404,kartarimukh,right,,,,,,,,,,,,,,,,,,,,,,,,,,,,,,,,,,,,,,,,,,,61
0.7004967331886292,0.5967493057250977,0.47069066762924194,0.41906413435935974,0.4137117266654968,0.3650127649307251,0.26372194290161133,0.19320233166217804,0.13076816499233246,0.38056355714797974,0.25807246565818787,0.18309292197227478,0.1132066547870636,0.4223778545856476,0.3599776327610016,0.4509086608886719,0.5159148573875427,0.4832471013069153,0.41647279262542725,0.46633341908454895,0.5164973735809326,0.4926777482032776,0.39105695486068726,0.3779986500740051,0.5199571251869202,0.6338563561439514,0.45177945494651794,0.4863058924674988,0.5213346481323242,0.5535380244255066,0.5447797775268555,0.5511229038238525,0.5517744421958923,0.5569510459899902,0.6267400979995728,0.6568113565444946,0.6028861403465271,0.5648823380470276,0.7089104652404785,0.7398313283920288,0.6795727014541626,0.6251009106636047,kartarimukh,right,,,,,,,,,,,,,,,,,,,,,,,,,,,,,,,,,,,,,,,,,,,62
0.20840439200401306,0.32572367787361145,0.5138100981712341,0.619722843170166,0.6633911728858948,0.6999977231025696,0.8749786615371704,0.985680878162384,1.0721675157546997,0.6898638606071472,0.8849871158599854,0.9965212345123291,1.0838342905044556,0.6364012956619263,0.7516745328903198,0.6200839281082153,0.5250052213668823,0.5529565811157227,0.6294574737548828,0.5389299392700195,0.4627736806869507,0.4930129945278168,0.5522812008857727,0.5534364581108093,0.4827691912651062,0.41187769174575806,0.5497355461120605,0.5322770476341248,0.5180642008781433,0.5056792497634888,0.4880843758583069,0.47474953532218933,0.4682873487472534,0.45836547017097473,0.43109723925590515,0.4024772047996521,0.4270072281360626,0.44677823781967163,0.3807436227798462,0.36998748779296875,0.40054047107696533,0.4288190007209778,kartarimukh,right,,,,,,,,,,,,,,,,,,,,,,,,,,,,,,,,,,,,,,,,,,,63
0.7117896676063538,0.6083100438117981,0.48879915475845337,0.4332975745201111,0.4288558065891266,0.3803591728210449,0.28216975927352905,0.21854212880134583,0.16045129299163818,0.38860711455345154,0.2707742750644684,0.1950027197599411,0.12320418655872345,0.426653116941452,0.3676269054412842,0.4510573148727417,0.511773943901062,0.4860568642616272,0.4209940433502197,0.47006869316101074,0.5215052366256714,0.4929666817188263,0.3909130096435547,0.373659610748291,0.5083505511283875,0.6210611462593079,0.4303078055381775,0.4582517743110657,0.48644742369651794,0.5103180408477783,0.5287865996360779,0.544380784034729,0.5532529950141907,0.5621315836906433,0.6151877045631409,0.6496762633323669,0.6007977724075317,0.5626817345619202,0.6989331245422363,0.727993369102478,0.6708230972290039,0.6143340468406677,kartarimukh,right,,,,,,,,,,,,,,,,,,,,,,,,,,,,,,,,,,,,,,,,,,,64
0.5024275779724121,0.6028862595558167,0.6221929788589478,0.492254376411438,0.38194960355758667,0.5700465440750122,0.543135404586792,0.5172104239463806,0.4943515360355377,0.4740535318851471,0.45291492342948914,0.44141536951065063,0.4313772916793823,0.38905465602874756,0.34961244463920593,0.39404743909835815,0.4313265085220337,0.3072291612625122,0.2700172960758209,0.3227272629737854,0.3798776865005493,0.7171474695205688,0.6116758584976196,0.491361141204834,0.43057990074157715,0.42346739768981934,0.3804037272930145,0.283119797706604,0.22013258934020996,0.16299384832382202,0.3875391185283661,0.2650291621685028,0.18829801678657532,0.11673480272293091,0.4278028905391693,0.3650328516960144,0.44613397121429443,0.5024309158325195,0.4904947578907013,0.42494997382164,0.4725205898284912,0.5232077240943909,kartarimukh,right,,,,,,,,,,,,,,,,,,,,,,,,,,,,,,,,,,,,,,,,,,,65
0.5106370449066162,0.6269521713256836,0.644654393196106,0.517911434173584,0.3904415965080261,0.609727680683136,0.5967036485671997,0.5867486596107483,0.5746777057647705,0.5033751726150513,0.4744497239589691,0.47430241107940674,0.4695006012916565,0.40468549728393555,0.38471877574920654,0.39941591024398804,0.40488168597221375,0.3175565302371979,0.279396653175354,0.2608587443828583,0.241180419921875,0.6832724809646606,0.6240915656089783,0.5201308727264404,0.4575785994529724,0.4431759715080261,0.39582788944244385,0.28034934401512146,0.21728351712226868,0.16409291326999664,0.3920629918575287,0.26734405755996704,0.1870386004447937,0.12296947836875916,0.4128614068031311,0.30998045206069946,0.3746091425418854,0.42736709117889404,0.4503501057624817,0.3752254843711853,0.32952776551246643,0.2760254740715027,mayur,right,,,,,,,,,,,,,,,,,,,,,,,,,,,,,,,,,,,,,,,,,,,66
0.5375257730484009,0.6444910168647766,0.6561740040779114,0.5479504466056824,0.448853462934494,0.592780590057373,0.5858114957809448,0.5671889185905457,0.5536263585090637,0.49720731377601624,0.4760829210281372,0.4696601331233978,0.4746606945991516,0.4092891812324524,0.3860015869140625,0.4061644971370697,0.4270992577075958,0.3191050589084625,0.27563387155532837,0.25404617190361023,0.24479228258132935,0.731108546257019,0.6041662693023682,0.49699604511260986,0.42784446477890015,0.4170224666595459,0.38263583183288574,0.2610934376716614,0.1994445025920868,0.15920408070087433,0.39154282212257385,0.2560599744319916,0.17306217551231384,0.12291288375854492,0.4280555844306946,0.32050397992134094,0.3355066776275635,0.3812867999076843,0.4802325367927551,0.3875259459018707,0.328981876373291,0.28587353229522705,mayur,right,,,,,,,,,,,,,,,,,,,,,,,,,,,,,,,,,,,,,,,,,,,67
0.7286186218261719,0.5998080968856812,0.4995368719100952,0.4334298074245453,0.4154835045337677,0.37569841742515564,0.2536817491054535,0.198027104139328,0.15922120213508606,0.38515615463256836,0.2390085756778717,0.16779804229736328,0.12418164312839508,0.42246854305267334,0.3174295723438263,0.35576704144477844,0.40737485885620117,0.4736681580543518,0.3856956660747528,0.3335494101047516,0.288316011428833,0.46244460344314575,0.3540577292442322,0.3383452594280243,0.4406290650367737,0.5423691272735596,0.4033508002758026,0.4150368571281433,0.4333121180534363,0.44763192534446716,0.5012733340263367,0.5300827622413635,0.5333305597305298,0.522881269454956,0.5888367891311646,0.6086264848709106,0.5887386202812195,0.5660684704780579,0.6786713004112244,0.7230989933013916,0.7461702823638916,0.7551875114440918,mayur,right,,,,,,,,,,,,,,,,,,,,,,,,,,,,,,,,,,,,,,,,,,,68
0.5106370449066162,0.6269521713256836,0.644654393196106,0.517911434173584,0.3904415965080261,0.609727680683136,0.5967036485671997,0.5867486596107483,0.5746777057647705,0.5033751726150513,0.4744497239589691,0.47430241107940674,0.4695006012916565,0.40468549728393555,0.38471877574920654,0.39941591024398804,0.40488168597221375,0.3175565302371979,0.279396653175354,0.2608587443828583,0.241180419921875,0.6832724809646606,0.6240915656089783,0.5201308727264404,0.4575785994529724,0.4431759715080261,0.39582788944244385,0.28034934401512146,0.21728351712226868,0.16409291326999664,0.3920629918575287,0.26734405755996704,0.1870386004447937,0.12296947836875916,0.4128614068031311,0.30998045206069946,0.3746091425418854,0.42736709117889404,0.4503501057624817,0.3752254843711853,0.32952776551246643,0.2760254740715027,mayur,right,,,,,,,,,,,,,,,,,,,,,,,,,,,,,,,,,,,,,,,,,,,69
0.7294853925704956,0.6005170941352844,0.5006681084632874,0.43492835760116577,0.41699016094207764,0.376770943403244,0.2570374608039856,0.2016105055809021,0.15848498046398163,0.3863489627838135,0.24175697565078735,0.16972243785858154,0.12050969898700714,0.42344558238983154,0.31562742590904236,0.3497929573059082,0.3952276110649109,0.4763100743293762,0.38939258456230164,0.3351699411869049,0.2857348322868347,0.4581313133239746,0.3515491485595703,0.3356423079967499,0.4416675865650177,0.5440133810043335,0.40219005942344666,0.41502121090888977,0.4318578839302063,0.44640564918518066,0.5007588267326355,0.5299855470657349,0.5341021418571472,0.5252810120582581,0.5886417627334595,0.6108591556549072,0.5908550024032593,0.5673538446426392,0.6780956983566284,0.7215567827224731,0.7486264705657959,0.7621894478797913,mayur,right,,,,,,,,,,,,,,,,,,,,,,,,,,,,,,,,,,,,,,,,,,,70
0.5096868276596069,0.6252846717834473,0.6510294675827026,0.5233691334724426,0.398620069026947,0.6095682382583618,0.5954064726829529,0.5839726328849792,0.5706139802932739,0.501741349697113,0.4745997190475464,0.47492745518684387,0.4700622856616974,0.4051094353199005,0.3802916705608368,0.3962649703025818,0.4044039845466614,0.31707027554512024,0.27649039030075073,0.2550506889820099,0.23516836762428284,0.6828050017356873,0.6241642236709595,0.5244354605674744,0.4616486132144928,0.44069138169288635,0.39190980792045593,0.27526044845581055,0.21141277253627777,0.1584848314523697,0.38888826966285706,0.2626432776451111,0.1839718222618103,0.11961477994918823,0.4112774133682251,0.30972224473953247,0.3757797181606293,0.4283784031867981,0.4507301449775696,0.3753199279308319,0.32994210720062256,0.27471891045570374,mayur,right,,,,,,,,,,,,,,,,,,,,,,,,,,,,,,,,,,,,,,,,,,,71
0.5401570200920105,0.6473324298858643,0.6646873354911804,0.568556547164917,0.4755736291408539,0.5947214365005493,0.5871707201004028,0.5677483677864075,0.5531919598579407,0.49865981936454773,0.4758493900299072,0.468814492225647,0.47370660305023193,0.40996113419532776,0.3853839337825775,0.40637075901031494,0.42902320623397827,0.31814491748809814,0.27403342723846436,0.25154024362564087,0.2412112057209015,0.7293912768363953,0.6027039289474487,0.4995911717414856,0.4273325204849243,0.4076446294784546,0.38296419382095337,0.26129549741744995,0.19798454642295837,0.16000090539455414,0.39168545603752136,0.2543387711048126,0.16989125311374664,0.12104330956935883,0.4271244704723358,0.32368531823158264,0.3339593708515167,0.3748064339160919,0.47770851850509644,0.38448596000671387,0.326301634311676,0.2829572856426239,mayur,right,,,,,,,,,,,,,,,,,,,,,,,,,,,,,,,,,,,,,,,,,,,72
0.175126850605011,0.2880553901195526,0.4590206444263458,0.5681812167167664,0.6126229763031006,0.6946965456008911,0.9055840373039246,1.032251000404358,1.1256204843521118,0.6943808197975159,0.8998898267745972,0.8493273258209229,0.7882753014564514,0.6545228362083435,0.8406810760498047,0.7357561588287354,0.639848530292511,0.5858982801437378,0.7302965521812439,0.8151367902755737,0.8987884521484375,0.5085023045539856,0.5703742504119873,0.5798965692520142,0.5143410563468933,0.4463387727737427,0.569333553314209,0.5586028695106506,0.5508843064308167,0.5425318479537964,0.5039091110229492,0.4839732050895691,0.48437759280204773,0.48879945278167725,0.44786420464515686,0.4343470633029938,0.4403415322303772,0.4458563029766083,0.398237943649292,0.3701481223106384,0.3582612872123718,0.3523566722869873,mayur,right,,,,,,,,,,,,,,,,,,,,,,,,,,,,,,,,,,,,,,,,,,,73
0.8244169354438782,0.7198684811592102,0.5443539619445801,0.4297078549861908,0.38858896493911743,0.3153233528137207,0.095700204372406,-0.032246142625808716,-0.12624099850654602,0.3057236969470978,0.07353568077087402,-0.04434192180633545,-0.1438928246498108,0.3401550054550171,0.14322924613952637,0.2623680830001831,0.36194920539855957,0.40979039669036865,0.27925121784210205,0.19203434884548187,0.09697000682353973,0.44967231154441833,0.38530856370925903,0.37178242206573486,0.43555161356925964,0.5074955224990845,0.3885011076927185,0.39576324820518494,0.40168896317481995,0.4102911353111267,0.4507686495780945,0.46722814440727234,0.4705086946487427,0.470901221036911,0.5039867162704468,0.5139267444610596,0.507213294506073,0.5033626556396484,0.5523789525032043,0.5816246271133423,0.5954996347427368,0.6062108874320984,mayur,right,,,,,,,,,,,,,,,,,,,,,,,,,,,,,,,,,,,,,,,,,,,74
0.59371018409729,0.7163001298904419,0.7431382536888123,0.6203535199165344,0.48757505416870117,0.6953742504119873,0.6836287379264832,0.6657847166061401,0.6450027227401733,0.5859009623527527,0.5635796189308167,0.561078667640686,0.556483268737793,0.4930175840854645,0.478599488735199,0.49957001209259033,0.5098453760147095,0.4046229422092438,0.3527374863624573,0.3264179229736328,0.30321356654167175,0.6858513951301575,0.6248184442520142,0.5243547558784485,0.4618465304374695,0.4411635398864746,0.40054851770401,0.28336280584335327,0.22092017531394958,0.17001862823963165,0.3952217698097229,0.26998186111450195,0.19521647691726685,0.12989899516105652,0.4139534831047058,0.3055725395679474,0.3705366551876068,0.4240783452987671,0.4532511234283447,0.3783949911594391,0.3290901184082031,0.2735525667667389,mayur,right,,,,,,,,,,,,,,,,,,,,,,,,,,,,,,,,,,,,,,,,,,,75
0.9122843742370605,0.8270258903503418,0.6736388206481934,0.5467653274536133,0.44654369354248047,0.46208035945892334,0.27598142623901367,0.17125561833381653,0.08251768350601196,0.4596234858036041,0.25127071142196655,0.13565069437026978,0.04414829611778259,0.4967955946922302,0.29604578018188477,0.1718062460422516,0.0708710253238678,0.5639260411262512,0.4069737195968628,0.3093531131744385,0.22635911405086517,0.5278798341751099,0.4150257706642151,0.344926118850708,0.3192703127861023,0.33492571115493774,0.4090856611728668,0.4220341444015503,0.43304967880249023,0.4433039128780365,0.4848206341266632,0.5035033822059631,0.5113648176193237,0.5168718695640564,0.5542093515396118,0.5776763558387756,0.5818935632705688,0.5803149342536926,0.6184628009796143,0.6388083696365356,0.6415178775787354,0.6364070177078247,pataka,right,,,,,,,,,,,,,,,,,,,,,,,,,,,,,,,,,,,,,,,,,,,76
0.4950152635574341,0.6488335132598877,0.7422685623168945,0.7783177495002747,0.7424868941307068,0.6311098337173462,0.6102738976478577,0.5909937620162964,0.5713527798652649,0.5186947584152222,0.4942101836204529,0.48068079352378845,0.4699957072734833,0.4152880609035492,0.38420969247817993,0.3774622976779938,0.37589678168296814,0.32118141651153564,0.29346567392349243,0.28973573446273804,0.2941773533821106,0.7765216827392578,0.7106096148490906,0.6101977229118347,0.526099443435669,0.4652162492275238,0.46663376688957214,0.3321555256843567,0.24894164502620697,0.1764776110649109,0.4673093557357788,0.31851014494895935,0.22367960214614868,0.14615419507026672,0.49674734473228455,0.36079511046409607,0.2736186385154724,0.20106223225593567,0.5480242967605591,0.4456454813480377,0.380147784948349,0.32212552428245544,pataka,right,,,,,,,,,,,,,,,,,,,,,,,,,,,,,,,,,,,,,,,,,,,77
0.6672556400299072,0.6614535450935364,0.6670418977737427,0.681456446647644,0.6934840679168701,0.6626996994018555,0.668034553527832,0.67277991771698,0.6759892106056213,0.6743401885032654,0.6853311657905579,0.6898295879364014,0.6891064643859863,0.6844644546508789,0.6945039629936218,0.6970127820968628,0.695060133934021,0.6923465728759766,0.7003121972084045,0.7022929787635803,0.7000896334648132,0.7171826958656311,0.7202879786491394,0.7251445055007935,0.7212947010993958,0.7160629630088806,0.7647514939308167,0.7810302972793579,0.7924189567565918,0.8014118075370789,0.7691273093223572,0.7729635834693909,0.7535433173179626,0.736637532711029,0.7670449018478394,0.7676801085472107,0.7474464774131775,0.7322580814361572,0.7603613138198853,0.7591766715049744,0.7441814541816711,0.7315636277198792,chatur,right,,,,,,,,,,,,,,,,,,,,,,,,,,,,,,,,,,,,,,,,,,,78
0.3571048378944397,0.3721666634082794,0.3822610378265381,0.3847357928752899,0.38315701484680176,0.3839970827102661,0.390750914812088,0.39531245827674866,0.398529589176178,0.37127912044525146,0.3687511384487152,0.3681901693344116,0.3684467077255249,0.3579864203929901,0.3543490171432495,0.35541531443595886,0.35709089040756226,0.34572675824165344,0.3442823886871338,0.34585535526275635,0.3473854959011078,0.5361979007720947,0.5552042722702026,0.586292028427124,0.616569995880127,0.639339804649353,0.5867725610733032,0.613736093044281,0.6339190006256104,0.6488427519798279,0.5902959704399109,0.6387553215026855,0.6352777481079102,0.6211966872215271,0.5906539559364319,0.6343321204185486,0.6254090070724487,0.6096165180206299,0.5882629752159119,0.6212268471717834,0.6132915616035461,0.5994652509689331,kapitth,right,,,,,,,,,,,,,,,,,,,,,,,,,,,,,,,,,,,,,,,,,,,79
0.5171638131141663,0.5232856273651123,0.531732439994812,0.5373637676239014,0.5409892201423645,0.5541030168533325,0.5695098042488098,0.5799888372421265,0.5880111455917358,0.55656498670578,0.5689741969108582,0.5637407898902893,0.5565027594566345,0.5552197694778442,0.5622941255569458,0.5573751330375671,0.5508685111999512,0.5517836213111877,0.5566017627716064,0.5522205233573914,0.5469877123832703,0.6208692193031311,0.5934441685676575,0.5744730234146118,0.5628336071968079,0.556573748588562,0.5823277235031128,0.5742691159248352,0.5707700252532959,0.5682768225669861,0.6032900214195251,0.6066424250602722,0.6081011891365051,0.6083645224571228,0.6243073344230652,0.6265511512756348,0.6269850730895996,0.6268965601921082,0.6440005898475647,0.6454070806503296,0.6449350118637085,0.6451516151428223,chandrakala,right,,,,,,,,,,,,,,,,,,,,,,,,,,,,,,,,,,,,,,,,,,,80
0.6672556400299072,0.6614535450935364,0.6670418977737427,0.681456446647644,0.6934840679168701,0.6626996994018555,0.668034553527832,0.67277991771698,0.6759892106056213,0.6743401885032654,0.6853311657905579,0.6898295879364014,0.6891064643859863,0.6844644546508789,0.6945039629936218,0.6970127820968628,0.695060133934021,0.6923465728759766,0.7003121972084045,0.7022929787635803,0.7000896334648132,0.7171826958656311,0.7202879786491394,0.7251445055007935,0.7212947010993958,0.7160629630088806,0.7647514939308167,0.7810302972793579,0.7924189567565918,0.8014118075370789,0.7691273093223572,0.7729635834693909,0.7535433173179626,0.736637532711029,0.7670449018478394,0.7676801085472107,0.7474464774131775,0.7322580814361572,0.7603613138198853,0.7591766715049744,0.7441814541816711,0.7315636277198792,chatur,right,,,,,,,,,,,,,,,,,,,,,,,,,,,,,,,,,,,,,,,,,,,81
0.5220927596092224,0.5316059589385986,0.5475264191627502,0.5630522966384888,0.5747649073600769,0.5461898446083069,0.5624632239341736,0.5726930499076843,0.579766035079956,0.5491020679473877,0.5756620168685913,0.5767639875411987,0.571632981300354,0.5506815910339355,0.5743773579597473,0.5721372961997986,0.5654863119125366,0.550946056842804,0.5677257776260376,0.5644605159759521,0.5575351715087891,0.7556064128875732,0.7262439727783203,0.7072257995605469,0.7028658986091614,0.7042481899261475,0.7116187810897827,0.7034419775009155,0.7027415633201599,0.7057297825813293,0.7356347441673279,0.7346084117889404,0.7312358617782593,0.7309563755989075,0.7581323981285095,0.7567079663276672,0.7515501976013184,0.7507230043411255,0.7773866653442383,0.7736078500747681,0.7686126232147217,0.76801997423172,kapitth,right,,,,,,,,,,,,,,,,,,,,,,,,,,,,,,,,,,,,,,,,,,,82
0.43311557173728943,0.44825178384780884,0.45915892720222473,0.4658280909061432,0.46961984038352966,0.45338067412376404,0.45772093534469604,0.4596567451953888,0.4611334204673767,0.44206348061561584,0.44079071283340454,0.4403294026851654,0.44051700830459595,0.4305925965309143,0.42952558398246765,0.4296252429485321,0.4299074113368988,0.4198107421398163,0.4192104637622833,0.4200039207935333,0.4202873110771179,0.5313916206359863,0.5418720245361328,0.5563543438911438,0.5657128691673279,0.5723781585693359,0.595695436000824,0.6226097941398621,0.6407871246337891,0.6544539928436279,0.5996821522712708,0.62004554271698,0.610325038433075,0.5977399349212646,0.5970726013183594,0.6109223961830139,0.6023401021957397,0.5910485982894897,0.590620219707489,0.5998770594596863,0.5925779938697815,0.5839571356773376,chandrakala,right,,,,,,,,,,,,,,,,,,,,,,,,,,,,,,,,,,,,,,,,,,,83
0.6237061619758606,0.6599944829940796,0.6605863571166992,0.5990726351737976,0.5350255966186523,0.6590896248817444,0.6325849294662476,0.6046919822692871,0.5836384296417236,0.6046983003616333,0.5681420564651489,0.5788007378578186,0.6047858595848083,0.5561141967773438,0.514106035232544,0.5346747636795044,0.5621024370193481,0.5200368762016296,0.48197177052497864,0.5050904154777527,0.5364915132522583,0.74449622631073,0.7284283638000488,0.6646976470947266,0.621507465839386,0.5888173580169678,0.47165200114250183,0.3283272087574005,0.24756398797035217,0.17816433310508728,0.48687154054641724,0.4506533741950989,0.5571317076683044,0.5856204628944397,0.5191421508789062,0.48750680685043335,0.5786553621292114,0.5958022475242615,0.5623878836631775,0.5432181358337402,0.6004721522331238,0.6176673173904419,soochi,right,,,,,,,,,,,,,,,,,,,,,,,,,,,,,,,,,,,,,,,,,,,84
0.29309797286987305,0.31999289989471436,0.3748214840888977,0.41056978702545166,0.43229371309280396,0.5291699171066284,0.6357852816581726,0.7014306783676147,0.7565590143203735,0.5089651942253113,0.5422442555427551,0.45675402879714966,0.4307333827018738,0.48232370615005493,0.5152701735496521,0.4410235285758972,0.42083248496055603,0.44498181343078613,0.47167760133743286,0.4263441264629364,0.40589436888694763,0.6540129780769348,0.7030341625213623,0.7150627374649048,0.6365016102790833,0.5516946911811829,0.6931376457214355,0.6670827269554138,0.6347306966781616,0.608699381351471,0.6255236268043518,0.5920974612236023,0.6037958860397339,0.6327836513519287,0.5673840641975403,0.5236756801605225,0.549879252910614,0.5857438445091248,0.520143985748291,0.47976285219192505,0.5128957629203796,0.5513936281204224,soochi,right,,,,,,,,,,,,,,,,,,,,,,,,,,,,,,,,,,,,,,,,,,,85
0.7645451426506042,0.7209559679031372,0.646206259727478,0.5860432386398315,0.5485066771507263,0.5358593463897705,0.439808189868927,0.38230112195014954,0.3305858373641968,0.5531875491142273,0.5501320958137512,0.6148040294647217,0.6375570893287659,0.5890015363693237,0.5880011320114136,0.6434423923492432,0.6613510847091675,0.6258118152618408,0.6138859987258911,0.6564280986785889,0.6781860589981079,0.5377243161201477,0.4507268965244293,0.38057661056518555,0.31290203332901,0.2540213465690613,0.49988970160484314,0.5337793827056885,0.5604135394096375,0.5819498896598816,0.5626379251480103,0.6031816601753235,0.5746482014656067,0.5414755344390869,0.617981493473053,0.6590109467506409,0.6174854040145874,0.5723862648010254,0.6620559692382812,0.703242838382721,0.6671712398529053,0.6258134841918945,chandrakala,right,,,,,,,,,,,,,,,,,,,,,,,,,,,,,,,,,,,,,,,,,,,86
0.5300621390342712,0.46036002039909363,0.404155433177948,0.3490614891052246,0.3019369840621948,0.49753764271736145,0.5281418561935425,0.5500861406326294,0.5676002502441406,0.5494755506515503,0.5844083428382874,0.5622363686561584,0.5356711149215698,0.5935383439064026,0.627758264541626,0.5948012471199036,0.5584327578544617,0.629023551940918,0.6625159382820129,0.6346539258956909,0.6011223793029785,0.17657873034477234,0.2265140414237976,0.3223666548728943,0.3916962444782257,0.4361158013343811,0.4587950110435486,0.5807508826255798,0.6521705985069275,0.7144426107406616,0.43373721837997437,0.43982401490211487,0.3626701831817627,0.3295370638370514,0.38736969232559204,0.3886767625808716,0.3222310245037079,0.29390662908554077,0.3398447632789612,0.3604137897491455,0.3096422553062439,0.27874499559402466,chandrakala,right,,,,,,,,,,,,,,,,,,,,,,,,,,,,,,,,,,,,,,,,,,,87
0.6172468662261963,0.5978769063949585,0.5529080033302307,0.5135193467140198,0.4803704619407654,0.42641663551330566,0.338567316532135,0.28636664152145386,0.23792625963687897,0.43199262022972107,0.3670271039009094,0.31876152753829956,0.2653743326663971,0.45284703373908997,0.4415934681892395,0.4732290208339691,0.485043466091156,0.478473037481308,0.4506339430809021,0.4493376612663269,0.44611895084381104,0.7590936422348022,0.7207441926002502,0.6486795544624329,0.5634793639183044,0.5006985068321228,0.7166861295700073,0.6819173097610474,0.6555915474891663,0.6335543394088745,0.670872688293457,0.6323071718215942,0.6073963642120361,0.5846836566925049,0.6281974911689758,0.5434852242469788,0.500109851360321,0.46877390146255493,0.5934568643569946,0.5113494992256165,0.4586191773414612,0.42022454738616943,singhamukh,right,,,,,,,,,,,,,,,,,,,,,,,,,,,,,,,,,,,,,,,,,,,88
0.27672243118286133,0.34703949093818665,0.4106545150279999,0.4674457013607025,0.5107995271682739,0.39002707600593567,0.45819607377052307,0.5045179724693298,0.541582465171814,0.3714502453804016,0.3973531424999237,0.40783199667930603,0.41633710265159607,0.34928685426712036,0.3801444470882416,0.41377416253089905,0.4430248737335205,0.32519298791885376,0.34905949234962463,0.36920440196990967,0.3886334300041199,0.6235975623130798,0.612024188041687,0.5626983046531677,0.5149351954460144,0.47419753670692444,0.45215579867362976,0.42309218645095825,0.41874194145202637,0.4073861539363861,0.4242885112762451,0.32803958654403687,0.26318225264549255,0.19613665342330933,0.4140816926956177,0.3360026180744171,0.2935042381286621,0.24630145728588104,0.41606268286705017,0.3420839309692383,0.2960112690925598,0.24683913588523865,singhamukh,right,,,,,,,,,,,,,,,,,,,,,,,,,,,,,,,,,,,,,,,,,,,89
0.395757257938385,0.40053075551986694,0.40732815861701965,0.41312435269355774,0.4171343445777893,0.4239978790283203,0.4329337775707245,0.435259073972702,0.4380837678909302,0.42605265974998474,0.4340101480484009,0.4359528422355652,0.4380035996437073,0.42662569880485535,0.4329129457473755,0.4325680136680603,0.43189623951911926,0.426105260848999,0.43245407938957214,0.43398961424827576,0.4343335032463074,0.5896322131156921,0.5675638318061829,0.5418752431869507,0.5182512402534485,0.4985336661338806,0.5690361261367798,0.5507694482803345,0.5370016098022461,0.5270046591758728,0.572799563407898,0.5495408773422241,0.5364358425140381,0.527836263179779,0.5745674967765808,0.551567018032074,0.541819155216217,0.5369277000427246,0.5755926370620728,0.55784010887146,0.5481561422348022,0.5413938164710999,mrigasheesh,right,,,,,,,,,,,,,,,,,,,,,,,,,,,,,,,,,,,,,,,,,,,90
0.5185124278068542,0.5281194448471069,0.5440356731414795,0.5602717399597168,0.5722455382347107,0.5479438304901123,0.5660218000411987,0.5743453502655029,0.578770101070404,0.5495009422302246,0.5715805888175964,0.5752218961715698,0.5738567113876343,0.5496430993080139,0.5705516338348389,0.5720025300979614,0.5691733956336975,0.5491304397583008,0.5648075342178345,0.5649613738059998,0.561215341091156,0.7749505043029785,0.7434610724449158,0.7264041900634766,0.7275247573852539,0.7346549034118652,0.7447359561920166,0.743399441242218,0.7392957210540771,0.7378212809562683,0.7675187587738037,0.7662976980209351,0.7587999105453491,0.7554879188537598,0.7855602502822876,0.7849070429801941,0.7760481834411621,0.7715702652931213,0.7988213300704956,0.7967519760131836,0.7901643514633179,0.7867862582206726,kapitth,right,,,,,,,,,,,,,,,,,,,,,,,,,,,,,,,,,,,,,,,,,,,91
0.5336384773254395,0.5375704765319824,0.5356727838516235,0.5378592014312744,0.5385775566101074,0.5113843679428101,0.4998982846736908,0.492640882730484,0.4859980344772339,0.5098841190338135,0.49789708852767944,0.49027004837989807,0.48282694816589355,0.5113307237625122,0.5000680685043335,0.49267053604125977,0.48561662435531616,0.5155244469642639,0.506750762462616,0.5001814961433411,0.49398747086524963,0.5630104541778564,0.5338277816772461,0.5114476680755615,0.49550437927246094,0.4834519624710083,0.506759762763977,0.4926808476448059,0.48250144720077515,0.47446826100349426,0.5102721452713013,0.49647074937820435,0.4850028157234192,0.47431913018226624,0.5140277743339539,0.4993182420730591,0.4888015687465668,0.48022350668907166,0.5178665518760681,0.5056726932525635,0.49666139483451843,0.48958954215049744,bhramara,right,,,,,,,,,,,,,,,,,,,,,,,,,,,,,,,,,,,,,,,,,,,92
0.5185124278068542,0.5281194448471069,0.5440356731414795,0.5602717399597168,0.5722455382347107,0.5479438304901123,0.5660218000411987,0.5743453502655029,0.578770101070404,0.5495009422302246,0.5715805888175964,0.5752218961715698,0.5738567113876343,0.5496430993080139,0.5705516338348389,0.5720025300979614,0.5691733956336975,0.5491304397583008,0.5648075342178345,0.5649613738059998,0.561215341091156,0.7749505043029785,0.7434610724449158,0.7264041900634766,0.7275247573852539,0.7346549034118652,0.7447359561920166,0.743399441242218,0.7392957210540771,0.7378212809562683,0.7675187587738037,0.7662976980209351,0.7587999105453491,0.7554879188537598,0.7855602502822876,0.7849070429801941,0.7760481834411621,0.7715702652931213,0.7988213300704956,0.7967519760131836,0.7901643514633179,0.7867862582206726,kapitth,right,,,,,,,,,,,,,,,,,,,,,,,,,,,,,,,,,,,,,,,,,,,93
0.4500695765018463,0.46561017632484436,0.48660656809806824,0.5038963556289673,0.5162972807884216,0.48202770948410034,0.491983026266098,0.49527809023857117,0.4961976110935211,0.4745536744594574,0.4853084683418274,0.4897727966308594,0.49230730533599854,0.466488242149353,0.4738805592060089,0.47303009033203125,0.47183820605278015,0.4587358832359314,0.4658879041671753,0.46854931116104126,0.47064298391342163,0.3153401017189026,0.32684385776519775,0.3449286222457886,0.35785111784935,0.36521095037460327,0.36096978187561035,0.3877873420715332,0.4082494080066681,0.4252176880836487,0.36791136860847473,0.3869580328464508,0.40152308344841003,0.4140124022960663,0.37045758962631226,0.38343873620033264,0.38479411602020264,0.38276737928390503,0.3693139851093292,0.38113945722579956,0.38419196009635925,0.3834505081176758,mrigasheesh,right,,,,,,,,,,,,,,,,,,,,,,,,,,,,,,,,,,,,,,,,,,,94
0.47799941897392273,0.49493408203125,0.5084640383720398,0.515316903591156,0.5175439119338989,0.520236074924469,0.5252109169960022,0.5195057392120361,0.5146266222000122,0.5180321931838989,0.5234073400497437,0.5182125568389893,0.5133060812950134,0.5134498476982117,0.520166277885437,0.5154818892478943,0.5105529427528381,0.5076073408126831,0.5138189792633057,0.5101997256278992,0.5055115818977356,0.6489099264144897,0.6403722763061523,0.6469963788986206,0.6637755036354065,0.6788675785064697,0.6528915762901306,0.6743302941322327,0.6760108470916748,0.6717430353164673,0.6701672077178955,0.6873044371604919,0.6865636110305786,0.6812244653701782,0.6864907741546631,0.7000696659088135,0.6976761221885681,0.6907845735549927,0.701768159866333,0.7105376124382019,0.7068154811859131,0.7007240653038025,mushti,right,,,,,,,,,,,,,,,,,,,,,,,,,,,,,,,,,,,,,,,,,,,95
0.3924586772918701,0.4050612151622772,0.41363951563835144,0.4212820827960968,0.4263746738433838,0.3939027786254883,0.3932463228702545,0.39072534441947937,0.3873591423034668,0.39211058616638184,0.39743125438690186,0.4001775085926056,0.40223488211631775,0.3925449550151825,0.4011330008506775,0.4077443778514862,0.41293781995773315,0.3955713212490082,0.3994523882865906,0.40454262495040894,0.4096098840236664,0.7389787435531616,0.7102987170219421,0.686577558517456,0.6719449162483215,0.6601458191871643,0.6626590490341187,0.6316736936569214,0.6109675765037537,0.5931490659713745,0.6678162813186646,0.631583571434021,0.6060925126075745,0.5853795409202576,0.6791650652885437,0.649232029914856,0.6435571312904358,0.6406438946723938,0.693629264831543,0.6754554510116577,0.6705296039581299,0.6686947345733643,kartarimukh,right,,,,,,,,,,,,,,,,,,,,,,,,,,,,,,,,,,,,,,,,,,,96
,,,,,,,,,,,,,,,,,,,,,,,,,,,,,,,,,,,,,,,,,,bhramara,left,0.2922809422016144,0.2756979465484619,0.2598216235637665,0.2541023790836334,0.25524696707725525,0.24702244997024536,0.24359911680221558,0.2459699958562851,0.24846409261226654,0.25609713792800903,0.24733266234397888,0.24377822875976562,0.2408088743686676,0.2665521502494812,0.26412174105644226,0.2657652199268341,0.26690277457237244,0.27810585498809814,0.27587300539016724,0.276018351316452,0.2754477560520172,0.5575262904167175,0.5751724243164062,0.5748708844184875,0.5603113174438477,0.5414732098579407,0.5321446657180786,0.5119852423667908,0.49648943543434143,0.47860056161880493,0.517335832118988,0.4925062656402588,0.47274306416511536,0.4515821933746338,0.51189124584198,0.5168125033378601,0.5345115065574646,0.5436663031578064,0.5122050642967224,0.5240097641944885,0.536195695400238,0.5413850545883179,97
0.6325047016143799,0.6232143044471741,0.6196286678314209,0.6194794178009033,0.6187190413475037,0.6307492256164551,0.6253984570503235,0.6227518916130066,0.6238158345222473,0.6357507109642029,0.6302433609962463,0.6266400814056396,0.6256865859031677,0.6386669278144836,0.6325185894966125,0.6287047266960144,0.6274440884590149,0.6392924785614014,0.6341280937194824,0.6300490498542786,0.6285901069641113,0.7022302746772766,0.6751673817634583,0.644530713558197,0.6204387545585632,0.6050773859024048,0.6330225467681885,0.6090315580368042,0.6190094947814941,0.6294588446617126,0.6375135779380798,0.6090139150619507,0.617703914642334,0.6305444836616516,0.644101083278656,0.6150447130203247,0.6229367852210999,0.6352311968803406,0.6525071263313293,0.6299689412117004,0.6310469508171082,0.6375072598457336,chandrakala,right,,,,,,,,,,,,,,,,,,,,,,,,,,,,,,,,,,,,,,,,,,,98
0.5671910047531128,0.5535422563552856,0.544730544090271,0.5414533615112305,0.5415584444999695,0.5321400761604309,0.5288790464401245,0.5306134223937988,0.5325974822044373,0.53903728723526,0.5356979966163635,0.5366955995559692,0.5376247763633728,0.5497029423713684,0.5452364683151245,0.5437881946563721,0.5411802530288696,0.5634146332740784,0.5604864954948425,0.5562323927879333,0.5516061782836914,0.6211700439453125,0.5801070928573608,0.5408415198326111,0.5108564496040344,0.4858750104904175,0.5501600503921509,0.5106035470962524,0.4902119040489197,0.4763982892036438,0.557147204875946,0.5127673745155334,0.4866623878479004,0.4670823812484741,0.5651335716247559,0.5249428153038025,0.5029467940330505,0.4858788251876831,0.5726239085197449,0.5506454110145569,0.5392442941665649,0.5315981507301331,chatur,right,,,,,,,,,,,,,,,,,,,,,,,,,,,,,,,,,,,,,,,,,,,99
,,,,,,,,,,,,,,,,,,,,,,,,,,,,,,,,,,,,,,,,,,bhramara,left,0.2922809422016144,0.2756979465484619,0.2598216235637665,0.2541023790836334,0.25524696707725525,0.24702244997024536,0.24359911680221558,0.2459699958562851,0.24846409261226654,0.25609713792800903,0.24733266234397888,0.24377822875976562,0.2408088743686676,0.2665521502494812,0.26412174105644226,0.2657652199268341,0.26690277457237244,0.27810585498809814,0.27587300539016724,0.276018351316452,0.2754477560520172,0.5575262904167175,0.5751724243164062,0.5748708844184875,0.5603113174438477,0.5414732098579407,0.5321446657180786,0.5119852423667908,0.49648943543434143,0.47860056161880493,0.517335832118988,0.4925062656402588,0.47274306416511536,0.4515821933746338,0.51189124584198,0.5168125033378601,0.5345115065574646,0.5436663031578064,0.5122050642967224,0.5240097641944885,0.536195695400238,0.5413850545883179,100
0.3615299463272095,0.3793988525867462,0.39455997943878174,0.40336939692497253,0.4096740186214447,0.4099271297454834,0.4266490936279297,0.4375564754009247,0.44759663939476013,0.40760189294815063,0.42823201417922974,0.44094225764274597,0.45127519965171814,0.40229856967926025,0.4198223948478699,0.4223534166812897,0.42317232489585876,0.39571502804756165,0.4070194959640503,0.4072670638561249,0.40554216504096985,0.30579617619514465,0.3288780748844147,0.34398698806762695,0.35984066128730774,0.3672810196876526,0.30411025881767273,0.3059592545032501,0.30442366003990173,0.2998984456062317,0.3035285472869873,0.3184705376625061,0.3255830705165863,0.33039596676826477,0.30766695737838745,0.32561901211738586,0.3360847532749176,0.34427064657211304,0.31731995940208435,0.32973623275756836,0.33949533104896545,0.3475198447704315,kartarimukh,right,,,,,,,,,,,,,,,,,,,,,,,,,,,,,,,,,,,,,,,,,,,101
,,,,,,,,,,,,,,,,,,,,,,,,,,,,,,,,,,,,,,,,,,bhramara,left,0.5916609168052673,0.5751816034317017,0.5676310062408447,0.5596463680267334,0.5500138401985168,0.5905333757400513,0.5773259997367859,0.5688524842262268,0.5615801811218262,0.5912758111953735,0.5742478966712952,0.5605664849281311,0.5498237609863281,0.588995099067688,0.5829840898513794,0.5798609852790833,0.5781461596488953,0.5835869908332825,0.5845686793327332,0.5860364437103271,0.5874355435371399,0.30702170729637146,0.27257683873176575,0.23924553394317627,0.21652987599372864,0.19865432381629944,0.21054761111736298,0.1722559779882431,0.153558149933815,0.1352044939994812,0.2142917811870575,0.17775005102157593,0.1661386489868164,0.15836158394813538,0.22303327918052673,0.18408522009849548,0.1621229648590088,0.1452937126159668,0.23418480157852173,0.2077079564332962,0.18836882710456848,0.17045345902442932,102
,,,,,,,,,,,,,,,,,,,,,,,,,,,,,,,,,,,,,,,,,,bhramara,left,0.5916609168052673,0.5751816034317017,0.5676310062408447,0.5596463680267334,0.5500138401985168,0.5905333757400513,0.5773259997367859,0.5688524842262268,0.5615801811218262,0.5912758111953735,0.5742478966712952,0.5605664849281311,0.5498237609863281,0.588995099067688,0.5829840898513794,0.5798609852790833,0.5781461596488953,0.5835869908332825,0.5845686793327332,0.5860364437103271,0.5874355435371399,0.30702170729637146,0.27257683873176575,0.23924553394317627,0.21652987599372864,0.19865432381629944,0.21054761111736298,0.1722559779882431,0.153558149933815,0.1352044939994812,0.2142917811870575,0.17775005102157593,0.1661386489868164,0.15836158394813538,0.22303327918052673,0.18408522009849548,0.1621229648590088,0.1452937126159668,0.23418480157852173,0.2077079564332962,0.18836882710456848,0.17045345902442932,103
0.4595160484313965,0.4622715711593628,0.4718170166015625,0.48395082354545593,0.49414512515068054,0.4718754291534424,0.4873603880405426,0.4992830455303192,0.5044676661491394,0.4756492078304291,0.5007579922676086,0.5016070604324341,0.49596747756004333,0.48037877678871155,0.5015133023262024,0.4998336136341095,0.4934547245502472,0.4849590063095093,0.5006656050682068,0.4984196424484253,0.4923236668109894,0.5740729570388794,0.542758584022522,0.5141009092330933,0.5027384757995605,0.5017902255058289,0.4941231906414032,0.4616397023200989,0.4661162495613098,0.47810977697372437,0.5021289587020874,0.4998692572116852,0.5165226459503174,0.5247400999069214,0.5149685144424438,0.524080753326416,0.5382452607154846,0.5425105094909668,0.5304657816886902,0.5420427322387695,0.553325891494751,0.5560643672943115,kapitth,right,,,,,,,,,,,,,,,,,,,,,,,,,,,,,,,,,,,,,,,,,,,104
0.5394875407218933,0.5213630199432373,0.5054463148117065,0.4975306987762451,0.4996219873428345,0.49591389298439026,0.47894856333732605,0.4828159809112549,0.4895995557308197,0.5019729137420654,0.5037618279457092,0.5121527314186096,0.5142427086830139,0.5109447240829468,0.5158261060714722,0.5225653648376465,0.5236470699310303,0.5209673643112183,0.5259164571762085,0.5311203598976135,0.5320016145706177,0.5753092765808105,0.5669877529144287,0.5481069684028625,0.5247867107391357,0.5062188506126404,0.5476107597351074,0.5173953771591187,0.4999758005142212,0.49416384100914,0.5391233563423157,0.4963374435901642,0.49953943490982056,0.5115485787391663,0.5304384827613831,0.49587735533714294,0.5019384026527405,0.5144463181495667,0.5234602689743042,0.498958557844162,0.5049664378166199,0.5162550210952759,kapitth,right,,,,,,,,,,,,,,,,,,,,,,,,,,,,,,,,,,,,,,,,,,,105
0.5807173848152161,0.5983915328979492,0.6131376624107361,0.623292863368988,0.631908655166626,0.6091073751449585,0.6080544590950012,0.6055225729942322,0.6037936806678772,0.598964512348175,0.5999960899353027,0.5991942286491394,0.5985354781150818,0.5888949036598206,0.5914960503578186,0.5922233462333679,0.5925676226615906,0.5797176361083984,0.583460807800293,0.5855354070663452,0.5866017937660217,0.3917967677116394,0.3991534113883972,0.4175289571285248,0.4306143522262573,0.4305581748485565,0.43720242381095886,0.4693657457828522,0.488444060087204,0.5027055144309998,0.4434913992881775,0.475796639919281,0.4954221844673157,0.5115387439727783,0.44800156354904175,0.4795086979866028,0.5001598000526428,0.516032338142395,0.45151466131210327,0.4781043231487274,0.4949672818183899,0.5091439485549927,mrigasheesh,right,,,,,,,,,,,,,,,,,,,,,,,,,,,,,,,,,,,,,,,,,,,106
0.8276814818382263,0.8391583561897278,0.8441340327262878,0.8365741968154907,0.8320035338401794,0.8620332479476929,0.8596123456954956,0.8559021353721619,0.8533438444137573,0.8535106182098389,0.8534374237060547,0.8535703420639038,0.8561667799949646,0.8430228233337402,0.834685206413269,0.8308742046356201,0.8345585465431213,0.8326038122177124,0.8256627917289734,0.824002206325531,0.8282981514930725,0.3659984767436981,0.36584123969078064,0.34727469086647034,0.31592974066734314,0.2905845046043396,0.2997875511646271,0.2693594694137573,0.25434842705726624,0.23977048695087433,0.28635331988334656,0.24815422296524048,0.2245168685913086,0.2008146345615387,0.283547580242157,0.2745809853076935,0.30165255069732666,0.3164331018924713,0.28696367144584656,0.2783281207084656,0.29912981390953064,0.31306272745132446,bhramara,right,,,,,,,,,,,,,,,,,,,,,,,,,,,,,,,,,,,,,,,,,,,107
0.4384163022041321,0.44307073950767517,0.45374754071235657,0.4612407684326172,0.46117401123046875,0.46560439467430115,0.4842166304588318,0.49460700154304504,0.502315104007721,0.469102144241333,0.48758676648139954,0.498166561126709,0.5065001845359802,0.47173139452934265,0.4898323118686676,0.5011499524116516,0.5096725225448608,0.4738750755786896,0.48918038606643677,0.49845579266548157,0.5060501098632812,0.3537435531616211,0.3253706395626068,0.3001241385936737,0.2818017899990082,0.26531100273132324,0.3063056766986847,0.30838051438331604,0.3128473460674286,0.31579113006591797,0.32331031560897827,0.32218044996261597,0.32395675778388977,0.32519856095314026,0.3400309979915619,0.3368174731731415,0.3368082344532013,0.3368931710720062,0.3552681803703308,0.3499816358089447,0.3474949896335602,0.3463621139526367,mrigasheesh,right,,,,,,,,,,,,,,,,,,,,,,,,,,,,,,,,,,,,,,,,,,,108
0.5177784562110901,0.4971701502799988,0.4836920499801636,0.48003119230270386,0.48017269372940063,0.49080365896224976,0.4798048734664917,0.47362521290779114,0.4692007303237915,0.5020408034324646,0.4875321686267853,0.47799593210220337,0.4707382619380951,0.5101251602172852,0.49625182151794434,0.48749297857284546,0.4810000956058502,0.5149396657943726,0.5032688975334167,0.49588456749916077,0.49055492877960205,0.6264702081680298,0.6194270849227905,0.5988233685493469,0.5733433365821838,0.5567597150802612,0.5867835879325867,0.5561115145683289,0.5426703095436096,0.5347513556480408,0.5720483064651489,0.535886287689209,0.5193785429000854,0.5099197626113892,0.5616685152053833,0.5291650891304016,0.5153603553771973,0.5073056221008301,0.5558828115463257,0.5311887264251709,0.522252082824707,0.5184377431869507,chatur,right,,,,,,,,,,,,,,,,,,,,,,,,,,,,,,,,,,,,,,,,,,,109
0.5479569435119629,0.5601151585578918,0.5765781402587891,0.5914132595062256,0.6025973558425903,0.575079619884491,0.5858444571495056,0.5906081795692444,0.5941198468208313,0.57508784532547,0.5835644006729126,0.5853661894798279,0.5862756371498108,0.5747395753860474,0.5875928997993469,0.5955639481544495,0.6017608046531677,0.5739644765853882,0.585757315158844,0.5938114523887634,0.6008549928665161,0.32591402530670166,0.3497554063796997,0.36672350764274597,0.37397730350494385,0.3749735951423645,0.3884516954421997,0.4109712541103363,0.42285531759262085,0.432253897190094,0.3833999037742615,0.39793679118156433,0.4029192626476288,0.4073012173175812,0.375354140996933,0.3837142884731293,0.38463836908340454,0.38440874218940735,0.36429306864738464,0.3684976398944855,0.36910027265548706,0.36893099546432495,chatur,right,,,,,,,,,,,,,,,,,,,,,,,,,,,,,,,,,,,,,,,,,,,110
0.26278024911880493,0.27883222699165344,0.295621395111084,0.30564695596694946,0.3032057583332062,0.2865336835384369,0.28558990359306335,0.2834435701370239,0.283649206161499,0.27292221784591675,0.26996251940727234,0.26870840787887573,0.27012380957603455,0.25936436653137207,0.25596335530281067,0.25583216547966003,0.2577475309371948,0.24715742468833923,0.24422414600849152,0.24470901489257812,0.24615336954593658,0.5889734625816345,0.6043986678123474,0.6288338899612427,0.6532579064369202,0.6708453893661499,0.6442674398422241,0.683342456817627,0.6715371608734131,0.6528181433677673,0.6459059715270996,0.681001603603363,0.6689321398735046,0.6515980362892151,0.6428859233856201,0.670943021774292,0.659400999546051,0.6436185240745544,0.6370588541030884,0.6546252965927124,0.6462379097938538,0.6343281865119934,kapitth,right,,,,,,,,,,,,,,,,,,,,,,,,,,,,,,,,,,,,,,,,,,,111
0.548772931098938,0.5589683651924133,0.5729146599769592,0.5856296420097351,0.593578577041626,0.5840297937393188,0.6042179465293884,0.5985838174819946,0.5883985757827759,0.5834887027740479,0.6012019515037537,0.5956254005432129,0.5864061117172241,0.5801164507865906,0.5934469103813171,0.5874770283699036,0.5788487195968628,0.5750560760498047,0.5815945863723755,0.5775057077407837,0.5714084506034851,0.9217635989189148,0.8913652300834656,0.8645942807197571,0.8508891463279724,0.8535338640213013,0.8858877420425415,0.8900876641273499,0.8892871141433716,0.8866788148880005,0.9103939533233643,0.9152238368988037,0.9139726758003235,0.9115864634513855,0.9334989190101624,0.9391568303108215,0.9374812841415405,0.9336862564086914,0.9538142085075378,0.9600632190704346,0.9578704833984375,0.9545509219169617,kapitth,right,,,,,,,,,,,,,,,,,,,,,,,,,,,,,,,,,,,,,,,,,,,112
,,,,,,,,,,,,,,,,,,,,,,,,,,,,,,,,,,,,,,,,,,bhramara,left,0.6007108092308044,0.5862748026847839,0.5696374177932739,0.5560958981513977,0.5455135107040405,0.5677210092544556,0.548028290271759,0.5360302329063416,0.5269231796264648,0.5669608116149902,0.5448302626609802,0.532034158706665,0.5216466784477234,0.5663455724716187,0.5439896583557129,0.5299270749092102,0.5185874104499817,0.5660914778709412,0.5477916598320007,0.5366962552070618,0.5274167656898499,0.5674579739570618,0.5464859008789062,0.532836377620697,0.5290935635566711,0.5308873057365417,0.523260772228241,0.5197257399559021,0.5212528705596924,0.5230639576911926,0.538236141204834,0.5390107035636902,0.5425063371658325,0.5447264909744263,0.5566264986991882,0.5602936744689941,0.563395619392395,0.5648573040962219,0.5765727162361145,0.5794122219085693,0.5809750556945801,0.581518828868866,113
,,,,,,,,,,,,,,,,,,,,,,,,,,,,,,,,,,,,,,,,,,chatur,left,0.609521746635437,0.5875902771949768,0.5723618268966675,0.5620359778404236,0.5558291077613831,0.5905426144599915,0.5688520073890686,0.5648161768913269,0.5672672390937805,0.5996789932250977,0.577422559261322,0.5747108459472656,0.577781081199646,0.6066603064537048,0.586088240146637,0.5849140882492065,0.5891298055648804,0.6110499501228333,0.5980023741722107,0.5980225205421448,0.6028743386268616,0.1249675303697586,0.10741893947124481,0.08750070631504059,0.0759928748011589,0.06473880261182785,0.048611197620630264,0.05274434760212898,0.07139160484075546,0.08326840400695801,0.05854443088173866,0.06928802281618118,0.08650445938110352,0.09222988039255142,0.07568226754665375,0.08790585398674011,0.09947183728218079,0.10163893550634384,0.09715892374515533,0.10690462589263916,0.11193186044692993,0.11014994233846664,114
,,,,,,,,,,,,,,,,,,,,,,,,,,,,,,,,,,,,,,,,,,bhramara,left,0.6007108092308044,0.5862748026847839,0.5696374177932739,0.5560958981513977,0.5455135107040405,0.5677210092544556,0.548028290271759,0.5360302329063416,0.5269231796264648,0.5669608116149902,0.5448302626609802,0.532034158706665,0.5216466784477234,0.5663455724716187,0.5439896583557129,0.5299270749092102,0.5185874104499817,0.5660914778709412,0.5477916598320007,0.5366962552070618,0.5274167656898499,0.5674579739570618,0.5464859008789062,0.532836377620697,0.5290935635566711,0.5308873057365417,0.523260772228241,0.5197257399559021,0.5212528705596924,0.5230639576911926,0.538236141204834,0.5390107035636902,0.5425063371658325,0.5447264909744263,0.5566264986991882,0.5602936744689941,0.563395619392395,0.5648573040962219,0.5765727162361145,0.5794122219085693,0.5809750556945801,0.581518828868866,115
0.7390339970588684,0.7236030697822571,0.708771824836731,0.6975877285003662,0.6897029280662537,0.7175295352935791,0.7153283357620239,0.71394282579422,0.7129759788513184,0.7306314706802368,0.7285371422767639,0.7273324131965637,0.7267308831214905,0.7433280348777771,0.7417815923690796,0.7401389479637146,0.738998532295227,0.7552026510238647,0.7544031739234924,0.7522079944610596,0.7509555816650391,0.4132766127586365,0.39890027046203613,0.37819480895996094,0.36057785153388977,0.34882646799087524,0.35628679394721985,0.32503068447113037,0.33274877071380615,0.3473968207836151,0.35466745495796204,0.3285250961780548,0.3374541699886322,0.35185903310775757,0.3581227660179138,0.3370507061481476,0.34588831663131714,0.35957756638526917,0.3644528388977051,0.3508252799510956,0.3571006655693054,0.36753562092781067,kapitth,right,,,,,,,,,,,,,,,,,,,,,,,,,,,,,,,,,,,,,,,,,,,116
0.5465052127838135,0.5556305646896362,0.5680009722709656,0.5784599184989929,0.5850049257278442,0.5828939080238342,0.6026939749717712,0.5955563187599182,0.5847044587135315,0.5834519863128662,0.6004319787025452,0.5923123359680176,0.5816369652748108,0.5814316868782043,0.5951099395751953,0.5874183177947998,0.5773457288742065,0.5775193572044373,0.5848017930984497,0.5794981122016907,0.5720938444137573,0.9268350005149841,0.8973228335380554,0.8704150319099426,0.8503893613815308,0.8345609307289124,0.8868941068649292,0.8851512670516968,0.8831658363342285,0.8806504011154175,0.9107751846313477,0.9082670211791992,0.905723512172699,0.9039545059204102,0.9344428181648254,0.9333277940750122,0.9306958913803101,0.9277464747428894,0.9566135406494141,0.957028865814209,0.9544087648391724,0.9518564939498901,kapitth,right,,,,,,,,,,,,,,,,,,,,,,,,,,,,,,,,,,,,,,,,,,,117
,,,,,,,,,,,,,,,,,,,,,,,,,,,,,,,,,,,,,,,,,,chatur,left,0.7359300851821899,0.7392064929008484,0.7415677905082703,0.7423385381698608,0.74472576379776,0.754511296749115,0.750868558883667,0.7447577118873596,0.7401019334793091,0.747326135635376,0.7404545545578003,0.7345683574676514,0.7324179410934448,0.7388115525245667,0.7318066358566284,0.7278111577033997,0.7270920276641846,0.7297138571739197,0.7209905385971069,0.7181463837623596,0.7184637784957886,0.6816741824150085,0.6459763646125793,0.6214282512664795,0.6068692207336426,0.6030257940292358,0.6598851084709167,0.629652202129364,0.6223511099815369,0.6245779395103455,0.6784957647323608,0.6435253024101257,0.635299563407898,0.6375935673713684,0.690192461013794,0.6591882109642029,0.6512752771377563,0.6521478891372681,0.6975629329681396,0.6813676357269287,0.6809927225112915,0.6860498785972595,118
0.5340163707733154,0.5481616258621216,0.5620404481887817,0.5733064413070679,0.5814394950866699,0.5636360049247742,0.5706520080566406,0.5741074085235596,0.5763850212097168,0.5569194555282593,0.5648382306098938,0.5680355429649353,0.570216953754425,0.5475462675094604,0.5562098026275635,0.5593759417533875,0.5615521669387817,0.5357823967933655,0.5430312752723694,0.5470970273017883,0.5497745275497437,0.25097131729125977,0.2709314227104187,0.2904944121837616,0.29778605699539185,0.2951359748840332,0.3042037785053253,0.33865660429000854,0.36219775676727295,0.3792383372783661,0.3037334978580475,0.3375779986381531,0.3624134361743927,0.3836517035961151,0.30100157856941223,0.3312664330005646,0.34967491030693054,0.3643953204154968,0.29701125621795654,0.3153725862503052,0.3270920515060425,0.3372608423233032,ardhachandra,right,,,,,,,,,,,,,,,,,,,,,,,,,,,,,,,,,,,,,,,,,,,119
0.3571847677230835,0.36916109919548035,0.38138288259506226,0.3864118754863739,0.3849487006664276,0.3902212977409363,0.4099561274051666,0.42257192730903625,0.4317380487918854,0.3904987871646881,0.4108661413192749,0.42447954416275024,0.43553560972213745,0.38932985067367554,0.4067365527153015,0.4167252480983734,0.42419353127479553,0.38733741641044617,0.39849185943603516,0.4052574932575226,0.4106246829032898,0.44469141960144043,0.4186345636844635,0.39373934268951416,0.3727756142616272,0.3572840094566345,0.38933265209198,0.37836840748786926,0.3724015951156616,0.36700645089149475,0.40009573101997375,0.38782307505607605,0.3813523054122925,0.37543460726737976,0.4158012866973877,0.40299558639526367,0.39737290143966675,0.3926321864128113,0.4354141056537628,0.4235311448574066,0.41554519534111023,0.4099501669406891,ardhachandra,right,,,,,,,,,,,,,,,,,,,,,,,,,,,,,,,,,,,,,,,,,,,120
,,,,,,,,,,,,,,,,,,,,,,,,,,,,,,,,,,,,,,,,,,kapitth,left,0.4228890538215637,0.4042806029319763,0.38419315218925476,0.37094536423683167,0.36266714334487915,0.3742513656616211,0.35472533106803894,0.3521338701248169,0.35628172755241394,0.3783126771450043,0.3696058988571167,0.3788140118122101,0.38508421182632446,0.38550257682800293,0.38173532485961914,0.3896225690841675,0.392980694770813,0.39391815662384033,0.39279693365097046,0.3991580605506897,0.4020535945892334,0.09194843471050262,0.08808004856109619,0.09216856211423874,0.10202852636575699,0.10815246403217316,0.07829755544662476,0.08415983617305756,0.10113821923732758,0.11288170516490936,0.08591445535421371,0.1275179535150528,0.1319308578968048,0.12233944982290268,0.09891746938228607,0.1392066478729248,0.13910046219825745,0.12894384562969208,0.11314572393894196,0.1428159773349762,0.1436951458454132,0.1374153196811676,121
0.4329150319099426,0.4251081347465515,0.4317871928215027,0.4438154101371765,0.4538921117782593,0.4451686143875122,0.45351725816726685,0.45299091935157776,0.4508289098739624,0.457027792930603,0.46290650963783264,0.45716798305511475,0.4521995186805725,0.4653017818927765,0.46686112880706787,0.4614257514476776,0.456780344247818,0.47109130024909973,0.4692828953266144,0.46430280804634094,0.46011459827423096,0.33823755383491516,0.2964511215686798,0.26018232107162476,0.23591813445091248,0.22247129678726196,0.24140174686908722,0.20539966225624084,0.21293780207633972,0.2286357283592224,0.2542411684989929,0.23973864316940308,0.2506023347377777,0.26163655519485474,0.27341341972351074,0.2619340419769287,0.2709006667137146,0.28126955032348633,0.2932913303375244,0.28501904010772705,0.29092374444007874,0.29854288697242737,kapitth,right,,,,,,,,,,,,,,,,,,,,,,,,,,,,,,,,,,,,,,,,,,,122
0.6693105101585388,0.6472772359848022,0.6381864547729492,0.6403007507324219,0.6434833407402039,0.6627538800239563,0.6503962278366089,0.6449466943740845,0.6461227536201477,0.6740612983703613,0.6580076217651367,0.6528881788253784,0.6548060178756714,0.6799523234367371,0.664023220539093,0.6593047976493835,0.6610135436058044,0.6816378831863403,0.6678580045700073,0.6639446020126343,0.6653812527656555,0.597551703453064,0.5820119380950928,0.5494203567504883,0.5166016221046448,0.49381130933761597,0.52051842212677,0.48826926946640015,0.5007938146591187,0.5165597796440125,0.5167874693870544,0.49020081758499146,0.5028167366981506,0.5174413323402405,0.5169839859008789,0.49519333243370056,0.5070433020591736,0.5195563435554504,0.5189421772956848,0.5005839467048645,0.5093348622322083,0.5200064182281494,kapitth,right,,,,,,,,,,,,,,,,,,,,,,,,,,,,,,,,,,,,,,,,,,,123
0.36494356393814087,0.3768009543418884,0.38761141896247864,0.39301416277885437,0.3960474133491516,0.37848013639450073,0.38351404666900635,0.3858380913734436,0.38649407029151917,0.37316739559173584,0.37895816564559937,0.3835096061229706,0.3880881071090698,0.3667987585067749,0.37204092741012573,0.37560439109802246,0.37863588333129883,0.35906583070755005,0.3565051257610321,0.353779673576355,0.35270947217941284,0.5340054631233215,0.5298957228660583,0.5128824710845947,0.4949963390827179,0.48037177324295044,0.4779616594314575,0.4623216390609741,0.46248936653137207,0.4590035676956177,0.47048065066337585,0.44878488779067993,0.4418620765209198,0.4359404444694519,0.4663541316986084,0.44414660334587097,0.4365101456642151,0.43118828535079956,0.46384456753730774,0.4379862844944,0.4186728000640869,0.4022131860256195,bhramara,right,,,,,,,,,,,,,,,,,,,,,,,,,,,,,,,,,,,,,,,,,,,124
0.36494356393814087,0.3768009543418884,0.38761141896247864,0.39301416277885437,0.3960474133491516,0.37848013639450073,0.38351404666900635,0.3858380913734436,0.38649407029151917,0.37316739559173584,0.37895816564559937,0.3835096061229706,0.3880881071090698,0.3667987585067749,0.37204092741012573,0.37560439109802246,0.37863588333129883,0.35906583070755005,0.3565051257610321,0.353779673576355,0.35270947217941284,0.5340054631233215,0.5298957228660583,0.5128824710845947,0.4949963390827179,0.48037177324295044,0.4779616594314575,0.4623216390609741,0.46248936653137207,0.4590035676956177,0.47048065066337585,0.44878488779067993,0.4418620765209198,0.4359404444694519,0.4663541316986084,0.44414660334587097,0.4365101456642151,0.43118828535079956,0.46384456753730774,0.4379862844944,0.4186728000640869,0.4022131860256195,bhramara,right,,,,,,,,,,,,,,,,,,,,,,,,,,,,,,,,,,,,,,,,,,,125
0.47336345911026,0.4880484342575073,0.500344455242157,0.5088697671890259,0.5129399299621582,0.49344387650489807,0.4953206479549408,0.49569639563560486,0.49615320563316345,0.48101285099983215,0.4830973744392395,0.4843904972076416,0.4851625859737396,0.46977153420448303,0.47178971767425537,0.47312629222869873,0.47350597381591797,0.4600328505039215,0.46120721101760864,0.4619629383087158,0.46188732981681824,0.37334439158439636,0.38148775696754456,0.39733102917671204,0.4095679521560669,0.4111974537372589,0.40913501381874084,0.4369753897190094,0.4505040943622589,0.4608556628227234,0.41395431756973267,0.44412970542907715,0.45496731996536255,0.4606828987598419,0.41644322872161865,0.44601789116859436,0.4541776478290558,0.4577285349369049,0.4174468219280243,0.4398081600666046,0.444062739610672,0.444333016872406,mrigasheesh,right,,,,,,,,,,,,,,,,,,,,,,,,,,,,,,,,,,,,,,,,,,,126
0.4463528096675873,0.45599308609962463,0.47404518723487854,0.4921162724494934,0.5053556561470032,0.4900413453578949,0.5076113343238831,0.5005460977554321,0.49194344878196716,0.49158409237861633,0.505287766456604,0.49798449873924255,0.4900611340999603,0.49104979634284973,0.5026965737342834,0.4956516921520233,0.4885982871055603,0.4897444248199463,0.4997129738330841,0.4942401051521301,0.4878626763820648,0.7995991110801697,0.7610877156257629,0.7463053464889526,0.7486415505409241,0.7509430050849915,0.7889308929443359,0.7658967971801758,0.7568674683570862,0.7598220705986023,0.8088566064834595,0.7786198258399963,0.7691400051116943,0.7730047106742859,0.8196288347244263,0.7897555828094482,0.7811871767044067,0.7845122814178467,0.8229501843452454,0.7977702617645264,0.7902499437332153,0.7922480702400208,kapitth,right,,,,,,,,,,,,,,,,,,,,,,,,,,,,,,,,,,,,,,,,,,,127
0.40960434079170227,0.42137211561203003,0.43663620948791504,0.447917640209198,0.4499366283416748,0.442522794008255,0.4597533047199249,0.4705178439617157,0.4789057970046997,0.44500306248664856,0.46294090151786804,0.47466766834259033,0.4845556318759918,0.4458276331424713,0.4639846086502075,0.475415974855423,0.48462527990341187,0.44504639506340027,0.4584783911705017,0.4668137729167938,0.47373226284980774,0.5623913407325745,0.5329522490501404,0.5108675360679626,0.49342823028564453,0.47989052534103394,0.5145462155342102,0.5086378455162048,0.5075638890266418,0.5071049332618713,0.5338435769081116,0.5279206037521362,0.5254122614860535,0.5240411162376404,0.5537893176078796,0.549045205116272,0.5473319888114929,0.5463447570800781,0.5733271837234497,0.5715091824531555,0.5706142783164978,0.5705243349075317,mrigasheesh,right,,,,,,,,,,,,,,,,,,,,,,,,,,,,,,,,,,,,,,,,,,,128
0.30064165592193604,0.3409963846206665,0.41019096970558167,0.45420417189598083,0.4740879535675049,0.5394112467765808,0.5519631505012512,0.5553022623062134,0.5609831213951111,0.5298553109169006,0.556795597076416,0.5568411946296692,0.5645238161087036,0.499232679605484,0.5245204567909241,0.5270024538040161,0.5247169733047485,0.4510389268398285,0.4812193214893341,0.4998069703578949,0.5185231566429138,0.3631708025932312,0.47007301449775696,0.5064202547073364,0.3823277950286865,0.23190909624099731,0.4967437982559204,0.48051348328590393,0.42779114842414856,0.37285277247428894,0.3695184886455536,0.3378848433494568,0.304251492023468,0.2829253077507019,0.24795889854431152,0.20958462357521057,0.1893170177936554,0.18527385592460632,0.12701989710330963,0.09576357901096344,0.09352603554725647,0.10480555891990662,chatur,right,,,,,,,,,,,,,,,,,,,,,,,,,,,,,,,,,,,,,,,,,,,129
,,,,,,,,,,,,,,,,,,,,,,,,,,,,,,,,,,,,,,,,,,mrigasheesh,left,0.5639610290527344,0.5530778765678406,0.5430008172988892,0.5332844257354736,0.5264429450035095,0.5440018177032471,0.5301734209060669,0.5220286846160889,0.515944242477417,0.5446235537528992,0.5294514298439026,0.5206320881843567,0.5142849087715149,0.5457191467285156,0.5323674082756042,0.5244903564453125,0.5186241269111633,0.5472542643547058,0.5402646660804749,0.5377826690673828,0.5357953310012817,0.6903754472732544,0.6664664149284363,0.6479563117027283,0.6362607479095459,0.6268138289451599,0.6488463878631592,0.6448566913604736,0.6472802758216858,0.6499616503715515,0.6662021279335022,0.6639504432678223,0.6660538911819458,0.668708086013794,0.6857237815856934,0.6856788992881775,0.6862887144088745,0.6864349246025085,0.7063087821006775,0.7073034048080444,0.7050084471702576,0.7022311687469482,130
0.5903127193450928,0.6056250929832458,0.6172794103622437,0.6218457221984863,0.6214936375617981,0.6308386325836182,0.6293665766716003,0.6222556829452515,0.6184670925140381,0.6278717517852783,0.624704897403717,0.6179458498954773,0.6153374314308167,0.62196946144104,0.6180327534675598,0.6119737029075623,0.6100673079490662,0.6146096587181091,0.6094541549682617,0.6043991446495056,0.6027215719223022,0.2592645585536957,0.2539462149143219,0.2631983458995819,0.27768346667289734,0.2901999056339264,0.27159443497657776,0.29279276728630066,0.29107141494750977,0.28348779678344727,0.287758469581604,0.3072702884674072,0.3034135699272156,0.2955816090106964,0.30317920446395874,0.3217984437942505,0.3160177171230316,0.3071410655975342,0.3165987730026245,0.3299967646598816,0.32323622703552246,0.3149275481700897,mushti,right,,,,,,,,,,,,,,,,,,,,,,,,,,,,,,,,,,,,,,,,,,,131
0.6015016436576843,0.5886196494102478,0.5791654586791992,0.5747249126434326,0.5714762806892395,0.5786668062210083,0.5773549675941467,0.5786988735198975,0.5796257853507996,0.5903299450874329,0.5886270403862,0.5894379019737244,0.5898236632347107,0.6019919514656067,0.5993205904960632,0.5990081429481506,0.598720908164978,0.6125834584236145,0.607434093952179,0.6057919859886169,0.6052007079124451,0.6620413661003113,0.6455644965171814,0.6253867745399475,0.6057474613189697,0.5913337469100952,0.6286628842353821,0.5874452590942383,0.5745924115180969,0.5703563094139099,0.6278234720230103,0.5858615636825562,0.5711143016815186,0.5642572045326233,0.6259917616844177,0.5887951850891113,0.577312171459198,0.5732645392417908,0.6229567527770996,0.5990532636642456,0.5922440886497498,0.5908519625663757,mrigasheesh,right,,,,,,,,,,,,,,,,,,,,,,,,,,,,,,,,,,,,,,,,,,,132
,,,,,,,,,,,,,,,,,,,,,,,,,,,,,,,,,,,,,,,,,,mushti,left,0.4545173645019531,0.4509143531322479,0.4415537118911743,0.4323013424873352,0.42541205883026123,0.43418222665786743,0.42243751883506775,0.4137740731239319,0.405841588973999,0.4298991858959198,0.41830793023109436,0.4095495343208313,0.4018893241882324,0.42485183477401733,0.4137933552265167,0.406461626291275,0.4007750153541565,0.4193243086338043,0.4114859700202942,0.4063217043876648,0.4022888243198395,0.5737438201904297,0.5480373501777649,0.5303738117218018,0.5199971199035645,0.5114781260490417,0.5230996608734131,0.5062049627304077,0.4941432476043701,0.4850650429725647,0.529761791229248,0.5095695853233337,0.49630579352378845,0.4851222634315491,0.5398299098014832,0.5182832479476929,0.5045264363288879,0.4939267933368683,0.5540498495101929,0.5360828042030334,0.5254489183425903,0.5167996287345886,133
0.613621175289154,0.6226896047592163,0.6435021162033081,0.6635308861732483,0.677409291267395,0.6467137336730957,0.6638847589492798,0.6763434410095215,0.6855055689811707,0.6523982882499695,0.6781907677650452,0.6807520985603333,0.6778748631477356,0.6549475193023682,0.6791390180587769,0.673834502696991,0.6660005450248718,0.6556244492530823,0.6717734336853027,0.6668020486831665,0.6598498225212097,0.7213935256004333,0.6846124529838562,0.6623612642288208,0.6582476496696472,0.6516045928001404,0.6675618290901184,0.6487637758255005,0.6366435289382935,0.6285719275474548,0.6915181279182434,0.6787924766540527,0.6757718920707703,0.6788185238838196,0.7170234322547913,0.7088667154312134,0.7048929333686829,0.7069883346557617,0.7421045303344727,0.7305462956428528,0.7264925837516785,0.7298007011413574,kapitth,right,,,,,,,,,,,,,,,,,,,,,,,,,,,,,,,,,,,,,,,,,,,134
0.613621175289154,0.6226896047592163,0.6435021162033081,0.6635308861732483,0.677409291267395,0.6467137336730957,0.6638847589492798,0.6763434410095215,0.6855055689811707,0.6523982882499695,0.6781907677650452,0.6807520985603333,0.6778748631477356,0.6549475193023682,0.6791390180587769,0.673834502696991,0.6660005450248718,0.6556244492530823,0.6717734336853027,0.6668020486831665,0.6598498225212097,0.7213935256004333,0.6846124529838562,0.6623612642288208,0.6582476496696472,0.6516045928001404,0.6675618290901184,0.6487637758255005,0.6366435289382935,0.6285719275474548,0.6915181279182434,0.6787924766540527,0.6757718920707703,0.6788185238838196,0.7170234322547913,0.7088667154312134,0.7048929333686829,0.7069883346557617,0.7421045303344727,0.7305462956428528,0.7264925837516785,0.7298007011413574,kapitth,right,,,,,,,,,,,,,,,,,,,,,,,,,,,,,,,,,,,,,,,,,,,135
0.4713000953197479,0.4911537766456604,0.5113897323608398,0.5282103419303894,0.5404390096664429,0.5070677399635315,0.526153564453125,0.5372121334075928,0.5460410118103027,0.5055251717567444,0.5275415182113647,0.5335112810134888,0.5358368754386902,0.5049508810043335,0.525538444519043,0.5278975963592529,0.5273306369781494,0.5057781338691711,0.5230692028999329,0.5250224471092224,0.5236964225769043,0.8659597039222717,0.839860200881958,0.8350375294685364,0.8465330004692078,0.8566029667854309,0.8617300391197205,0.8607701063156128,0.858145534992218,0.8562415242195129,0.8880404233932495,0.8867231011390686,0.878972053527832,0.8739141225814819,0.906997561454773,0.9025589227676392,0.8927842974662781,0.8869878053665161,0.9186052680015564,0.9146977066993713,0.9056969285011292,0.8991356492042542,kapitth,right,,,,,,,,,,,,,,,,,,,,,,,,,,,,,,,,,,,,,,,,,,,136
,,,,,,,,,,,,,,,,,,,,,,,,,,,,,,,,,,,,,,,,,,bhramara,left,0.47905781865119934,0.47498220205307007,0.477155864238739,0.48673194646835327,0.4964997470378876,0.5016099810600281,0.5142539739608765,0.5233255624771118,0.5331372618675232,0.5087479948997498,0.5227845311164856,0.5337501764297485,0.5444396734237671,0.5113593339920044,0.516932487487793,0.5081499218940735,0.5009059906005859,0.5114184021949768,0.5145336389541626,0.5071009397506714,0.500485897064209,0.09299807995557785,0.06514479964971542,0.0450613908469677,0.041577983647584915,0.048828236758708954,0.02924601174890995,0.028447022661566734,0.03459816426038742,0.039549149572849274,0.04461821913719177,0.03128524869680405,0.026591060683131218,0.022742800414562225,0.06273593753576279,0.060306012630462646,0.06325573474168777,0.06465007364749908,0.08420417457818985,0.08383529633283615,0.0831620991230011,0.08065623044967651,137
,,,,,,,,,,,,,,,,,,,,,,,,,,,,,,,,,,,,,,,,,,bhramara,left,0.2674142122268677,0.2555786669254303,0.24650892615318298,0.24697358906269073,0.24972224235534668,0.23422786593437195,0.23587846755981445,0.23868441581726074,0.2405506670475006,0.24276390671730042,0.23647834360599518,0.23410193622112274,0.23088963329792023,0.2528548836708069,0.25553658604621887,0.2579595744609833,0.25685915350914,0.2646773159503937,0.2668306231498718,0.26689350605010986,0.26392295956611633,0.5418403148651123,0.5471135377883911,0.5402271747589111,0.5214976668357849,0.5057907104492188,0.4952520728111267,0.4703928828239441,0.4512394070625305,0.43206557631492615,0.48196351528167725,0.45867106318473816,0.4441460072994232,0.42894119024276733,0.47707512974739075,0.47132182121276855,0.49196872115135193,0.5052324533462524,0.4772407114505768,0.4745941460132599,0.4909806549549103,0.5015302300453186,138
0.5340839624404907,0.5166515111923218,0.49619248509407043,0.48265060782432556,0.47804269194602966,0.49254921078681946,0.46766430139541626,0.4528675973415375,0.44127535820007324,0.4950387477874756,0.46906691789627075,0.4523305594921112,0.43840736150741577,0.49959948658943176,0.475068062543869,0.4600144624710083,0.4478618800640106,0.5053571462631226,0.4874642789363861,0.476102352142334,0.4663756787776947,0.7260732650756836,0.7533310651779175,0.7766175270080566,0.7965452671051025,0.8173877596855164,0.7596782445907593,0.7534744143486023,0.7478310465812683,0.7430192232131958,0.7353736758232117,0.7306456565856934,0.726385235786438,0.7227851152420044,0.7111561298370361,0.7071830630302429,0.7045655250549316,0.703575074672699,0.6879842281341553,0.6851913332939148,0.6843261122703552,0.6833236813545227,ardhachandra,right,,,,,,,,,,,,,,,,,,,,,,,,,,,,,,,,,,,,,,,,,,,139
,,,,,,,,,,,,,,,,,,,,,,,,,,,,,,,,,,,,,,,,,,mrigasheesh,left,0.5413221716880798,0.5261293649673462,0.5158016085624695,0.5099438428878784,0.5060367584228516,0.5163969993591309,0.508608341217041,0.5021647810935974,0.4974212050437927,0.5180255770683289,0.5092478394508362,0.5023298263549805,0.49665769934654236,0.5206503868103027,0.5121198892593384,0.5050089955329895,0.49931982159614563,0.5243156552314758,0.5187443494796753,0.5145914554595947,0.5102781653404236,0.2159305214881897,0.213174507021904,0.20187067985534668,0.19029544293880463,0.18351446092128754,0.17827866971492767,0.1687563806772232,0.1700788289308548,0.17587299644947052,0.17219947278499603,0.16495229303836823,0.16574710607528687,0.17002202570438385,0.16729192435741425,0.15881207585334778,0.1598615050315857,0.16329246759414673,0.16309718787670135,0.1469256430864334,0.136960968375206,0.12848271429538727,140
0.2936898171901703,0.3103395104408264,0.31526753306388855,0.3077811002731323,0.3006174862384796,0.29725953936576843,0.29653775691986084,0.2989489734172821,0.3009486198425293,0.2820272743701935,0.2841140329837799,0.28948700428009033,0.2914762496948242,0.2714754343032837,0.27565422654151917,0.2812032401561737,0.28257396817207336,0.26492610573768616,0.2678089439868927,0.272680401802063,0.2747441828250885,0.4571148157119751,0.4903281331062317,0.5259121656417847,0.5567459464073181,0.5789206027984619,0.5144433379173279,0.5580594539642334,0.5686079859733582,0.5710250735282898,0.5135138034820557,0.5619444251060486,0.5587208271026611,0.5468822121620178,0.5139496326446533,0.5564781427383423,0.5509371757507324,0.5394899845123291,0.5161156058311462,0.5505942702293396,0.5451732873916626,0.5334766507148743,kapitth,right,,,,,,,,,,,,,,,,,,,,,,,,,,,,,,,,,,,,,,,,,,,141
,,,,,,,,,,,,,,,,,,,,,,,,,,,,,,,,,,,,,,,,,,ardhachandra,left,0.6292568445205688,0.6449590921401978,0.6577586531639099,0.6686552166938782,0.6798521280288696,0.6457030773162842,0.6450149416923523,0.6441932320594788,0.6432364583015442,0.6336966753005981,0.6346043944358826,0.6354983448982239,0.635994017124176,0.6199890971183777,0.6204043626785278,0.6207805871963501,0.6211159229278564,0.6060686111450195,0.6060567498207092,0.6056123375892639,0.6047709584236145,0.5303094983100891,0.5033425688743591,0.47104012966156006,0.44818568229675293,0.4359467625617981,0.4566180109977722,0.41303354501724243,0.3859924077987671,0.3635575771331787,0.46026816964149475,0.41315585374832153,0.3832906484603882,0.3595011234283447,0.46761801838874817,0.4222329258918762,0.39543914794921875,0.37344780564308167,0.47710081934928894,0.44431251287460327,0.4243931770324707,0.40603265166282654,142
,,,,,,,,,,,,,,,,,,,,,,,,,,,,,,,,,,,,,,,,,,mrigasheesh,left,0.5413221716880798,0.5261293649673462,0.5158016085624695,0.5099438428878784,0.5060367584228516,0.5163969993591309,0.508608341217041,0.5021647810935974,0.4974212050437927,0.5180255770683289,0.5092478394508362,0.5023298263549805,0.49665769934654236,0.5206503868103027,0.5121198892593384,0.5050089955329895,0.49931982159614563,0.5243156552314758,0.5187443494796753,0.5145914554595947,0.5102781653404236,0.2159305214881897,0.213174507021904,0.20187067985534668,0.19029544293880463,0.18351446092128754,0.17827866971492767,0.1687563806772232,0.1700788289308548,0.17587299644947052,0.17219947278499603,0.16495229303836823,0.16574710607528687,0.17002202570438385,0.16729192435741425,0.15881207585334778,0.1598615050315857,0.16329246759414673,0.16309718787670135,0.1469256430864334,0.136960968375206,0.12848271429538727,143
0.5081597566604614,0.5078736543655396,0.5146435499191284,0.5227854251861572,0.5281328558921814,0.5269526839256287,0.5423135161399841,0.5525354146957397,0.5594916343688965,0.5345688462257385,0.5498902201652527,0.5574089288711548,0.5626118183135986,0.5401244163513184,0.5551305413246155,0.5585681200027466,0.5599448084831238,0.543953537940979,0.5549908876419067,0.5565689206123352,0.5554792284965515,0.4425942897796631,0.4138049781322479,0.3886638283729553,0.3730538487434387,0.362469345331192,0.37580743432044983,0.3577396869659424,0.34602856636047363,0.3374551236629486,0.39065393805503845,0.3762781023979187,0.3684782385826111,0.3628121614456177,0.408684104681015,0.3994870185852051,0.39442193508148193,0.39143332839012146,0.42788490653038025,0.42096057534217834,0.4173247516155243,0.41605404019355774,kapitth,right,,,,,,,,,,,,,,,,,,,,,,,,,,,,,,,,,,,,,,,,,,,144
,,,,,,,,,,,,,,,,,,,,,,,,,,,,,,,,,,,,,,,,,,bhramara,left,0.27047035098075867,0.25951334834098816,0.2507438361644745,0.25002625584602356,0.2513274550437927,0.23641738295555115,0.2384003847837448,0.24234721064567566,0.2450387179851532,0.24429520964622498,0.23753571510314941,0.23515745997428894,0.23184825479984283,0.2540147304534912,0.25464436411857605,0.256894052028656,0.2562374770641327,0.2657364308834076,0.26673489809036255,0.26674941182136536,0.26420173048973083,0.5405959486961365,0.5487403273582458,0.5445353984832764,0.527672290802002,0.5131070017814636,0.5021074414253235,0.4819336235523224,0.467451810836792,0.45046865940093994,0.4872608184814453,0.4616973400115967,0.4447900056838989,0.4269517958164215,0.48140546679496765,0.47236204147338867,0.4918719232082367,0.5052335858345032,0.4813013970851898,0.47728344798088074,0.4928593039512634,0.5038560032844543,145
0.27373063564300537,0.2839556634426117,0.28868022561073303,0.28497329354286194,0.27501657605171204,0.28183504939079285,0.2772994041442871,0.2747655510902405,0.27081045508384705,0.26719051599502563,0.25279372930526733,0.2562675476074219,0.26012781262397766,0.2540210783481598,0.23707875609397888,0.23786862194538116,0.23938444256782532,0.24445576965808868,0.22447019815444946,0.21133528649806976,0.20061460137367249,0.6075944304466248,0.6061617732048035,0.6048372983932495,0.6075623631477356,0.6136817336082458,0.55040442943573,0.5346499085426331,0.5305426120758057,0.5238788723945618,0.5490991473197937,0.5640252232551575,0.5935525298118591,0.6104028224945068,0.5526474714279175,0.557376503944397,0.5755760669708252,0.587548553943634,0.5583382844924927,0.5519184470176697,0.552881121635437,0.5493290424346924,chandrakala,right,,,,,,,,,,,,,,,,,,,,,,,,,,,,,,,,,,,,,,,,,,,146
0.5081597566604614,0.5078736543655396,0.5146435499191284,0.5227854251861572,0.5281328558921814,0.5269526839256287,0.5423135161399841,0.5525354146957397,0.5594916343688965,0.5345688462257385,0.5498902201652527,0.5574089288711548,0.5626118183135986,0.5401244163513184,0.5551305413246155,0.5585681200027466,0.5599448084831238,0.543953537940979,0.5549908876419067,0.5565689206123352,0.5554792284965515,0.4425942897796631,0.4138049781322479,0.3886638283729553,0.3730538487434387,0.362469345331192,0.37580743432044983,0.3577396869659424,0.34602856636047363,0.3374551236629486,0.39065393805503845,0.3762781023979187,0.3684782385826111,0.3628121614456177,0.408684104681015,0.3994870185852051,0.39442193508148193,0.39143332839012146,0.42788490653038025,0.42096057534217834,0.4173247516155243,0.41605404019355774,kapitth,right,,,,,,,,,,,,,,,,,,,,,,,,,,,,,,,,,,,,,,,,,,,147
0.4815518856048584,0.4866502583026886,0.49109193682670593,0.5009271502494812,0.5112592577934265,0.468614399433136,0.4539218842983246,0.44793787598609924,0.4478399157524109,0.4633324444293976,0.45302900671958923,0.44686728715896606,0.44545674324035645,0.46540549397468567,0.456589013338089,0.45055443048477173,0.44803863763809204,0.47046056389808655,0.470376193523407,0.46941468119621277,0.4707188904285431,0.07175029069185257,0.09537320584058762,0.10722890496253967,0.10744136571884155,0.1129448413848877,0.10371662676334381,0.11262830346822739,0.11511242389678955,0.11440858989953995,0.08152453601360321,0.07752659171819687,0.07815100997686386,0.07851335406303406,0.05781196057796478,0.04568761587142944,0.04308966174721718,0.041803862899541855,0.03762391209602356,0.01402367651462555,-0.003938116133213043,-0.019028805196285248,chandrakala,right,,,,,,,,,,,,,,,,,,,,,,,,,,,,,,,,,,,,,,,,,,,148
0.43342968821525574,0.4385080933570862,0.4465901553630829,0.4562877118587494,0.4639447033405304,0.45628926157951355,0.4719046354293823,0.46520400047302246,0.4582274854183197,0.4611029028892517,0.47617971897125244,0.4706406593322754,0.4639423191547394,0.46423280239105225,0.47793641686439514,0.4731220006942749,0.46706700325012207,0.4659228026866913,0.4777281880378723,0.47380417585372925,0.4682793915271759,0.6184062361717224,0.5841684937477112,0.5569060444831848,0.5455586314201355,0.5508991479873657,0.5756611824035645,0.5601351261138916,0.5608201026916504,0.5681118965148926,0.5959179997444153,0.578252375125885,0.5771325826644897,0.5843027830123901,0.6135172843933105,0.5959051251411438,0.5938109159469604,0.599295973777771,0.6277507543563843,0.6120376586914062,0.6090089678764343,0.6134640574455261,mushti,right,,,,,,,,,,,,,,,,,,,,,,,,,,,,,,,,,,,,,,,,,,,149
,,,,,,,,,,,,,,,,,,,,,,,,,,,,,,,,,,,,,,,,,,ardhachandra,left,0.6178705096244812,0.6367365717887878,0.6524372100830078,0.6653640270233154,0.6775993704795837,0.6411110758781433,0.6424862146377563,0.6433988809585571,0.6437031030654907,0.6287831664085388,0.6312550902366638,0.6319897174835205,0.632433295249939,0.6151859164237976,0.6166545152664185,0.6176116466522217,0.618947446346283,0.6015183925628662,0.6021701097488403,0.6020397543907166,0.6019145846366882,0.49983149766921997,0.4767391085624695,0.44682803750038147,0.42668887972831726,0.4183427095413208,0.4347422122955322,0.3888862729072571,0.3612093925476074,0.3384147882461548,0.43712118268013,0.388491690158844,0.3590078055858612,0.33695483207702637,0.44094428420066833,0.3962721824645996,0.3690985143184662,0.34746211767196655,0.44519028067588806,0.4122157394886017,0.39247646927833557,0.3746604919433594,150
,,,,,,,,,,,,,,,,,,,,,,,,,,,,,,,,,,,,,,,,,,bhramara,left,0.47936099767684937,0.4734855592250824,0.4753013849258423,0.4844333827495575,0.49420398473739624,0.4991442561149597,0.5074877738952637,0.5130091905593872,0.5209800004959106,0.5076699256896973,0.520675778388977,0.531500518321991,0.5436115860939026,0.5111289620399475,0.514032244682312,0.5034124255180359,0.49621403217315674,0.5114229917526245,0.5115439891815186,0.5029056072235107,0.4968903064727783,0.09291873872280121,0.06758659332990646,0.04881473258137703,0.047261226922273636,0.05327146500349045,0.03105418011546135,0.03481839597225189,0.045811500400304794,0.054529860615730286,0.04686865955591202,0.036200545728206635,0.029479311779141426,0.02311256155371666,0.0646984875202179,0.07085423171520233,0.07258779555559158,0.07048453390598297,0.08403192460536957,0.09020854532718658,0.08857794106006622,0.08263471722602844,151
,,,,,,,,,,,,,,,,,,,,,,,,,,,,,,,,,,,,,,,,,,mushti,left,0.3441728949546814,0.3595088720321655,0.3630490005016327,0.35995879769325256,0.35540279746055603,0.3447294533252716,0.3459510803222656,0.34968286752700806,0.3514968752861023,0.33432456851005554,0.33750829100608826,0.34168291091918945,0.34312087297439575,0.3275282382965088,0.33132413029670715,0.3351139426231384,0.33644115924835205,0.3239786922931671,0.32805827260017395,0.33086252212524414,0.3316144347190857,0.7454479336738586,0.7206953763961792,0.689825713634491,0.6713348627090454,0.6656880974769592,0.6714544892311096,0.6526283025741577,0.6599464416503906,0.6695677638053894,0.6788896322250366,0.662081778049469,0.6670668125152588,0.6751364469528198,0.6893103122711182,0.6715407371520996,0.6748185753822327,0.6814903616905212,0.6994789838790894,0.6822302341461182,0.6845930218696594,0.6906895637512207,152
,,,,,,,,,,,,,,,,,,,,,,,,,,,,,,,,,,,,,,,,,,ardhachandra,left,0.5022789239883423,0.5128565430641174,0.5297290086746216,0.5413807034492493,0.5466814637184143,0.538182258605957,0.5633569955825806,0.5789276957511902,0.5913493633270264,0.5379669070243835,0.5651180744171143,0.5811154842376709,0.5930294394493103,0.5357799530029297,0.55992192029953,0.5747973918914795,0.5865768194198608,0.5328494906425476,0.5504615306854248,0.5616803169250488,0.5719414949417114,0.709653913974762,0.7413855791091919,0.7701238393783569,0.7936053276062012,0.8162609338760376,0.750015914440155,0.7521795630455017,0.7531604766845703,0.7534398436546326,0.7276133894920349,0.732286810874939,0.7340782880783081,0.7347195148468018,0.7036504745483398,0.7052109837532043,0.7059890031814575,0.7070728540420532,0.6807941794395447,0.6800948977470398,0.6789713501930237,0.6776252388954163,153
,,,,,,,,,,,,,,,,,,,,,,,,,,,,,,,,,,,,,,,,,,chatur,left,0.5730602741241455,0.5865495800971985,0.596598744392395,0.5956539511680603,0.5886414647102356,0.6006804704666138,0.5963495969772339,0.5895732641220093,0.5834560990333557,0.5927582383155823,0.5863983035087585,0.5795658230781555,0.573739767074585,0.5839057564735413,0.5789850354194641,0.5731629729270935,0.56744784116745,0.5755388736724854,0.5705149173736572,0.5644482374191284,0.5585306882858276,0.8717827200889587,0.8710648417472839,0.8819872140884399,0.8998082280158997,0.9145814776420593,0.9140794277191162,0.9180321097373962,0.9111230373382568,0.9021446108818054,0.928253710269928,0.9291572570800781,0.9188085794448853,0.9062209725379944,0.9367031455039978,0.9454456567764282,0.9425966739654541,0.9341196417808533,0.9397991299629211,0.9531299471855164,0.9588625431060791,0.9610183238983154,154
,,,,,,,,,,,,,,,,,,,,,,,,,,,,,,,,,,,,,,,,,,chatur,left,0.29378852248191833,0.2882467806339264,0.2759767472743988,0.262477844953537,0.25278240442276,0.26519975066185,0.25751134753227234,0.2557266354560852,0.25540611147880554,0.26003357768058777,0.253805935382843,0.2561491131782532,0.2595316767692566,0.25682035088539124,0.24769636988639832,0.24679937958717346,0.24854345619678497,0.2560415267944336,0.24642816185951233,0.24293474853038788,0.24164460599422455,0.6444903612136841,0.6652488112449646,0.6719872951507568,0.6616191267967224,0.6479042768478394,0.6686205863952637,0.6648874282836914,0.6566380858421326,0.6461220383644104,0.6559439301490784,0.6475558280944824,0.6390473246574402,0.6276800632476807,0.6445032358169556,0.636302649974823,0.628784716129303,0.6189287304878235,0.6351001262664795,0.6255001425743103,0.6161530017852783,0.6063770055770874,155
0.44471415877342224,0.4623391628265381,0.4773297607898712,0.4893750548362732,0.4998238682746887,0.46632295846939087,0.4694220721721649,0.47093018889427185,0.4722874164581299,0.45474883913993835,0.45763835310935974,0.4592733085155487,0.4607992470264435,0.4440995752811432,0.44556349515914917,0.44660699367523193,0.44800829887390137,0.4341016411781311,0.4341915547847748,0.4344417154788971,0.4355331361293793,0.13652680814266205,0.1297256201505661,0.11354976892471313,0.09708613902330399,0.08761107176542282,0.06430250406265259,0.03476330637931824,0.01861211657524109,0.00432157889008522,0.05519121140241623,0.01967611536383629,0.000501096248626709,-0.015351690351963043,0.05363485962152481,0.020973660051822662,0.002698216587305069,-0.01225416362285614,0.05877364054322243,0.03399258106946945,0.019338618963956833,0.006107807159423828,ardhachandra,right,,,,,,,,,,,,,,,,,,,,,,,,,,,,,,,,,,,,,,,,,,,156
0.2960236668586731,0.2916240692138672,0.28182798624038696,0.27322670817375183,0.26828375458717346,0.2547391951084137,0.23580457270145416,0.223856583237648,0.21330825984477997,0.2504609227180481,0.22937826812267303,0.21597835421562195,0.20435035228729248,0.25042226910591125,0.2306973934173584,0.21868398785591125,0.20854225754737854,0.2539675831794739,0.23892484605312347,0.22930589318275452,0.22070041298866272,0.5975689888000488,0.5660907626152039,0.5408595204353333,0.519508957862854,0.5009564161300659,0.5607085227966309,0.5546835064888,0.5522228479385376,0.5508634448051453,0.5801423788070679,0.5738868117332458,0.5701586008071899,0.5669459104537964,0.5989656448364258,0.5939107537269592,0.5894562005996704,0.5853628516197205,0.6178393363952637,0.6161532402038574,0.6137228012084961,0.6106305718421936,ardhachandra,right,,,,,,,,,,,,,,,,,,,,,,,,,,,,,,,,,,,,,,,,,,,157
0.2969234585762024,0.2900545001029968,0.278997004032135,0.2698078453540802,0.2649422883987427,0.25390589237213135,0.2354220747947693,0.2243567258119583,0.21502000093460083,0.25167790055274963,0.23100295662879944,0.21784943342208862,0.20676906406879425,0.2531573474407196,0.2342262864112854,0.22231577336788177,0.2122480422258377,0.25798293948173523,0.2437480092048645,0.23435847461223602,0.22580845654010773,0.6515451669692993,0.6234543919563293,0.6023547053337097,0.5831300020217896,0.5643457174301147,0.63262939453125,0.6331267356872559,0.63447105884552,0.6360067129135132,0.6526278853416443,0.6533529162406921,0.6537706851959229,0.6535977125167847,0.6698659062385559,0.6703967452049255,0.6696218252182007,0.6683993935585022,0.6854202747344971,0.6885445713996887,0.6894786357879639,0.6895565390586853,ardhachandra,right,,,,,,,,,,,,,,,,,,,,,,,,,,,,,,,,,,,,,,,,,,,158
0.2969234585762024,0.2900545001029968,0.278997004032135,0.2698078453540802,0.2649422883987427,0.25390589237213135,0.2354220747947693,0.2243567258119583,0.21502000093460083,0.25167790055274963,0.23100295662879944,0.21784943342208862,0.20676906406879425,0.2531573474407196,0.2342262864112854,0.22231577336788177,0.2122480422258377,0.25798293948173523,0.2437480092048645,0.23435847461223602,0.22580845654010773,0.6515451669692993,0.6234543919563293,0.6023547053337097,0.5831300020217896,0.5643457174301147,0.63262939453125,0.6331267356872559,0.63447105884552,0.6360067129135132,0.6526278853416443,0.6533529162406921,0.6537706851959229,0.6535977125167847,0.6698659062385559,0.6703967452049255,0.6696218252182007,0.6683993935585022,0.6854202747344971,0.6885445713996887,0.6894786357879639,0.6895565390586853,ardhachandra,right,,,,,,,,,,,,,,,,,,,,,,,,,,,,,,,,,,,,,,,,,,,159
,,,,,,,,,,,,,,,,,,,,,,,,,,,,,,,,,,,,,,,,,,kapitth,left,0.43536970019340515,0.44394418597221375,0.4492655396461487,0.455619215965271,0.4609449803829193,0.43597647547721863,0.45333391427993774,0.4588306248188019,0.45947346091270447,0.43589845299720764,0.468811959028244,0.46652770042419434,0.4576113522052765,0.4378994405269623,0.46862685680389404,0.46456673741340637,0.45552000403404236,0.4417303502559662,0.46354350447654724,0.46024593710899353,0.4527394771575928,0.6801440119743347,0.683366060256958,0.6769484877586365,0.6660524010658264,0.6628303527832031,0.6569502949714661,0.6337558627128601,0.630100429058075,0.6278399229049683,0.6559653282165527,0.6624041199684143,0.6741436123847961,0.6753649711608887,0.6617848873138428,0.6733201146125793,0.6804900169372559,0.6782041788101196,0.6694037914276123,0.6791326999664307,0.6842741370201111,0.682265043258667,160
0.6109530925750732,0.5960642099380493,0.5780114531517029,0.5666874051094055,0.5661102533340454,0.5819830298423767,0.5801941156387329,0.5826112031936646,0.5822795629501343,0.5936239361763,0.5964916348457336,0.6001508235931396,0.5998056530952454,0.6067516207695007,0.6099153757095337,0.6125962138175964,0.611855685710907,0.6186336874961853,0.62149977684021,0.6230480074882507,0.6224933862686157,0.6283445358276367,0.6159436702728271,0.5969706773757935,0.5787855982780457,0.5593463182449341,0.609965980052948,0.5670334696769714,0.5733035802841187,0.5885621309280396,0.6097004413604736,0.5548267364501953,0.5661709308624268,0.585853099822998,0.6081355810165405,0.5548089742660522,0.5681483745574951,0.5863170623779297,0.6072892546653748,0.5746607780456543,0.584256649017334,0.5956469178199768,kapitth,right,,,,,,,,,,,,,,,,,,,,,,,,,,,,,,,,,,,,,,,,,,,161
,,,,,,,,,,,,,,,,,,,,,,,,,,,,,,,,,,,,,,,,,,ardhachandra,left,0.46859505772590637,0.4475594460964203,0.4310729503631592,0.4200214445590973,0.4103288948535919,0.439787358045578,0.4369073510169983,0.435524046421051,0.4342521131038666,0.45040205121040344,0.44782063364982605,0.4457577168941498,0.44381290674209595,0.4608248770236969,0.45896342396736145,0.45678141713142395,0.4543781876564026,0.4712677597999573,0.47167766094207764,0.47120630741119385,0.4703306257724762,0.1629980057477951,0.15955357253551483,0.14074400067329407,0.12255586683750153,0.11010438203811646,0.10145822912454605,0.06823764741420746,0.04795767366886139,0.02960178628563881,0.09529893845319748,0.058151599019765854,0.034919969737529755,0.013967812061309814,0.09565034508705139,0.06151667982339859,0.04091208800673485,0.02322666347026825,0.10123239457607269,0.07529523968696594,0.058881521224975586,0.04469268023967743,162
0.2833797037601471,0.2953283190727234,0.29933521151542664,0.2946155369281769,0.28649821877479553,0.29738715291023254,0.29495587944984436,0.2938363552093506,0.2930850088596344,0.2830874025821686,0.2717422544956207,0.2708180844783783,0.2722117006778717,0.26907971501350403,0.2551267147064209,0.2552812099456787,0.2570875585079193,0.2568681836128235,0.24176569283008575,0.23082834482192993,0.22213082015514374,0.5555192828178406,0.5522474050521851,0.5406422019004822,0.529854953289032,0.52463299036026,0.5310233235359192,0.5143664479255676,0.5047714710235596,0.4977952241897583,0.5271657109260559,0.5341953635215759,0.5497267246246338,0.561015248298645,0.5244781374931335,0.5363296866416931,0.5557050108909607,0.5704319477081299,0.5228572487831116,0.5173900723457336,0.5143933892250061,0.5096867084503174,chandrakala,right,,,,,,,,,,,,,,,,,,,,,,,,,,,,,,,,,,,,,,,,,,,163
0.44227468967437744,0.4454873502254486,0.45007383823394775,0.45722705125808716,0.4627790153026581,0.4335647225379944,0.4497312307357788,0.4464877247810364,0.4398025870323181,0.4309798777103424,0.46187499165534973,0.45639386773109436,0.4458662271499634,0.4308633804321289,0.45951011776924133,0.4528743624687195,0.4425864815711975,0.43121135234832764,0.4472498595714569,0.44199126958847046,0.43397659063339233,0.6935686469078064,0.6648412346839905,0.6373225450515747,0.6243181824684143,0.6368858814239502,0.648213267326355,0.6428210735321045,0.6441791653633118,0.6437734365463257,0.6751047968864441,0.6883170008659363,0.689796507358551,0.684684157371521,0.7027183771133423,0.7167381048202515,0.7162613868713379,0.7110352516174316,0.7267162203788757,0.7389929890632629,0.738266110420227,0.7340038418769836,kapitth,right,,,,,,,,,,,,,,,,,,,,,,,,,,,,,,,,,,,,,,,,,,,164
,,,,,,,,,,,,,,,,,,,,,,,,,,,,,,,,,,,,,,,,,,ardhachandra,left,0.6882234811782837,0.6911908984184265,0.7016611099243164,0.7119470834732056,0.7186258435249329,0.723274290561676,0.7424899339675903,0.7541475892066956,0.7643563151359558,0.7268134355545044,0.7482541799545288,0.7616021633148193,0.7729312777519226,0.7265232801437378,0.7461614012718201,0.757989764213562,0.7678743600845337,0.7229917049407959,0.7376129031181335,0.7469959855079651,0.7550281286239624,0.4457746148109436,0.40692654252052307,0.3777622580528259,0.3587281405925751,0.34068453311920166,0.3935142159461975,0.3887951076030731,0.3865011930465698,0.3847131133079529,0.4126054048538208,0.40782007575035095,0.40404507517814636,0.40098875761032104,0.4314422607421875,0.42782655358314514,0.4237842559814453,0.4199642539024353,0.4505782425403595,0.4510442018508911,0.4495534300804138,0.44768160581588745,165
0.38590094447135925,0.3989346921443939,0.41677361726760864,0.4278545677661896,0.42309749126434326,0.40753236413002014,0.40350407361984253,0.40080726146698,0.4005771279335022,0.39395615458488464,0.38764601945877075,0.38541314005851746,0.3868540823459625,0.38123655319213867,0.3753650188446045,0.3744107484817505,0.3763347268104553,0.3713590204715729,0.36669713258743286,0.36544662714004517,0.3659072816371918,0.38125079870224,0.39411330223083496,0.407527357339859,0.4190623164176941,0.43316611647605896,0.3875178396701813,0.4326445162296295,0.43022939562797546,0.41654106974601746,0.38161036372184753,0.4301813840866089,0.42296895384788513,0.4065293073654175,0.37958824634552,0.4233234226703644,0.4140007495880127,0.39849016070365906,0.3794695734977722,0.40750300884246826,0.4004514515399933,0.38898807764053345,kapitth,right,,,,,,,,,,,,,,,,,,,,,,,,,,,,,,,,,,,,,,,,,,,166
0.2833797037601471,0.2953283190727234,0.29933521151542664,0.2946155369281769,0.28649821877479553,0.29738715291023254,0.29495587944984436,0.2938363552093506,0.2930850088596344,0.2830874025821686,0.2717422544956207,0.2708180844783783,0.2722117006778717,0.26907971501350403,0.2551267147064209,0.2552812099456787,0.2570875585079193,0.2568681836128235,0.24176569283008575,0.23082834482192993,0.22213082015514374,0.5555192828178406,0.5522474050521851,0.5406422019004822,0.529854953289032,0.52463299036026,0.5310233235359192,0.5143664479255676,0.5047714710235596,0.4977952241897583,0.5271657109260559,0.5341953635215759,0.5497267246246338,0.561015248298645,0.5244781374931335,0.5363296866416931,0.5557050108909607,0.5704319477081299,0.5228572487831116,0.5173900723457336,0.5143933892250061,0.5096867084503174,chandrakala,right,,,,,,,,,,,,,,,,,,,,,,,,,,,,,,,,,,,,,,,,,,,167
0.4435838758945465,0.4487476646900177,0.45268312096595764,0.4590565264225006,0.4649350345134735,0.43322452902793884,0.4514325261116028,0.45035624504089355,0.4441538155078888,0.42993488907814026,0.4607963263988495,0.45752090215682983,0.44799837470054626,0.429859459400177,0.4592905044555664,0.45469236373901367,0.4447699189186096,0.43110397458076477,0.45030951499938965,0.4466865658760071,0.4388051927089691,0.717638373374939,0.6966255903244019,0.6715130805969238,0.6573737263679504,0.6613540053367615,0.6726945638656616,0.6690775752067566,0.6670279502868652,0.6622480750083923,0.6942809820175171,0.7083624005317688,0.7125849723815918,0.7080837488174438,0.7199043035507202,0.7340624928474426,0.735173225402832,0.728621244430542,0.7435251474380493,0.7535607814788818,0.7535477876663208,0.7485091686248779,kapitth,right,,,,,,,,,,,,,,,,,,,,,,,,,,,,,,,,,,,,,,,,,,,168
0.38131749629974365,0.38918086886405945,0.40325692296028137,0.41339191794395447,0.40942418575286865,0.40366852283477783,0.41413357853889465,0.4166627526283264,0.418640673160553,0.3941965401172638,0.39120766520500183,0.38775530457496643,0.38702404499053955,0.38067856431007385,0.37482696771621704,0.37335872650146484,0.3750336170196533,0.36828041076660156,0.3638991415500641,0.36255818605422974,0.36321255564689636,0.40703409910202026,0.4147072434425354,0.41898807883262634,0.42831355333328247,0.44201260805130005,0.38940101861953735,0.4073657989501953,0.40578722953796387,0.3969317674636841,0.38339370489120483,0.43197426199913025,0.4281580448150635,0.41486746072769165,0.3820473849773407,0.4299163818359375,0.42253100872039795,0.4076690971851349,0.3833938241004944,0.41564178466796875,0.4090867340564728,0.3972982168197632,kapitth,right,,,,,,,,,,,,,,,,,,,,,,,,,,,,,,,,,,,,,,,,,,,169
,,,,,,,,,,,,,,,,,,,,,,,,,,,,,,,,,,,,,,,,,,bhramara,left,0.5038917064666748,0.5006046295166016,0.49247273802757263,0.4829508066177368,0.47778719663619995,0.4852863848209381,0.47835609316825867,0.4725894331932068,0.4651005268096924,0.48316800594329834,0.4801819920539856,0.479349821805954,0.4774501919746399,0.48448044061660767,0.4932268559932709,0.5027318000793457,0.5090610980987549,0.48900794982910156,0.49662405252456665,0.5048957467079163,0.5107399225234985,0.8123332262039185,0.843798041343689,0.8649918437004089,0.8755926489830017,0.8792899250984192,0.8710792660713196,0.8755829334259033,0.8724567890167236,0.8703045845031738,0.8498350381851196,0.8605978488922119,0.8673384785652161,0.8742896914482117,0.8272589445114136,0.8299944400787354,0.832688570022583,0.8355978727340698,0.8065401315689087,0.805136501789093,0.8103857040405273,0.8156223893165588,170
,,,,,,,,,,,,,,,,,,,,,,,,,,,,,,,,,,,,,,,,,,bhramara,left,0.31305649876594543,0.29873326420783997,0.29029616713523865,0.28540268540382385,0.2810038626194,0.29101842641830444,0.29023656249046326,0.29177185893058777,0.29357486963272095,0.30333656072616577,0.3067522346973419,0.305623859167099,0.30346015095710754,0.3152366876602173,0.3182399570941925,0.3129330277442932,0.3075161278247833,0.3253140449523926,0.3281724154949188,0.3218265771865845,0.31546899676322937,0.5211141109466553,0.5007493495941162,0.47126147150993347,0.44352149963378906,0.4263979196548462,0.4730721712112427,0.460517942905426,0.4492765963077545,0.4355287551879883,0.47394827008247375,0.47078216075897217,0.48193448781967163,0.4919162094593048,0.47799140214920044,0.48299089074134827,0.4994128346443176,0.5126940011978149,0.48628687858581543,0.4939802289009094,0.5091718435287476,0.5210210084915161,171
,,,,,,,,,,,,,,,,,,,,,,,,,,,,,,,,,,,,,,,,,,bhramara,left,0.31807997822761536,0.2960739731788635,0.28268861770629883,0.27702176570892334,0.27677327394485474,0.2877984046936035,0.28799372911453247,0.28908222913742065,0.28960758447647095,0.3007490336894989,0.3051818609237671,0.30356600880622864,0.30124738812446594,0.31356513500213623,0.3160155117511749,0.3121629059314728,0.3082149624824524,0.3242652118206024,0.327332079410553,0.32337290048599243,0.3195505440235138,0.5280565619468689,0.514437735080719,0.4883735477924347,0.4609660804271698,0.44183143973350525,0.4911944270133972,0.48128053545951843,0.4709049463272095,0.45755189657211304,0.4899241626262665,0.5007985830307007,0.5139980912208557,0.5247808694839478,0.49236345291137695,0.513782799243927,0.5288700461387634,0.5395516157150269,0.49913713335990906,0.5158938765525818,0.5288997292518616,0.5386101603507996,172
0.48859676718711853,0.48635244369506836,0.48575177788734436,0.4864310920238495,0.48775261640548706,0.4784521162509918,0.46996617317199707,0.4646076560020447,0.46054092049598694,0.4781300127506256,0.4772755801677704,0.47768327593803406,0.4782119691371918,0.4800052344799042,0.48036134243011475,0.48063281178474426,0.48230308294296265,0.4832203686237335,0.48566734790802,0.4884551763534546,0.4919540286064148,0.12631234526634216,0.09974140673875809,0.06948069483041763,0.04229332506656647,0.020992331206798553,0.08711473643779755,0.0819978266954422,0.07998776435852051,0.07836981117725372,0.11439143121242523,0.11341959983110428,0.1128157451748848,0.11300446838140488,0.13742291927337646,0.1373903602361679,0.13771995902061462,0.13801831007003784,0.1553637832403183,0.15803876519203186,0.1589234471321106,0.1580529808998108,chandrakala,right,,,,,,,,,,,,,,,,,,,,,,,,,,,,,,,,,,,,,,,,,,,173
0.6252292394638062,0.6333170533180237,0.6457440257072449,0.6558690667152405,0.6633577346801758,0.6501011848449707,0.6667665243148804,0.6767817735671997,0.6827694773674011,0.6503145098686218,0.6657297611236572,0.6742321252822876,0.6793015599250793,0.6506226062774658,0.66557776927948,0.6733179092407227,0.6781125068664551,0.6510612368583679,0.6630227565765381,0.6695992946624756,0.6738247871398926,0.6838721036911011,0.6671855449676514,0.6510876417160034,0.6428410410881042,0.6364439725875854,0.6372108459472656,0.6268302798271179,0.6214587092399597,0.6172930598258972,0.6368895769119263,0.6251389980316162,0.6218915581703186,0.6198498606681824,0.6404570937156677,0.6260478496551514,0.622154712677002,0.6201311945915222,0.6471339464187622,0.6338577270507812,0.6284517645835876,0.625262439250946,chatur,right,,,,,,,,,,,,,,,,,,,,,,,,,,,,,,,,,,,,,,,,,,,174
,,,,,,,,,,,,,,,,,,,,,,,,,,,,,,,,,,,,,,,,,,bhramara,left,0.31807997822761536,0.2960739731788635,0.28268861770629883,0.27702176570892334,0.27677327394485474,0.2877984046936035,0.28799372911453247,0.28908222913742065,0.28960758447647095,0.3007490336894989,0.3051818609237671,0.30356600880622864,0.30124738812446594,0.31356513500213623,0.3160155117511749,0.3121629059314728,0.3082149624824524,0.3242652118206024,0.327332079410553,0.32337290048599243,0.3195505440235138,0.5280565619468689,0.514437735080719,0.4883735477924347,0.4609660804271698,0.44183143973350525,0.4911944270133972,0.48128053545951843,0.4709049463272095,0.45755189657211304,0.4899241626262665,0.5007985830307007,0.5139980912208557,0.5247808694839478,0.49236345291137695,0.513782799243927,0.5288700461387634,0.5395516157150269,0.49913713335990906,0.5158938765525818,0.5288997292518616,0.5386101603507996,175
0.6077777147293091,0.5925673842430115,0.5804146528244019,0.5750389099121094,0.5740317106246948,0.57380610704422,0.5701889991760254,0.5697978734970093,0.5694537162780762,0.5804534554481506,0.5818125605583191,0.5850481390953064,0.5856373906135559,0.5898627042770386,0.5898085832595825,0.5920130610466003,0.5923490524291992,0.6001793146133423,0.5997962355613708,0.6010450124740601,0.6010292768478394,0.2897491455078125,0.2775958776473999,0.25760215520858765,0.23937003314495087,0.22573913633823395,0.24596001207828522,0.2170492559671402,0.19827573001384735,0.18720899522304535,0.2416868507862091,0.21539965271949768,0.2132527083158493,0.21581462025642395,0.23829691112041473,0.2135874629020691,0.21281959116458893,0.21636264026165009,0.2360421121120453,0.21597303450107574,0.21703064441680908,0.22268347442150116,chatur,right,,,,,,,,,,,,,,,,,,,,,,,,,,,,,,,,,,,,,,,,,,,176
,,,,,,,,,,,,,,,,,,,,,,,,,,,,,,,,,,,,,,,,,,bhramara,left,0.31932562589645386,0.2986518442630768,0.2860994338989258,0.282850444316864,0.282898873090744,0.28857967257499695,0.29011306166648865,0.29400181770324707,0.2973148822784424,0.3017568290233612,0.29814985394477844,0.2900172173976898,0.2829943299293518,0.31454432010650635,0.31398528814315796,0.31036117672920227,0.3078339993953705,0.326754093170166,0.32748517394065857,0.32406893372535706,0.3216518759727478,0.5275897979736328,0.5283179879188538,0.5099867582321167,0.4855511784553528,0.4678221344947815,0.4930581748485565,0.47853460907936096,0.4664262533187866,0.4509124159812927,0.48562464118003845,0.4753628969192505,0.4693702757358551,0.4629122018814087,0.4833308756351471,0.4915353059768677,0.5128498673439026,0.5280014872550964,0.48682066798210144,0.5001758337020874,0.5170895457267761,0.5286979079246521,177
,,,,,,,,,,,,,,,,,,,,,,,,,,,,,,,,,,,,,,,,,,kapitth,left,0.6634390950202942,0.6525126695632935,0.6423290967941284,0.6337354779243469,0.626757025718689,0.6494271755218506,0.6450859308242798,0.6356223225593567,0.6292277574539185,0.6511008739471436,0.6355995535850525,0.6306228637695312,0.6304397583007812,0.6514537930488586,0.6354237198829651,0.6326168775558472,0.6340625286102295,0.650855302810669,0.6384130716323853,0.6381574273109436,0.6417933702468872,0.7818509936332703,0.752704918384552,0.7260259389877319,0.7075279355049133,0.6951040029525757,0.7192112803459167,0.6897119879722595,0.6861339807510376,0.6896681785583496,0.7385223507881165,0.7264634966850281,0.7286872863769531,0.7304826378822327,0.7616608142852783,0.7553612589836121,0.7599186301231384,0.762359619140625,0.7851735353469849,0.7848605513572693,0.7871389389038086,0.7889236211776733,178
0.4898562729358673,0.5005648732185364,0.5152562856674194,0.5273955464363098,0.5363438129425049,0.5190349221229553,0.5295739769935608,0.5349505543708801,0.5405182242393494,0.5154911875724792,0.5236150622367859,0.5276089906692505,0.532321572303772,0.5128196477890015,0.5216034650802612,0.5272338390350342,0.533086895942688,0.5116644501686096,0.5211748480796814,0.5272031426429749,0.5329327583312988,0.36793339252471924,0.37050166726112366,0.3725775480270386,0.3653840124607086,0.3547409176826477,0.38970622420310974,0.40160322189331055,0.4061852991580963,0.40996089577674866,0.39137497544288635,0.4013364613056183,0.4046047329902649,0.4079955518245697,0.3925569951534271,0.4047808349132538,0.4110053777694702,0.41600286960601807,0.391891211271286,0.4026601314544678,0.41071441769599915,0.4194352626800537,mrigasheesh,right,,,,,,,,,,,,,,,,,,,,,,,,,,,,,,,,,,,,,,,,,,,179
,,,,,,,,,,,,,,,,,,,,,,,,,,,,,,,,,,,,,,,,,,kapitth,left,0.6634390950202942,0.6525126695632935,0.6423290967941284,0.6337354779243469,0.626757025718689,0.6494271755218506,0.6450859308242798,0.6356223225593567,0.6292277574539185,0.6511008739471436,0.6355995535850525,0.6306228637695312,0.6304397583007812,0.6514537930488586,0.6354237198829651,0.6326168775558472,0.6340625286102295,0.650855302810669,0.6384130716323853,0.6381574273109436,0.6417933702468872,0.7818509936332703,0.752704918384552,0.7260259389877319,0.7075279355049133,0.6951040029525757,0.7192112803459167,0.6897119879722595,0.6861339807510376,0.6896681785583496,0.7385223507881165,0.7264634966850281,0.7286872863769531,0.7304826378822327,0.7616608142852783,0.7553612589836121,0.7599186301231384,0.762359619140625,0.7851735353469849,0.7848605513572693,0.7871389389038086,0.7889236211776733,180
,,,,,,,,,,,,,,,,,,,,,,,,,,,,,,,,,,,,,,,,,,mrigasheesh,left,0.4158112406730652,0.4142329692840576,0.4134756922721863,0.4104714095592499,0.40407946705818176,0.43043309450149536,0.43849027156829834,0.4404686391353607,0.44032022356987,0.4352509081363678,0.4435209631919861,0.44549065828323364,0.44578734040260315,0.43858346343040466,0.44174614548683167,0.44318023324012756,0.4439035952091217,0.44129815697669983,0.4472150206565857,0.4509011209011078,0.4536862373352051,0.5196521878242493,0.4971461892127991,0.4687400758266449,0.4460272490978241,0.42877066135406494,0.4689594507217407,0.4445762038230896,0.42990320920944214,0.4166451394557953,0.48039060831069946,0.459550142288208,0.4478952884674072,0.43683236837387085,0.4917202293872833,0.47159045934677124,0.4602108597755432,0.45028960704803467,0.5023671388626099,0.49151986837387085,0.4835703670978546,0.47475552558898926,181
,,,,,,,,,,,,,,,,,,,,,,,,,,,,,,,,,,,,,,,,,,bhramara,left,0.5215972661972046,0.5194710493087769,0.5140466094017029,0.5078238248825073,0.5045990943908691,0.49643850326538086,0.48840439319610596,0.4811583161354065,0.4721061587333679,0.49210622906684875,0.48425939679145813,0.47861939668655396,0.47287407517433167,0.49176880717277527,0.49418866634368896,0.5057578086853027,0.5147667527198792,0.4950624704360962,0.4981839656829834,0.5074950456619263,0.5148023962974548,0.825937032699585,0.8510064482688904,0.8651601672172546,0.8694213628768921,0.8717290759086609,0.8770243525505066,0.8723415732383728,0.8666393756866455,0.8635339736938477,0.8564297556877136,0.8643619418144226,0.8743737936019897,0.8840580582618713,0.8345938920974731,0.8318630456924438,0.8375234603881836,0.8444210886955261,0.8128860592842102,0.8071179986000061,0.8133294582366943,0.8204101920127869,182
0.8468496799468994,0.7515081167221069,0.619288980960846,0.567720353603363,0.545552134513855,0.4038277268409729,0.21371814608573914,0.17573398351669312,0.17317596077919006,0.431356817483902,0.21532393991947174,0.18383464217185974,0.2041434943675995,0.5068866014480591,0.31797361373901367,0.2966315746307373,0.3014868497848511,0.6127486824989319,0.5118789076805115,0.49263590574264526,0.48463675379753113,0.7989554405212402,0.6582750678062439,0.5682886838912964,0.4771261215209961,0.39298537373542786,0.6980214715003967,0.6196661591529846,0.5298144817352295,0.4529365301132202,0.7313723564147949,0.6424307227134705,0.5336353182792664,0.44916462898254395,0.7395132184028625,0.6537338495254517,0.5494608879089355,0.4741402864456177,0.7181167006492615,0.6247295141220093,0.5528742671012878,0.49994957447052,padmakosh,right,,,,,,,,,,,,,,,,,,,,,,,,,,,,,,,,,,,,,,,,,,,183
0.8468496799468994,0.7515081167221069,0.619288980960846,0.567720353603363,0.545552134513855,0.4038277268409729,0.21371814608573914,0.17573398351669312,0.17317596077919006,0.431356817483902,0.21532393991947174,0.18383464217185974,0.2041434943675995,0.5068866014480591,0.31797361373901367,0.2966315746307373,0.3014868497848511,0.6127486824989319,0.5118789076805115,0.49263590574264526,0.48463675379753113,0.7989554405212402,0.6582750678062439,0.5682886838912964,0.4771261215209961,0.39298537373542786,0.6980214715003967,0.6196661591529846,0.5298144817352295,0.4529365301132202,0.7313723564147949,0.6424307227134705,0.5336353182792664,0.44916462898254395,0.7395132184028625,0.6537338495254517,0.5494608879089355,0.4741402864456177,0.7181167006492615,0.6247295141220093,0.5528742671012878,0.49994957447052,padmakosh,right,,,,,,,,,,,,,,,,,,,,,,,,,,,,,,,,,,,,,,,,,,,184
,,,,,,,,,,,,,,,,,,,,,,,,,,,,,,,,,,,,,,,,,,mrigasheesh,left,0.40126460790634155,0.4055715799331665,0.41545090079307556,0.4305492341518402,0.44205015897750854,0.42876967787742615,0.45196571946144104,0.459205687046051,0.4622091054916382,0.4317840337753296,0.4579645097255707,0.4642890989780426,0.46577104926109314,0.43358004093170166,0.4587114751338959,0.4649479389190674,0.4668349623680115,0.4349746108055115,0.45315128564834595,0.45761755108833313,0.45971202850341797,0.7418596744537354,0.7712892293930054,0.7939230799674988,0.7991651296615601,0.7935601472854614,0.7939965724945068,0.8012087941169739,0.7977244853973389,0.7940059900283813,0.7766579389572144,0.7803108096122742,0.7781192660331726,0.7762210369110107,0.7572770714759827,0.7591567039489746,0.7578505277633667,0.7576270699501038,0.7367380857467651,0.7378364205360413,0.7351166009902954,0.7328326106071472,185
0.6398479342460632,0.6505846977233887,0.6630750894546509,0.6732150912284851,0.6801757216453552,0.6614928245544434,0.6616792678833008,0.6605905294418335,0.6603400707244873,0.6507391929626465,0.6508206129074097,0.6499507427215576,0.6498035788536072,0.6395950317382812,0.6393131017684937,0.6391111612319946,0.6395214200019836,0.6288895010948181,0.6276721358299255,0.6275533437728882,0.6280694007873535,0.3645254969596863,0.3713836669921875,0.38332876563072205,0.38809287548065186,0.38184815645217896,0.38214409351348877,0.40864527225494385,0.42225679755210876,0.4312763810157776,0.38112887740135193,0.40996819734573364,0.4258781373500824,0.43732285499572754,0.3809380531311035,0.4104596674442291,0.4255334734916687,0.43696868419647217,0.381702721118927,0.4026236832141876,0.41367557644844055,0.42235225439071655,mrigasheesh,right,,,,,,,,,,,,,,,,,,,,,,,,,,,,,,,,,,,,,,,,,,,186
,,,,,,,,,,,,,,,,,,,,,,,,,,,,,,,,,,,,,,,,,,mushti,left,0.5692740082740784,0.5561755895614624,0.5388599038124084,0.5244076251983643,0.5143115520477295,0.538886547088623,0.520517110824585,0.5231379270553589,0.5277389883995056,0.5417665243148804,0.5231536626815796,0.5281566977500916,0.5335880517959595,0.5443524122238159,0.52922523021698,0.5344141125679016,0.5392847061157227,0.5466843247413635,0.5362417697906494,0.5405644178390503,0.5446659326553345,0.20925334095954895,0.1910930871963501,0.17988894879817963,0.17885372042655945,0.17870181798934937,0.1589594930410385,0.17233192920684814,0.18407469987869263,0.18468599021434784,0.1692916303873062,0.18932126462459564,0.19688719511032104,0.194124236702919,0.1836441606283188,0.20422035455703735,0.20913396775722504,0.2050004005432129,0.19939042627811432,0.21594500541687012,0.21930158138275146,0.21536482870578766,187
0.32347044348716736,0.32846206426620483,0.3274039626121521,0.3183195888996124,0.30990588665008545,0.33057016134262085,0.3237946927547455,0.3212807774543762,0.3226340711116791,0.32074305415153503,0.3142988085746765,0.3136483430862427,0.31650519371032715,0.31256672739982605,0.30591899156570435,0.3068650960922241,0.31043168902397156,0.3055240511894226,0.2996508479118347,0.30142295360565186,0.3057349920272827,0.591044545173645,0.5575528144836426,0.5314502120018005,0.5156798362731934,0.5149444937705994,0.5172377228736877,0.4992935061454773,0.5101444125175476,0.5202481746673584,0.5217938423156738,0.5052934288978577,0.519187331199646,0.5269480347633362,0.5292332172393799,0.514204740524292,0.5270826816558838,0.5357704162597656,0.5399574041366577,0.5298656225204468,0.5373319387435913,0.5440181493759155,mushti,right,,,,,,,,,,,,,,,,,,,,,,,,,,,,,,,,,,,,,,,,,,,188
,,,,,,,,,,,,,,,,,,,,,,,,,,,,,,,,,,,,,,,,,,mrigasheesh,left,0.5441744327545166,0.536076009273529,0.5298451781272888,0.5229515433311462,0.516032874584198,0.5378864407539368,0.5234195590019226,0.513323962688446,0.507080078125,0.5379403233528137,0.5215969681739807,0.5109483003616333,0.5032516717910767,0.5355924963951111,0.5201923847198486,0.5095636248588562,0.5017174482345581,0.5310536623001099,0.5182665586471558,0.5096497535705566,0.50244140625,0.6568771004676819,0.6290934681892395,0.6064305305480957,0.5910915732383728,0.5829110145568848,0.591579794883728,0.5789956450462341,0.579958975315094,0.5827810168266296,0.6043651103973389,0.5926347374916077,0.5923075079917908,0.5934354662895203,0.6206505298614502,0.6086918115615845,0.6055593490600586,0.6053338050842285,0.638577938079834,0.6272495985031128,0.6217131614685059,0.6190133690834045,189
,,,,,,,,,,,,,,,,,,,,,,,,,,,,,,,,,,,,,,,,,,mrigasheesh,left,0.41132065653800964,0.42586949467658997,0.4401800036430359,0.44980213046073914,0.45508310198783875,0.44972020387649536,0.45631900429725647,0.45573219656944275,0.454858660697937,0.443250834941864,0.44861525297164917,0.4482962489128113,0.4479844868183136,0.4349713623523712,0.4398899972438812,0.44071680307388306,0.4409448802471161,0.425788551568985,0.4304446876049042,0.43238070607185364,0.4334087669849396,0.5704953670501709,0.5525075197219849,0.542270302772522,0.5332080721855164,0.5235090255737305,0.5664322972297668,0.5416750907897949,0.5230928659439087,0.511128842830658,0.567230761051178,0.538383960723877,0.519281804561615,0.5047779679298401,0.5637742280960083,0.5359797477722168,0.5183481574058533,0.5049734711647034,0.556540846824646,0.5325216054916382,0.5170772075653076,0.5043427348136902,190
0.3577262759208679,0.38834869861602783,0.435258150100708,0.47946083545684814,0.510176420211792,0.540032684803009,0.6001828908920288,0.5445286631584167,0.48731890320777893,0.5331800580024719,0.587949812412262,0.513971745967865,0.44816893339157104,0.5140285491943359,0.5668464303016663,0.49553465843200684,0.4346805810928345,0.48357900977134705,0.5123536586761475,0.4758218228816986,0.4419771432876587,0.3956155478954315,0.5129601359367371,0.6077829003334045,0.6697542071342468,0.6955896019935608,0.43490272760391235,0.4631524682044983,0.5007762312889099,0.534010648727417,0.3502812683582306,0.3860762417316437,0.4541989266872406,0.5052735209465027,0.26873427629470825,0.29366952180862427,0.38010382652282715,0.44034913182258606,0.19253945350646973,0.1942337155342102,0.2460925579071045,0.2875104546546936,chandrakala,right,,,,,,,,,,,,,,,,,,,,,,,,,,,,,,,,,,,,,,,,,,,191
,,,,,,,,,,,,,,,,,,,,,,,,,,,,,,,,,,,,,,,,,,sarpasheesh,left,0.45896342396736145,0.400290846824646,0.34577688574790955,0.3314726948738098,0.3325703740119934,0.29989877343177795,0.30850082635879517,0.34338855743408203,0.38008078932762146,0.33421626687049866,0.3385348618030548,0.3710450530052185,0.40425336360931396,0.3718709647655487,0.37020596861839294,0.3920100927352905,0.4199366569519043,0.4151391386985779,0.4077939987182617,0.41714558005332947,0.43303850293159485,0.8897684812545776,0.813656747341156,0.6903684735298157,0.5737149715423584,0.46337610483169556,0.590121328830719,0.4405891001224518,0.34417086839675903,0.27782636880874634,0.5698908567428589,0.4162365198135376,0.32448554039001465,0.2533165216445923,0.5614336133003235,0.42289969325065613,0.33103442192077637,0.25941163301467896,0.5644587278366089,0.455652117729187,0.3839024603366852,0.3159008026123047,192
,,,,,,,,,,,,,,,,,,,,,,,,,,,,,,,,,,,,,,,,,,sarpasheesh,left,0.45896342396736145,0.400290846824646,0.34577688574790955,0.3314726948738098,0.3325703740119934,0.29989877343177795,0.30850082635879517,0.34338855743408203,0.38008078932762146,0.33421626687049866,0.3385348618030548,0.3710450530052185,0.40425336360931396,0.3718709647655487,0.37020596861839294,0.3920100927352905,0.4199366569519043,0.4151391386985779,0.4077939987182617,0.41714558005332947,0.43303850293159485,0.8897684812545776,0.813656747341156,0.6903684735298157,0.5737149715423584,0.46337610483169556,0.590121328830719,0.4405891001224518,0.34417086839675903,0.27782636880874634,0.5698908567428589,0.4162365198135376,0.32448554039001465,0.2533165216445923,0.5614336133003235,0.42289969325065613,0.33103442192077637,0.25941163301467896,0.5644587278366089,0.455652117729187,0.3839024603366852,0.3159008026123047,193
,,,,,,,,,,,,,,,,,,,,,,,,,,,,,,,,,,,,,,,,,,sarpasheesh,left,0.5493483543395996,0.5874121189117432,0.5567893981933594,0.47825708985328674,0.4114154279232025,0.3908236026763916,0.31104373931884766,0.3097715377807617,0.32519063353538513,0.34445545077323914,0.2518681287765503,0.26377129554748535,0.2986780107021332,0.33017879724502563,0.24987629055976868,0.26078665256500244,0.2901192307472229,0.33326271176338196,0.27410948276519775,0.2774638533592224,0.29970240592956543,0.9189423322677612,0.7454865574836731,0.6156535148620605,0.5455846190452576,0.48009175062179565,0.6525664925575256,0.42772188782691956,0.2984675467014313,0.2098296582698822,0.706612765789032,0.47122395038604736,0.3306979537010193,0.25141844153404236,0.736050546169281,0.5372440814971924,0.4165307879447937,0.3447052538394928,0.7447236776351929,0.5982323884963989,0.4963826537132263,0.42723962664604187,194
,,,,,,,,,,,,,,,,,,,,,,,,,,,,,,,,,,,,,,,,,,sarpasheesh,left,0.6135095357894897,0.6171255111694336,0.592758297920227,0.5363510847091675,0.4866787791252136,0.4895383417606354,0.43978214263916016,0.41456499695777893,0.37803196907043457,0.455741286277771,0.4029914140701294,0.37615031003952026,0.34535834193229675,0.43375664949417114,0.38046759366989136,0.355907142162323,0.3366052508354187,0.4204501211643219,0.3796572983264923,0.3573020100593567,0.33544600009918213,0.4055531620979309,0.5890836119651794,0.7226800322532654,0.7884761691093445,0.8140807747840881,0.7252558469772339,0.7926909327507019,0.8255590796470642,0.856537938117981,0.6630663275718689,0.7414437532424927,0.7841516137123108,0.8194966912269592,0.5970906615257263,0.6818472146987915,0.7329306602478027,0.7761127352714539,0.5113421082496643,0.607852041721344,0.6698402762413025,0.7274618744850159,195
,,,,,,,,,,,,,,,,,,,,,,,,,,,,,,,,,,,,,,,,,,sarpasheesh,left,0.5042239427566528,0.42824786901474,0.36815863847732544,0.33923059701919556,0.3294494152069092,0.3646094501018524,0.32657188177108765,0.30989158153533936,0.29389986395835876,0.39442044496536255,0.3544667363166809,0.33220988512039185,0.3159458041191101,0.430329293012619,0.3882107138633728,0.35918745398521423,0.3324751853942871,0.473513126373291,0.4297451376914978,0.3973565995693207,0.3658328056335449,0.6151413917541504,0.6513111591339111,0.6313481330871582,0.5648910403251648,0.4762718677520752,0.455727219581604,0.3732037842273712,0.3328184187412262,0.27018848061561584,0.40690112113952637,0.33119040727615356,0.2812262773513794,0.2221471667289734,0.3772878646850586,0.3018503487110138,0.2520686984062195,0.20584715902805328,0.35557499527931213,0.2865169942378998,0.2417144626379013,0.19755718111991882,196
,,,,,,,,,,,,,,,,,,,,,,,,,,,,,,,,,,,,,,,,,,sarpasheesh,left,0.630918562412262,0.6385351419448853,0.6145044565200806,0.5551574230194092,0.5017210841178894,0.506928563117981,0.457821786403656,0.4336191415786743,0.3975197374820709,0.47062253952026367,0.4195152819156647,0.3928838074207306,0.36171621084213257,0.4461680054664612,0.39319488406181335,0.3691055476665497,0.34826478362083435,0.4309874475002289,0.3900788128376007,0.3675891160964966,0.34311071038246155,0.3764117360115051,0.5662050247192383,0.7111384272575378,0.7888889312744141,0.804280161857605,0.7209269404411316,0.7879680395126343,0.8199553489685059,0.8498867750167847,0.6583735346794128,0.7392576336860657,0.7830981016159058,0.8186407089233398,0.5923501253128052,0.6777697801589966,0.730976402759552,0.7755359411239624,0.5044726133346558,0.5998525023460388,0.6618501543998718,0.7189521193504333,197
,,,,,,,,,,,,,,,,,,,,,,,,,,,,,,,,,,,,,,,,,,sarpasheesh,left,0.5350947976112366,0.44967132806777954,0.37809884548187256,0.34065887331962585,0.3288609981536865,0.37147316336631775,0.33359652757644653,0.3170555830001831,0.302152156829834,0.40285903215408325,0.3610773980617523,0.34035664796829224,0.32472413778305054,0.437771201133728,0.3938997685909271,0.367803156375885,0.34536266326904297,0.4829775094985962,0.4341524839401245,0.4023106098175049,0.37278077006340027,0.6659239530563354,0.7015534043312073,0.6794803142547607,0.590991199016571,0.5023524761199951,0.5008596777915955,0.4122962951660156,0.36698466539382935,0.3039955794811249,0.4419325590133667,0.3533884882926941,0.3030685782432556,0.2455264776945114,0.40506109595298767,0.3174270987510681,0.2711148262023926,0.23094505071640015,0.3807375133037567,0.30865153670310974,0.26772594451904297,0.22761285305023193,198
,,,,,,,,,,,,,,,,,,,,,,,,,,,,,,,,,,,,,,,,,,sarpasheesh,left,0.5025973320007324,0.4257872700691223,0.35266754031181335,0.3093686103820801,0.28079766035079956,0.3124554753303528,0.25679564476013184,0.23060591518878937,0.20737583935260773,0.3399029076099396,0.27925413846969604,0.24844568967819214,0.221832275390625,0.3744409680366516,0.3186531364917755,0.28613436222076416,0.2587875723838806,0.42166584730148315,0.3705653250217438,0.3382095694541931,0.30713194608688354,0.6031426787376404,0.6733508706092834,0.6671909093856812,0.590162992477417,0.4904261827468872,0.5023341178894043,0.40250521898269653,0.33558976650238037,0.26379796862602234,0.44192010164260864,0.3400031626224518,0.2662235498428345,0.19239889085292816,0.4058888554573059,0.31447553634643555,0.2508235573768616,0.18730182945728302,0.3755355179309845,0.3089158236980438,0.2661636471748352,0.2199365794658661,199
,,,,,,,,,,,,,,,,,,,,,,,,,,,,,,,,,,,,,,,,,,sarpasheesh,left,0.5812848806381226,0.6037633419036865,0.5875036716461182,0.5494975447654724,0.49846428632736206,0.4967734217643738,0.443481981754303,0.40796133875846863,0.37116649746894836,0.4647364318370819,0.4101088345050812,0.36867988109588623,0.3302496075630188,0.4447101056575775,0.39372366666793823,0.36024051904678345,0.33007901906967163,0.4290238618850708,0.3902180790901184,0.3677051365375519,0.34618034958839417,0.48755162954330444,0.6224880218505859,0.7591780424118042,0.8420401811599731,0.9010796546936035,0.8192047476768494,0.9065890908241272,0.959222674369812,1.0046652555465698,0.769473671913147,0.8684223890304565,0.9246004223823547,0.9765377044677734,0.7058988809585571,0.810837984085083,0.8674591779708862,0.9258335828781128,0.6234509348869324,0.7242338061332703,0.78708815574646,0.8494832515716553,200
0.7137643694877625,0.5881249308586121,0.4642745852470398,0.3563111424446106,0.272224485874176,0.5354824066162109,0.3706461489200592,0.3170613646507263,0.28601908683776855,0.5758463144302368,0.41084450483322144,0.41745778918266296,0.44270622730255127,0.5942755341529846,0.4518204629421234,0.4569827914237976,0.48547178506851196,0.6008177995681763,0.5154828429222107,0.48581475019454956,0.463958203792572,0.5772322416305542,0.5848290920257568,0.551037073135376,0.5221385955810547,0.5067080855369568,0.43919891119003296,0.44735386967658997,0.48549944162368774,0.5061737298965454,0.4289775490760803,0.45938578248023987,0.5117089152336121,0.5390278697013855,0.4320096969604492,0.4589751958847046,0.49943384528160095,0.5208433866500854,0.4393903315067291,0.40613430738449097,0.3780061900615692,0.35371941328048706,bhramara,right,,,,,,,,,,,,,,,,,,,,,,,,,,,,,,,,,,,,,,,,,,,201
0.6426857709884644,0.6593408584594727,0.5945072174072266,0.538524866104126,0.5125306844711304,0.38425469398498535,0.4097888767719269,0.49025243520736694,0.5317894220352173,0.37865132093429565,0.4267587661743164,0.5141876935958862,0.5605373978614807,0.3882816731929779,0.4221029579639435,0.49876150488853455,0.5405187606811523,0.39936506748199463,0.32616668939590454,0.2741073966026306,0.23123866319656372,0.3794896602630615,0.4519789218902588,0.5213844180107117,0.5812086462974548,0.6286504864692688,0.47526249289512634,0.5705922245979309,0.5949956774711609,0.6044524908065796,0.4540272057056427,0.5437505841255188,0.5413569211959839,0.5288683176040649,0.44622623920440674,0.5235337018966675,0.5256656408309937,0.5112388134002686,0.44593000411987305,0.4897427260875702,0.5084555745124817,0.5200507044792175,bhramara,right,,,,,,,,,,,,,,,,,,,,,,,,,,,,,,,,,,,,,,,,,,,202
0.5592273473739624,0.46672552824020386,0.4103948771953583,0.3688089847564697,0.31683313846588135,0.7140123844146729,0.5631107687950134,0.45214349031448364,0.3934694230556488,0.7400363683700562,0.5462571382522583,0.44583860039711,0.4136105179786682,0.7248192429542542,0.5819119215011597,0.5022412538528442,0.4882403612136841,0.7030652165412903,0.7045871019363403,0.7288792729377747,0.7635259628295898,0.7495535016059875,0.6789429187774658,0.570007860660553,0.4809735417366028,0.41589510440826416,0.5201998949050903,0.424074649810791,0.3964025378227234,0.36392641067504883,0.5375120639801025,0.4743129312992096,0.5103116631507874,0.5448395013809204,0.5434889793395996,0.4847159683704376,0.5170089602470398,0.5471450686454773,0.5417336821556091,0.4796299934387207,0.4488164484500885,0.42711037397384644,bhramara,right,,,,,,,,,,,,,,,,,,,,,,,,,,,,,,,,,,,,,,,,,,,203
0.8988668918609619,0.7990400791168213,0.6244884729385376,0.47126305103302,0.3539177179336548,0.5488091707229614,0.3692113757133484,0.31097495555877686,0.24565806984901428,0.5572032928466797,0.4449746608734131,0.5307341814041138,0.606948971748352,0.5551809072494507,0.4589199423789978,0.530583381652832,0.5945716500282288,0.5411975979804993,0.41587013006210327,0.35468652844429016,0.3170006275177002,0.46281498670578003,0.5215385556221008,0.5517855882644653,0.5786216855049133,0.6026467084884644,0.3864637315273285,0.4660450220108032,0.5197418928146362,0.5457620024681091,0.3612612783908844,0.47957125306129456,0.5286455154418945,0.5306395292282104,0.3648914694786072,0.46034446358680725,0.5036700367927551,0.5039881467819214,0.37529078125953674,0.3804442882537842,0.3694245219230652,0.34925276041030884,bhramara,right,,,,,,,,,,,,,,,,,,,,,,,,,,,,,,,,,,,,,,,,,,,204
0.9262965321540833,0.8214941024780273,0.6256631016731262,0.4491007626056671,0.31528133153915405,0.5667709112167358,0.3409191966056824,0.2410464882850647,0.1655648648738861,0.5722540020942688,0.4057423770427704,0.43676450848579407,0.4757801294326782,0.5767583847045898,0.4401414096355438,0.472725510597229,0.5040014982223511,0.5813528895378113,0.4354590177536011,0.354936420917511,0.2902718186378479,0.5343733429908752,0.586249589920044,0.6093339920043945,0.6318787336349487,0.64998859167099,0.44284602999687195,0.5053894519805908,0.556656539440155,0.5908909440040588,0.41869670152664185,0.5257346034049988,0.6041069626808167,0.6517748236656189,0.4202420711517334,0.5126221776008606,0.5707190036773682,0.597457766532898,0.4292706847190857,0.42396852374076843,0.4063253700733185,0.3912683427333832,bhramara,right,,,,,,,,,,,,,,,,,,,,,,,,,,,,,,,,,,,,,,,,,,,205
0.4239817261695862,0.3460274338722229,0.30987459421157837,0.27461567521095276,0.23968446254730225,0.6364660263061523,0.4982965588569641,0.3611699342727661,0.2705322504043579,0.6632786989212036,0.48294878005981445,0.3545033037662506,0.29296615719795227,0.6470253467559814,0.5146491527557373,0.4295821189880371,0.40492069721221924,0.61744225025177,0.6299323439598083,0.6747063398361206,0.7210950255393982,0.7553950548171997,0.6929673552513123,0.5733147263526917,0.4696255624294281,0.39429575204849243,0.5464262366294861,0.4202631711959839,0.38730865716934204,0.3622477650642395,0.5481237173080444,0.46902433037757874,0.5059338212013245,0.5395486354827881,0.5431109666824341,0.4768538475036621,0.5175665616989136,0.5516455769538879,0.5350371599197388,0.46085283160209656,0.425836980342865,0.39757856726646423,bhramara,right,,,,,,,,,,,,,,,,,,,,,,,,,,,,,,,,,,,,,,,,,,,206
0.7220873832702637,0.6321167349815369,0.56317138671875,0.5721538066864014,0.6102101802825928,0.48809969425201416,0.5001751184463501,0.5438950061798096,0.5684496760368347,0.5674073696136475,0.5840257406234741,0.6159319281578064,0.6377809643745422,0.6461413502693176,0.6561347246170044,0.6530211567878723,0.6452103853225708,0.719684898853302,0.7210068702697754,0.7254419922828674,0.7244873642921448,0.22382833063602448,0.2502208948135376,0.32504966855049133,0.4034369885921478,0.46159669756889343,0.3746924102306366,0.4284287095069885,0.4251883327960968,0.42770782113075256,0.3962125778198242,0.4620184600353241,0.4729735255241394,0.4850694537162781,0.39917635917663574,0.46585166454315186,0.5109145045280457,0.5583938956260681,0.3895815908908844,0.4381202161312103,0.47018033266067505,0.5060343742370605,bhramara,right,,,,,,,,,,,,,,,,,,,,,,,,,,,,,,,,,,,,,,,,,,,207
1.0005285739898682,0.9385312795639038,0.7879777550697327,0.648288369178772,0.5240908861160278,0.7142001986503601,0.5943894386291504,0.6339640617370605,0.6573116183280945,0.6840835809707642,0.5640589594841003,0.5713557600975037,0.5711700320243835,0.6774859428405762,0.5624346137046814,0.4974415898323059,0.4245254099369049,0.6843723654747009,0.5982612371444702,0.5288025140762329,0.459244966506958,0.617840051651001,0.5724380612373352,0.5404354333877563,0.544626772403717,0.5660127997398376,0.47095367312431335,0.4999232292175293,0.5316327214241028,0.5503867864608765,0.5237168669700623,0.5412581562995911,0.5655231475830078,0.5821533203125,0.5733364820480347,0.5844134092330933,0.5810369253158569,0.5735780000686646,0.6213737726211548,0.6221107840538025,0.6220901012420654,0.6152809262275696,bhramara,right,,,,,,,,,,,,,,,,,,,,,,,,,,,,,,,,,,,,,,,,,,,208
0.8396393060684204,0.7267336845397949,0.5655926465988159,0.42587220668792725,0.3043433129787445,0.48267149925231934,0.34943562746047974,0.30122122168540955,0.258994996547699,0.4832690358161926,0.3542245626449585,0.2939910590648651,0.23833903670310974,0.5027637481689453,0.3841646909713745,0.3084452748298645,0.23222149908542633,0.5254124402999878,0.44001278281211853,0.37897127866744995,0.32285746932029724,0.5748345255851746,0.5307945013046265,0.5118010640144348,0.5339259505271912,0.5633338093757629,0.44237253069877625,0.4764097332954407,0.5059031844139099,0.5305712819099426,0.4979601502418518,0.5248892903327942,0.5512824654579163,0.569763720035553,0.5483776926994324,0.5668625831604004,0.5799940228462219,0.5905694961547852,0.5983022451400757,0.6066000461578369,0.613700807094574,0.6183273196220398,bhramara,right,,,,,,,,,,,,,,,,,,,,,,,,,,,,,,,,,,,,,,,,,,,209
0.8396393060684204,0.7267336845397949,0.5655926465988159,0.42587220668792725,0.3043433129787445,0.48267149925231934,0.34943562746047974,0.30122122168540955,0.258994996547699,0.4832690358161926,0.3542245626449585,0.2939910590648651,0.23833903670310974,0.5027637481689453,0.3841646909713745,0.3084452748298645,0.23222149908542633,0.5254124402999878,0.44001278281211853,0.37897127866744995,0.32285746932029724,0.5748345255851746,0.5307945013046265,0.5118010640144348,0.5339259505271912,0.5633338093757629,0.44237253069877625,0.4764097332954407,0.5059031844139099,0.5305712819099426,0.4979601502418518,0.5248892903327942,0.5512824654579163,0.569763720035553,0.5483776926994324,0.5668625831604004,0.5799940228462219,0.5905694961547852,0.5983022451400757,0.6066000461578369,0.613700807094574,0.6183273196220398,bhramara,right,,,,,,,,,,,,,,,,,,,,,,,,,,,,,,,,,,,,,,,,,,,210
,,,,,,,,,,,,,,,,,,,,,,,,,,,,,,,,,,,,,,,,,,hansasya,left,0.5935035943984985,0.6371855139732361,0.6286490559577942,0.6209148168563843,0.6267616748809814,0.4652577340602875,0.4996374845504761,0.5628360509872437,0.61846524477005,0.4162963628768921,0.3392842710018158,0.30177339911460876,0.2613283097743988,0.4087129235267639,0.32053637504577637,0.28048598766326904,0.24128782749176025,0.4268316924571991,0.3623782992362976,0.3141116201877594,0.26665401458740234,0.9932652711868286,0.7778902053833008,0.5823469161987305,0.42252689599990845,0.2725916802883148,0.5948336124420166,0.3980681598186493,0.33462923765182495,0.3105769753456116,0.6477724313735962,0.4564359784126282,0.31427323818206787,0.19927704334259033,0.7052169442176819,0.5751243233680725,0.5021143555641174,0.4378849267959595,0.7355189323425293,0.7560484409332275,0.7605124711990356,0.7384684085845947,211
,,,,,,,,,,,,,,,,,,,,,,,,,,,,,,,,,,,,,,,,,,hansasya,left,0.5935035943984985,0.6371855139732361,0.6286490559577942,0.6209148168563843,0.6267616748809814,0.4652577340602875,0.4996374845504761,0.5628360509872437,0.61846524477005,0.4162963628768921,0.3392842710018158,0.30177339911460876,0.2613283097743988,0.4087129235267639,0.32053637504577637,0.28048598766326904,0.24128782749176025,0.4268316924571991,0.3623782992362976,0.3141116201877594,0.26665401458740234,0.9932652711868286,0.7778902053833008,0.5823469161987305,0.42252689599990845,0.2725916802883148,0.5948336124420166,0.3980681598186493,0.33462923765182495,0.3105769753456116,0.6477724313735962,0.4564359784126282,0.31427323818206787,0.19927704334259033,0.7052169442176819,0.5751243233680725,0.5021143555641174,0.4378849267959595,0.7355189323425293,0.7560484409332275,0.7605124711990356,0.7384684085845947,212
,,,,,,,,,,,,,,,,,,,,,,,,,,,,,,,,,,,,,,,,,,hansasya,left,0.271236777305603,0.4023013114929199,0.5045647025108337,0.5934739112854004,0.6795333623886108,0.46222004294395447,0.5850723385810852,0.6360793113708496,0.6586136817932129,0.41272008419036865,0.5194726586341858,0.5932284593582153,0.6496632695198059,0.3723134994506836,0.4298199415206909,0.476292222738266,0.5117861032485962,0.3497864603996277,0.32647645473480225,0.3238099217414856,0.33235400915145874,0.9213435649871826,0.9282608032226562,0.8698135614395142,0.8268378973007202,0.7948763966560364,0.5892136693000793,0.5976938009262085,0.6922698616981506,0.7861809730529785,0.5128769278526306,0.35617831349372864,0.27553170919418335,0.19669529795646667,0.5044483542442322,0.30043789744377136,0.20931121706962585,0.13056397438049316,0.5412848591804504,0.4230547547340393,0.3314143717288971,0.23912450671195984,213
,,,,,,,,,,,,,,,,,,,,,,,,,,,,,,,,,,,,,,,,,,hansasya,left,0.7732287645339966,0.774536669254303,0.7234824299812317,0.6884902715682983,0.6715636849403381,0.5535082221031189,0.5569906830787659,0.5987784266471863,0.6460566520690918,0.515714704990387,0.42749807238578796,0.3781661093235016,0.3298896849155426,0.5149164795875549,0.39934027194976807,0.341054767370224,0.2892960011959076,0.5333832502365112,0.46114158630371094,0.40508270263671875,0.3516216278076172,0.9277227520942688,0.6652779579162598,0.4866124987602234,0.3289564251899719,0.17779749631881714,0.561424970626831,0.3488481640815735,0.24509474635124207,0.2058272659778595,0.6539971232414246,0.45775243639945984,0.32547712326049805,0.2282145917415619,0.7263407707214355,0.6162315011024475,0.5369910597801208,0.47766515612602234,0.7673976421356201,0.8072066307067871,0.8160229325294495,0.8021032810211182,214
,,,,,,,,,,,,,,,,,,,,,,,,,,,,,,,,,,,,,,,,,,hansasya,left,0.7334158420562744,0.7315455079078674,0.6895866394042969,0.6618160605430603,0.6521637439727783,0.5278929471969604,0.5512209534645081,0.5970349311828613,0.6407790184020996,0.4854830205440521,0.4047573506832123,0.36306241154670715,0.31837546825408936,0.48603591322898865,0.3778058886528015,0.32308632135391235,0.27326712012290955,0.5096396803855896,0.4531617760658264,0.40229690074920654,0.35417959094047546,0.9015421867370605,0.654415488243103,0.47452086210250854,0.31610432267189026,0.18042930960655212,0.5775676965713501,0.37492460012435913,0.2712355852127075,0.21173691749572754,0.6586671471595764,0.4707423150539398,0.3512877821922302,0.2603095769882202,0.7217181324958801,0.6133933067321777,0.546332836151123,0.48612260818481445,0.7574841976165771,0.8085658550262451,0.8355540037155151,0.8346669673919678,215
,,,,,,,,,,,,,,,,,,,,,,,,,,,,,,,,,,,,,,,,,,hansasya,left,0.27023541927337646,0.39432454109191895,0.506965696811676,0.6023688912391663,0.6781569719314575,0.4531012773513794,0.5815787315368652,0.630584180355072,0.6588954329490662,0.40845707058906555,0.5198295712471008,0.5904027223587036,0.6422826647758484,0.3696383833885193,0.44252529740333557,0.47553208470344543,0.5021758079528809,0.34674006700515747,0.3319219946861267,0.3227209150791168,0.3257036805152893,0.8858515024185181,0.9056181907653809,0.8383122086524963,0.7937382459640503,0.77524733543396,0.5566021203994751,0.5888662338256836,0.6718804240226746,0.7581703066825867,0.46748992800712585,0.32553133368492126,0.2384948432445526,0.15677425265312195,0.4645264446735382,0.2832702696323395,0.196038156747818,0.11745208501815796,0.5095198750495911,0.40819108486175537,0.3174428939819336,0.23125681281089783,216
,,,,,,,,,,,,,,,,,,,,,,,,,,,,,,,,,,,,,,,,,,hansasya,left,0.875214695930481,0.8449292182922363,0.7746172547340393,0.7232650518417358,0.6782132983207703,0.5857716202735901,0.5910693407058716,0.6284748315811157,0.6685560941696167,0.5806159973144531,0.456733375787735,0.37100717425346375,0.29819852113723755,0.5946377515792847,0.4725692868232727,0.3962855339050293,0.3276537358760834,0.6174465417861938,0.5401387214660645,0.4843284785747528,0.43480661511421204,0.11425937712192535,0.38138318061828613,0.5711795687675476,0.737779974937439,0.8637186884880066,0.4275301396846771,0.6557459235191345,0.8003772497177124,0.8766774535179138,0.377871572971344,0.5399394035339355,0.6385939121246338,0.7055891752243042,0.32144686579704285,0.40169820189476013,0.45018211007118225,0.48985207080841064,0.26765865087509155,0.27968403697013855,0.26746469736099243,0.26442402601242065,217
,,,,,,,,,,,,,,,,,,,,,,,,,,,,,,,,,,,,,,,,,,hansasya,left,0.840826690196991,0.7758758664131165,0.6877947449684143,0.6184478998184204,0.5636128187179565,0.573308527469635,0.5195978879928589,0.5234549641609192,0.5360686779022217,0.5559840202331543,0.4340842366218567,0.34962189197540283,0.2729162573814392,0.5658926963806152,0.4344565272331238,0.35423821210861206,0.28701621294021606,0.5972245335578918,0.5107617378234863,0.44867828488349915,0.3897130489349365,0.4121703505516052,0.6019587516784668,0.7323428392410278,0.848696231842041,0.9574759006500244,0.5668131113052368,0.6853913068771362,0.7852456569671631,0.8519750237464905,0.4874340295791626,0.5562440156936646,0.6090441942214966,0.6475858688354492,0.39822253584861755,0.4118584394454956,0.42638397216796875,0.433241605758667,0.312895268201828,0.24702446162700653,0.20081375539302826,0.1600770354270935,218
,,,,,,,,,,,,,,,,,,,,,,,,,,,,,,,,,,,,,,,,,,hansasya,left,0.4786689877510071,0.554553210735321,0.6216458082199097,0.6898511648178101,0.7450320720672607,0.5450198650360107,0.614540159702301,0.6717756986618042,0.7124122381210327,0.5044082999229431,0.5351721048355103,0.5580642223358154,0.5786007642745972,0.4536087214946747,0.452594518661499,0.45391082763671875,0.45401450991630554,0.40425407886505127,0.36321908235549927,0.33662059903144836,0.31201112270355225,-0.055339932441711426,0.03437316417694092,0.16183197498321533,0.27455127239227295,0.3723771870136261,0.37325215339660645,0.4442138075828552,0.42895257472991943,0.40710338950157166,0.40685296058654785,0.6215519905090332,0.7691272497177124,0.898993730545044,0.3883596658706665,0.6173920631408691,0.751513659954071,0.870162844657898,0.3326483964920044,0.490950345993042,0.5942889451980591,0.6993901133537292,219
0.6210160255432129,0.46735841035842896,0.39118748903274536,0.3191679120063782,0.2632367014884949,0.46522513031959534,0.3591897487640381,0.31855034828186035,0.31130313873291016,0.5137611627578735,0.4227868616580963,0.37865298986434937,0.34658747911453247,0.5503316521644592,0.4945865869522095,0.44728827476501465,0.413534939289093,0.5902506113052368,0.5906561613082886,0.6075031757354736,0.6172626614570618,0.8950929641723633,0.832466185092926,0.7310187816619873,0.6592729687690735,0.6257365345954895,0.43467873334884644,0.4465066194534302,0.5294432044029236,0.6150938868522644,0.43152937293052673,0.23025834560394287,0.08188319206237793,-0.02636820077896118,0.45750993490219116,0.2906636595726013,0.19624198973178864,0.13930955529212952,0.49456819891929626,0.3652019500732422,0.28652065992355347,0.21529322862625122,hansasya,right,,,,,,,,,,,,,,,,,,,,,,,,,,,,,,,,,,,,,,,,,,,220
0.7226850986480713,0.6891494393348694,0.6333190202713013,0.5927563309669495,0.5684871077537537,0.465807169675827,0.4815714657306671,0.5332760810852051,0.5878021121025085,0.45797812938690186,0.35555416345596313,0.27592557668685913,0.21460072696208954,0.471873939037323,0.37491947412490845,0.30805206298828125,0.26227959990501404,0.4970724284648895,0.42878100275993347,0.3795520067214966,0.3338581323623657,0.25189483165740967,0.5495789647102356,0.6934859752655029,0.8216640949249268,0.9164966940879822,0.5763280987739563,0.7573400735855103,0.8299059867858887,0.8378869295120239,0.48817935585975647,0.642357587814331,0.7323042750358582,0.7842170596122742,0.41519835591316223,0.4854004383087158,0.5499758124351501,0.5905998349189758,0.3431515693664551,0.3310859501361847,0.3032410144805908,0.29034680128097534,hansasya,right,,,,,,,,,,,,,,,,,,,,,,,,,,,,,,,,,,,,,,,,,,,221
0.57393479347229,0.44667667150497437,0.38561856746673584,0.32404783368110657,0.2718806266784668,0.4784577488899231,0.3703010380268097,0.319160521030426,0.30226725339889526,0.5273975133895874,0.4564043879508972,0.4176817536354065,0.38966497778892517,0.5650610327720642,0.545798122882843,0.5306830406188965,0.5217046737670898,0.5976438522338867,0.6260905265808105,0.652077853679657,0.6717813611030579,0.9980583190917969,0.9072673916816711,0.7851095199584961,0.6641885638237,0.6086771488189697,0.5331431031227112,0.5133467316627502,0.5644394159317017,0.6332544088363647,0.5139043927192688,0.2880063056945801,0.13081559538841248,0.008027970790863037,0.5358944535255432,0.3188318610191345,0.1673213541507721,0.06018194556236267,0.5818424224853516,0.44035667181015015,0.3520352244377136,0.2682134509086609,hansasya,right,,,,,,,,,,,,,,,,,,,,,,,,,,,,,,,,,,,,,,,,,,,222
0.7939550876617432,0.7456197738647461,0.666073739528656,0.5887966156005859,0.5554588437080383,0.5215487480163574,0.4988540709018707,0.5317459106445312,0.571417510509491,0.5064948201179504,0.3778563439846039,0.2863497734069824,0.21709191799163818,0.5194724798202515,0.39754053950309753,0.31299734115600586,0.25333714485168457,0.5473812818527222,0.4644067585468292,0.4138737618923187,0.3681510090827942,0.3156278729438782,0.5868682861328125,0.7014399766921997,0.8174896240234375,0.9059760570526123,0.5401988625526428,0.7331026792526245,0.8256007432937622,0.854339063167572,0.4461132287979126,0.5841500759124756,0.6552702188491821,0.6988611817359924,0.3775895833969116,0.42016786336898804,0.45712706446647644,0.4780365228652954,0.31817734241485596,0.2758125066757202,0.23372074961662292,0.19759109616279602,hansasya,right,,,,,,,,,,,,,,,,,,,,,,,,,,,,,,,,,,,,,,,,,,,223
,,,,,,,,,,,,,,,,,,,,,,,,,,,,,,,,,,,,,,,,,,hanspaksha,left,0.4293726682662964,0.3395104706287384,0.27723702788352966,0.25612127780914307,0.24928165972232819,0.32377833127975464,0.31193336844444275,0.3059755563735962,0.3050670325756073,0.3717537522315979,0.35672256350517273,0.34580641984939575,0.33815133571624756,0.41362085938453674,0.40407443046569824,0.3928276598453522,0.3836059272289276,0.4593726098537445,0.45385876297950745,0.4495171010494232,0.4456826448440552,0.8839445114135742,0.8505111336708069,0.7785831689834595,0.6732744574546814,0.5839776992797852,0.6330202221870422,0.5424280762672424,0.501686692237854,0.4522453248500824,0.5981488823890686,0.4975426197052002,0.4405211806297302,0.3784906268119812,0.5814709067344666,0.48427852988243103,0.4264756143093109,0.379825234413147,0.5818159580230713,0.48016035556793213,0.4109281301498413,0.3475150465965271,224
,,,,,,,,,,,,,,,,,,,,,,,,,,,,,,,,,,,,,,,,,,hanspaksha,left,0.2901730537414551,0.307301789522171,0.3422355651855469,0.4014497995376587,0.4506835341453552,0.4217456579208374,0.47506842017173767,0.4987240135669708,0.5273887515068054,0.4429264962673187,0.5039713382720947,0.5352645516395569,0.5684910416603088,0.4546666741371155,0.5121163129806519,0.5452439188957214,0.567411482334137,0.45611536502838135,0.5132250189781189,0.55054771900177,0.5831047296524048,0.38925760984420776,0.21409793198108673,0.10255947709083557,0.065078005194664,0.05959057807922363,0.18199840188026428,0.16100983321666718,0.15297304093837738,0.15138845145702362,0.26838478446006775,0.24171341955661774,0.2223048359155655,0.20580272376537323,0.3379743695259094,0.32280904054641724,0.2983017563819885,0.28495073318481445,0.4251161217689514,0.4154664874076843,0.4042615592479706,0.3963489532470703,225
,,,,,,,,,,,,,,,,,,,,,,,,,,,,,,,,,,,,,,,,,,hanspaksha,left,0.7143115997314453,0.6757642030715942,0.6137736439704895,0.5415834784507751,0.47154468297958374,0.5511140823364258,0.4590420126914978,0.40691637992858887,0.36664295196533203,0.5454925894737244,0.452370285987854,0.4022100567817688,0.35899704694747925,0.5469605922698975,0.4879087209701538,0.4845980107784271,0.47870197892189026,0.5459359884262085,0.5030105113983154,0.4887647330760956,0.47426289319992065,0.6063261032104492,0.5915942192077637,0.6267076134681702,0.6602309942245483,0.6979668736457825,0.7953581809997559,0.7442057132720947,0.6760597229003906,0.620040774345398,0.7796493768692017,0.7300938963890076,0.6562754511833191,0.610054075717926,0.7551203370094299,0.7262716889381409,0.6868941187858582,0.6755393147468567,0.7379230856895447,0.7441635131835938,0.7499963045120239,0.7671380639076233,226
,,,,,,,,,,,,,,,,,,,,,,,,,,,,,,,,,,,,,,,,,,hanspaksha,left,0.38161352276802063,0.3494681715965271,0.35465508699417114,0.3707101345062256,0.39025548100471497,0.35816317796707153,0.3903559148311615,0.41660284996032715,0.44017869234085083,0.37600865960121155,0.39717864990234375,0.42042064666748047,0.4408848285675049,0.3881041407585144,0.4090774357318878,0.4002090394496918,0.3917712867259979,0.3958766758441925,0.3904772400856018,0.370123028755188,0.3484504818916321,0.6935102939605713,0.6701334714889526,0.5995772480964661,0.5239850282669067,0.44250422716140747,0.458240270614624,0.37290340662002563,0.30850934982299805,0.2611057758331299,0.4581420421600342,0.35983067750930786,0.29831787943840027,0.24207551777362823,0.4805169105529785,0.47240132093429565,0.5480117201805115,0.5724855661392212,0.49828392267227173,0.519517183303833,0.5751744508743286,0.5841984748840332,227
,,,,,,,,,,,,,,,,,,,,,,,,,,,,,,,,,,,,,,,,,,hanspaksha,left,0.3321978449821472,0.40623947978019714,0.43351712822914124,0.4202694594860077,0.3944348692893982,0.32234203815460205,0.35802704095840454,0.386491984128952,0.404043972492218,0.2805423140525818,0.3288201689720154,0.3699061870574951,0.39424213767051697,0.25618594884872437,0.2926419973373413,0.33318451046943665,0.35925304889678955,0.24274218082427979,0.20209792256355286,0.1859266310930252,0.17269368469715118,0.9528684020042419,0.8432923555374146,0.722480297088623,0.6000707745552063,0.5200564861297607,0.6226412653923035,0.4908498227596283,0.44745153188705444,0.4224169850349426,0.6289954781532288,0.5048534274101257,0.4980478584766388,0.5069087743759155,0.659644603729248,0.5317379236221313,0.5186478495597839,0.5194534659385681,0.6949849724769592,0.5889638066291809,0.5267254710197449,0.47944581508636475,228
,,,,,,,,,,,,,,,,,,,,,,,,,,,,,,,,,,,,,,,,,,hanspaksha,left,0.7499600648880005,0.6973352432250977,0.6292114853858948,0.5594139099121094,0.5125710964202881,0.5727140307426453,0.5026271343231201,0.4747794568538666,0.45907092094421387,0.5809363126754761,0.5050939917564392,0.4738801419734955,0.4534642994403839,0.5994471907615662,0.5302931070327759,0.5059512853622437,0.4966861605644226,0.620341956615448,0.5589009523391724,0.5363942980766296,0.5277247428894043,0.7619667649269104,0.6580469012260437,0.6290981769561768,0.6471418142318726,0.6812841892242432,0.8316628932952881,0.7574631571769714,0.7042815685272217,0.668765127658844,0.9097522497177124,0.8203002214431763,0.7541444301605225,0.7059534788131714,0.9476326704025269,0.8694912791252136,0.8064953684806824,0.7638434767723083,0.9638011455535889,0.9337359070777893,0.8953315019607544,0.8625388145446777,229
,,,,,,,,,,,,,,,,,,,,,,,,,,,,,,,,,,,,,,,,,,hanspaksha,left,0.26737144589424133,0.3355496823787689,0.41171056032180786,0.48339322209358215,0.518950879573822,0.4480995237827301,0.5298300385475159,0.5656740069389343,0.5857006907463074,0.43585219979286194,0.5228445529937744,0.55458664894104,0.5730435848236084,0.4160870909690857,0.4952026903629303,0.5186456441879272,0.528043270111084,0.39620137214660645,0.4567945599555969,0.49378588795661926,0.5191950798034668,0.37407925724983215,0.47571149468421936,0.4929533004760742,0.4454153776168823,0.3799312710762024,0.2541196346282959,0.31249645352363586,0.361803263425827,0.39703240990638733,0.1799689084291458,0.2544780373573303,0.3264788091182709,0.37834033370018005,0.15028101205825806,0.19666972756385803,0.2638236880302429,0.3086889684200287,0.14149463176727295,0.0666223019361496,0.02842751145362854,-0.0033729970455169678,230
,,,,,,,,,,,,,,,,,,,,,,,,,,,,,,,,,,,,,,,,,,hanspaksha,left,0.42211830615997314,0.48521190881729126,0.49960315227508545,0.4730100631713867,0.4340447187423706,0.3644621968269348,0.3929096758365631,0.41885319352149963,0.43693220615386963,0.3232070505619049,0.37017822265625,0.4127768576145172,0.43938905000686646,0.30452778935432434,0.3317292034626007,0.3707449436187744,0.3964969217777252,0.29789406061172485,0.2537965178489685,0.2326744645833969,0.21347230672836304,0.9233032464981079,0.788407564163208,0.6529715061187744,0.5218653678894043,0.4593066871166229,0.5863772034645081,0.4429052770137787,0.3820613920688629,0.34561511874198914,0.6042011976242065,0.46687909960746765,0.4398171603679657,0.4284273087978363,0.6403220295906067,0.507022500038147,0.4811440408229828,0.47616100311279297,0.6780840158462524,0.5831153392791748,0.5203195214271545,0.4754445254802704,231
,,,,,,,,,,,,,,,,,,,,,,,,,,,,,,,,,,,,,,,,,,hanspaksha,left,0.39764803647994995,0.2825357913970947,0.2105274796485901,0.1819179654121399,0.18893767893314362,0.265892893075943,0.2415986955165863,0.22741001844406128,0.21591247618198395,0.3126364052295685,0.28626152873039246,0.2628796100616455,0.23827174305915833,0.3589169681072235,0.3371599018573761,0.3120737671852112,0.28748905658721924,0.41386720538139343,0.39790651202201843,0.3808734118938446,0.36298710107803345,0.9327729940414429,0.8997189998626709,0.8130536079406738,0.6948040723800659,0.6028279066085815,0.6709528565406799,0.5501792430877686,0.47995227575302124,0.4049912095069885,0.6184070110321045,0.4801342785358429,0.3907189667224884,0.30480408668518066,0.5844777822494507,0.45224273204803467,0.36923205852508545,0.29329490661621094,0.569171667098999,0.4571678340435028,0.3897218704223633,0.32435983419418335,232
,,,,,,,,,,,,,,,,,,,,,,,,,,,,,,,,,,,,,,,,,,hanspaksha,left,0.39764803647994995,0.2825357913970947,0.2105274796485901,0.1819179654121399,0.18893767893314362,0.265892893075943,0.2415986955165863,0.22741001844406128,0.21591247618198395,0.3126364052295685,0.28626152873039246,0.2628796100616455,0.23827174305915833,0.3589169681072235,0.3371599018573761,0.3120737671852112,0.28748905658721924,0.41386720538139343,0.39790651202201843,0.3808734118938446,0.36298710107803345,0.9327729940414429,0.8997189998626709,0.8130536079406738,0.6948040723800659,0.6028279066085815,0.6709528565406799,0.5501792430877686,0.47995227575302124,0.4049912095069885,0.6184070110321045,0.4801342785358429,0.3907189667224884,0.30480408668518066,0.5844777822494507,0.45224273204803467,0.36923205852508545,0.29329490661621094,0.569171667098999,0.4571678340435028,0.3897218704223633,0.32435983419418335,233
,,,,,,,,,,,,,,,,,,,,,,,,,,,,,,,,,,,,,,,,,,hanspaksha,left,0.42906349897384644,0.4604880213737488,0.4502370357513428,0.43632760643959045,0.42123714089393616,0.3372725248336792,0.324676513671875,0.3174876570701599,0.3043573200702667,0.32427361607551575,0.3728410005569458,0.4294479787349701,0.46122312545776367,0.329642653465271,0.38486582040786743,0.4332731068134308,0.4466180205345154,0.33247360587120056,0.3231027126312256,0.30345460772514343,0.26876023411750793,0.8378863334655762,0.7532309889793396,0.6415042877197266,0.5281321406364441,0.41959068179130554,0.5968624949455261,0.4732326865196228,0.4041067957878113,0.342140257358551,0.5769413709640503,0.41603630781173706,0.3328680992126465,0.2640204429626465,0.5723591446876526,0.4697229266166687,0.5244932770729065,0.5546384453773499,0.5570783019065857,0.4757320284843445,0.46224257349967957,0.4392671585083008,234
,,,,,,,,,,,,,,,,,,,,,,,,,,,,,,,,,,,,,,,,,,hanspaksha,left,0.42906349897384644,0.4604880213737488,0.4502370357513428,0.43632760643959045,0.42123714089393616,0.3372725248336792,0.324676513671875,0.3174876570701599,0.3043573200702667,0.32427361607551575,0.3728410005569458,0.4294479787349701,0.46122312545776367,0.329642653465271,0.38486582040786743,0.4332731068134308,0.4466180205345154,0.33247360587120056,0.3231027126312256,0.30345460772514343,0.26876023411750793,0.8378863334655762,0.7532309889793396,0.6415042877197266,0.5281321406364441,0.41959068179130554,0.5968624949455261,0.4732326865196228,0.4041067957878113,0.342140257358551,0.5769413709640503,0.41603630781173706,0.3328680992126465,0.2640204429626465,0.5723591446876526,0.4697229266166687,0.5244932770729065,0.5546384453773499,0.5570783019065857,0.4757320284843445,0.46224257349967957,0.4392671585083008,235
,,,,,,,,,,,,,,,,,,,,,,,,,,,,,,,,,,,,,,,,,,hanspaksha,left,0.4101194441318512,0.33099254965782166,0.2610701024532318,0.2360999435186386,0.2798422574996948,0.3275410830974579,0.3382379114627838,0.35975757241249084,0.37643784284591675,0.38715440034866333,0.3995002806186676,0.4141363501548767,0.421337366104126,0.439304381608963,0.44893109798431396,0.4521952271461487,0.45327213406562805,0.48399633169174194,0.4983024299144745,0.5059249401092529,0.5129477977752686,0.8904767632484436,0.8652739524841309,0.7665855884552002,0.6606364250183105,0.6109476089477539,0.5596283674240112,0.5137776136398315,0.5798811316490173,0.6413942575454712,0.5458779335021973,0.531592071056366,0.6050418615341187,0.6643447279930115,0.560588538646698,0.5446441173553467,0.609531581401825,0.6579394936561584,0.5882545113563538,0.48071515560150146,0.40946996212005615,0.34463316202163696,236
,,,,,,,,,,,,,,,,,,,,,,,,,,,,,,,,,,,,,,,,,,hanspaksha,left,0.7214217782020569,0.7052993774414062,0.6467843651771545,0.5896916389465332,0.5638856887817383,0.5435464978218079,0.5012242794036865,0.5397211909294128,0.580291748046875,0.5403294563293457,0.5112645030021667,0.5566797256469727,0.5991268157958984,0.5462640523910522,0.518980860710144,0.5536392331123352,0.5858802795410156,0.5569655299186707,0.49307605624198914,0.453081339597702,0.41707906126976013,0.658454954624176,0.8002526760101318,0.9294147491455078,0.9733167886734009,0.9032304286956787,0.8059419393539429,0.7943673133850098,0.7557940483093262,0.7153379917144775,0.7015974521636963,0.6853012442588806,0.6536206007003784,0.6291142106056213,0.6140050888061523,0.6019648313522339,0.5933443307876587,0.5860139727592468,0.537294864654541,0.5081585049629211,0.4950101375579834,0.4847252666950226,237
,,,,,,,,,,,,,,,,,,,,,,,,,,,,,,,,,,,,,,,,,,hanspaksha,left,0.47485288977622986,0.5240660905838013,0.5219722986221313,0.5156526565551758,0.5125275254249573,0.3915243446826935,0.4788548946380615,0.5406734347343445,0.5809630155563354,0.37511950731277466,0.468406081199646,0.49925103783607483,0.4902794063091278,0.37874171137809753,0.44714897871017456,0.47332367300987244,0.4612044095993042,0.38447922468185425,0.38312268257141113,0.372713565826416,0.3437015116214752,0.8644084334373474,0.7838616371154785,0.6642509698867798,0.5488579869270325,0.42807522416114807,0.5333794951438904,0.4097507894039154,0.3665749132633209,0.3420131206512451,0.5322883725166321,0.42546048760414124,0.528986394405365,0.5883284211158752,0.53104567527771,0.4559003412723541,0.5556142926216125,0.6069906949996948,0.5196722745895386,0.4382835328578949,0.4126723110675812,0.3759028911590576,238
,,,,,,,,,,,,,,,,,,,,,,,,,,,,,,,,,,,,,,,,,,hanspaksha,left,0.47485288977622986,0.5240660905838013,0.5219722986221313,0.5156526565551758,0.5125275254249573,0.3915243446826935,0.4788548946380615,0.5406734347343445,0.5809630155563354,0.37511950731277466,0.468406081199646,0.49925103783607483,0.4902794063091278,0.37874171137809753,0.44714897871017456,0.47332367300987244,0.4612044095993042,0.38447922468185425,0.38312268257141113,0.372713565826416,0.3437015116214752,0.8644084334373474,0.7838616371154785,0.6642509698867798,0.5488579869270325,0.42807522416114807,0.5333794951438904,0.4097507894039154,0.3665749132633209,0.3420131206512451,0.5322883725166321,0.42546048760414124,0.528986394405365,0.5883284211158752,0.53104567527771,0.4559003412723541,0.5556142926216125,0.6069906949996948,0.5196722745895386,0.4382835328578949,0.4126723110675812,0.3759028911590576,239
,,,,,,,,,,,,,,,,,,,,,,,,,,,,,,,,,,,,,,,,,,hanspaksha,left,0.4614335894584656,0.5563035607337952,0.6080940961837769,0.5991472005844116,0.5417637825012207,0.4710090160369873,0.5124188661575317,0.5361179709434509,0.5298067927360535,0.4121655821800232,0.46530622243881226,0.4916733503341675,0.4899193048477173,0.3767731189727783,0.42438140511512756,0.450111448764801,0.44701796770095825,0.3534300625324249,0.32783472537994385,0.3136776387691498,0.29643917083740234,0.8575987815856934,0.743870198726654,0.6079361438751221,0.45864465832710266,0.4204319715499878,0.45874008536338806,0.3522961139678955,0.43682557344436646,0.4938484728336334,0.47488856315612793,0.37567901611328125,0.4408138692378998,0.48998352885246277,0.5201725959777832,0.42150503396987915,0.4719723165035248,0.5352430939674377,0.567817211151123,0.42278215289115906,0.3469952344894409,0.30041515827178955,240
,,,,,,,,,,,,,,,,,,,,,,,,,,,,,,,,,,,,,,,,,,hanspaksha,left,0.696919322013855,0.6400330066680908,0.5655128359794617,0.48784109950065613,0.45757660269737244,0.485044002532959,0.42696505784988403,0.4719119966030121,0.5067170858383179,0.4898476302623749,0.434378445148468,0.46944889426231384,0.4997822344303131,0.5095663666725159,0.458373099565506,0.4937534034252167,0.5297336578369141,0.5342380404472351,0.45405271649360657,0.4136272966861725,0.38564497232437134,0.5968769788742065,0.40659165382385254,0.3011940121650696,0.31905293464660645,0.42279666662216187,0.5070750117301941,0.468974769115448,0.4324112832546234,0.4297480881214142,0.6187692284584045,0.5541459321975708,0.510579526424408,0.5070441961288452,0.7000695466995239,0.627133309841156,0.584662675857544,0.5758830308914185,0.7563871145248413,0.800278902053833,0.8204504251480103,0.8442001342773438,241
,,,,,,,,,,,,,,,,,,,,,,,,,,,,,,,,,,,,,,,,,,hanspaksha,left,0.4348732829093933,0.3967057466506958,0.3593915104866028,0.36237362027168274,0.39751172065734863,0.30457842350006104,0.3753023147583008,0.44335541129112244,0.5035932660102844,0.34033137559890747,0.4011087119579315,0.4751041531562805,0.5366694927215576,0.37910303473472595,0.42966631054878235,0.48795831203460693,0.5365853309631348,0.41654613614082336,0.4537121057510376,0.4900858998298645,0.5211176872253418,0.7883048057556152,0.7550040483474731,0.6382718086242676,0.5114303231239319,0.41226765513420105,0.5059165954589844,0.3750265836715698,0.3321669399738312,0.3018212914466858,0.47267985343933105,0.3290703296661377,0.2940412759780884,0.2672072649002075,0.45319801568984985,0.32941561937332153,0.2924025058746338,0.275465726852417,0.43852484226226807,0.34916287660598755,0.313442587852478,0.28247934579849243,242
,,,,,,,,,,,,,,,,,,,,,,,,,,,,,,,,,,,,,,,,,,hanspaksha,left,0.6665102243423462,0.6374800801277161,0.5720615386962891,0.5041429400444031,0.4505230188369751,0.4790557324886322,0.4185103476047516,0.4047609567642212,0.3980464041233063,0.4717562794685364,0.39690345525741577,0.3761996328830719,0.3609618544578552,0.47038134932518005,0.4034854769706726,0.3841278553009033,0.3714500665664673,0.46956866979599,0.42029857635498047,0.3993270993232727,0.37766405940055847,0.6252812147140503,0.7000722289085388,0.7607522010803223,0.7408403158187866,0.6732228994369507,0.8484609723091125,0.6949007511138916,0.569121241569519,0.46234971284866333,0.7773886919021606,0.652910053730011,0.5297532081604004,0.42455488443374634,0.7043699622154236,0.6050129532814026,0.5113404393196106,0.43042510747909546,0.6348118185997009,0.5692329406738281,0.5112901926040649,0.4588657319545746,243
,,,,,,,,,,,,,,,,,,,,,,,,,,,,,,,,,,,,,,,,,,hanspaksha,left,0.33177047967910767,0.2999810576438904,0.29315757751464844,0.2732587158679962,0.25550031661987305,0.3924946188926697,0.46852177381515503,0.5271764397621155,0.5665919184684753,0.4169805645942688,0.4941723048686981,0.5464946627616882,0.5899358987808228,0.4372101128101349,0.4996112883090973,0.5446529388427734,0.579010546207428,0.45248088240623474,0.4987678825855255,0.5296563506126404,0.5576030611991882,0.6360251903533936,0.5395758152008057,0.44128209352493286,0.3459857106208801,0.2619127631187439,0.3687525987625122,0.3320084810256958,0.3012502193450928,0.28737157583236694,0.39294007420539856,0.3311702311038971,0.2963714599609375,0.27201056480407715,0.4329889416694641,0.3737858533859253,0.3499841094017029,0.3236948251724243,0.46027088165283203,0.403609961271286,0.37726491689682007,0.3588074743747711,244
0.2531968951225281,0.29426831007003784,0.3724328875541687,0.43860819935798645,0.4860568642616272,0.4130376875400543,0.4797442555427551,0.5022221207618713,0.5088114142417908,0.41733497381210327,0.49227175116539,0.5136531591415405,0.5136293768882751,0.41894426941871643,0.49013838171958923,0.5181486010551453,0.5136566162109375,0.4006396234035492,0.4793638288974762,0.5322993993759155,0.5669375658035278,0.1557626724243164,0.05818474292755127,0.011405140161514282,0.01311066746711731,0.040318265557289124,0.07937458157539368,0.06340464949607849,0.04218354821205139,0.019995063543319702,0.16344287991523743,0.1417175531387329,0.11793692409992218,0.07756085693836212,0.24152980744838715,0.23323339223861694,0.20901024341583252,0.1618862748146057,0.33022308349609375,0.3571983575820923,0.3596927225589752,0.33976131677627563,hanspaksha,right,,,,,,,,,,,,,,,,,,,,,,,,,,,,,,,,,,,,,,,,,,,245
,,,,,,,,,,,,,,,,,,,,,,,,,,,,,,,,,,,,,,,,,,hanspaksha,left,0.315568208694458,0.20656214654445648,0.13094794750213623,0.10283778607845306,0.1354001760482788,0.22920739650726318,0.22466310858726501,0.21131201088428497,0.20486727356910706,0.2888737916946411,0.28291434049606323,0.26771602034568787,0.25379127264022827,0.34302186965942383,0.34800252318382263,0.3294891119003296,0.3105809986591339,0.4014861285686493,0.4133487939834595,0.4139007031917572,0.41112202405929565,1.044639229774475,0.9846609830856323,0.8525182008743286,0.7195669412612915,0.6385153532028198,0.6836378574371338,0.5486648082733154,0.5354804992675781,0.5592359900474548,0.6582839488983154,0.5017523169517517,0.4931727945804596,0.5159194469451904,0.6465148329734802,0.5102078914642334,0.4743865132331848,0.48830512166023254,0.6668406128883362,0.5168257355690002,0.42814987897872925,0.3669159412384033,246
0.8532769680023193,0.7767234444618225,0.6460270285606384,0.5249557495117188,0.4410903751850128,0.5173092484474182,0.4120944142341614,0.42995476722717285,0.4670286178588867,0.49726489186286926,0.3481830954551697,0.26807016134262085,0.19544562697410583,0.514958381652832,0.3777191936969757,0.28783610463142395,0.2129727602005005,0.5478190779685974,0.4648633897304535,0.4449501633644104,0.43256062269210815,0.5417616963386536,0.3856084942817688,0.2994328737258911,0.31878942251205444,0.40378597378730774,0.34572330117225647,0.35489797592163086,0.4198874831199646,0.49724796414375305,0.46699032187461853,0.46282845735549927,0.4762713313102722,0.49191397428512573,0.5707489252090454,0.5863142013549805,0.596237301826477,0.6129560470581055,0.6641635298728943,0.6377824544906616,0.6151537299156189,0.5976681709289551,katakamukh_1,right,,,,,,,,,,,,,,,,,,,,,,,,,,,,,,,,,,,,,,,,,,,247
0.8532769680023193,0.7767234444618225,0.6460270285606384,0.5249557495117188,0.4410903751850128,0.5173092484474182,0.4120944142341614,0.42995476722717285,0.4670286178588867,0.49726489186286926,0.3481830954551697,0.26807016134262085,0.19544562697410583,0.514958381652832,0.3777191936969757,0.28783610463142395,0.2129727602005005,0.5478190779685974,0.4648633897304535,0.4449501633644104,0.43256062269210815,0.5417616963386536,0.3856084942817688,0.2994328737258911,0.31878942251205444,0.40378597378730774,0.34572330117225647,0.35489797592163086,0.4198874831199646,0.49724796414375305,0.46699032187461853,0.46282845735549927,0.4762713313102722,0.49191397428512573,0.5707489252090454,0.5863142013549805,0.596237301826477,0.6129560470581055,0.6641635298728943,0.6377824544906616,0.6151537299156189,0.5976681709289551,katakamukh_1,right,,,,,,,,,,,,,,,,,,,,,,,,,,,,,,,,,,,,,,,,,,,248
0.8607597351074219,0.8690916895866394,0.7082421779632568,0.5323991179466248,0.4437248110771179,0.557779848575592,0.4301745891571045,0.4481750726699829,0.4684927761554718,0.4950263798236847,0.33832821249961853,0.2549523115158081,0.1823810636997223,0.4763580560684204,0.331285297870636,0.22479340434074402,0.1367204189300537,0.48692601919174194,0.42519742250442505,0.4112582206726074,0.4032251834869385,0.7040902376174927,0.6252107620239258,0.5318679809570312,0.49779680371284485,0.5184956192970276,0.5165155529975891,0.4857614040374756,0.5169232487678528,0.5470400452613831,0.5514643788337708,0.510063648223877,0.48957839608192444,0.4803929924964905,0.5973528623580933,0.5597549080848694,0.5268105268478394,0.506420910358429,0.6440720558166504,0.6028808951377869,0.5819298028945923,0.5664730668067932,katakamukh_1,right,,,,,,,,,,,,,,,,,,,,,,,,,,,,,,,,,,,,,,,,,,,249
0.8607597351074219,0.8690916895866394,0.7082421779632568,0.5323991179466248,0.4437248110771179,0.557779848575592,0.4301745891571045,0.4481750726699829,0.4684927761554718,0.4950263798236847,0.33832821249961853,0.2549523115158081,0.1823810636997223,0.4763580560684204,0.331285297870636,0.22479340434074402,0.1367204189300537,0.48692601919174194,0.42519742250442505,0.4112582206726074,0.4032251834869385,0.7040902376174927,0.6252107620239258,0.5318679809570312,0.49779680371284485,0.5184956192970276,0.5165155529975891,0.4857614040374756,0.5169232487678528,0.5470400452613831,0.5514643788337708,0.510063648223877,0.48957839608192444,0.4803929924964905,0.5973528623580933,0.5597549080848694,0.5268105268478394,0.506420910358429,0.6440720558166504,0.6028808951377869,0.5819298028945923,0.5664730668067932,katakamukh_1,right,,,,,,,,,,,,,,,,,,,,,,,,,,,,,,,,,,,,,,,,,,,250
0.46620357036590576,0.48423635959625244,0.5497357249259949,0.644534170627594,0.7140474319458008,0.4668724238872528,0.5277949571609497,0.5568784475326538,0.5733331441879272,0.49149200320243835,0.575705349445343,0.5770966410636902,0.548682451248169,0.5258592963218689,0.5974598526954651,0.5884467959403992,0.5563278794288635,0.5657303333282471,0.6054421663284302,0.6026060581207275,0.5867428779602051,0.008234739303588867,0.04793757200241089,0.1580546498298645,0.26060372591018677,0.3563603162765503,0.451619952917099,0.6880871653556824,0.8117679953575134,0.9196685552597046,0.4283134937286377,0.5383462905883789,0.40113145112991333,0.31257712841033936,0.3986257314682007,0.4745761454105377,0.4001830816268921,0.37714684009552,0.3796233832836151,0.462062269449234,0.4382208585739136,0.4118378758430481,katakamukh_1,right,,,,,,,,,,,,,,,,,,,,,,,,,,,,,,,,,,,,,,,,,,,251
0.8701808452606201,0.8095055818557739,0.7022737264633179,0.6326130032539368,0.565359890460968,0.5209343433380127,0.3910869359970093,0.3289185166358948,0.2646147310733795,0.5521902441978455,0.48575836420059204,0.5669899582862854,0.6501284241676331,0.569590151309967,0.5119210481643677,0.5441926121711731,0.5658998489379883,0.5804579854011536,0.510629415512085,0.4649248719215393,0.42692673206329346,0.3894977867603302,0.4777182936668396,0.6130992770195007,0.7727653384208679,0.891331672668457,0.36900070309638977,0.5398120284080505,0.6331139802932739,0.6824095845222473,0.39867454767227173,0.6377449035644531,0.6998236179351807,0.6873769164085388,0.45320558547973633,0.6332471370697021,0.6836761236190796,0.6673248410224915,0.5199252367019653,0.6041580438613892,0.6525876522064209,0.6743199825286865,katakamukh_1,right,,,,,,,,,,,,,,,,,,,,,,,,,,,,,,,,,,,,,,,,,,,252
0.8423997163772583,0.7745214104652405,0.634120762348175,0.5155870914459229,0.46318790316581726,0.542866051197052,0.4505366086959839,0.4792664647102356,0.5001233220100403,0.5301528573036194,0.4177778363227844,0.4232615530490875,0.430950790643692,0.5366520285606384,0.42372119426727295,0.34461772441864014,0.27769938111305237,0.5572259426116943,0.4673384726047516,0.41389551758766174,0.3649526536464691,0.5677417516708374,0.4194456934928894,0.3322809636592865,0.3566933274269104,0.4618927538394928,0.3671507239341736,0.389640212059021,0.448422908782959,0.4998815655708313,0.47766080498695374,0.49446266889572144,0.5356387495994568,0.5750976800918579,0.5779420733451843,0.5909347534179688,0.5892336368560791,0.6037700176239014,0.6632043123245239,0.6434410810470581,0.6401094794273376,0.6453184485435486,katakamukh_1,right,,,,,,,,,,,,,,,,,,,,,,,,,,,,,,,,,,,,,,,,,,,253
0.46727505326271057,0.5560147166252136,0.5923441648483276,0.5603489279747009,0.49425143003463745,0.5583181977272034,0.5597904324531555,0.5364737510681152,0.5004890561103821,0.4997175931930542,0.5020259022712708,0.49813514947891235,0.4897002875804901,0.4496215581893921,0.44079315662384033,0.43644171953201294,0.42779505252838135,0.40163344144821167,0.4210123121738434,0.44505900144577026,0.46588677167892456,0.9834140539169312,0.9248727560043335,0.6958647966384888,0.49251386523246765,0.4058339297771454,0.5655654668807983,0.41290077567100525,0.44148871302604675,0.49420011043548584,0.5414403080940247,0.3401220440864563,0.24023889005184174,0.1597161591053009,0.5555678009986877,0.3513545095920563,0.22046849131584167,0.10807794332504272,0.5877699255943298,0.47798267006874084,0.43697860836982727,0.3925305902957916,katakamukh_1,right,,,,,,,,,,,,,,,,,,,,,,,,,,,,,,,,,,,,,,,,,,,254
0.9073231816291809,0.8216148018836975,0.6691665649414062,0.5366343259811401,0.4489395022392273,0.5343117713928223,0.4175671935081482,0.4442640244960785,0.4899074137210846,0.5144503116607666,0.3567620813846588,0.28271371126174927,0.21670088171958923,0.5338502526283264,0.3902055025100708,0.2911134362220764,0.2068626880645752,0.5701217651367188,0.4753677546977997,0.4349386692047119,0.39688175916671753,0.5412191152572632,0.3952552378177643,0.32589519023895264,0.38043007254600525,0.5103166103363037,0.3492170572280884,0.38877004384994507,0.47136983275413513,0.5572693347930908,0.48787379264831543,0.5006946325302124,0.5314666628837585,0.5584136843681335,0.6058698892593384,0.6328113079071045,0.6584295034408569,0.697033166885376,0.7072285413742065,0.695704996585846,0.7057696580886841,0.7249786853790283,katakamukh_1,right,,,,,,,,,,,,,,,,,,,,,,,,,,,,,,,,,,,,,,,,,,,255
0.49823734164237976,0.5754508376121521,0.6080387830734253,0.5422471165657043,0.4563515782356262,0.5753929615020752,0.5494542121887207,0.5152888894081116,0.49003857374191284,0.4984709918498993,0.47486209869384766,0.46028316020965576,0.4518534541130066,0.4342958629131317,0.3992104232311249,0.38585329055786133,0.3812815546989441,0.38099074363708496,0.37298500537872314,0.38806337118148804,0.40178972482681274,0.9533306360244751,0.9081096649169922,0.7051041722297668,0.5299395322799683,0.4517543911933899,0.48274487257003784,0.3479501008987427,0.4059123992919922,0.48169901967048645,0.43978312611579895,0.1694285273551941,0.020945817232131958,-0.09222051501274109,0.46934664249420166,0.21338652074337006,0.07484331727027893,-0.04042518138885498,0.5446574091911316,0.44577905535697937,0.46647047996520996,0.48607710003852844,katakamukh_1,right,,,,,,,,,,,,,,,,,,,,,,,,,,,,,,,,,,,,,,,,,,,256
0.7660281658172607,0.7170647382736206,0.6324927806854248,0.5615711808204651,0.5249207019805908,0.4647841453552246,0.386104017496109,0.47362980246543884,0.5393399000167847,0.457815557718277,0.31317436695098877,0.22661855816841125,0.13841310143470764,0.48725318908691406,0.3609943091869354,0.26670312881469727,0.17886239290237427,0.5411697626113892,0.4664158821105957,0.49316883087158203,0.5330007076263428,0.543717622756958,0.39351052045822144,0.3087035119533539,0.31579816341400146,0.4289100766181946,0.44700881838798523,0.4460718631744385,0.4569564759731293,0.4922485649585724,0.5447200536727905,0.5478941798210144,0.5456400513648987,0.5654459595680237,0.6329357028007507,0.6606512069702148,0.6647943258285522,0.6723849773406982,0.7037158012390137,0.641457200050354,0.5705043077468872,0.5305163264274597,katakamukh_1,right,,,,,,,,,,,,,,,,,,,,,,,,,,,,,,,,,,,,,,,,,,,257
0.4695169925689697,0.5464563369750977,0.599686324596405,0.6117757558822632,0.5384483933448792,0.5367001295089722,0.5435836911201477,0.5364625453948975,0.5171836018562317,0.4797973930835724,0.45673367381095886,0.4500970244407654,0.44032955169677734,0.42998015880584717,0.4172770380973816,0.4223259687423706,0.4266846477985382,0.38951247930526733,0.41374289989471436,0.44472891092300415,0.46346765756607056,0.9738740921020508,0.8739746809005737,0.7277589440345764,0.6018314361572266,0.5476592779159546,0.4348694682121277,0.30744069814682007,0.4412980377674103,0.5541333556175232,0.42575955390930176,0.1818496286869049,0.014911353588104248,-0.14456510543823242,0.4839276373386383,0.2401733249425888,0.1256445348262787,0.03710824251174927,0.5823180675506592,0.443742960691452,0.4765242338180542,0.5361064076423645,katakamukh_1,right,,,,,,,,,,,,,,,,,,,,,,,,,,,,,,,,,,,,,,,,,,,258
,,,,,,,,,,,,,,,,,,,,,,,,,,,,,,,,,,,,,,,,,,soochi,left,0.44558843970298767,0.35392963886260986,0.2920761704444885,0.30979907512664795,0.3711136281490326,0.3075402081012726,0.27591609954833984,0.26334550976753235,0.2594464421272278,0.37966591119766235,0.37187549471855164,0.3719601035118103,0.38138532638549805,0.44409874081611633,0.44038158655166626,0.4188968539237976,0.4200136959552765,0.5052996873855591,0.4895656108856201,0.466016948223114,0.4651772975921631,0.9492322206497192,0.854452908039093,0.6889771819114685,0.5052167177200317,0.3999032974243164,0.49935874342918396,0.29972043633461,0.17842477560043335,0.0800355076789856,0.5047624111175537,0.3836652338504791,0.5625244379043579,0.6374787092208862,0.5393596291542053,0.4292164444923401,0.6063300967216492,0.6796619892120361,0.5968382358551025,0.5398201942443848,0.6524689197540283,0.7007023692131042,259
,,,,,,,,,,,,,,,,,,,,,,,,,,,,,,,,,,,,,,,,,,soochi,left,0.7578710317611694,0.7038306593894958,0.6066793203353882,0.5017383694648743,0.4428669810295105,0.4998593330383301,0.3807668387889862,0.3137483596801758,0.2579331398010254,0.5039495825767517,0.42932355403900146,0.5272529125213623,0.571976900100708,0.524030327796936,0.45556196570396423,0.5564582943916321,0.6039169430732727,0.5580152273178101,0.5174413919448853,0.5806383490562439,0.6111076474189758,0.589518666267395,0.753835141658783,0.8732117414474487,0.83954918384552,0.7293691635131836,0.840660035610199,0.9044874906539917,0.9300917387008667,0.9423549175262451,0.7125127911567688,0.7329261302947998,0.7259840369224548,0.7059170603752136,0.5989565253257751,0.6082606911659241,0.6470433473587036,0.6462016105651855,0.4872378408908844,0.518190860748291,0.5578427910804749,0.5562617778778076,260
,,,,,,,,,,,,,,,,,,,,,,,,,,,,,,,,,,,,,,,,,,soochi,left,0.6945116519927979,0.6422114372253418,0.5782002210617065,0.5025312900543213,0.47796130180358887,0.5141078233718872,0.44296541810035706,0.41280993819236755,0.38598519563674927,0.5095934867858887,0.44392475485801697,0.5083277821540833,0.5484353303909302,0.5151800513267517,0.4547067880630493,0.5303084850311279,0.5832139849662781,0.5316464304924011,0.4833999276161194,0.5311439633369446,0.572253942489624,0.5159696936607361,0.6552472114562988,0.7476948499679565,0.7141693830490112,0.601090669631958,0.7117146849632263,0.7936011552810669,0.8458429574966431,0.8734136819839478,0.6212013363838196,0.6659694314002991,0.6465921998023987,0.6237330436706543,0.5371291041374207,0.5652796030044556,0.5770638585090637,0.5668611526489258,0.44820529222488403,0.47412580251693726,0.4949837028980255,0.49439337849617004,261
,,,,,,,,,,,,,,,,,,,,,,,,,,,,,,,,,,,,,,,,,,soochi,left,0.3331713080406189,0.3358851671218872,0.36589595675468445,0.43410739302635193,0.4798423647880554,0.44566911458969116,0.47831982374191284,0.434114009141922,0.4069286286830902,0.4723471999168396,0.4981361925601959,0.4422859251499176,0.41502150893211365,0.4911179542541504,0.5172857642173767,0.45485854148864746,0.41753169894218445,0.5013214945793152,0.5231823921203613,0.4809774160385132,0.4518403708934784,0.6918834447860718,0.5486860275268555,0.4064671993255615,0.3656555414199829,0.43674299120903015,0.39002591371536255,0.3144412636756897,0.38127055764198303,0.4435974359512329,0.46237725019454956,0.392574280500412,0.4735357165336609,0.5206130146980286,0.5330002903938293,0.474151074886322,0.5336599946022034,0.5755606889724731,0.6128860712051392,0.5580756068229675,0.5865293145179749,0.6136824488639832,262
,,,,,,,,,,,,,,,,,,,,,,,,,,,,,,,,,,,,,,,,,,soochi,left,0.6185014247894287,0.5347151160240173,0.4516085982322693,0.42064496874809265,0.46035805344581604,0.43753668665885925,0.3920102119445801,0.4262678027153015,0.4603499174118042,0.47778722643852234,0.43648484349250793,0.4774300158023834,0.5036332011222839,0.5193250775337219,0.4852737784385681,0.5172717571258545,0.5428653359413147,0.5678059458732605,0.5363070368766785,0.5505324006080627,0.565544843673706,0.7861220836639404,0.7906140089035034,0.7438536882400513,0.6252450346946716,0.5377813577651978,0.5995693206787109,0.5372549295425415,0.6149426102638245,0.6612987518310547,0.5505788326263428,0.4975930452346802,0.5978596210479736,0.646115779876709,0.5171067118644714,0.4652538001537323,0.5803060531616211,0.6466407775878906,0.49804991483688354,0.46251529455184937,0.5409250259399414,0.591882050037384,263
,,,,,,,,,,,,,,,,,,,,,,,,,,,,,,,,,,,,,,,,,,soochi,left,0.6788507103919983,0.6536452770233154,0.6185369491577148,0.5500527620315552,0.5040704011917114,0.5332334637641907,0.48076513409614563,0.5369041562080383,0.5685829520225525,0.5102637410163879,0.4660268723964691,0.5377076864242554,0.5678194165229797,0.4915297031402588,0.449637234210968,0.5213183164596558,0.5628820061683655,0.483640193939209,0.4404265582561493,0.48643916845321655,0.523939311504364,0.34752804040908813,0.49697431921958923,0.6298899054527283,0.6701831221580505,0.5879859924316406,0.6029118895530701,0.6918132305145264,0.6431750655174255,0.5841090679168701,0.5329222679138184,0.6096606254577637,0.5463799834251404,0.5056086182594299,0.4647350013256073,0.5392090082168579,0.4912090301513672,0.44945257902145386,0.38925808668136597,0.44965603947639465,0.43215346336364746,0.4065686762332916,264
,,,,,,,,,,,,,,,,,,,,,,,,,,,,,,,,,,,,,,,,,,soochi,left,0.5995001792907715,0.5232892036437988,0.436812162399292,0.4073712229728699,0.44896066188812256,0.4271187484264374,0.37688055634498596,0.4143717885017395,0.45118576288223267,0.4678637385368347,0.4192145764827728,0.46449244022369385,0.494110643863678,0.5099887251853943,0.4660024642944336,0.5031419396400452,0.5325018763542175,0.557005763053894,0.5157396793365479,0.5368269681930542,0.560725212097168,0.7724177837371826,0.7673728466033936,0.7076016664505005,0.5850246548652649,0.49518123269081116,0.5520956516265869,0.5003207325935364,0.5892533659934998,0.6234675645828247,0.5027253031730652,0.4604033827781677,0.567201554775238,0.6081366539001465,0.46495479345321655,0.4204493463039398,0.5427131056785583,0.6057304739952087,0.44035789370536804,0.40519434213638306,0.48824837803840637,0.5397336483001709,265
,,,,,,,,,,,,,,,,,,,,,,,,,,,,,,,,,,,,,,,,,,soochi,left,0.706344485282898,0.6358219981193542,0.5656147003173828,0.5526449680328369,0.5979211330413818,0.538382351398468,0.4696320593357086,0.43416374921798706,0.40821200609207153,0.5814161896705627,0.5523818135261536,0.5868746638298035,0.6078225374221802,0.6264320015907288,0.6079763174057007,0.6283314824104309,0.6431913375854492,0.6733037829399109,0.652901291847229,0.6626310348510742,0.6737697124481201,0.6485596895217896,0.6495519280433655,0.5850808620452881,0.4601499140262604,0.39297565817832947,0.47396767139434814,0.3762161135673523,0.32221829891204834,0.27101606130599976,0.43374669551849365,0.34753772616386414,0.4360278248786926,0.4946175217628479,0.4147389531135559,0.3432134985923767,0.45017310976982117,0.5196314454078674,0.4118398129940033,0.3691764771938324,0.44378140568733215,0.49859291315078735,266
,,,,,,,,,,,,,,,,,,,,,,,,,,,,,,,,,,,,,,,,,,soochi,left,0.706344485282898,0.6358219981193542,0.5656147003173828,0.5526449680328369,0.5979211330413818,0.538382351398468,0.4696320593357086,0.43416374921798706,0.40821200609207153,0.5814161896705627,0.5523818135261536,0.5868746638298035,0.6078225374221802,0.6264320015907288,0.6079763174057007,0.6283314824104309,0.6431913375854492,0.6733037829399109,0.652901291847229,0.6626310348510742,0.6737697124481201,0.6485596895217896,0.6495519280433655,0.5850808620452881,0.4601499140262604,0.39297565817832947,0.47396767139434814,0.3762161135673523,0.32221829891204834,0.27101606130599976,0.43374669551849365,0.34753772616386414,0.4360278248786926,0.4946175217628479,0.4147389531135559,0.3432134985923767,0.45017310976982117,0.5196314454078674,0.4118398129940033,0.3691764771938324,0.44378140568733215,0.49859291315078735,267
,,,,,,,,,,,,,,,,,,,,,,,,,,,,,,,,,,,,,,,,,,soochi,left,0.667561948299408,0.572037935256958,0.4614507257938385,0.4033290147781372,0.42360031604766846,0.4078909158706665,0.3352380096912384,0.2954137921333313,0.26435452699661255,0.4530761241912842,0.3800637722015381,0.44192057847976685,0.4899301528930664,0.5069398283958435,0.4491163194179535,0.5065049529075623,0.5483874678611755,0.5625854134559631,0.5195695757865906,0.557074785232544,0.5886611938476562,0.7315566539764404,0.7736647725105286,0.7526317834854126,0.6503792405128479,0.5475744605064392,0.4918898046016693,0.4105055630207062,0.35550323128700256,0.3004872798919678,0.4087051451206207,0.44788026809692383,0.5788300037384033,0.6325075626373291,0.3616124093532562,0.45543673634529114,0.5804492831230164,0.6279152631759644,0.34968096017837524,0.47711431980133057,0.5634956359863281,0.5811767578125,268
,,,,,,,,,,,,,,,,,,,,,,,,,,,,,,,,,,,,,,,,,,soochi,left,0.667561948299408,0.572037935256958,0.4614507257938385,0.4033290147781372,0.42360031604766846,0.4078909158706665,0.3352380096912384,0.2954137921333313,0.26435452699661255,0.4530761241912842,0.3800637722015381,0.44192057847976685,0.4899301528930664,0.5069398283958435,0.4491163194179535,0.5065049529075623,0.5483874678611755,0.5625854134559631,0.5195695757865906,0.557074785232544,0.5886611938476562,0.7315566539764404,0.7736647725105286,0.7526317834854126,0.6503792405128479,0.5475744605064392,0.4918898046016693,0.4105055630207062,0.35550323128700256,0.3004872798919678,0.4087051451206207,0.44788026809692383,0.5788300037384033,0.6325075626373291,0.3616124093532562,0.45543673634529114,0.5804492831230164,0.6279152631759644,0.34968096017837524,0.47711431980133057,0.5634956359863281,0.5811767578125,269
,,,,,,,,,,,,,,,,,,,,,,,,,,,,,,,,,,,,,,,,,,aral,left,0.5232948660850525,0.42280080914497375,0.32349109649658203,0.26785051822662354,0.28488942980766296,0.32068395614624023,0.26561498641967773,0.27573874592781067,0.2986493408679962,0.35553064942359924,0.28784531354904175,0.24769103527069092,0.20949597656726837,0.3987692892551422,0.33658137917518616,0.29486018419265747,0.2579701244831085,0.4599163234233856,0.41353899240493774,0.37931349873542786,0.3491809070110321,0.8722788095474243,0.9247208833694458,0.8830391764640808,0.7817612290382385,0.6839337348937988,0.6415969729423523,0.5073210000991821,0.5438600778579712,0.5926287174224854,0.5731582045555115,0.4096805155277252,0.31471726298332214,0.22479131817817688,0.5416955947875977,0.39449256658554077,0.3027568757534027,0.2198038101196289,0.5348419547080994,0.42313921451568604,0.3601377010345459,0.2991027534008026,270
,,,,,,,,,,,,,,,,,,,,,,,,,,,,,,,,,,,,,,,,,,aral,left,0.277949720621109,0.2674664556980133,0.2935909032821655,0.35334157943725586,0.40959274768829346,0.4198012351989746,0.48640385270118713,0.47098439931869507,0.45220625400543213,0.45660221576690674,0.5523696541786194,0.6120498776435852,0.6675818562507629,0.47457802295684814,0.5629340410232544,0.6109095811843872,0.6552615165710449,0.47746551036834717,0.5407214760780334,0.5718292593955994,0.6023375391960144,0.4769379496574402,0.31451615691185,0.15386895835399628,0.088656485080719,0.11959110200405121,0.17570142447948456,0.0861118882894516,0.08817039430141449,0.12079446017742157,0.23530632257461548,0.11531373858451843,0.03928610682487488,-0.019000530242919922,0.3183058798313141,0.1997230052947998,0.12721171975135803,0.06512287259101868,0.429101824760437,0.3423598110675812,0.279601126909256,0.2244056761264801,271
,,,,,,,,,,,,,,,,,,,,,,,,,,,,,,,,,,,,,,,,,,aral,left,0.6148377060890198,0.6539160013198853,0.6558218598365784,0.6139461994171143,0.5513953566551208,0.5477054119110107,0.49885642528533936,0.5218819379806519,0.5418630838394165,0.5066536664962769,0.44429442286491394,0.41024622321128845,0.3744646906852722,0.48109644651412964,0.4242202341556549,0.3927733302116394,0.3601987957954407,0.4634363353252411,0.4205063283443451,0.3993714153766632,0.37696534395217896,0.26310744881629944,0.41148027777671814,0.576836884021759,0.6847394704818726,0.6978229284286499,0.643757164478302,0.764634907245636,0.7299034595489502,0.6763953566551208,0.6096248626708984,0.7624446153640747,0.8496864438056946,0.9318307638168335,0.5502710938453674,0.6844169497489929,0.7697069644927979,0.852746844291687,0.45983847975730896,0.5622739195823669,0.6307299137115479,0.6958068609237671,272
,,,,,,,,,,,,,,,,,,,,,,,,,,,,,,,,,,,,,,,,,,aral,left,0.6264529824256897,0.5510625839233398,0.4601907730102539,0.39986225962638855,0.39214879274368286,0.4179304540157318,0.35465607047080994,0.36861148476600647,0.39183568954467773,0.43707677721977234,0.3538059890270233,0.30370885133743286,0.25446373224258423,0.4701507091522217,0.39480191469192505,0.34678924083709717,0.3018149733543396,0.5211846232414246,0.4633299708366394,0.42536187171936035,0.3896001875400543,0.6946660876274109,0.7721962928771973,0.7764950394630432,0.7098456621170044,0.6079457402229309,0.574697732925415,0.4948224425315857,0.5353093147277832,0.573366641998291,0.5033957362174988,0.4009826183319092,0.33866262435913086,0.27407723665237427,0.4623437225818634,0.3672824501991272,0.31091275811195374,0.25657951831817627,0.4338718354701996,0.3600495755672455,0.3240435719490051,0.28850793838500977,273
,,,,,,,,,,,,,,,,,,,,,,,,,,,,,,,,,,,,,,,,,,aral,left,0.6060950756072998,0.5302395224571228,0.4468079209327698,0.40756967663764954,0.4038665294647217,0.4045056998729706,0.34685835242271423,0.3787781894207001,0.4157456159591675,0.43276721239089966,0.3526858687400818,0.3079889416694641,0.2629673480987549,0.4729604423046112,0.3973977565765381,0.35297322273254395,0.3115731477737427,0.5294572114944458,0.4727666676044464,0.43583065271377563,0.4018576443195343,0.8312715291976929,0.8988580703735352,0.876909077167511,0.786429226398468,0.685238242149353,0.6991413831710815,0.6209504008293152,0.6641029119491577,0.6921036243438721,0.6235082745552063,0.5004000067710876,0.4269614815711975,0.3464788794517517,0.5774940848350525,0.46769970655441284,0.4002380669116974,0.3329888880252838,0.5487702488899231,0.46533820033073425,0.42148616909980774,0.3804042637348175,274
,,,,,,,,,,,,,,,,,,,,,,,,,,,,,,,,,,,,,,,,,,aral,left,0.6060950756072998,0.5302395224571228,0.4468079209327698,0.40756967663764954,0.4038665294647217,0.4045056998729706,0.34685835242271423,0.3787781894207001,0.4157456159591675,0.43276721239089966,0.3526858687400818,0.3079889416694641,0.2629673480987549,0.4729604423046112,0.3973977565765381,0.35297322273254395,0.3115731477737427,0.5294572114944458,0.4727666676044464,0.43583065271377563,0.4018576443195343,0.8312715291976929,0.8988580703735352,0.876909077167511,0.786429226398468,0.685238242149353,0.6991413831710815,0.6209504008293152,0.6641029119491577,0.6921036243438721,0.6235082745552063,0.5004000067710876,0.4269614815711975,0.3464788794517517,0.5774940848350525,0.46769970655441284,0.4002380669116974,0.3329888880252838,0.5487702488899231,0.46533820033073425,0.42148616909980774,0.3804042637348175,275
,,,,,,,,,,,,,,,,,,,,,,,,,,,,,,,,,,,,,,,,,,aral,left,0.7127969861030579,0.6958460211753845,0.6395196914672852,0.5669089555740356,0.5228822231292725,0.5571112036705017,0.501000165939331,0.5082230567932129,0.5197936296463013,0.531948447227478,0.44400525093078613,0.39305275678634644,0.3459400534629822,0.5245077610015869,0.44532182812690735,0.39965736865997314,0.3588205873966217,0.5329093337059021,0.4740850627422333,0.44295525550842285,0.413171648979187,0.46323350071907043,0.627238392829895,0.7426729202270508,0.7707812190055847,0.7052736282348633,0.6490798592567444,0.6850293278694153,0.6898378133773804,0.6743195652961731,0.5755017995834351,0.6152939200401306,0.6403378248214722,0.6550700664520264,0.4998159110546112,0.5396796464920044,0.571145236492157,0.5938453674316406,0.4099254310131073,0.449513703584671,0.4828070402145386,0.5077148079872131,276
,,,,,,,,,,,,,,,,,,,,,,,,,,,,,,,,,,,,,,,,,,aral,left,0.5305917263031006,0.44060444831848145,0.3714686334133148,0.3509781062602997,0.38277462124824524,0.41715675592422485,0.4001742899417877,0.3983035087585449,0.40499362349510193,0.45629236102104187,0.434474378824234,0.421968936920166,0.41224944591522217,0.4959944486618042,0.47320786118507385,0.45771318674087524,0.44550400972366333,0.5460715293884277,0.5262771248817444,0.5100743174552917,0.4958813786506653,0.8630210757255554,0.8518034815788269,0.7550261616706848,0.630645215511322,0.5665014386177063,0.6059718132019043,0.49491050839424133,0.49730435013771057,0.5152096152305603,0.5620845556259155,0.40559595823287964,0.3105180561542511,0.2263387143611908,0.5489336252212524,0.407886803150177,0.31764453649520874,0.2426685392856598,0.5634409785270691,0.4564830958843231,0.39332887530326843,0.33851465582847595,277
,,,,,,,,,,,,,,,,,,,,,,,,,,,,,,,,,,,,,,,,,,aral,left,0.6569480299949646,0.5808922052383423,0.4965028464794159,0.43733370304107666,0.4339113235473633,0.4666566252708435,0.4047972559928894,0.40867748856544495,0.42526277899742126,0.48428088426589966,0.4067259132862091,0.35767680406570435,0.3133274018764496,0.5156908631324768,0.4432845711708069,0.39436960220336914,0.35004299879074097,0.5615959763526917,0.5058695673942566,0.46594366431236267,0.42984825372695923,0.7762148380279541,0.8352062106132507,0.8393337726593018,0.7899856567382812,0.7030351161956787,0.6362751722335815,0.5671562552452087,0.6329315900802612,0.6918944120407104,0.5752170085906982,0.4748508632183075,0.41571953892707825,0.358833372592926,0.539008378982544,0.4482805132865906,0.39577704668045044,0.34843048453330994,0.5176522135734558,0.44572192430496216,0.4112839698791504,0.37883925437927246,278
,,,,,,,,,,,,,,,,,,,,,,,,,,,,,,,,,,,,,,,,,,aral,left,0.6569480299949646,0.5808922052383423,0.4965028464794159,0.43733370304107666,0.4339113235473633,0.4666566252708435,0.4047972559928894,0.40867748856544495,0.42526277899742126,0.48428088426589966,0.4067259132862091,0.35767680406570435,0.3133274018764496,0.5156908631324768,0.4432845711708069,0.39436960220336914,0.35004299879074097,0.5615959763526917,0.5058695673942566,0.46594366431236267,0.42984825372695923,0.7762148380279541,0.8352062106132507,0.8393337726593018,0.7899856567382812,0.7030351161956787,0.6362751722335815,0.5671562552452087,0.6329315900802612,0.6918944120407104,0.5752170085906982,0.4748508632183075,0.41571953892707825,0.358833372592926,0.539008378982544,0.4482805132865906,0.39577704668045044,0.34843048453330994,0.5176522135734558,0.44572192430496216,0.4112839698791504,0.37883925437927246,279
,,,,,,,,,,,,,,,,,,,,,,,,,,,,,,,,,,,,,,,,,,aral,left,0.6373005509376526,0.6757388710975647,0.6589418053627014,0.6013677716255188,0.536188542842865,0.5421746373176575,0.48086827993392944,0.49291306734085083,0.5167138576507568,0.49735206365585327,0.418280690908432,0.3779364824295044,0.3433521091938019,0.4705406427383423,0.3997960686683655,0.35973721742630005,0.3284147381782532,0.4507572650909424,0.39577987790107727,0.3655626177787781,0.3393683135509491,0.22410261631011963,0.4096946716308594,0.593328595161438,0.709816038608551,0.7000097632408142,0.5911926627159119,0.6964827179908752,0.7206029295921326,0.7234066724777222,0.5468327403068542,0.6916515231132507,0.7872955799102783,0.8745086193084717,0.4816948473453522,0.614801824092865,0.7155577540397644,0.8007895350456238,0.38202887773513794,0.48525136709213257,0.5594750046730042,0.626476526260376,280
,,,,,,,,,,,,,,,,,,,,,,,,,,,,,,,,,,,,,,,,,,aral,left,0.6653866171836853,0.5529691576957703,0.44938960671424866,0.3878345489501953,0.3893621563911438,0.4478949010372162,0.3892136216163635,0.37409156560897827,0.3705708384513855,0.47438526153564453,0.3936843276023865,0.3375232219696045,0.2859858274459839,0.5133281946182251,0.43776825070381165,0.3813541531562805,0.33017098903656006,0.5708158016204834,0.5128334760665894,0.4696294963359833,0.4286498725414276,0.7494223117828369,0.8041301965713501,0.7851296067237854,0.6836369633674622,0.5675680637359619,0.5701694488525391,0.46631714701652527,0.4927285313606262,0.5344787836074829,0.4944497048854828,0.3585472106933594,0.2859015166759491,0.2211049646139145,0.4474163353443146,0.3204445242881775,0.24899724125862122,0.19202406704425812,0.41264960169792175,0.3124087154865265,0.2622412443161011,0.22137665748596191,281
,,,,,,,,,,,,,,,,,,,,,,,,,,,,,,,,,,,,,,,,,,aral,left,0.5478864908218384,0.4980599284172058,0.4645790755748749,0.4590635895729065,0.45562440156936646,0.43657711148262024,0.38857927918434143,0.3556513786315918,0.33258846402168274,0.4564085006713867,0.4725314974784851,0.4972909986972809,0.5124240517616272,0.47331127524375916,0.4886125922203064,0.5047810077667236,0.5132121443748474,0.4862149953842163,0.48713773488998413,0.49664244055747986,0.5045749545097351,0.7384729981422424,0.7885562181472778,0.7349533438682556,0.641356348991394,0.5551390051841736,0.5499416589736938,0.39693599939346313,0.30339330434799194,0.22994893789291382,0.5134101510047913,0.4460477828979492,0.4157531261444092,0.38069167733192444,0.49884992837905884,0.47009116411209106,0.5322964787483215,0.5654743909835815,0.4972021281719208,0.5050891637802124,0.5505123734474182,0.5769439339637756,282
,,,,,,,,,,,,,,,,,,,,,,,,,,,,,,,,,,,,,,,,,,aral,left,0.6424261331558228,0.6881549954414368,0.6749172806739807,0.616225004196167,0.5556853413581848,0.5809682011604309,0.49519217014312744,0.452430784702301,0.42049455642700195,0.5286582112312317,0.4544048607349396,0.3976021409034729,0.3541025221347809,0.5005536675453186,0.4729040861129761,0.5054084062576294,0.5250414609909058,0.4805606007575989,0.4942633807659149,0.5334469676017761,0.5559565424919128,0.39394789934158325,0.46093079447746277,0.5194641351699829,0.5008288025856018,0.4604882001876831,0.6106926798820496,0.5984802842140198,0.5245285034179688,0.44848018884658813,0.5879491567611694,0.6847563982009888,0.755743145942688,0.815056324005127,0.5511727929115295,0.5348501801490784,0.4974844455718994,0.488821417093277,0.5046504735946655,0.4871201515197754,0.4608233571052551,0.4625401794910431,283
,,,,,,,,,,,,,,,,,,,,,,,,,,,,,,,,,,,,,,,,,,aral,left,0.7101531028747559,0.7491949796676636,0.7362253665924072,0.667041003704071,0.5942524671554565,0.6208786964416504,0.5619935989379883,0.5657569169998169,0.5682126879692078,0.5691673755645752,0.48757070302963257,0.44045278429985046,0.39875948429107666,0.5380404591560364,0.46630990505218506,0.42418617010116577,0.3915914297103882,0.5142714381217957,0.4610249102115631,0.43439197540283203,0.4130609929561615,0.16620784997940063,0.3631936311721802,0.5628649592399597,0.6839900016784668,0.658376932144165,0.5645467042922974,0.6659587025642395,0.670993447303772,0.6561789512634277,0.513812243938446,0.65692538022995,0.7527828216552734,0.8333938121795654,0.44153428077697754,0.5824964046478271,0.6764113903045654,0.7549676895141602,0.33213886618614197,0.4405025541782379,0.5165337324142456,0.585180938243866,284
,,,,,,,,,,,,,,,,,,,,,,,,,,,,,,,,,,,,,,,,,,aral,left,0.6906864047050476,0.5749157071113586,0.46897250413894653,0.4070759415626526,0.4188730716705322,0.46384865045547485,0.4107687771320343,0.40460947155952454,0.40872442722320557,0.4933277666568756,0.41426029801368713,0.3609565794467926,0.31154635548591614,0.5319846868515015,0.4598710536956787,0.40841978788375854,0.36355525255203247,0.5916458368301392,0.535224199295044,0.49535760283470154,0.4594476521015167,0.8793758749961853,0.9459033608436584,0.9225524067878723,0.7980067729949951,0.6726612448692322,0.7192655801773071,0.6010146141052246,0.6022271513938904,0.6146430969238281,0.6280403137207031,0.48555517196655273,0.39959824085235596,0.32556581497192383,0.5743125081062317,0.4454827904701233,0.37003517150878906,0.3106498718261719,0.5368664860725403,0.4360998272895813,0.38484132289886475,0.34244072437286377,285
,,,,,,,,,,,,,,,,,,,,,,,,,,,,,,,,,,,,,,,,,,aral,left,0.7023543119430542,0.7394593358039856,0.722159743309021,0.6651244759559631,0.5945045351982117,0.5856360197067261,0.5225215554237366,0.5428739786148071,0.5737115144729614,0.5400169491767883,0.4595964550971985,0.4200729429721832,0.3885079622268677,0.513248085975647,0.43805238604545593,0.3995477557182312,0.3698543906211853,0.4949784278869629,0.43743088841438293,0.4086180329322815,0.3830101490020752,0.16545718908309937,0.3677102327346802,0.5736325979232788,0.7064411044120789,0.6992975473403931,0.5739150047302246,0.6960369348526001,0.7230603098869324,0.7224032282829285,0.5246420502662659,0.6813585162162781,0.787017822265625,0.8788951635360718,0.45083844661712646,0.5993423461914062,0.7044289112091064,0.7983300685882568,0.34572118520736694,0.45672422647476196,0.5368508696556091,0.6131166815757751,286
,,,,,,,,,,,,,,,,,,,,,,,,,,,,,,,,,,,,,,,,,,aral,left,0.689013659954071,0.5718398094177246,0.46102866530418396,0.3944017291069031,0.3980737626552582,0.46465882658958435,0.39392587542533875,0.3769744634628296,0.37326663732528687,0.49147844314575195,0.40202879905700684,0.34124866127967834,0.28618448972702026,0.5312853455543518,0.44875919818878174,0.3863377273082733,0.33089178800582886,0.5900875329971313,0.5268166661262512,0.47903382778167725,0.43411970138549805,0.8714138269424438,0.9294524788856506,0.8943648338317871,0.7928794622421265,0.6851545572280884,0.6492516994476318,0.5401111841201782,0.5860098004341125,0.644194483757019,0.5744144916534424,0.4358917772769928,0.3611498475074768,0.2940395772457123,0.5311471223831177,0.40141794085502625,0.33030635118484497,0.27354633808135986,0.5027928948402405,0.39572665095329285,0.3412935137748718,0.2950010299682617,287
,,,,,,,,,,,,,,,,,,,,,,,,,,,,,,,,,,,,,,,,,,aral,left,0.7447275519371033,0.6144545078277588,0.4868963062763214,0.404876172542572,0.37289130687713623,0.4633741080760956,0.3599056303501129,0.3279467821121216,0.32511961460113525,0.4920019507408142,0.36443740129470825,0.2821308970451355,0.2133023738861084,0.5429976582527161,0.4192313253879547,0.3359989523887634,0.2604532241821289,0.6146113276481628,0.5248825550079346,0.45696911215782166,0.39166736602783203,0.946134626865387,0.9851296544075012,0.9147244691848755,0.8211629390716553,0.7158823609352112,0.6297792196273804,0.5359630584716797,0.6187235116958618,0.7023210525512695,0.5542033314704895,0.40533944964408875,0.3244386911392212,0.25144511461257935,0.5075875520706177,0.3649006187915802,0.2836156487464905,0.21276122331619263,0.4843659996986389,0.36440590023994446,0.3077327013015747,0.254011332988739,288
,,,,,,,,,,,,,,,,,,,,,,,,,,,,,,,,,,,,,,,,,,aral,left,0.608225405216217,0.501968264579773,0.4032997190952301,0.36027684807777405,0.3796769380569458,0.4051222801208496,0.3444691300392151,0.3577861785888672,0.38328927755355835,0.4504465162754059,0.36041969060897827,0.30246701836586,0.24988076090812683,0.5083513259887695,0.421324223279953,0.3621629476547241,0.30617555975914,0.5833768248558044,0.5208742022514343,0.4710235297679901,0.4194819927215576,0.9995800256729126,1.0077250003814697,0.948073148727417,0.8244829177856445,0.6948662996292114,0.6783231496810913,0.5554457306861877,0.6181448101997375,0.6695711612701416,0.5836275815963745,0.3996651768684387,0.291360467672348,0.186817467212677,0.5326518416404724,0.35345458984375,0.2559308409690857,0.16938793659210205,0.515969455242157,0.37761592864990234,0.3076295852661133,0.2391699254512787,289
,,,,,,,,,,,,,,,,,,,,,,,,,,,,,,,,,,,,,,,,,,aral,left,0.24856561422348022,0.22441434860229492,0.25069358944892883,0.3201638162136078,0.3944023847579956,0.40043890476226807,0.47651150822639465,0.4362092614173889,0.39858606457710266,0.4540219306945801,0.557197630405426,0.6158098578453064,0.6781761646270752,0.48540613055229187,0.5806504487991333,0.6359950304031372,0.690463662147522,0.5009469389915466,0.5734167695045471,0.6111878156661987,0.647416353225708,0.7620469331741333,0.559546947479248,0.3535882234573364,0.2459239363670349,0.2870329022407532,0.3196379542350769,0.19872477650642395,0.24271968007087708,0.3138163089752197,0.398539662361145,0.23132869601249695,0.1296049952507019,0.034880995750427246,0.5061863660812378,0.34352928400039673,0.24455364048480988,0.1499500572681427,0.6417298913002014,0.5224242806434631,0.4380188584327698,0.35651442408561707,290
,,,,,,,,,,,,,,,,,,,,,,,,,,,,,,,,,,,,,,,,,,aral,left,0.7150042057037354,0.7449846267700195,0.7226935625076294,0.668016791343689,0.6158954501152039,0.5860117673873901,0.5258911848068237,0.5643702745437622,0.6013604402542114,0.5388224124908447,0.4652518033981323,0.42167994379997253,0.369621217250824,0.5158743858337402,0.44100522994995117,0.4001326858997345,0.35682761669158936,0.5089392066001892,0.452652245759964,0.4219655990600586,0.389108270406723,0.1847589910030365,0.3690583109855652,0.5530427098274231,0.6632217168807983,0.6032567024230957,0.5830920338630676,0.6817708611488342,0.6382806301116943,0.5777584314346313,0.5062633156776428,0.624807596206665,0.6914678812026978,0.7614114880561829,0.40948671102523804,0.5121673941612244,0.5784979462623596,0.649638295173645,0.29283422231674194,0.36115753650665283,0.40979254245758057,0.4611677825450897,291
,,,,,,,,,,,,,,,,,,,,,,,,,,,,,,,,,,,,,,,,,,aral,left,0.6673518419265747,0.5682126879692078,0.47215795516967773,0.42014408111572266,0.43364882469177246,0.4573182761669159,0.4036031663417816,0.42469924688339233,0.4552140235900879,0.5017305016517639,0.4358159899711609,0.3953753709793091,0.3548392355442047,0.5552899241447449,0.4958840310573578,0.4543664753437042,0.41365477442741394,0.6197073459625244,0.5782718062400818,0.5468438267707825,0.5136439800262451,0.8845674991607666,0.9308975338935852,0.8994861841201782,0.8170238733291626,0.7198955416679382,0.6454920768737793,0.5436041355133057,0.6169137954711914,0.6834250092506409,0.5664995312690735,0.4393896162509918,0.36531347036361694,0.2733641266822815,0.5227437615394592,0.40014487504959106,0.3288692533969879,0.2537496089935303,0.5064200162887573,0.4076550304889679,0.3606310486793518,0.310427725315094,292
,,,,,,,,,,,,,,,,,,,,,,,,,,,,,,,,,,,,,,,,,,aral,left,0.7244860529899597,0.7575829029083252,0.7473855018615723,0.6967809200286865,0.615836501121521,0.6257008910179138,0.562267005443573,0.5707505345344543,0.583133339881897,0.577744722366333,0.49576491117477417,0.45410916209220886,0.4182397127151489,0.5478538870811462,0.4712475836277008,0.42939966917037964,0.39443331956863403,0.5283445119857788,0.4711354076862335,0.4409579932689667,0.4132136106491089,0.09880772233009338,0.31142154335975647,0.5322998762130737,0.6799793839454651,0.6652413606643677,0.550666332244873,0.6732889413833618,0.6854666471481323,0.6777029633522034,0.4979066848754883,0.6527571082115173,0.7459829449653625,0.8261032104492188,0.4143039286136627,0.5690153241157532,0.6636688709259033,0.7504525184631348,0.30041229724884033,0.40748003125190735,0.48052000999450684,0.5506932139396667,293
,,,,,,,,,,,,,,,,,,,,,,,,,,,,,,,,,,,,,,,,,,aral,left,0.7053629755973816,0.5905336141586304,0.479828804731369,0.4055561423301697,0.4171200394630432,0.472389280796051,0.4078039824962616,0.3974325954914093,0.40292683243751526,0.5055691599845886,0.42000487446784973,0.3651084303855896,0.31680232286453247,0.5539488792419434,0.46769341826438904,0.4119584858417511,0.36151760816574097,0.6200899481773376,0.5565969944000244,0.512082576751709,0.4697127342224121,0.9651800990104675,1.0006910562515259,0.9507235288619995,0.8407927751541138,0.7102963924407959,0.7330480217933655,0.607443630695343,0.6267862319946289,0.6644594669342041,0.649385929107666,0.4959791898727417,0.41602861881256104,0.3491041660308838,0.5974497199058533,0.45403990149497986,0.37577980756759644,0.3116423487663269,0.566201388835907,0.45308759808540344,0.3985029458999634,0.35111743211746216,294
,,,,,,,,,,,,,,,,,,,,,,,,,,,,,,,,,,,,,,,,,,kapitth,left,0.6441590785980225,0.6775522828102112,0.6386297345161438,0.5821331143379211,0.5372029542922974,0.5395071506500244,0.4666758179664612,0.451593816280365,0.4523325562477112,0.5135160088539124,0.4697771668434143,0.4778502583503723,0.4895288944244385,0.5095073580741882,0.48982492089271545,0.5089907646179199,0.5268864631652832,0.5177868604660034,0.5059956312179565,0.527019739151001,0.5482171177864075,0.9837876558303833,0.7871280908584595,0.6319668292999268,0.5326549410820007,0.4923461079597473,0.6336085796356201,0.5296953916549683,0.49672240018844604,0.49528568983078003,0.6920192241668701,0.5989247560501099,0.5412344932556152,0.5276246070861816,0.7413332462310791,0.6517589092254639,0.6052165031433105,0.5996812582015991,0.7759795188903809,0.6874234676361084,0.6524695754051208,0.6518049240112305,295
,,,,,,,,,,,,,,,,,,,,,,,,,,,,,,,,,,,,,,,,,,kapitth,left,0.7518509030342102,0.7474220991134644,0.691120982170105,0.6127358675003052,0.5499210953712463,0.6170472502708435,0.5383651256561279,0.5414003729820251,0.5600835680961609,0.5992403626441956,0.5343446731567383,0.5977877974510193,0.6273791790008545,0.5856035947799683,0.5412954092025757,0.6109684109687805,0.6397256255149841,0.5797985196113586,0.5455673933029175,0.5979507565498352,0.6281683444976807,0.21813428401947021,0.3741019666194916,0.516715407371521,0.6028487086296082,0.6661675572395325,0.5901702642440796,0.6676848530769348,0.6487058401107788,0.6381145715713501,0.48956793546676636,0.48476868867874146,0.4202400743961334,0.4328613579273224,0.38911303877830505,0.37937960028648376,0.32974863052368164,0.3512592315673828,0.2980991005897522,0.2883449196815491,0.2641950249671936,0.2834241986274719,296
,,,,,,,,,,,,,,,,,,,,,,,,,,,,,,,,,,,,,,,,,,kapitth,left,0.36563336849212646,0.3404797315597534,0.3699226677417755,0.4164568781852722,0.4683048129081726,0.5101515650749207,0.585956335067749,0.5487065315246582,0.49450790882110596,0.5450330972671509,0.4905660152435303,0.41634196043014526,0.42057693004608154,0.5667449235916138,0.48326241970062256,0.419413685798645,0.4356392025947571,0.5750852227210999,0.49269112944602966,0.44702160358428955,0.4677266478538513,0.8189213275909424,0.5964639186859131,0.3994137942790985,0.26592472195625305,0.17970941960811615,0.3579486310482025,0.19688251614570618,0.14842543005943298,0.1604514718055725,0.4302004873752594,0.2740948796272278,0.3855160176753998,0.4717479944229126,0.5166469812393188,0.37244993448257446,0.49228566884994507,0.5620299577713013,0.6078058481216431,0.4972243905067444,0.5698515772819519,0.6260019540786743,297
,,,,,,,,,,,,,,,,,,,,,,,,,,,,,,,,,,,,,,,,,,kapitth,left,0.686586856842041,0.5567767024040222,0.44693437218666077,0.3739830255508423,0.3210386633872986,0.4263342618942261,0.34654679894447327,0.3142023980617523,0.3124297261238098,0.4660106599330902,0.3713890016078949,0.43155989050865173,0.48074406385421753,0.5133165121078491,0.4257197678089142,0.49196895956993103,0.5335735082626343,0.5633374452590942,0.4922791123390198,0.5351172089576721,0.5701494812965393,0.7429361939430237,0.7887752056121826,0.728622317314148,0.6462568044662476,0.5570268630981445,0.4825909733772278,0.3581652045249939,0.41007745265960693,0.4973686933517456,0.4256809651851654,0.5194167494773865,0.6511461734771729,0.6371818780899048,0.38971206545829773,0.5345869064331055,0.6442011594772339,0.60988450050354,0.3760257065296173,0.5229824185371399,0.6003039479255676,0.5569473505020142,298
,,,,,,,,,,,,,,,,,,,,,,,,,,,,,,,,,,,,,,,,,,kapitth,left,0.32682013511657715,0.3106377124786377,0.3376670479774475,0.38290220499038696,0.44020628929138184,0.4713025987148285,0.5488510131835938,0.5247708559036255,0.4800351858139038,0.5133228302001953,0.4674678146839142,0.38510608673095703,0.39212337136268616,0.534864604473114,0.4631800055503845,0.3977541923522949,0.41744232177734375,0.5424640774726868,0.4699666500091553,0.4173962473869324,0.4322286546230316,0.8370092511177063,0.6421129703521729,0.44717827439308167,0.304006427526474,0.24911074340343475,0.40044716000556946,0.26340579986572266,0.22369152307510376,0.22382378578186035,0.4876163899898529,0.3880723714828491,0.49753129482269287,0.5609900951385498,0.59283047914505,0.5273963212966919,0.6190180778503418,0.6586600542068481,0.6954569816589355,0.6610766649246216,0.6992461085319519,0.7171372771263123,299
,,,,,,,,,,,,,,,,,,,,,,,,,,,,,,,,,,,,,,,,,,kapitth,left,0.6841452121734619,0.5811820030212402,0.4696820378303528,0.3953513503074646,0.3658497929573059,0.43798336386680603,0.36966168880462646,0.35072222352027893,0.35176408290863037,0.48756393790245056,0.44367024302482605,0.5061754584312439,0.5361332297325134,0.5480359196662903,0.5194570422172546,0.5735103487968445,0.5922771692276001,0.6085548996925354,0.5894500613212585,0.6155147552490234,0.6256489157676697,0.7927693724632263,0.8367797136306763,0.7914600372314453,0.7110465168952942,0.6106449365615845,0.5635573267936707,0.4276554584503174,0.4599713981151581,0.5416457056999207,0.48730024695396423,0.5727507472038269,0.7066037654876709,0.7002956867218018,0.44813528656959534,0.5762661099433899,0.6835978627204895,0.6535056829452515,0.4316653907299042,0.552049458026886,0.6410464644432068,0.6200458407402039,300
,,,,,,,,,,,,,,,,,,,,,,,,,,,,,,,,,,,,,,,,,,kapitth,left,0.34701162576675415,0.33167535066604614,0.36286431550979614,0.4090837836265564,0.46667999029159546,0.5082699060440063,0.5800682902336121,0.5530561208724976,0.5092881321907043,0.5500228404998779,0.4672801196575165,0.3915567398071289,0.378827303647995,0.5596551299095154,0.456765741109848,0.39257875084877014,0.39814215898513794,0.5590893030166626,0.47601068019866943,0.4182504713535309,0.415747731924057,0.800812304019928,0.6479376554489136,0.44882503151893616,0.33523088693618774,0.3032882809638977,0.42719101905822754,0.28699761629104614,0.24380457401275635,0.24103784561157227,0.521114706993103,0.41831791400909424,0.49702733755111694,0.5709061026573181,0.6292721033096313,0.5356015563011169,0.613008975982666,0.6789028644561768,0.7387991547584534,0.6677982211112976,0.6962831020355225,0.7379629015922546,301
,,,,,,,,,,,,,,,,,,,,,,,,,,,,,,,,,,,,,,,,,,kapitth,left,0.7054654359817505,0.6011422872543335,0.4903833568096161,0.4184226393699646,0.38441842794418335,0.4546923041343689,0.3822888731956482,0.3570186495780945,0.3565632700920105,0.5031576752662659,0.44579941034317017,0.5022703409194946,0.5423293709754944,0.5634034276008606,0.5186486840248108,0.5732418298721313,0.6036034822463989,0.6236017346382141,0.5886430740356445,0.618077278137207,0.6399821639060974,0.7495439052581787,0.7868074178695679,0.7423872351646423,0.6621644496917725,0.5650529265403748,0.5059165358543396,0.3785528838634491,0.42069557309150696,0.49845805764198303,0.43058234453201294,0.5640902519226074,0.7003318071365356,0.6940653324127197,0.4042273759841919,0.5876966714859009,0.6953109502792358,0.6638447046279907,0.40366584062576294,0.5754164457321167,0.6618838310241699,0.6373439431190491,302
,,,,,,,,,,,,,,,,,,,,,,,,,,,,,,,,,,,,,,,,,,kapitth,left,0.6856383681297302,0.5839218497276306,0.478931188583374,0.4057777523994446,0.36375242471694946,0.4475021958351135,0.37977081537246704,0.35744237899780273,0.35939231514930725,0.4894349277019501,0.43899503350257874,0.49659454822540283,0.5187152028083801,0.5387805104255676,0.4990485906600952,0.5498039126396179,0.5672609210014343,0.5895388126373291,0.5561310052871704,0.5849065184593201,0.6032196283340454,0.7473697662353516,0.8007658123970032,0.7627403736114502,0.6800562143325806,0.5909680724143982,0.5695292353630066,0.45578283071517944,0.46064379811286926,0.5135955810546875,0.5104809403419495,0.5235415697097778,0.6431280374526978,0.6259434819221497,0.46068018674850464,0.5054222941398621,0.6133406162261963,0.5880770087242126,0.42541784048080444,0.48310038447380066,0.563947856426239,0.542018473148346,303
,,,,,,,,,,,,,,,,,,,,,,,,,,,,,,,,,,,,,,,,,,kapitth,left,0.6448233127593994,0.6671240925788879,0.6455973386764526,0.5990111231803894,0.5483995676040649,0.5317577123641968,0.4698880612850189,0.4736382067203522,0.5044007897377014,0.5007266998291016,0.5156984925270081,0.5827118754386902,0.5721550583839417,0.47405168414115906,0.5044125914573669,0.5655216574668884,0.5505750179290771,0.45558249950408936,0.4920070469379425,0.5399044156074524,0.5287482142448425,0.17006832361221313,0.36254817247390747,0.5385297536849976,0.6624916791915894,0.740169882774353,0.5908183455467224,0.7156311273574829,0.7549045085906982,0.7599537372589111,0.5202174782752991,0.6146386861801147,0.511145293712616,0.46914154291152954,0.4345189332962036,0.51204913854599,0.4208386540412903,0.38679248094558716,0.34552156925201416,0.4058448076248169,0.35724443197250366,0.3252674341201782,304
,,,,,,,,,,,,,,,,,,,,,,,,,,,,,,,,,,,,,,,,,,kapitth,left,0.33831751346588135,0.3174669146537781,0.3504014015197754,0.40242335200309753,0.4472494125366211,0.48529520630836487,0.5595211386680603,0.5282063484191895,0.4788306951522827,0.5217223763465881,0.4559516906738281,0.37893685698509216,0.3843521475791931,0.5362057089805603,0.4463731348514557,0.383165180683136,0.40248119831085205,0.5354689955711365,0.4491637647151947,0.40498095750808716,0.4269741475582123,0.8702356815338135,0.6555764675140381,0.4691547453403473,0.34632301330566406,0.25080180168151855,0.4131338596343994,0.2737170457839966,0.22854197025299072,0.23529675602912903,0.490251362323761,0.35481059551239014,0.45264342427253723,0.5297333002090454,0.5834753513336182,0.46642687916755676,0.5693021416664124,0.6282756924629211,0.675343930721283,0.592315137386322,0.6475305557250977,0.689858615398407,305
,,,,,,,,,,,,,,,,,,,,,,,,,,,,,,,,,,,,,,,,,,kapitth,left,0.7027636766433716,0.5870932936668396,0.4827626347541809,0.41346457600593567,0.36602938175201416,0.44922176003456116,0.3798310160636902,0.3521377444267273,0.35455000400543213,0.49104297161102295,0.4214920103549957,0.47704675793647766,0.5182051658630371,0.5445154905319214,0.48221519589424133,0.5387733578681946,0.5706577897071838,0.5975046157836914,0.5519565343856812,0.5843021869659424,0.609103262424469,0.7795369625091553,0.8225010633468628,0.7634950280189514,0.6830734014511108,0.6012691259384155,0.5298215746879578,0.40371212363243103,0.4528059959411621,0.5422664284706116,0.46625465154647827,0.5914032459259033,0.7143464684486389,0.7006892561912537,0.44051575660705566,0.6001972556114197,0.7039095163345337,0.6724820137023926,0.4435461759567261,0.5916558504104614,0.6660137176513672,0.6298015713691711,306
,,,,,,,,,,,,,,,,,,,,,,,,,,,,,,,,,,,,,,,,,,kapitth,left,0.7324048280715942,0.6878661513328552,0.597704291343689,0.515316903591156,0.444369375705719,0.5085445642471313,0.44415855407714844,0.44784969091415405,0.47237884998321533,0.5255412459373474,0.49084052443504333,0.5181168913841248,0.5523697137832642,0.5539354085922241,0.5344159007072449,0.564489483833313,0.592415988445282,0.580141007900238,0.5652271509170532,0.5849511623382568,0.6065426468849182,0.7862061262130737,0.6671638488769531,0.5866926908493042,0.5266742706298828,0.4699823260307312,0.6494735479354858,0.5436824560165405,0.45629164576530457,0.4216305911540985,0.6592186093330383,0.5305488109588623,0.45911774039268494,0.4445069432258606,0.6496279835700989,0.5336659550666809,0.48532024025917053,0.49330681562423706,0.6336588859558105,0.5499845743179321,0.5203763842582703,0.5251215100288391,307
,,,,,,,,,,,,,,,,,,,,,,,,,,,,,,,,,,,,,,,,,,kapitth,left,0.7324048280715942,0.6878661513328552,0.597704291343689,0.515316903591156,0.444369375705719,0.5085445642471313,0.44415855407714844,0.44784969091415405,0.47237884998321533,0.5255412459373474,0.49084052443504333,0.5181168913841248,0.5523697137832642,0.5539354085922241,0.5344159007072449,0.564489483833313,0.592415988445282,0.580141007900238,0.5652271509170532,0.5849511623382568,0.6065426468849182,0.7862061262130737,0.6671638488769531,0.5866926908493042,0.5266742706298828,0.4699823260307312,0.6494735479354858,0.5436824560165405,0.45629164576530457,0.4216305911540985,0.6592186093330383,0.5305488109588623,0.45911774039268494,0.4445069432258606,0.6496279835700989,0.5336659550666809,0.48532024025917053,0.49330681562423706,0.6336588859558105,0.5499845743179321,0.5203763842582703,0.5251215100288391,308
,,,,,,,,,,,,,,,,,,,,,,,,,,,,,,,,,,,,,,,,,,shikhar,left,0.6475011706352234,0.6417107582092285,0.6314789056777954,0.6209663152694702,0.6360392570495605,0.504264771938324,0.4426635801792145,0.5096208453178406,0.5460907816886902,0.49249425530433655,0.4300263524055481,0.5109695792198181,0.5416320562362671,0.48984670639038086,0.4349471628665924,0.5118854641914368,0.5470272302627563,0.4964044690132141,0.4519088864326477,0.5079863667488098,0.5388677716255188,0.345035195350647,0.5391541719436646,0.7188647985458374,0.8732309341430664,0.9798678159713745,0.6399242877960205,0.6344027519226074,0.6028647422790527,0.6073388457298279,0.5392695665359497,0.5385465025901794,0.5176984071731567,0.5265726447105408,0.4425385594367981,0.4398859441280365,0.43418556451797485,0.44956174492836,0.3549180030822754,0.35501396656036377,0.3638324737548828,0.38185569643974304,309
,,,,,,,,,,,,,,,,,,,,,,,,,,,,,,,,,,,,,,,,,,shikhar,left,0.6015669107437134,0.4879283905029297,0.3898546099662781,0.31305351853370667,0.26081690192222595,0.4246932864189148,0.4311616122722626,0.4465242624282837,0.44039803743362427,0.4798066318035126,0.4817103147506714,0.49281272292137146,0.4866560995578766,0.5358784198760986,0.537093460559845,0.5408875346183777,0.5300273895263672,0.5860702991485596,0.5872049331665039,0.5807950496673584,0.5689913630485535,0.7786511778831482,0.7492924332618713,0.7234090566635132,0.6960805654525757,0.7090935707092285,0.5035569667816162,0.398792564868927,0.5173705816268921,0.5825719833374023,0.4842038154602051,0.3763412833213806,0.5215628743171692,0.5685742497444153,0.48575201630592346,0.3893299102783203,0.5266190767288208,0.5807151198387146,0.5109184980392456,0.43177318572998047,0.5303637981414795,0.5742160677909851,310
,,,,,,,,,,,,,,,,,,,,,,,,,,,,,,,,,,,,,,,,,,shikhar,left,0.5530319213867188,0.44952213764190674,0.3571610450744629,0.28469228744506836,0.2303646206855774,0.4153422713279724,0.4250752925872803,0.4333285987377167,0.4298088550567627,0.47426021099090576,0.48015281558036804,0.48199883103370667,0.48012775182724,0.5289703011512756,0.5345614552497864,0.528475821018219,0.5208747982978821,0.5769845247268677,0.5792983770370483,0.5669549703598022,0.557394802570343,0.768011212348938,0.732505202293396,0.6921184659004211,0.6539774537086487,0.6599898338317871,0.47189000248908997,0.38355764746665955,0.49885737895965576,0.567520260810852,0.462116539478302,0.36263489723205566,0.5067293047904968,0.5646867752075195,0.4745541512966156,0.3914920687675476,0.5260725021362305,0.5800793766975403,0.5085256695747375,0.43860533833503723,0.5322147607803345,0.5759837627410889,311
,,,,,,,,,,,,,,,,,,,,,,,,,,,,,,,,,,,,,,,,,,shikhar,left,0.5530319213867188,0.44952213764190674,0.3571610450744629,0.28469228744506836,0.2303646206855774,0.4153422713279724,0.4250752925872803,0.4333285987377167,0.4298088550567627,0.47426021099090576,0.48015281558036804,0.48199883103370667,0.48012775182724,0.5289703011512756,0.5345614552497864,0.528475821018219,0.5208747982978821,0.5769845247268677,0.5792983770370483,0.5669549703598022,0.557394802570343,0.768011212348938,0.732505202293396,0.6921184659004211,0.6539774537086487,0.6599898338317871,0.47189000248908997,0.38355764746665955,0.49885737895965576,0.567520260810852,0.462116539478302,0.36263489723205566,0.5067293047904968,0.5646867752075195,0.4745541512966156,0.3914920687675476,0.5260725021362305,0.5800793766975403,0.5085256695747375,0.43860533833503723,0.5322147607803345,0.5759837627410889,312
,,,,,,,,,,,,,,,,,,,,,,,,,,,,,,,,,,,,,,,,,,shikhar,left,0.5762665271759033,0.4719616770744324,0.38144856691360474,0.3133396506309509,0.26308009028434753,0.43150806427001953,0.4447174072265625,0.4625363349914551,0.45674899220466614,0.4915405511856079,0.503277599811554,0.5149076581001282,0.5076645016670227,0.5486226081848145,0.5568606853485107,0.5593538284301758,0.5451585054397583,0.5945556163787842,0.6008574962615967,0.5969210267066956,0.5857371091842651,0.7726089954376221,0.7114293575286865,0.6535655856132507,0.5990282297134399,0.5990349054336548,0.4313567280769348,0.30856671929359436,0.42330414056777954,0.5204570293426514,0.4189019501209259,0.29745498299598694,0.44663605093955994,0.5339446663856506,0.4310483932495117,0.32310083508491516,0.46408435702323914,0.5483556985855103,0.47097256779670715,0.3763901889324188,0.4678807854652405,0.535866916179657,313
,,,,,,,,,,,,,,,,,,,,,,,,,,,,,,,,,,,,,,,,,,shikhar,left,0.654544472694397,0.6275910139083862,0.5887990593910217,0.5612807273864746,0.5571578145027161,0.4689028859138489,0.3861643970012665,0.4557395279407501,0.5061963200569153,0.46242040395736694,0.38347840309143066,0.467939555644989,0.5113669037818909,0.4669229984283447,0.4051401913166046,0.4850548505783081,0.5300827026367188,0.481523334980011,0.43460845947265625,0.48774757981300354,0.523384690284729,0.3064464330673218,0.5134128332138062,0.700751781463623,0.8628474473953247,0.9838343858718872,0.6216994524002075,0.6053436994552612,0.5667238235473633,0.5819839239120483,0.515533447265625,0.5087865591049194,0.4723568856716156,0.4886683523654938,0.4133920669555664,0.4063435196876526,0.38743531703948975,0.4132439196109772,0.331246018409729,0.3279215097427368,0.33049625158309937,0.35409069061279297,314
,,,,,,,,,,,,,,,,,,,,,,,,,,,,,,,,,,,,,,,,,,shikhar,left,0.6634981036186218,0.5838789939880371,0.4953881800174713,0.42029011249542236,0.37399446964263916,0.4919314980506897,0.49185195565223694,0.5245845913887024,0.525335967540741,0.5450518727302551,0.5438710451126099,0.5679640769958496,0.5598963499069214,0.602683424949646,0.6061080098152161,0.6177136898040771,0.6096438765525818,0.6548852324485779,0.6574992537498474,0.6564059257507324,0.6487788558006287,0.7262204885482788,0.7441296577453613,0.7065766453742981,0.6851071119308472,0.6815503239631653,0.4660162925720215,0.47573643922805786,0.5754075646400452,0.5718611478805542,0.4156198501586914,0.442821204662323,0.5761708617210388,0.5486501455307007,0.40304839611053467,0.43889307975769043,0.5601621866226196,0.5387399196624756,0.41042637825012207,0.4581248462200165,0.5448431968688965,0.5330687165260315,315
,,,,,,,,,,,,,,,,,,,,,,,,,,,,,,,,,,,,,,,,,,shikhar,left,0.6634981036186218,0.5838789939880371,0.4953881800174713,0.42029011249542236,0.37399446964263916,0.4919314980506897,0.49185195565223694,0.5245845913887024,0.525335967540741,0.5450518727302551,0.5438710451126099,0.5679640769958496,0.5598963499069214,0.602683424949646,0.6061080098152161,0.6177136898040771,0.6096438765525818,0.6548852324485779,0.6574992537498474,0.6564059257507324,0.6487788558006287,0.7262204885482788,0.7441296577453613,0.7065766453742981,0.6851071119308472,0.6815503239631653,0.4660162925720215,0.47573643922805786,0.5754075646400452,0.5718611478805542,0.4156198501586914,0.442821204662323,0.5761708617210388,0.5486501455307007,0.40304839611053467,0.43889307975769043,0.5601621866226196,0.5387399196624756,0.41042637825012207,0.4581248462200165,0.5448431968688965,0.5330687165260315,316
,,,,,,,,,,,,,,,,,,,,,,,,,,,,,,,,,,,,,,,,,,shikhar,left,0.6556884050369263,0.5516157150268555,0.46221888065338135,0.38972732424736023,0.33618712425231934,0.497260719537735,0.4981420040130615,0.5162069797515869,0.5167151093482971,0.5486084222793579,0.5475146770477295,0.5623654127120972,0.5604265928268433,0.5982871055603027,0.5981644988059998,0.6069556474685669,0.6033828854560852,0.6441641449928284,0.6407020688056946,0.6385564804077148,0.6338852047920227,0.8195748925209045,0.7883270382881165,0.7568745017051697,0.723652720451355,0.7251126766204834,0.5833212733268738,0.4664490818977356,0.5625913143157959,0.630070686340332,0.5607976913452148,0.44765979051589966,0.5721150636672974,0.6362049579620361,0.5604581832885742,0.47161057591438293,0.5837013721466064,0.6452966928482056,0.5782086253166199,0.5103606581687927,0.5925472974777222,0.6361377239227295,317
,,,,,,,,,,,,,,,,,,,,,,,,,,,,,,,,,,,,,,,,,,shikhar,left,0.6765314936637878,0.668563723564148,0.6463179588317871,0.6277183294296265,0.6292679309844971,0.5509088039398193,0.4755752682685852,0.5309591889381409,0.5712334513664246,0.5414785742759705,0.4751247763633728,0.5445284843444824,0.5791206359863281,0.537143886089325,0.4820191264152527,0.5470721125602722,0.5830431580543518,0.5395467877388,0.4992936849594116,0.5459795594215393,0.5755059719085693,0.2188073992729187,0.4045073986053467,0.5682874321937561,0.7099117636680603,0.8110713958740234,0.5083343982696533,0.5127268433570862,0.47392988204956055,0.471479594707489,0.41585928201675415,0.4161253869533539,0.3859105706214905,0.39988622069358826,0.3277677893638611,0.3330746293067932,0.31229108572006226,0.32399851083755493,0.25253331661224365,0.2571638822555542,0.25613996386528015,0.2648785710334778,318
,,,,,,,,,,,,,,,,,,,,,,,,,,,,,,,,,,,,,,,,,,shikhar,left,0.612001895904541,0.5201995372772217,0.44808822870254517,0.4061330556869507,0.38330385088920593,0.4925215542316437,0.503747284412384,0.5099439024925232,0.5042531490325928,0.5426663160324097,0.5528927445411682,0.553625226020813,0.5452905893325806,0.5882737040519714,0.5967274308204651,0.5903005599975586,0.5786397457122803,0.6292034983634949,0.633655309677124,0.6237074136734009,0.6126855611801147,0.6576547622680664,0.5992615222930908,0.530404806137085,0.466964453458786,0.4331553280353546,0.38731709122657776,0.27752089500427246,0.3758387267589569,0.4381144046783447,0.39151132106781006,0.28504496812820435,0.4094875454902649,0.46561574935913086,0.40994638204574585,0.31558191776275635,0.4316270053386688,0.4925692677497864,0.4467974007129669,0.37240108847618103,0.4532310366630554,0.4997767210006714,319
,,,,,,,,,,,,,,,,,,,,,,,,,,,,,,,,,,,,,,,,,,shikhar,left,0.612001895904541,0.5201995372772217,0.44808822870254517,0.4061330556869507,0.38330385088920593,0.4925215542316437,0.503747284412384,0.5099439024925232,0.5042531490325928,0.5426663160324097,0.5528927445411682,0.553625226020813,0.5452905893325806,0.5882737040519714,0.5967274308204651,0.5903005599975586,0.5786397457122803,0.6292034983634949,0.633655309677124,0.6237074136734009,0.6126855611801147,0.6576547622680664,0.5992615222930908,0.530404806137085,0.466964453458786,0.4331553280353546,0.38731709122657776,0.27752089500427246,0.3758387267589569,0.4381144046783447,0.39151132106781006,0.28504496812820435,0.4094875454902649,0.46561574935913086,0.40994638204574585,0.31558191776275635,0.4316270053386688,0.4925692677497864,0.4467974007129669,0.37240108847618103,0.4532310366630554,0.4997767210006714,320
,,,,,,,,,,,,,,,,,,,,,,,,,,,,,,,,,,,,,,,,,,shikhar,left,0.6561183333396912,0.5935711860656738,0.5209760665893555,0.4444587230682373,0.3738664984703064,0.5417528748512268,0.6065139770507812,0.6103472709655762,0.5837612748146057,0.5901447534561157,0.6443189978599548,0.6421722173690796,0.6099616289138794,0.6359632611274719,0.6780292391777039,0.6698824763298035,0.6350741386413574,0.6688538789749146,0.6995027661323547,0.6882017850875854,0.6571387648582458,0.7932693958282471,0.7222590446472168,0.6404304504394531,0.5831069350242615,0.5870012044906616,0.44049355387687683,0.3167005479335785,0.4446992576122284,0.5090628862380981,0.4473194479942322,0.3337153196334839,0.4728540778160095,0.5152887105941772,0.45874351263046265,0.36095768213272095,0.4864608943462372,0.5323137640953064,0.47069036960601807,0.41406911611557007,0.4991050958633423,0.5392800569534302,321
,,,,,,,,,,,,,,,,,,,,,,,,,,,,,,,,,,,,,,,,,,shikhar,left,0.6670789122581482,0.6336935758590698,0.5867576003074646,0.5527310371398926,0.5521026849746704,0.4690759479999542,0.4049471914768219,0.4781096577644348,0.5166983008384705,0.46739402413368225,0.40460139513015747,0.4868021011352539,0.5167514681816101,0.46876081824302673,0.4175744354724884,0.4924272894859314,0.5218701958656311,0.46893975138664246,0.4378780126571655,0.4893729090690613,0.5158031582832336,0.20505066215991974,0.3185562789440155,0.4511616826057434,0.5928843021392822,0.7231326699256897,0.4506669044494629,0.3187527656555176,0.2960622310638428,0.3379603624343872,0.36050859093666077,0.2478824257850647,0.23623058199882507,0.29163965582847595,0.2746843993663788,0.18222123384475708,0.1874522566795349,0.24790582060813904,0.21023088693618774,0.1475466787815094,0.16247442364692688,0.21518228948116302,322
,,,,,,,,,,,,,,,,,,,,,,,,,,,,,,,,,,,,,,,,,,shikhar,left,0.680522620677948,0.5914091467857361,0.5036792755126953,0.4232266843318939,0.3609135150909424,0.5247122645378113,0.5516865849494934,0.5643230676651001,0.5482932925224304,0.5936667323112488,0.6110035181045532,0.608981728553772,0.5878846645355225,0.6586538553237915,0.6735506057739258,0.6644277572631836,0.6430443525314331,0.7115827798843384,0.7245228886604309,0.7117905616760254,0.6952972412109375,0.7840664386749268,0.7655551433563232,0.6776463389396667,0.6106519103050232,0.59355628490448,0.42202264070510864,0.3831626772880554,0.5190826654434204,0.5166523456573486,0.40336963534355164,0.36264050006866455,0.543444037437439,0.506957471370697,0.41353023052215576,0.3918340802192688,0.5450800657272339,0.5201441645622253,0.4316976070404053,0.4405684769153595,0.5423222184181213,0.5329408049583435,323
,,,,,,,,,,,,,,,,,,,,,,,,,,,,,,,,,,,,,,,,,,shikhar,left,0.680522620677948,0.5914091467857361,0.5036792755126953,0.4232266843318939,0.3609135150909424,0.5247122645378113,0.5516865849494934,0.5643230676651001,0.5482932925224304,0.5936667323112488,0.6110035181045532,0.608981728553772,0.5878846645355225,0.6586538553237915,0.6735506057739258,0.6644277572631836,0.6430443525314331,0.7115827798843384,0.7245228886604309,0.7117905616760254,0.6952972412109375,0.7840664386749268,0.7655551433563232,0.6776463389396667,0.6106519103050232,0.59355628490448,0.42202264070510864,0.3831626772880554,0.5190826654434204,0.5166523456573486,0.40336963534355164,0.36264050006866455,0.543444037437439,0.506957471370697,0.41353023052215576,0.3918340802192688,0.5450800657272339,0.5201441645622253,0.4316976070404053,0.4405684769153595,0.5423222184181213,0.5329408049583435,324
,,,,,,,,,,,,,,,,,,,,,,,,,,,,,,,,,,,,,,,,,,shikhar,left,0.6872105598449707,0.5973280072212219,0.4988683760166168,0.4149684011936188,0.3427305519580841,0.5088531970977783,0.5643528699874878,0.5812855958938599,0.5615109801292419,0.5757046937942505,0.6359742879867554,0.6388676166534424,0.607779324054718,0.646552562713623,0.7007200121879578,0.6946690082550049,0.6620410084724426,0.7096099257469177,0.74996018409729,0.7393690347671509,0.7113306522369385,0.7820477485656738,0.7870607376098633,0.7352807521820068,0.6932311058044434,0.6733064651489258,0.44479066133499146,0.48010095953941345,0.5896234512329102,0.6013231873512268,0.3871977925300598,0.4618784189224243,0.6111279726028442,0.596136212348938,0.37836846709251404,0.46071699261665344,0.6056767106056213,0.6074137091636658,0.39971983432769775,0.4650097191333771,0.5784995555877686,0.5938444137573242,325
,,,,,,,,,,,,,,,,,,,,,,,,,,,,,,,,,,,,,,,,,,shikhar,left,0.6872105598449707,0.5973280072212219,0.4988683760166168,0.4149684011936188,0.3427305519580841,0.5088531970977783,0.5643528699874878,0.5812855958938599,0.5615109801292419,0.5757046937942505,0.6359742879867554,0.6388676166534424,0.607779324054718,0.646552562713623,0.7007200121879578,0.6946690082550049,0.6620410084724426,0.7096099257469177,0.74996018409729,0.7393690347671509,0.7113306522369385,0.7820477485656738,0.7870607376098633,0.7352807521820068,0.6932311058044434,0.6733064651489258,0.44479066133499146,0.48010095953941345,0.5896234512329102,0.6013231873512268,0.3871977925300598,0.4618784189224243,0.6111279726028442,0.596136212348938,0.37836846709251404,0.46071699261665344,0.6056767106056213,0.6074137091636658,0.39971983432769775,0.4650097191333771,0.5784995555877686,0.5938444137573242,326
,,,,,,,,,,,,,,,,,,,,,,,,,,,,,,,,,,,,,,,,,,shikhar,left,0.6456173658370972,0.6104101538658142,0.5851923227310181,0.5539945960044861,0.5473508834838867,0.473102867603302,0.41623902320861816,0.47893092036247253,0.5151122212409973,0.46780699491500854,0.41028234362602234,0.49108755588531494,0.520224928855896,0.4780372083187103,0.42686447501182556,0.5011773109436035,0.534788966178894,0.4994489848613739,0.4611727297306061,0.5103651881217957,0.5329342484474182,0.20832163095474243,0.38898640871047974,0.5450150966644287,0.6849280595779419,0.7816925048828125,0.4567561149597168,0.45949843525886536,0.4521368145942688,0.45299652218818665,0.3578495383262634,0.36469578742980957,0.36894872784614563,0.3719373643398285,0.25948336720466614,0.2681916356086731,0.28068530559539795,0.2865917682647705,0.17120219767093658,0.18653804063796997,0.21535809338092804,0.2242431789636612,327
,,,,,,,,,,,,,,,,,,,,,,,,,,,,,,,,,,,,,,,,,,shikhar,left,0.6779767274856567,0.5708466172218323,0.47190794348716736,0.3885568380355835,0.32694172859191895,0.5140727162361145,0.5309957265853882,0.5386666655540466,0.5247845649719238,0.5819416046142578,0.5887631773948669,0.5865803360939026,0.5710517168045044,0.646744966506958,0.6520042419433594,0.644115686416626,0.6302744150161743,0.7021329402923584,0.7062174081802368,0.6875613927841187,0.6739088892936707,0.7915163636207581,0.735919713973999,0.6463295817375183,0.5707780122756958,0.5520282983779907,0.4376128911972046,0.33555907011032104,0.48016616702079773,0.5222453474998474,0.4286777079105377,0.32920461893081665,0.4995349049568176,0.5132926106452942,0.44311776757240295,0.3472655117511749,0.503577470779419,0.5441878437995911,0.47738388180732727,0.411426842212677,0.5202724933624268,0.5580142736434937,328
,,,,,,,,,,,,,,,,,,,,,,,,,,,,,,,,,,,,,,,,,,shikhar,left,0.6779767274856567,0.5708466172218323,0.47190794348716736,0.3885568380355835,0.32694172859191895,0.5140727162361145,0.5309957265853882,0.5386666655540466,0.5247845649719238,0.5819416046142578,0.5887631773948669,0.5865803360939026,0.5710517168045044,0.646744966506958,0.6520042419433594,0.644115686416626,0.6302744150161743,0.7021329402923584,0.7062174081802368,0.6875613927841187,0.6739088892936707,0.7915163636207581,0.735919713973999,0.6463295817375183,0.5707780122756958,0.5520282983779907,0.4376128911972046,0.33555907011032104,0.48016616702079773,0.5222453474998474,0.4286777079105377,0.32920461893081665,0.4995349049568176,0.5132926106452942,0.44311776757240295,0.3472655117511749,0.503577470779419,0.5441878437995911,0.47738388180732727,0.411426842212677,0.5202724933624268,0.5580142736434937,329
0.7384687662124634,0.7054855823516846,0.6518868207931519,0.5652682185173035,0.4791925549507141,0.5343083143234253,0.550041675567627,0.6090397238731384,0.6138318777084351,0.5243720412254333,0.5613349676132202,0.6127797961235046,0.6097424626350403,0.5280839800834656,0.5692123770713806,0.6091333627700806,0.60453200340271,0.5352181196212769,0.5588853359222412,0.5744126439094543,0.5611605644226074,0.37048959732055664,0.32170331478118896,0.32445162534713745,0.3649367392063141,0.35774290561676025,0.43932467699050903,0.6344108581542969,0.5764091610908508,0.500552773475647,0.47861549258232117,0.6820250749588013,0.5787821412086487,0.4839162826538086,0.5264519453048706,0.7063900232315063,0.5957633256912231,0.49866390228271484,0.5811144113540649,0.7236649990081787,0.6713054776191711,0.6163977980613708,singhamukh,right,,,,,,,,,,,,,,,,,,,,,,,,,,,,,,,,,,,,,,,,,,,330
,,,,,,,,,,,,,,,,,,,,,,,,,,,,,,,,,,,,,,,,,,singhamukh,left,0.7105953693389893,0.644048810005188,0.5713363289833069,0.530392050743103,0.5236251354217529,0.4604366421699524,0.3556820750236511,0.28901591897010803,0.23858466744422913,0.5033069849014282,0.43414098024368286,0.479114830493927,0.5173898935317993,0.5571948885917664,0.5002187490463257,0.5448899865150452,0.5824809074401855,0.6193454265594482,0.5560306906700134,0.5184361934661865,0.48314356803894043,0.9436608552932739,0.9563552141189575,0.9239097237586975,0.8437984585762024,0.7433980703353882,0.737335741519928,0.6366512775421143,0.5702825784683228,0.5037003755569458,0.6626840829849243,0.5601322054862976,0.6444960236549377,0.7241594195365906,0.6069192886352539,0.505151629447937,0.6209384202957153,0.7239696979522705,0.5652844309806824,0.44999560713768005,0.3889256417751312,0.33774518966674805,331
,,,,,,,,,,,,,,,,,,,,,,,,,,,,,,,,,,,,,,,,,,singhamukh,left,0.7391588687896729,0.7548233866691589,0.7405070066452026,0.690339982509613,0.642053484916687,0.6393803954124451,0.5723031163215637,0.5326382517814636,0.49105098843574524,0.5958789587020874,0.5320273637771606,0.5856149196624756,0.6307119727134705,0.5614691972732544,0.5010942220687866,0.5657166838645935,0.6240084767341614,0.5347839593887329,0.4687950313091278,0.43265944719314575,0.4014686346054077,0.08687970042228699,0.23921343684196472,0.37428370118141174,0.45032021403312683,0.4304031729698181,0.5703223943710327,0.7718909382820129,0.902418851852417,1.003829002380371,0.4943162798881531,0.6301635503768921,0.5275790691375732,0.4516929090023041,0.3963475525379181,0.5033420920372009,0.41512471437454224,0.34733155369758606,0.2907556891441345,0.4064902365207672,0.4752821922302246,0.5386760234832764,332
,,,,,,,,,,,,,,,,,,,,,,,,,,,,,,,,,,,,,,,,,,singhamukh,left,0.7387727499008179,0.6537073850631714,0.55912846326828,0.49192503094673157,0.43100565671920776,0.45882147550582886,0.34616705775260925,0.2782648801803589,0.21868133544921875,0.5012288689613342,0.41061893105506897,0.42334428429603577,0.4483621418476105,0.5553609728813171,0.47967231273651123,0.482006698846817,0.493448406457901,0.6144793629646301,0.5439879298210144,0.49206292629241943,0.44662272930145264,0.8199021220207214,0.8700215816497803,0.8725014925003052,0.882341742515564,0.8744940161705017,0.6683329939842224,0.5618486404418945,0.5142784118652344,0.46292802691459656,0.6015641689300537,0.5347124338150024,0.6783285737037659,0.7946414947509766,0.5618598461151123,0.5115426778793335,0.6520644426345825,0.7613624930381775,0.5286984443664551,0.40177035331726074,0.3277698755264282,0.2614215016365051,333
,,,,,,,,,,,,,,,,,,,,,,,,,,,,,,,,,,,,,,,,,,singhamukh,left,0.7387727499008179,0.6537073850631714,0.55912846326828,0.49192503094673157,0.43100565671920776,0.45882147550582886,0.34616705775260925,0.2782648801803589,0.21868133544921875,0.5012288689613342,0.41061893105506897,0.42334428429603577,0.4483621418476105,0.5553609728813171,0.47967231273651123,0.482006698846817,0.493448406457901,0.6144793629646301,0.5439879298210144,0.49206292629241943,0.44662272930145264,0.8199021220207214,0.8700215816497803,0.8725014925003052,0.882341742515564,0.8744940161705017,0.6683329939842224,0.5618486404418945,0.5142784118652344,0.46292802691459656,0.6015641689300537,0.5347124338150024,0.6783285737037659,0.7946414947509766,0.5618598461151123,0.5115426778793335,0.6520644426345825,0.7613624930381775,0.5286984443664551,0.40177035331726074,0.3277698755264282,0.2614215016365051,334
,,,,,,,,,,,,,,,,,,,,,,,,,,,,,,,,,,,,,,,,,,singhamukh,left,0.6974039077758789,0.6151007413864136,0.5095917582511902,0.43551817536354065,0.3730594515800476,0.4426414966583252,0.3376646339893341,0.27737176418304443,0.22175145149230957,0.4745064079761505,0.3791434168815613,0.3805406093597412,0.3956940472126007,0.5182617902755737,0.4310400187969208,0.4279584586620331,0.4350138306617737,0.5675719380378723,0.502217173576355,0.4533385932445526,0.4093037247657776,0.7598989009857178,0.8156812787055969,0.8102453947067261,0.8197962045669556,0.8366962671279907,0.6221250295639038,0.5160574316978455,0.4734969735145569,0.4313373267650604,0.5714524388313293,0.5351166725158691,0.6765027046203613,0.7852124571800232,0.5385563373565674,0.5142914652824402,0.6604322791099548,0.7669309377670288,0.5110278129577637,0.4067889451980591,0.34481698274612427,0.2828739285469055,335
,,,,,,,,,,,,,,,,,,,,,,,,,,,,,,,,,,,,,,,,,,singhamukh,left,0.34897878766059875,0.32094326615333557,0.32629111409187317,0.3266925513744354,0.32981419563293457,0.43537411093711853,0.4970695376396179,0.5212063789367676,0.5450052618980408,0.4605066180229187,0.48492950201034546,0.40366944670677185,0.3431881368160248,0.4767189621925354,0.49373745918273926,0.4105013310909271,0.3526797592639923,0.49136269092559814,0.55417799949646,0.5915539264678955,0.6299066543579102,0.865857720375061,0.6976654529571533,0.5042870044708252,0.37296000123023987,0.27638697624206543,0.39452484250068665,0.19327378273010254,0.08047941327095032,-0.01832449436187744,0.4525121748447418,0.2729935646057129,0.2733532786369324,0.3041868209838867,0.5297583341598511,0.36469048261642456,0.35965022444725037,0.3757175803184509,0.617978036403656,0.5081102252006531,0.42121684551239014,0.3395155668258667,336
,,,,,,,,,,,,,,,,,,,,,,,,,,,,,,,,,,,,,,,,,,singhamukh,left,0.7021455764770508,0.6235883235931396,0.5172240138053894,0.4424279034137726,0.3766350746154785,0.4454934895038605,0.3390459716320038,0.27880364656448364,0.2211211621761322,0.47606927156448364,0.3783118426799774,0.3824324905872345,0.3978734016418457,0.5188323259353638,0.4292602837085724,0.4317778944969177,0.4401501715183258,0.566245436668396,0.5021744966506958,0.4560604393482208,0.4118036925792694,0.7641719579696655,0.8262630701065063,0.8232150673866272,0.835070013999939,0.8560771346092224,0.6362411975860596,0.5357522964477539,0.49504774808883667,0.4561442732810974,0.5851966142654419,0.5537772178649902,0.6927101016044617,0.7986789345741272,0.5521236062049866,0.5408487319946289,0.6929786205291748,0.7983665466308594,0.5274600982666016,0.42443937063217163,0.3592962920665741,0.2896076738834381,337
,,,,,,,,,,,,,,,,,,,,,,,,,,,,,,,,,,,,,,,,,,singhamukh,left,0.6534610986709595,0.686086118221283,0.6864526867866516,0.6924500465393066,0.6896568536758423,0.5762424468994141,0.5169442296028137,0.4930770993232727,0.46970921754837036,0.5489458441734314,0.5327459573745728,0.6163537502288818,0.6770211458206177,0.5313274264335632,0.5207931995391846,0.6075326204299927,0.6674283146858215,0.517375648021698,0.45827531814575195,0.42075759172439575,0.38083329796791077,0.12367662787437439,0.28865569829940796,0.492073118686676,0.6285384893417358,0.7250525951385498,0.6042367815971375,0.8135175108909607,0.9278255701065063,1.0274507999420166,0.5461822748184204,0.7262202501296997,0.713321328163147,0.6727197766304016,0.4679963290691376,0.6330353021621704,0.6304802298545837,0.6102035641670227,0.3804435729980469,0.4916216731071472,0.5779906511306763,0.6589838266372681,338
,,,,,,,,,,,,,,,,,,,,,,,,,,,,,,,,,,,,,,,,,,singhamukh,left,0.7119467854499817,0.6381242871284485,0.5504412651062012,0.4854586124420166,0.4250065088272095,0.45343005657196045,0.35477447509765625,0.2940557599067688,0.2399364411830902,0.4913579523563385,0.41186338663101196,0.41929417848587036,0.43408524990081787,0.5392823219299316,0.4708501398563385,0.4756251275539398,0.48384889960289,0.5919768214225769,0.5339068174362183,0.4943321645259857,0.4569450616836548,0.8366613388061523,0.8839815855026245,0.8603836894035339,0.828675389289856,0.8038539290428162,0.7052842974662781,0.6041576862335205,0.5489166975021362,0.4933265447616577,0.6351127624511719,0.5352447628974915,0.6408608555793762,0.7466839551925659,0.5866876840591431,0.5135671496391296,0.633793830871582,0.7339958548545837,0.5514867901802063,0.4406582713127136,0.3689999580383301,0.30087846517562866,339
,,,,,,,,,,,,,,,,,,,,,,,,,,,,,,,,,,,,,,,,,,singhamukh,left,0.3051195740699768,0.27598389983177185,0.2882944941520691,0.3088420629501343,0.33311474323272705,0.3826720416545868,0.4465163052082062,0.47312697768211365,0.5031175017356873,0.4211229383945465,0.48302310705184937,0.41570547223091125,0.3592258393764496,0.44914358854293823,0.49994298815727234,0.4308822751045227,0.37533795833587646,0.4715268015861511,0.5367039442062378,0.5759358406066895,0.6133732795715332,0.8888214826583862,0.7413181662559509,0.5837974548339844,0.47413691878318787,0.37037384510040283,0.40534356236457825,0.22976529598236084,0.12213978171348572,0.029404252767562866,0.4793996810913086,0.3378087282180786,0.3625298738479614,0.39801567792892456,0.5675191283226013,0.44930723309516907,0.4516335725784302,0.4623977243900299,0.6653949022293091,0.5622678399085999,0.4930892288684845,0.4272807836532593,340
,,,,,,,,,,,,,,,,,,,,,,,,,,,,,,,,,,,,,,,,,,singhamukh,left,0.6527301669120789,0.5820329785346985,0.5242443084716797,0.49875497817993164,0.4904336631298065,0.4027545750141144,0.30982309579849243,0.2533046305179596,0.21121639013290405,0.4573349356651306,0.40303757786750793,0.44552138447761536,0.4845988154411316,0.5128990411758423,0.4613340497016907,0.4759208858013153,0.48725926876068115,0.565760612487793,0.5107074975967407,0.47636446356773376,0.4420650005340576,0.9624001979827881,0.9321672320365906,0.8319107890129089,0.684140682220459,0.5610339641571045,0.7498987913131714,0.621981143951416,0.5343597531318665,0.4522237181663513,0.6738284230232239,0.5253787040710449,0.5893340110778809,0.6627814173698425,0.6140091419219971,0.47720029950141907,0.5413204431533813,0.6103627681732178,0.5694604516029358,0.4597882628440857,0.4005613625049591,0.36326897144317627,341
,,,,,,,,,,,,,,,,,,,,,,,,,,,,,,,,,,,,,,,,,,singhamukh,left,0.6527301669120789,0.5820329785346985,0.5242443084716797,0.49875497817993164,0.4904336631298065,0.4027545750141144,0.30982309579849243,0.2533046305179596,0.21121639013290405,0.4573349356651306,0.40303757786750793,0.44552138447761536,0.4845988154411316,0.5128990411758423,0.4613340497016907,0.4759208858013153,0.48725926876068115,0.565760612487793,0.5107074975967407,0.47636446356773376,0.4420650005340576,0.9624001979827881,0.9321672320365906,0.8319107890129089,0.684140682220459,0.5610339641571045,0.7498987913131714,0.621981143951416,0.5343597531318665,0.4522237181663513,0.6738284230232239,0.5253787040710449,0.5893340110778809,0.6627814173698425,0.6140091419219971,0.47720029950141907,0.5413204431533813,0.6103627681732178,0.5694604516029358,0.4597882628440857,0.4005613625049591,0.36326897144317627,342
,,,,,,,,,,,,,,,,,,,,,,,,,,,,,,,,,,,,,,,,,,singhamukh,left,0.6038556098937988,0.5706326961517334,0.49052104353904724,0.42288336157798767,0.3678746819496155,0.421667218208313,0.3133965730667114,0.2431401163339615,0.19337841868400574,0.40761643648147583,0.3230609893798828,0.34318968653678894,0.36847570538520813,0.41412490606307983,0.33032917976379395,0.3521491289138794,0.3782678544521332,0.42126911878585815,0.33743539452552795,0.29794102907180786,0.2685054838657379,0.8131270408630371,0.6509549021720886,0.5860239267349243,0.5541448593139648,0.5279815196990967,0.660265326499939,0.6200519800186157,0.5892571210861206,0.5733942985534668,0.7582195997238159,0.6873747706413269,0.6419064402580261,0.6316856145858765,0.8302992582321167,0.7484213709831238,0.6973327994346619,0.686147153377533,0.8846835494041443,0.8766897916793823,0.8760665059089661,0.8831377625465393,343
,,,,,,,,,,,,,,,,,,,,,,,,,,,,,,,,,,,,,,,,,,singhamukh,left,0.6038556098937988,0.5706326961517334,0.49052104353904724,0.42288336157798767,0.3678746819496155,0.421667218208313,0.3133965730667114,0.2431401163339615,0.19337841868400574,0.40761643648147583,0.3230609893798828,0.34318968653678894,0.36847570538520813,0.41412490606307983,0.33032917976379395,0.3521491289138794,0.3782678544521332,0.42126911878585815,0.33743539452552795,0.29794102907180786,0.2685054838657379,0.8131270408630371,0.6509549021720886,0.5860239267349243,0.5541448593139648,0.5279815196990967,0.660265326499939,0.6200519800186157,0.5892571210861206,0.5733942985534668,0.7582195997238159,0.6873747706413269,0.6419064402580261,0.6316856145858765,0.8302992582321167,0.7484213709831238,0.6973327994346619,0.686147153377533,0.8846835494041443,0.8766897916793823,0.8760665059089661,0.8831377625465393,344
,,,,,,,,,,,,,,,,,,,,,,,,,,,,,,,,,,,,,,,,,,singhamukh,left,0.2784169912338257,0.3742251396179199,0.44254201650619507,0.486145555973053,0.5336154699325562,0.3355238735675812,0.39522767066955566,0.4283197820186615,0.4573271870613098,0.2957788109779358,0.3575989305973053,0.4108475148677826,0.4469664692878723,0.2709925174713135,0.31573569774627686,0.3646068274974823,0.395212858915329,0.2563157081604004,0.2733200788497925,0.30977824330329895,0.33215969800949097,0.8537404537200928,0.7670034170150757,0.5953831672668457,0.43314746022224426,0.3285028338432312,0.43840524554252625,0.1778877079486847,0.04328325390815735,-0.062041670083999634,0.4269147217273712,0.22536249458789825,0.17227791249752045,0.1478354036808014,0.44165149331092834,0.265683114528656,0.2453562170267105,0.25490447878837585,0.4591565728187561,0.332553505897522,0.30565452575683594,0.31324154138565063,345
0.6916295886039734,0.6408595442771912,0.5521261096000671,0.4666571617126465,0.40468472242355347,0.4798519015312195,0.3398464322090149,0.26601269841194153,0.20886802673339844,0.4726209044456482,0.38358575105667114,0.3989368677139282,0.4241929352283478,0.4766745865345001,0.3810257315635681,0.38717490434646606,0.4017085134983063,0.4789469242095947,0.38651812076568604,0.3434108793735504,0.31541892886161804,0.8747118711471558,0.7016634345054626,0.5965418815612793,0.5201076865196228,0.44347575306892395,0.7948166728019714,0.7110879421234131,0.6572415232658386,0.6106728315353394,0.859950065612793,0.7153775095939636,0.6104380488395691,0.5588064789772034,0.898267388343811,0.7955937385559082,0.6996794939041138,0.6498298048973083,0.9275094866752625,0.9202336668968201,0.8805961608886719,0.8615161776542664,singhamukh,right,,,,,,,,,,,,,,,,,,,,,,,,,,,,,,,,,,,,,,,,,,,346
,,,,,,,,,,,,,,,,,,,,,,,,,,,,,,,,,,,,,,,,,,singhamukh,left,0.6774780750274658,0.6191789507865906,0.5334790349006653,0.46071508526802063,0.4137621819972992,0.378229022026062,0.23385077714920044,0.15024566650390625,0.08256691694259644,0.3911170959472656,0.31289511919021606,0.3813331723213196,0.4431211054325104,0.4068969488143921,0.3394847512245178,0.4069467782974243,0.4507603049278259,0.42134106159210205,0.38518670201301575,0.4266343116760254,0.45757028460502625,0.9533646702766418,0.7871601581573486,0.6366068124771118,0.47856926918029785,0.35077908635139465,0.871431827545166,0.7846811413764954,0.6985819339752197,0.6202239394187927,0.8455424904823303,0.6644423007965088,0.5596842765808105,0.5264113545417786,0.7996580004692078,0.6318586468696594,0.5684376955032349,0.5698353052139282,0.7575968503952026,0.6189886331558228,0.5436199903488159,0.5396333932876587,347
,,,,,,,,,,,,,,,,,,,,,,,,,,,,,,,,,,,,,,,,,,singhamukh,left,0.6774780750274658,0.6191789507865906,0.5334790349006653,0.46071508526802063,0.4137621819972992,0.378229022026062,0.23385077714920044,0.15024566650390625,0.08256691694259644,0.3911170959472656,0.31289511919021606,0.3813331723213196,0.4431211054325104,0.4068969488143921,0.3394847512245178,0.4069467782974243,0.4507603049278259,0.42134106159210205,0.38518670201301575,0.4266343116760254,0.45757028460502625,0.9533646702766418,0.7871601581573486,0.6366068124771118,0.47856926918029785,0.35077908635139465,0.871431827545166,0.7846811413764954,0.6985819339752197,0.6202239394187927,0.8455424904823303,0.6644423007965088,0.5596842765808105,0.5264113545417786,0.7996580004692078,0.6318586468696594,0.5684376955032349,0.5698353052139282,0.7575968503952026,0.6189886331558228,0.5436199903488159,0.5396333932876587,348
,,,,,,,,,,,,,,,,,,,,,,,,,,,,,,,,,,,,,,,,,,singhamukh,left,0.650278627872467,0.5823058485984802,0.5080734491348267,0.46828851103782654,0.44946444034576416,0.3868231177330017,0.28990668058395386,0.23353032767772675,0.1874925196170807,0.4301982820034027,0.36396729946136475,0.41237783432006836,0.45214635133743286,0.4838229715824127,0.43270987272262573,0.4684068262577057,0.49702736735343933,0.5424636006355286,0.48984137177467346,0.4557081162929535,0.42099541425704956,0.8910750150680542,0.9392426013946533,0.9247905015945435,0.8405804634094238,0.7330244183540344,0.7575467824935913,0.6443389654159546,0.570597231388092,0.4951334595680237,0.6712982654571533,0.5770143866539001,0.6473047137260437,0.7123603820800781,0.6067187190055847,0.5000614523887634,0.5579226016998291,0.6260313987731934,0.5628450512886047,0.43957048654556274,0.3617784082889557,0.3017280697822571,349
,,,,,,,,,,,,,,,,,,,,,,,,,,,,,,,,,,,,,,,,,,singhamukh,left,0.2853658199310303,0.25716114044189453,0.2651960253715515,0.31399428844451904,0.36410659551620483,0.35391557216644287,0.40909042954444885,0.45180994272232056,0.48308658599853516,0.40008315443992615,0.45923835039138794,0.4207262098789215,0.3774769604206085,0.43762463331222534,0.5057873725891113,0.4891434609889984,0.45558205246925354,0.4650994539260864,0.5303090214729309,0.5745131969451904,0.6059452295303345,0.7679033279418945,0.6503270864486694,0.5205080509185791,0.4505723714828491,0.3999532163143158,0.30209824442863464,0.13806578516960144,0.04366537928581238,-0.02016463875770569,0.37817564606666565,0.2690548002719879,0.362331748008728,0.4278126060962677,0.4678879380226135,0.3761352300643921,0.4377799332141876,0.4846355617046356,0.5718984603881836,0.4769415855407715,0.4195401668548584,0.3563672602176666,350
,,,,,,,,,,,,,,,,,,,,,,,,,,,,,,,,,,,,,,,,,,singhamukh,left,0.2733090817928314,0.23687292635440826,0.22687949240207672,0.2219318449497223,0.22029267251491547,0.35188013315200806,0.440214604139328,0.5088313817977905,0.5670729875564575,0.4042610228061676,0.4201100766658783,0.34362420439720154,0.2868558168411255,0.4384212791919708,0.4525391757488251,0.37483933568000793,0.3114360570907593,0.46787139773368835,0.5326653718948364,0.5747417211532593,0.6124396324157715,0.7256622314453125,0.6247296333312988,0.5270376205444336,0.5244218111038208,0.5462541580200195,0.30440351366996765,0.13382479548454285,0.03505784273147583,-0.05023956298828125,0.39214465022087097,0.39945146441459656,0.5474782586097717,0.6397345066070557,0.5055990815162659,0.5302553176879883,0.6385108232498169,0.6919554471969604,0.6207306981086731,0.5669960379600525,0.5377733111381531,0.4895631670951843,351
,,,,,,,,,,,,,,,,,,,,,,,,,,,,,,,,,,,,,,,,,,singhamukh,left,0.6643624305725098,0.5850369334220886,0.49747174978256226,0.4410509467124939,0.41111135482788086,0.3953753113746643,0.3062898516654968,0.2528756260871887,0.21123528480529785,0.4375920295715332,0.36811521649360657,0.4032588005065918,0.4434954524040222,0.48473015427589417,0.4249303340911865,0.4186832010746002,0.41773301362991333,0.5390769839286804,0.4815746545791626,0.4478446841239929,0.41857028007507324,0.8820022344589233,0.9171273708343506,0.8600763082504272,0.7402386665344238,0.6339082717895508,0.7541542649269104,0.660811722278595,0.6039157509803772,0.5436410307884216,0.6715396642684937,0.5739559531211853,0.6133184432983398,0.6580893993377686,0.6038116216659546,0.5065168142318726,0.47127005457878113,0.4523021876811981,0.5569025874137878,0.4620794653892517,0.39684659242630005,0.35138314962387085,352
,,,,,,,,,,,,,,,,,,,,,,,,,,,,,,,,,,,,,,,,,,singhamukh,left,0.6643624305725098,0.5850369334220886,0.49747174978256226,0.4410509467124939,0.41111135482788086,0.3953753113746643,0.3062898516654968,0.2528756260871887,0.21123528480529785,0.4375920295715332,0.36811521649360657,0.4032588005065918,0.4434954524040222,0.48473015427589417,0.4249303340911865,0.4186832010746002,0.41773301362991333,0.5390769839286804,0.4815746545791626,0.4478446841239929,0.41857028007507324,0.8820022344589233,0.9171273708343506,0.8600763082504272,0.7402386665344238,0.6339082717895508,0.7541542649269104,0.660811722278595,0.6039157509803772,0.5436410307884216,0.6715396642684937,0.5739559531211853,0.6133184432983398,0.6580893993377686,0.6038116216659546,0.5065168142318726,0.47127005457878113,0.4523021876811981,0.5569025874137878,0.4620794653892517,0.39684659242630005,0.35138314962387085,353
,,,,,,,,,,,,,,,,,,,,,,,,,,,,,,,,,,,,,,,,,,singhamukh,left,0.38820725679397583,0.3582335114479065,0.365296870470047,0.3755708336830139,0.3920011520385742,0.4558638334274292,0.5227383971214294,0.5575768947601318,0.5884017944335938,0.4901682138442993,0.5242624282836914,0.4673808813095093,0.41583749651908875,0.5189681649208069,0.5558200478553772,0.4950748085975647,0.44198960065841675,0.5455085039138794,0.6036710739135742,0.6371541023254395,0.6682106256484985,0.8413065671920776,0.7015182375907898,0.5267057418823242,0.40256449580192566,0.29671233892440796,0.37509220838546753,0.17745789885520935,0.05666789412498474,-0.04616576433181763,0.4356927275657654,0.28255289793014526,0.29772984981536865,0.3340877294540405,0.5107816457748413,0.3765086233615875,0.3824113607406616,0.40049970149993896,0.5959135890007019,0.4852515161037445,0.4024355411529541,0.32469019293785095,354
,,,,,,,,,,,,,,,,,,,,,,,,,,,,,,,,,,,,,,,,,,singhamukh,left,0.6904014348983765,0.6144265532493591,0.5202260613441467,0.4498043358325958,0.385914146900177,0.43318498134613037,0.3262671232223511,0.2648284435272217,0.20840394496917725,0.46579092741012573,0.3866078853607178,0.3919931650161743,0.4013037085533142,0.5084728598594666,0.4327346682548523,0.434221088886261,0.43927085399627686,0.557161271572113,0.4919377565383911,0.4452637732028961,0.4016421437263489,0.6973719000816345,0.7452470064163208,0.7298922538757324,0.7148309350013733,0.7044426202774048,0.5788930654525757,0.47873321175575256,0.42595115303993225,0.37965071201324463,0.5173780918121338,0.4628854990005493,0.5668771266937256,0.6621763706207275,0.4650634229183197,0.3992989659309387,0.510455310344696,0.6088950634002686,0.41741424798965454,0.316692978143692,0.24952128529548645,0.1856296807527542,355
,,,,,,,,,,,,,,,,,,,,,,,,,,,,,,,,,,,,,,,,,,singhamukh,left,0.6743838787078857,0.6030147075653076,0.5329833030700684,0.4934934973716736,0.46815216541290283,0.4159921705722809,0.3202797770500183,0.2611277103424072,0.21470436453819275,0.4583919048309326,0.39208313822746277,0.44852757453918457,0.4936867356300354,0.5076940655708313,0.44230228662490845,0.44832807779312134,0.4531923234462738,0.5623713135719299,0.5036949515342712,0.473026841878891,0.4390283226966858,0.752002477645874,0.7929359078407288,0.7285126447677612,0.6116918325424194,0.4962843656539917,0.6207375526428223,0.5016358494758606,0.42252588272094727,0.34921887516975403,0.5274243950843811,0.41504907608032227,0.4704878330230713,0.5322624444961548,0.4583013653755188,0.3275713324546814,0.2856910228729248,0.279153048992157,0.41363027691841125,0.3046276569366455,0.23505185544490814,0.18417158722877502,356
,,,,,,,,,,,,,,,,,,,,,,,,,,,,,,,,,,,,,,,,,,singhamukh,left,0.6459843516349792,0.6527267694473267,0.620206356048584,0.5501227378845215,0.491546094417572,0.5654165744781494,0.4982667565345764,0.4524950683116913,0.41676533222198486,0.5142456293106079,0.4582086503505707,0.5020702481269836,0.5309731364250183,0.4745142459869385,0.41129687428474426,0.437739759683609,0.46882104873657227,0.44785284996032715,0.38259807229042053,0.3433510363101959,0.3199286162853241,0.1737004816532135,0.3314424753189087,0.45843762159347534,0.5388079285621643,0.5761067867279053,0.6458346843719482,0.8425224423408508,0.941753089427948,1.0183196067810059,0.5728840827941895,0.7073638439178467,0.5950424075126648,0.5401391386985779,0.48805660009384155,0.6024783253669739,0.5324215292930603,0.4952734410762787,0.3931463360786438,0.4995504319667816,0.551160454750061,0.6158454418182373,357
0.6272281408309937,0.6272015571594238,0.5956122875213623,0.5928817391395569,0.609459400177002,0.4555400311946869,0.3613075613975525,0.2897431254386902,0.22816301882266998,0.4236486554145813,0.4527742862701416,0.5158098936080933,0.5354372262954712,0.42127788066864014,0.48010802268981934,0.5303670763969421,0.5341046452522278,0.43708258867263794,0.48552045226097107,0.5330825448036194,0.5448727607727051,0.5491406917572021,0.4353216588497162,0.3026028573513031,0.18080370128154755,0.08344404399394989,0.2935779392719269,0.2501160204410553,0.22912462055683136,0.21600782871246338,0.3793196678161621,0.40202733874320984,0.4286867082118988,0.42208951711654663,0.4762660562992096,0.5030785202980042,0.5060074925422668,0.48690035939216614,0.5655871629714966,0.5814581513404846,0.56778883934021,0.5480926036834717,chandrakala,right,,,,,,,,,,,,,,,,,,,,,,,,,,,,,,,,,,,,,,,,,,,358
0.6272797584533691,0.6281988620758057,0.5963885188102722,0.5935115814208984,0.6095855236053467,0.4554334580898285,0.36058899760246277,0.28833985328674316,0.22616614401340485,0.42271554470062256,0.4522813558578491,0.5166536569595337,0.5363408923149109,0.42032551765441895,0.47919443249702454,0.5306760668754578,0.5347782373428345,0.4362087547779083,0.48538100719451904,0.5332953929901123,0.5447493195533752,0.5493279695510864,0.43357402086257935,0.30173057317733765,0.18129098415374756,0.08464138209819794,0.29261693358421326,0.2511906623840332,0.23161980509757996,0.21806511282920837,0.37967178225517273,0.4058818817138672,0.4303555190563202,0.41904860734939575,0.477791428565979,0.5057791471481323,0.5078880190849304,0.48698148131370544,0.5676069259643555,0.5847501754760742,0.5713150501251221,0.5510172843933105,chandrakala,right,,,,,,,,,,,,,,,,,,,,,,,,,,,,,,,,,,,,,,,,,,,359
,,,,,,,,,,,,,,,,,,,,,,,,,,,,,,,,,,,,,,,,,,chandrakala,left,0.7937248349189758,0.6506054997444153,0.5074266791343689,0.38167861104011536,0.2768886685371399,0.5132139921188354,0.4786567687988281,0.46674054861068726,0.4590895175933838,0.6186125874519348,0.6776885986328125,0.6904218792915344,0.6750724911689758,0.7264052033424377,0.7832685112953186,0.7739406824111938,0.739471971988678,0.8216932415962219,0.8620903491973877,0.8473819494247437,0.8153604865074158,0.8408657312393188,0.8218631744384766,0.7538592219352722,0.7029560804367065,0.687302827835083,0.42766639590263367,0.22718535363674164,0.0918421745300293,-0.01620417833328247,0.4022781550884247,0.32776182889938354,0.5286549925804138,0.6346009969711304,0.413520485162735,0.39072495698928833,0.5758206844329834,0.6615029573440552,0.44923996925354004,0.41680455207824707,0.5553790330886841,0.627042829990387,360
,,,,,,,,,,,,,,,,,,,,,,,,,,,,,,,,,,,,,,,,,,hanspaksha,left,0.5748549103736877,0.5982052683830261,0.5893042087554932,0.5728694796562195,0.5394487380981445,0.4313216209411621,0.5099409818649292,0.5559591054916382,0.5579242706298828,0.4569135904312134,0.52652907371521,0.5831289291381836,0.5931283831596375,0.48909562826156616,0.5473525524139404,0.5694427490234375,0.5456644892692566,0.5123321413993835,0.5176751613616943,0.5043489933013916,0.46168333292007446,0.8639229536056519,0.8143175840377808,0.6834081411361694,0.5418985486030579,0.4006365239620209,0.5548931956291199,0.41415050625801086,0.3521122932434082,0.29643312096595764,0.5372433066368103,0.3753868043422699,0.31166884303092957,0.2262161374092102,0.5278010964393616,0.4505927264690399,0.5427914261817932,0.5841612219810486,0.506119430065155,0.4423775374889374,0.43320611119270325,0.4086247682571411,361
,,,,,,,,,,,,,,,,,,,,,,,,,,,,,,,,,,,,,,,,,,hanspaksha,left,0.5748549103736877,0.5982052683830261,0.5893042087554932,0.5728694796562195,0.5394487380981445,0.4313216209411621,0.5099409818649292,0.5559591054916382,0.5579242706298828,0.4569135904312134,0.52652907371521,0.5831289291381836,0.5931283831596375,0.48909562826156616,0.5473525524139404,0.5694427490234375,0.5456644892692566,0.5123321413993835,0.5176751613616943,0.5043489933013916,0.46168333292007446,0.8639229536056519,0.8143175840377808,0.6834081411361694,0.5418985486030579,0.4006365239620209,0.5548931956291199,0.41415050625801086,0.3521122932434082,0.29643312096595764,0.5372433066368103,0.3753868043422699,0.31166884303092957,0.2262161374092102,0.5278010964393616,0.4505927264690399,0.5427914261817932,0.5841612219810486,0.506119430065155,0.4423775374889374,0.43320611119270325,0.4086247682571411,362
0.6942778825759888,0.6368522644042969,0.5502504706382751,0.4537963271141052,0.3718886077404022,0.3964444100856781,0.2667127847671509,0.19114641845226288,0.12241987884044647,0.3904343843460083,0.25080519914627075,0.16590920090675354,0.09635156393051147,0.4095296859741211,0.28534024953842163,0.2086733728647232,0.1471100002527237,0.44804370403289795,0.3478488624095917,0.2842082381248474,0.2288786917924881,0.6645424962043762,0.5679085850715637,0.5017693042755127,0.4686792492866516,0.48991554975509644,0.5868359208106995,0.5862328410148621,0.5942813158035278,0.6021558046340942,0.6655973196029663,0.6735714077949524,0.6823983788490295,0.6842061877250671,0.7368466854095459,0.750785231590271,0.7517415285110474,0.7465164661407471,0.8048667907714844,0.8113492727279663,0.8105520606040955,0.8054870367050171,pataka,right,,,,,,,,,,,,,,,,,,,,,,,,,,,,,,,,,,,,,,,,,,,363
0.3686431050300598,0.4447159469127655,0.4988296627998352,0.5146722793579102,0.49479448795318604,0.42933860421180725,0.4306177496910095,0.424096941947937,0.4181721806526184,0.3593748211860657,0.3515126407146454,0.34455132484436035,0.34304916858673096,0.2982058823108673,0.2883182466030121,0.2858599126338959,0.2875129282474518,0.24170158803462982,0.23485985398292542,0.23366357386112213,0.2345573604106903,0.7149686217308044,0.6497970819473267,0.5529384016990662,0.44739240407943726,0.35416561365127563,0.37693774700164795,0.23235458135604858,0.15161630511283875,0.08209872245788574,0.37443387508392334,0.21582704782485962,0.12246695160865784,0.048552483320236206,0.39894014596939087,0.25275829434394836,0.16314831376075745,0.09143289923667908,0.44450098276138306,0.3346039056777954,0.2644928991794586,0.2020726352930069,pataka,right,,,,,,,,,,,,,,,,,,,,,,,,,,,,,,,,,,,,,,,,,,,364
0.537496030330658,0.5423629283905029,0.5302882790565491,0.5236557126045227,0.5244526863098145,0.4120749533176422,0.34987008571624756,0.3146442472934723,0.27575409412384033,0.39726266264915466,0.3700407147407532,0.43137413263320923,0.4497571587562561,0.39457759261131287,0.3672545254230499,0.4281369149684906,0.4491627812385559,0.4009851813316345,0.37167197465896606,0.4142598509788513,0.43511343002319336,0.596695601940155,0.4755677580833435,0.3547919988632202,0.2415153980255127,0.1515359729528427,0.34752315282821655,0.2665477395057678,0.20964348316192627,0.16136996448040009,0.4192490875720978,0.4055715799331665,0.4592207968235016,0.46495872735977173,0.49996495246887207,0.4898911416530609,0.5197353363037109,0.5092614889144897,0.5725468397140503,0.5682957768440247,0.5736024975776672,0.5669861435890198,chandrakala,right,,,,,,,,,,,,,,,,,,,,,,,,,,,,,,,,,,,,,,,,,,,365
0.5357110500335693,0.5422438383102417,0.5300119519233704,0.5239283442497253,0.5259515047073364,0.4131135940551758,0.35175034403800964,0.31593000888824463,0.27707284688949585,0.3979334235191345,0.36947470903396606,0.4297693967819214,0.44889402389526367,0.3952314257621765,0.3681371212005615,0.42814213037490845,0.44927510619163513,0.40083885192871094,0.3720861077308655,0.4144640564918518,0.4359821677207947,0.5951338410377502,0.4813953638076782,0.3558724820613861,0.24144089221954346,0.1520153284072876,0.3499261438846588,0.2691758871078491,0.20987069606781006,0.16287097334861755,0.4219902753829956,0.4091244339942932,0.46285659074783325,0.4704124629497528,0.5019735097885132,0.49482831358909607,0.5226332545280457,0.5128006935119629,0.5750271081924438,0.572286069393158,0.5772380828857422,0.5710503458976746,chandrakala,right,,,,,,,,,,,,,,,,,,,,,,,,,,,,,,,,,,,,,,,,,,,366
,,,,,,,,,,,,,,,,,,,,,,,,,,,,,,,,,,,,,,,,,,bhramara,left,0.5958768129348755,0.5775631666183472,0.5177740454673767,0.47554540634155273,0.4487818479537964,0.36578112840652466,0.25959521532058716,0.1939358413219452,0.14072372019290924,0.35193532705307007,0.33258944749832153,0.3918101489543915,0.42705038189888,0.3528800308704376,0.3522503674030304,0.4029991030693054,0.42030930519104004,0.359762042760849,0.3449086546897888,0.36790958046913147,0.3776663541793823,0.6148537397384644,0.6829472780227661,0.7672040462493896,0.861833393573761,0.9275758862495422,0.7126405835151672,0.7960275411605835,0.8383479118347168,0.8693747520446777,0.6890738606452942,0.8031463623046875,0.8474273085594177,0.8663290143013,0.6717062592506409,0.7683192491531372,0.7839385867118835,0.7774929404258728,0.6595041751861572,0.7281570434570312,0.7484446167945862,0.7514638304710388,367
,,,,,,,,,,,,,,,,,,,,,,,,,,,,,,,,,,,,,,,,,,bhramara,left,0.3946293294429779,0.3305661380290985,0.2535613775253296,0.1664811223745346,0.0989658385515213,0.31624481081962585,0.21806709468364716,0.16679301857948303,0.12117691338062286,0.33290863037109375,0.20669740438461304,0.14442235231399536,0.10095952451229095,0.3370218575000763,0.22954438626766205,0.20641300082206726,0.20417296886444092,0.33056750893592834,0.2679603397846222,0.24480855464935303,0.22905918955802917,0.6116625070571899,0.5941389799118042,0.5258853435516357,0.4768790304660797,0.4426746070384979,0.3602496087551117,0.24765515327453613,0.17639043927192688,0.11712858080863953,0.3491954207420349,0.33030423521995544,0.39836740493774414,0.4476344883441925,0.34774768352508545,0.3231489360332489,0.3656405508518219,0.3778337240219116,0.34877660870552063,0.26873886585235596,0.21822980046272278,0.16526912152767181,368
0.5463014245033264,0.5927762985229492,0.6065086722373962,0.6052849888801575,0.5833635330200195,0.5645378828048706,0.558172881603241,0.5579205751419067,0.5602483749389648,0.5342509150505066,0.5266498923301697,0.5284701585769653,0.5343511700630188,0.507129967212677,0.4974828362464905,0.4999339282512665,0.5057185292243958,0.48022982478141785,0.4706784784793854,0.4721514582633972,0.47723081707954407,0.8288915157318115,0.7412989139556885,0.6116449236869812,0.5118802189826965,0.4516950249671936,0.5109641551971436,0.4131823182106018,0.3598089814186096,0.310433954000473,0.5133978128433228,0.4129835367202759,0.3562360405921936,0.3067491948604584,0.5381141901016235,0.43567371368408203,0.37515103816986084,0.3251799941062927,0.5827139616012573,0.4934021830558777,0.43158042430877686,0.3766530454158783,sarpasheesh,right,,,,,,,,,,,,,,,,,,,,,,,,,,,,,,,,,,,,,,,,,,,369
0.5464025139808655,0.592742919921875,0.6067619919776917,0.6050185561180115,0.5808069705963135,0.5659685134887695,0.5591641068458557,0.5582923889160156,0.5600078701972961,0.5352413058280945,0.5273829698562622,0.5287392139434814,0.5340275168418884,0.5075873136520386,0.4979104995727539,0.5005139708518982,0.5062568187713623,0.4802591800689697,0.47106289863586426,0.4725971817970276,0.4777970314025879,0.8311218619346619,0.7471082806587219,0.613487958908081,0.512444257736206,0.4526764154434204,0.5135414004325867,0.4147898852825165,0.36075204610824585,0.31197601556777954,0.5149658918380737,0.4152088165283203,0.35809507966041565,0.30940020084381104,0.5386617183685303,0.43613797426223755,0.3773149251937866,0.32985058426856995,0.5821397304534912,0.49351000785827637,0.43293267488479614,0.3796777129173279,sarpasheesh,right,,,,,,,,,,,,,,,,,,,,,,,,,,,,,,,,,,,,,,,,,,,370
0.6237070560455322,0.672820508480072,0.7044123411178589,0.7164073586463928,0.7200961112976074,0.6834450364112854,0.6859300136566162,0.6827176809310913,0.677429735660553,0.6550849676132202,0.6568018794059753,0.6583834290504456,0.6569567918777466,0.6285589337348938,0.6296635866165161,0.6389844417572021,0.6446675658226013,0.6024470329284668,0.6053850650787354,0.6174595355987549,0.6294682621955872,0.6506140232086182,0.6252220273017883,0.5459825992584229,0.46954962611198425,0.4083457887172699,0.41778838634490967,0.32018280029296875,0.2634953558444977,0.21398098766803741,0.40787580609321594,0.3017820417881012,0.23142313957214355,0.1760798990726471,0.42050668597221375,0.3283199369907379,0.3315443694591522,0.35019946098327637,0.44495272636413574,0.3657307028770447,0.35622209310531616,0.365813285112381,ardhapataka,right,,,,,,,,,,,,,,,,,,,,,,,,,,,,,,,,,,,,,,,,,,,371
0.5870540142059326,0.5700411796569824,0.5232917070388794,0.47962474822998047,0.44313856959342957,0.4534163773059845,0.39612746238708496,0.3656979501247406,0.33689936995506287,0.44927871227264404,0.3867461383342743,0.3490481376647949,0.3183298408985138,0.45748016238212585,0.4048459529876709,0.40475994348526,0.4099922478199005,0.4709567129611969,0.42683932185173035,0.41968411207199097,0.4204995036125183,0.29969480633735657,0.19564813375473022,0.13439589738845825,0.11170890927314758,0.10730548202991486,0.1675233542919159,0.16416504979133606,0.17322507500648499,0.18523059785366058,0.21902421116828918,0.21893350780010223,0.21774910390377045,0.2211458683013916,0.26791781187057495,0.26606622338294983,0.25672000646591187,0.249330073595047,0.31574779748916626,0.31144124269485474,0.2875683903694153,0.260489821434021,ardhapataka,right,,,,,,,,,,,,,,,,,,,,,,,,,,,,,,,,,,,,,,,,,,,372
0.6633472442626953,0.5644639730453491,0.45790112018585205,0.3850359618663788,0.3308185338973999,0.48285016417503357,0.44472536444664,0.4296053349971771,0.4142831563949585,0.521215558052063,0.4919203221797943,0.47388970851898193,0.45204323530197144,0.564609169960022,0.5404950976371765,0.5173150897026062,0.4927641451358795,0.6092718839645386,0.5968289375305176,0.5809040069580078,0.5616098046302795,0.3711211085319519,0.34172961115837097,0.34478986263275146,0.3563704788684845,0.36873212456703186,0.39593783020973206,0.4452219605445862,0.4845513105392456,0.5250758528709412,0.411347359418869,0.46846815943717957,0.5132697224617004,0.5566172003746033,0.41818875074386597,0.46651411056518555,0.5059183239936829,0.5466151833534241,0.41950032114982605,0.4529634118080139,0.4820314049720764,0.5133960843086243,ardhachandra,right,,,,,,,,,,,,,,,,,,,,,,,,,,,,,,,,,,,,,,,,,,,373
0.6353961229324341,0.6579882502555847,0.6554909944534302,0.6519661545753479,0.6428057551383972,0.5976537466049194,0.543633222579956,0.5079384446144104,0.47276461124420166,0.5852845907211304,0.5293115377426147,0.48564887046813965,0.4443413019180298,0.5807742476463318,0.5334697961807251,0.49488744139671326,0.4559698700904846,0.5796729326248169,0.5502289533615112,0.5234934091567993,0.4939967691898346,0.6507472395896912,0.5578223466873169,0.4651186466217041,0.4002339243888855,0.3466763496398926,0.48722824454307556,0.4451577663421631,0.4282810688018799,0.4157685339450836,0.525937557220459,0.4877904951572418,0.46801525354385376,0.4492376446723938,0.5691264271736145,0.5409522652626038,0.5182381868362427,0.49509918689727783,0.6137516498565674,0.6001284122467041,0.5834578275680542,0.5636870861053467,ardhachandra,right,,,,,,,,,,,,,,,,,,,,,,,,,,,,,,,,,,,,,,,,,,,374
0.6704167127609253,0.6690024733543396,0.6470906138420105,0.635829746723175,0.6301630139350891,0.5777413249015808,0.5262491106987,0.49611896276474,0.46693116426467896,0.568093478679657,0.5135874152183533,0.4779393672943115,0.4453638195991516,0.5703816413879395,0.5206953883171082,0.48880210518836975,0.4590177834033966,0.5806028842926025,0.5424171686172485,0.5192693471908569,0.4967063069343567,0.6354350447654724,0.5362018346786499,0.4409332275390625,0.36063137650489807,0.29398781061172485,0.46325770020484924,0.4318424165248871,0.421119749546051,0.41607609391212463,0.5114241242408752,0.47796690464019775,0.45955660939216614,0.44440826773643494,0.5636468529701233,0.5315486788749695,0.5137920379638672,0.4943929612636566,0.6179841160774231,0.6004543900489807,0.583848237991333,0.5644230842590332,ardhachandra,right,,,,,,,,,,,,,,,,,,,,,,,,,,,,,,,,,,,,,,,,,,,375
0.6704167127609253,0.6690024733543396,0.6470906138420105,0.635829746723175,0.6301630139350891,0.5777413249015808,0.5262491106987,0.49611896276474,0.46693116426467896,0.568093478679657,0.5135874152183533,0.4779393672943115,0.4453638195991516,0.5703816413879395,0.5206953883171082,0.48880210518836975,0.4590177834033966,0.5806028842926025,0.5424171686172485,0.5192693471908569,0.4967063069343567,0.6354350447654724,0.5362018346786499,0.4409332275390625,0.36063137650489807,0.29398781061172485,0.46325770020484924,0.4318424165248871,0.421119749546051,0.41607609391212463,0.5114241242408752,0.47796690464019775,0.45955660939216614,0.44440826773643494,0.5636468529701233,0.5315486788749695,0.5137920379638672,0.4943929612636566,0.6179841160774231,0.6004543900489807,0.583848237991333,0.5644230842590332,ardhachandra,right,,,,,,,,,,,,,,,,,,,,,,,,,,,,,,,,,,,,,,,,,,,376
0.7347100973129272,0.7184528112411499,0.6583940982818604,0.5928025841712952,0.5624521970748901,0.49743324518203735,0.38617369532585144,0.3154112696647644,0.2543979585170746,0.48519617319107056,0.36496227979660034,0.28335481882095337,0.21753132343292236,0.49484574794769287,0.38217729330062866,0.3094939589500427,0.25179898738861084,0.5220651030540466,0.436283141374588,0.38177430629730225,0.333555668592453,0.4402697682380676,0.3492957055568695,0.27871090173721313,0.29569992423057556,0.3665054142475128,0.3600061535835266,0.36314642429351807,0.36856696009635925,0.373026579618454,0.43561363220214844,0.4337555468082428,0.4346538782119751,0.4305831789970398,0.49868422746658325,0.49782028794288635,0.49309295415878296,0.4856158494949341,0.5585230588912964,0.554776668548584,0.5497622489929199,0.5418186187744141,pataka,right,,,,,,,,,,,,,,,,,,,,,,,,,,,,,,,,,,,,,,,,,,,377
0.5435899496078491,0.6135465502738953,0.6651331782341003,0.6575269103050232,0.6151664853096008,0.6049579381942749,0.6016549468040466,0.5999600887298584,0.598663866519928,0.5488390326499939,0.5473496317863464,0.5461643934249878,0.5483875870704651,0.5019271969795227,0.5006014108657837,0.5025231838226318,0.5063802599906921,0.4564715623855591,0.458296537399292,0.46159082651138306,0.4666767120361328,0.807309627532959,0.7888755798339844,0.7134160995483398,0.6272040605545044,0.5749219655990601,0.49863290786743164,0.3511298596858978,0.2570618987083435,0.1776113212108612,0.48353081941604614,0.32231754064559937,0.21327999234199524,0.1260640025138855,0.4982309937477112,0.34855374693870544,0.24892345070838928,0.16893646121025085,0.5350509881973267,0.4218577742576599,0.3467838764190674,0.27984732389450073,pataka,right,,,,,,,,,,,,,,,,,,,,,,,,,,,,,,,,,,,,,,,,,,,378
,,,,,,,,,,,,,,,,,,,,,,,,,,,,,,,,,,,,,,,,,,shuktund,left,0.5737842917442322,0.3943723440170288,0.25466975569725037,0.19720497727394104,0.2402917444705963,0.3668343722820282,0.3595324754714966,0.3507337272167206,0.3544731140136719,0.4844217002391815,0.4777545630931854,0.4784170687198639,0.4816395342350006,0.5956583619117737,0.6093568205833435,0.6004341840744019,0.5879867076873779,0.702503502368927,0.7274178862571716,0.7281108498573303,0.7246494293212891,0.9004507660865784,0.8632296919822693,0.7656611204147339,0.6565424203872681,0.5650244951248169,0.5286861658096313,0.35431957244873047,0.3719911575317383,0.42601263523101807,0.5102712512016296,0.3087567389011383,0.17857611179351807,0.07475298643112183,0.5299197435379028,0.37730562686920166,0.4028439223766327,0.4348422884941101,0.5721727609634399,0.4348215162754059,0.3442997932434082,0.2576536536216736,379
,,,,,,,,,,,,,,,,,,,,,,,,,,,,,,,,,,,,,,,,,,shuktund,left,0.5737842917442322,0.3943723440170288,0.25466975569725037,0.19720497727394104,0.2402917444705963,0.3668343722820282,0.3595324754714966,0.3507337272167206,0.3544731140136719,0.4844217002391815,0.4777545630931854,0.4784170687198639,0.4816395342350006,0.5956583619117737,0.6093568205833435,0.6004341840744019,0.5879867076873779,0.702503502368927,0.7274178862571716,0.7281108498573303,0.7246494293212891,0.9004507660865784,0.8632296919822693,0.7656611204147339,0.6565424203872681,0.5650244951248169,0.5286861658096313,0.35431957244873047,0.3719911575317383,0.42601263523101807,0.5102712512016296,0.3087567389011383,0.17857611179351807,0.07475298643112183,0.5299197435379028,0.37730562686920166,0.4028439223766327,0.4348422884941101,0.5721727609634399,0.4348215162754059,0.3442997932434082,0.2576536536216736,380
1.072804570198059,1.0065034627914429,0.8613843321800232,0.7011469006538391,0.569118857383728,0.660851240158081,0.4713844358921051,0.4386461675167084,0.45590439438819885,0.6255292296409607,0.41947653889656067,0.3335775136947632,0.2859153151512146,0.6319392919540405,0.42655396461486816,0.2950914800167084,0.19128593802452087,0.672075629234314,0.5255838632583618,0.4305044412612915,0.3403111696243286,0.5327242612838745,0.42869335412979126,0.35167136788368225,0.3272743225097656,0.31894224882125854,0.3878297209739685,0.36682072281837463,0.36800384521484375,0.3875567317008972,0.4495926797389984,0.43211010098457336,0.43691253662109375,0.4523860812187195,0.511491060256958,0.48766931891441345,0.4746600091457367,0.4644421935081482,0.5795753598213196,0.5844765901565552,0.5807728171348572,0.5697629451751709,shuktund,right,,,,,,,,,,,,,,,,,,,,,,,,,,,,,,,,,,,,,,,,,,,381
0.45175373554229736,0.6145745515823364,0.7333393692970276,0.7653035521507263,0.7623847723007202,0.6777961254119873,0.7043644785881042,0.696892499923706,0.6686545014381409,0.5818333625793457,0.6164430379867554,0.6255715489387512,0.6195587515830994,0.4837001860141754,0.5190502405166626,0.5378344058990479,0.5538601279258728,0.3753017485141754,0.3716888129711151,0.37522655725479126,0.3891044557094574,0.9070451259613037,0.858344554901123,0.7419677972793579,0.6327943205833435,0.5466238260269165,0.608142614364624,0.4895249605178833,0.4688716232776642,0.47784459590911865,0.583147406578064,0.45805346965789795,0.4156739115715027,0.3955383896827698,0.5855590105056763,0.4509974718093872,0.36433717608451843,0.29342854022979736,0.6129521131515503,0.5180521607398987,0.4569699168205261,0.3975062668323517,shuktund,right,,,,,,,,,,,,,,,,,,,,,,,,,,,,,,,,,,,,,,,,,,,382
0.47733771800994873,0.575555145740509,0.6572432518005371,0.6873977184295654,0.6467964053153992,0.5719307661056519,0.5692925453186035,0.5725808143615723,0.572452187538147,0.5030694007873535,0.4873199760913849,0.4867415726184845,0.4790547490119934,0.43928736448287964,0.44250380992889404,0.4634864628314972,0.4806537330150604,0.376889705657959,0.3705447316169739,0.38275012373924255,0.4020737409591675,0.7940565347671509,0.7517964839935303,0.6478866934776306,0.5658410787582397,0.5255778431892395,0.49690839648246765,0.39082249999046326,0.3770686984062195,0.3837086856365204,0.49041640758514404,0.36047837138175964,0.26987215876579285,0.2006048560142517,0.5117063522338867,0.4089377522468567,0.40570753812789917,0.41227346658706665,0.5485492944717407,0.4639815092086792,0.40709349513053894,0.3527459502220154,shuktund,right,,,,,,,,,,,,,,,,,,,,,,,,,,,,,,,,,,,,,,,,,,,383
0.8161254525184631,0.7736175656318665,0.6574503183364868,0.5659438967704773,0.527601957321167,0.4970630407333374,0.38471144437789917,0.37485092878341675,0.3932059407234192,0.4888326823711395,0.3537401556968689,0.2567960023880005,0.184869647026062,0.51050865650177,0.40394848585128784,0.40225666761398315,0.4136011004447937,0.5489166975021362,0.4585579037666321,0.3967490494251251,0.3395625948905945,0.5231425762176514,0.42995256185531616,0.34986841678619385,0.3231748938560486,0.37219688296318054,0.43563392758369446,0.4364053010940552,0.4332300126552582,0.43413612246513367,0.502169668674469,0.5157985687255859,0.5123932957649231,0.5155412554740906,0.5628322958946228,0.5598888397216797,0.5381256341934204,0.5220330357551575,0.6212339401245117,0.6254010200500488,0.6147267818450928,0.5981191396713257,shuktund,right,,,,,,,,,,,,,,,,,,,,,,,,,,,,,,,,,,,,,,,,,,,384
0.4433751702308655,0.5396996140480042,0.614525318145752,0.6393578052520752,0.6265525817871094,0.567047655582428,0.5832008719444275,0.588602602481842,0.5856574177742004,0.5105152130126953,0.5290177464485168,0.54034024477005,0.5460311770439148,0.45474773645401,0.46415212750434875,0.47916463017463684,0.4944551885128021,0.3935104012489319,0.40381520986557007,0.4165998697280884,0.433735728263855,0.6146491169929504,0.5801005363464355,0.5141311287879944,0.4438939392566681,0.39188459515571594,0.34398889541625977,0.24147285521030426,0.2213716059923172,0.2234235405921936,0.32496094703674316,0.2018398493528366,0.11932286620140076,0.0538959801197052,0.33057212829589844,0.228786438703537,0.18915438652038574,0.16354438662528992,0.35329142212867737,0.269620418548584,0.21635118126869202,0.1681542843580246,shuktund,right,,,,,,,,,,,,,,,,,,,,,,,,,,,,,,,,,,,,,,,,,,,385
0.37326642870903015,0.4143064022064209,0.4816064238548279,0.5570849180221558,0.6138772964477539,0.6676915884017944,0.7781944274902344,0.8038349151611328,0.7992849946022034,0.690367579460144,0.8205452561378479,0.89919114112854,0.9488529562950134,0.6860723495483398,0.8014316558837891,0.8437094688415527,0.8596703410148621,0.6617605686187744,0.7522895932197571,0.810188889503479,0.8556777834892273,0.43973442912101746,0.5325127243995667,0.6053394079208374,0.6299290657043457,0.6192959547042847,0.5659250020980835,0.5822915434837341,0.5827621817588806,0.5717796683311462,0.5124239921569824,0.5333643555641174,0.5441998243331909,0.5457552075386047,0.45964527130126953,0.4744635224342346,0.4932824373245239,0.5088489651679993,0.4009769558906555,0.40894371271133423,0.423028826713562,0.4402845501899719,shuktund,right,,,,,,,,,,,,,,,,,,,,,,,,,,,,,,,,,,,,,,,,,,,386
0.2236894965171814,0.27018097043037415,0.3666144609451294,0.4470648169517517,0.49227356910705566,0.525483250617981,0.6342872381210327,0.6412424445152283,0.6256765127182007,0.5296363234519958,0.6641985177993774,0.7506296634674072,0.8151736259460449,0.5079290270805359,0.6134082674980164,0.6067540645599365,0.5878104567527771,0.46991389989852905,0.5573964715003967,0.6136267185211182,0.6642082333564758,0.46795323491096497,0.5514772534370422,0.6108568906784058,0.6356996893882751,0.6079732775688171,0.5392895936965942,0.5313045382499695,0.5284628868103027,0.5260955095291138,0.4793522357940674,0.4662754535675049,0.4661323130130768,0.4621974229812622,0.42451801896095276,0.4236435890197754,0.44602468609809875,0.46518266201019287,0.36965858936309814,0.3650001883506775,0.3780688941478729,0.39713579416275024,shuktund,right,,,,,,,,,,,,,,,,,,,,,,,,,,,,,,,,,,,,,,,,,,,387
0.46081534028053284,0.5516030192375183,0.6190305352210999,0.6454546451568604,0.6184391975402832,0.5441064238548279,0.5401611924171448,0.5380306839942932,0.5344595313072205,0.47875481843948364,0.46608155965805054,0.46556025743484497,0.4603670835494995,0.420100599527359,0.41218239068984985,0.4306510388851166,0.44695523381233215,0.36101990938186646,0.35478949546813965,0.36578136682510376,0.3839193284511566,0.7609946131706238,0.7144494652748108,0.6255244016647339,0.5519931316375732,0.5073386430740356,0.4787757396697998,0.37623628973960876,0.3681942820549011,0.38322916626930237,0.47509506344795227,0.3503706753253937,0.2696141004562378,0.21185928583145142,0.4951767325401306,0.3974806070327759,0.39229968190193176,0.40238824486732483,0.530974805355072,0.44795629382133484,0.39567169547080994,0.3501690626144409,shuktund,right,,,,,,,,,,,,,,,,,,,,,,,,,,,,,,,,,,,,,,,,,,,388
0.410167396068573,0.5788776874542236,0.7078661322593689,0.7672289609909058,0.8010139465332031,0.681369960308075,0.7057729363441467,0.731035053730011,0.7509758472442627,0.6202764511108398,0.63072669506073,0.643960177898407,0.6502583026885986,0.5497699975967407,0.5834749937057495,0.6326263546943665,0.6767295002937317,0.471134215593338,0.47021743655204773,0.4835642874240875,0.5028079748153687,0.782461404800415,0.7531362771987915,0.6393648386001587,0.547821044921875,0.4760255217552185,0.4487583339214325,0.32032740116119385,0.318176805973053,0.331828236579895,0.4265790581703186,0.2808336317539215,0.24724358320236206,0.232600599527359,0.43050721287727356,0.2825627624988556,0.1954137086868286,0.13103362917900085,0.4629117250442505,0.3569830656051636,0.28280192613601685,0.21961867809295654,shuktund,right,,,,,,,,,,,,,,,,,,,,,,,,,,,,,,,,,,,,,,,,,,,389
0.8439449071884155,0.8010490536689758,0.6669288873672485,0.5602186322212219,0.4779505431652069,0.45225876569747925,0.31403791904449463,0.2821972370147705,0.2713138163089752,0.41991710662841797,0.2521114945411682,0.16662245988845825,0.1104050874710083,0.4223882257938385,0.2765408754348755,0.24043336510658264,0.23483973741531372,0.4570856988430023,0.3248773217201233,0.2393837869167328,0.17563676834106445,0.5730120539665222,0.4201478362083435,0.31746169924736023,0.2692587673664093,0.23521754145622253,0.3454873561859131,0.32159489393234253,0.2924409806728363,0.26450398564338684,0.4020000994205475,0.38783150911331177,0.3555435538291931,0.3245372474193573,0.4647425711154938,0.44236186146736145,0.4011925160884857,0.3610452711582184,0.5348894596099854,0.5315138101577759,0.5174539089202881,0.5021292567253113,shuktund,right,,,,,,,,,,,,,,,,,,,,,,,,,,,,,,,,,,,,,,,,,,,390
0.20610404014587402,0.2515902817249298,0.3797542452812195,0.4895399510860443,0.5750089287757874,0.6028538346290588,0.749062180519104,0.7766892910003662,0.779106616973877,0.6350536346435547,0.8201594948768616,0.9291017055511475,1.0048754215240479,0.6284574270248413,0.7752505540847778,0.8174929022789001,0.8292309045791626,0.5875677466392517,0.7199910283088684,0.8060818910598755,0.8715715408325195,0.433796763420105,0.5737982988357544,0.6641011238098145,0.7052901387214661,0.7386288642883301,0.6431981325149536,0.6697865724563599,0.6932714581489563,0.7156201601028442,0.5900111198425293,0.6002081036567688,0.6251417994499207,0.6469829678535461,0.5306714773178101,0.5508986115455627,0.5886157155036926,0.6254053115844727,0.4659392237663269,0.47015371918678284,0.48659300804138184,0.5035991668701172,shuktund,right,,,,,,,,,,,,,,,,,,,,,,,,,,,,,,,,,,,,,,,,,,,391
0.40156781673431396,0.5815603733062744,0.7085759043693542,0.7703140377998352,0.8039520978927612,0.6753169894218445,0.7187954783439636,0.7543792128562927,0.7808528542518616,0.6147395968437195,0.6302894949913025,0.6518928408622742,0.6695019602775574,0.5454880595207214,0.5791046619415283,0.6241393089294434,0.6715052127838135,0.46765077114105225,0.46805840730667114,0.4807734787464142,0.500755786895752,0.7253159284591675,0.6968861222267151,0.5899035334587097,0.5072848796844482,0.4446069300174713,0.41408324241638184,0.29679521918296814,0.29635781049728394,0.314266562461853,0.3941190838813782,0.24924321472644806,0.17230269312858582,0.11459437012672424,0.40313369035720825,0.26972049474716187,0.190405935049057,0.13100159168243408,0.44004371762275696,0.3405218720436096,0.26986944675445557,0.2096807360649109,shuktund,right,,,,,,,,,,,,,,,,,,,,,,,,,,,,,,,,,,,,,,,,,,,392
0.46799027919769287,0.5725198984146118,0.6687942743301392,0.7125970125198364,0.6457135677337646,0.5890323519706726,0.5940345525741577,0.5690902471542358,0.520969808101654,0.5001733303070068,0.49746114015579224,0.47631484270095825,0.4472971558570862,0.4263707995414734,0.4305005669593811,0.4289310872554779,0.4250314235687256,0.35805803537368774,0.35845866799354553,0.35058143734931946,0.34951260685920715,0.742723822593689,0.681975245475769,0.5959503054618835,0.5166206955909729,0.45501387119293213,0.4671846032142639,0.37841323018074036,0.37434229254722595,0.3963337540626526,0.45709192752838135,0.33756715059280396,0.25142455101013184,0.18134263157844543,0.4721991717815399,0.37464895844459534,0.3100211024284363,0.25778114795684814,0.4969159662723541,0.4219714105129242,0.36620330810546875,0.31454020738601685,shuktund,right,,,,,,,,,,,,,,,,,,,,,,,,,,,,,,,,,,,,,,,,,,,393
0.46799027919769287,0.5725198984146118,0.6687942743301392,0.7125970125198364,0.6457135677337646,0.5890323519706726,0.5940345525741577,0.5690902471542358,0.520969808101654,0.5001733303070068,0.49746114015579224,0.47631484270095825,0.4472971558570862,0.4263707995414734,0.4305005669593811,0.4289310872554779,0.4250314235687256,0.35805803537368774,0.35845866799354553,0.35058143734931946,0.34951260685920715,0.742723822593689,0.681975245475769,0.5959503054618835,0.5166206955909729,0.45501387119293213,0.4671846032142639,0.37841323018074036,0.37434229254722595,0.3963337540626526,0.45709192752838135,0.33756715059280396,0.25142455101013184,0.18134263157844543,0.4721991717815399,0.37464895844459534,0.3100211024284363,0.25778114795684814,0.4969159662723541,0.4219714105129242,0.36620330810546875,0.31454020738601685,shuktund,right,,,,,,,,,,,,,,,,,,,,,,,,,,,,,,,,,,,,,,,,,,,394
0.4111393094062805,0.58167964220047,0.7069978713989258,0.7654305100440979,0.8011837005615234,0.6766822338104248,0.7134394645690918,0.7456144690513611,0.7722307443618774,0.6147170066833496,0.6289032697677612,0.64488285779953,0.6585153937339783,0.5456234216690063,0.5812981128692627,0.6259080171585083,0.6681609749794006,0.46822425723075867,0.47194474935531616,0.4835921823978424,0.49974581599235535,0.7442567944526672,0.7149088978767395,0.6080159544944763,0.523422360420227,0.4583643078804016,0.4237741231918335,0.31265372037887573,0.3106953501701355,0.3232606053352356,0.4015706777572632,0.26437199115753174,0.20532840490341187,0.162506103515625,0.4079062342643738,0.2763116955757141,0.19685843586921692,0.13567259907722473,0.4419924020767212,0.3440845012664795,0.2771275043487549,0.2197798490524292,shuktund,right,,,,,,,,,,,,,,,,,,,,,,,,,,,,,,,,,,,,,,,,,,,395
0.4111393094062805,0.58167964220047,0.7069978713989258,0.7654305100440979,0.8011837005615234,0.6766822338104248,0.7134394645690918,0.7456144690513611,0.7722307443618774,0.6147170066833496,0.6289032697677612,0.64488285779953,0.6585153937339783,0.5456234216690063,0.5812981128692627,0.6259080171585083,0.6681609749794006,0.46822425723075867,0.47194474935531616,0.4835921823978424,0.49974581599235535,0.7442567944526672,0.7149088978767395,0.6080159544944763,0.523422360420227,0.4583643078804016,0.4237741231918335,0.31265372037887573,0.3106953501701355,0.3232606053352356,0.4015706777572632,0.26437199115753174,0.20532840490341187,0.162506103515625,0.4079062342643738,0.2763116955757141,0.19685843586921692,0.13567259907722473,0.4419924020767212,0.3440845012664795,0.2771275043487549,0.2197798490524292,shuktund,right,,,,,,,,,,,,,,,,,,,,,,,,,,,,,,,,,,,,,,,,,,,396
0.5522448420524597,0.5440601706504822,0.49103492498397827,0.5233114361763,0.5673412680625916,0.2297976016998291,0.47827064990997314,0.6153551936149597,0.6110140681266785,0.21874909102916718,0.549831748008728,0.6473536491394043,0.599936842918396,0.2603151798248291,0.5816882252693176,0.6530072093009949,0.6022206544876099,0.3295900523662567,0.5752325654029846,0.6466046571731567,0.6210606098175049,0.5221012830734253,0.35871756076812744,0.27057889103889465,0.30077576637268066,0.3641098141670227,0.33496084809303284,0.35204070806503296,0.36378970742225647,0.3812278211116791,0.5176184773445129,0.495021253824234,0.4675358235836029,0.46831709146499634,0.6771809458732605,0.6352008581161499,0.575801432132721,0.5601099133491516,0.8190532922744751,0.7664917707443237,0.6906823515892029,0.6531281471252441,mushti,right,,,,,,,,,,,,,,,,,,,,,,,,,,,,,,,,,,,,,,,,,,,397
0.4601317048072815,0.6443451642990112,0.7355026602745056,0.7335930466651917,0.6732662916183472,0.6222817897796631,0.6465991735458374,0.6600959300994873,0.645937442779541,0.4425380229949951,0.45922601222991943,0.535163164138794,0.5736764669418335,0.29323655366897583,0.30184805393218994,0.4089285731315613,0.4694264233112335,0.1820061057806015,0.22068166732788086,0.31564992666244507,0.3733057975769043,0.3014308214187622,0.3194234371185303,0.39659973978996277,0.5066213607788086,0.5693855285644531,0.181749626994133,0.4647045135498047,0.5539461374282837,0.5528188943862915,0.2107495367527008,0.5349852442741394,0.6084371209144592,0.5648776292800903,0.27963346242904663,0.5653491616249084,0.6317601203918457,0.591435968875885,0.35646143555641174,0.5780450105667114,0.6431843042373657,0.6216558218002319,mushti,right,,,,,,,,,,,,,,,,,,,,,,,,,,,,,,,,,,,,,,,,,,,398
0.5207394361495972,0.5116373896598816,0.4914538860321045,0.5055336356163025,0.5279468297958374,0.33611831068992615,0.4935765266418457,0.5728341937065125,0.570605993270874,0.3344576358795166,0.5175783634185791,0.5875813364982605,0.5736206769943237,0.37205588817596436,0.5314755439758301,0.5896680951118469,0.5726397633552551,0.42864400148391724,0.5445228219032288,0.5942302942276001,0.5918950438499451,0.5682196021080017,0.5065741539001465,0.4560496509075165,0.448792040348053,0.4600357413291931,0.4852967858314514,0.46537885069847107,0.47701579332351685,0.49471235275268555,0.5607714653015137,0.544643223285675,0.5424272418022156,0.548765242099762,0.6246763467788696,0.61373370885849,0.5990757942199707,0.5993606448173523,0.6785799264907837,0.6747406721115112,0.6491886377334595,0.6316892504692078,mushti,right,,,,,,,,,,,,,,,,,,,,,,,,,,,,,,,,,,,,,,,,,,,399
0.4241129755973816,0.49881863594055176,0.5573546290397644,0.5750448107719421,0.5700894594192505,0.5451059341430664,0.5350797772407532,0.5197965502738953,0.5084118247032166,0.4483111798763275,0.43888160586357117,0.44284355640411377,0.448674738407135,0.3610176146030426,0.35469114780426025,0.36865365505218506,0.3798011839389801,0.28806424140930176,0.2800682485103607,0.3027413487434387,0.32251065969467163,0.49294501543045044,0.49339723587036133,0.499087929725647,0.5291059613227844,0.563194990158081,0.3639097809791565,0.506782591342926,0.5608441233634949,0.5442425012588501,0.36258116364479065,0.5155671238899231,0.5744882225990295,0.5537088513374329,0.38816627860069275,0.5224802494049072,0.5732201933860779,0.5504654049873352,0.4234078824520111,0.5276084542274475,0.5724935531616211,0.5679872035980225,mushti,right,,,,,,,,,,,,,,,,,,,,,,,,,,,,,,,,,,,,,,,,,,,400
,,,,,,,,,,,,,,,,,,,,,,,,,,,,,,,,,,,,,,,,,,mushti,left,0.5970785021781921,0.48365750908851624,0.38569217920303345,0.363334596157074,0.42245519161224365,0.43509620428085327,0.41786816716194153,0.4368748664855957,0.446861207485199,0.5242009162902832,0.5001848340034485,0.5118844509124756,0.519394040107727,0.6127261519432068,0.5918940901756287,0.5886567234992981,0.5933511853218079,0.6993536949157715,0.6734215617179871,0.6604119539260864,0.6646773815155029,0.5940619111061096,0.5413629412651062,0.44076234102249146,0.3081357479095459,0.2275201678276062,0.14707665145397186,0.12199487537145615,0.26226377487182617,0.2767180800437927,0.11404651403427124,0.1449347734451294,0.30581533908843994,0.2747044265270233,0.12032750993967056,0.17083922028541565,0.3075907826423645,0.27703750133514404,0.15294599533081055,0.19386926293373108,0.29112040996551514,0.2759923040866852,401
,,,,,,,,,,,,,,,,,,,,,,,,,,,,,,,,,,,,,,,,,,mushti,left,0.4361688196659088,0.4704713523387909,0.5400024652481079,0.6312711238861084,0.6858350038528442,0.7461162805557251,0.760594367980957,0.6606777310371399,0.6485452651977539,0.7703443765640259,0.7433573603630066,0.6306013464927673,0.6526650786399841,0.7657567262649536,0.7272467017173767,0.6318113803863525,0.6536053419113159,0.7418933510780334,0.7089808583259583,0.6415790319442749,0.6528040766716003,0.638328492641449,0.477385938167572,0.3326853811740875,0.30069783329963684,0.38697218894958496,0.4069768190383911,0.37686365842819214,0.40661191940307617,0.4250364303588867,0.5346810817718506,0.4978753328323364,0.515964925289154,0.5291957259178162,0.6623403429985046,0.6298375129699707,0.626772403717041,0.63422691822052,0.785789966583252,0.7444888353347778,0.7289854884147644,0.7379820942878723,402
0.5441398620605469,0.49860072135925293,0.43091851472854614,0.3584643006324768,0.3160153329372406,0.17253103852272034,0.22231091558933258,0.3068358600139618,0.31219199299812317,0.14779862761497498,0.22694265842437744,0.33348262310028076,0.3183131515979767,0.16526581346988678,0.24410784244537354,0.33513322472572327,0.316457062959671,0.1987244039773941,0.2521078884601593,0.31874680519104004,0.31295913457870483,0.6254639625549316,0.4604867994785309,0.2981335520744324,0.31495413184165955,0.4327299892902374,0.35996943712234497,0.34998971223831177,0.3892892003059387,0.4188830256462097,0.5132834911346436,0.5054819583892822,0.5148288011550903,0.5124598145484924,0.6550965905189514,0.6569346785545349,0.6427364945411682,0.6284468770027161,0.7865841388702393,0.7802826166152954,0.7570950388908386,0.7404617071151733,mushti,right,,,,,,,,,,,,,,,,,,,,,,,,,,,,,,,,,,,,,,,,,,,403
0.5376254320144653,0.49981486797332764,0.4321187436580658,0.35925328731536865,0.31565314531326294,0.18137119710445404,0.22136443853378296,0.3077062964439392,0.3184105157852173,0.15569853782653809,0.2237541526556015,0.3303087055683136,0.3217708468437195,0.1714816689491272,0.24376755952835083,0.33430901169776917,0.31944718956947327,0.20464234054088593,0.2509186565876007,0.3160683214664459,0.31276655197143555,0.6271029114723206,0.4592192769050598,0.29469025135040283,0.3139911890029907,0.42688071727752686,0.361316442489624,0.3477652668952942,0.39344674348831177,0.426689088344574,0.5142831802368164,0.5064637660980225,0.5171170234680176,0.5132543444633484,0.6573208570480347,0.6593140363693237,0.6475414633750916,0.6320634484291077,0.7878261208534241,0.7792667150497437,0.7586385011672974,0.7441965341567993,mushti,right,,,,,,,,,,,,,,,,,,,,,,,,,,,,,,,,,,,,,,,,,,,404
0.43825775384902954,0.5437781810760498,0.6519945859909058,0.6328408718109131,0.5573241114616394,0.5837770700454712,0.6068185567855835,0.5851991772651672,0.56308913230896,0.49065813422203064,0.5096629858016968,0.5036072731018066,0.4966069757938385,0.403833270072937,0.41570761799812317,0.42337852716445923,0.4217749238014221,0.3215191960334778,0.3310544788837433,0.3476431965827942,0.3465214967727661,0.5362637639045715,0.48321008682250977,0.376958966255188,0.2673213481903076,0.20858311653137207,-0.00675278902053833,0.07580273598432541,0.21589171886444092,0.2143009454011917,-0.0404217466711998,0.07697759568691254,0.23589076101779938,0.19057583808898926,-0.017730411142110825,0.09995542466640472,0.23730291426181793,0.1871497929096222,0.031203942373394966,0.1117532029747963,0.2150896191596985,0.19674336910247803,mushti,right,,,,,,,,,,,,,,,,,,,,,,,,,,,,,,,,,,,,,,,,,,,405
0.5375033020973206,0.4959433078765869,0.4303877055644989,0.3605138659477234,0.31732943654060364,0.1738002449274063,0.22733020782470703,0.3108774423599243,0.3127908706665039,0.14998480677604675,0.22904391586780548,0.3351966142654419,0.31354039907455444,0.1658158302307129,0.2440822571516037,0.33426374197006226,0.30786097049713135,0.19593748450279236,0.25148913264274597,0.3194935917854309,0.3095734417438507,0.610385537147522,0.4385409653186798,0.2688964605331421,0.28946977853775024,0.4108178913593292,0.3281271457672119,0.3329649567604065,0.37235110998153687,0.39390242099761963,0.4914509356021881,0.4920412302017212,0.5043896436691284,0.4921400845050812,0.6383801698684692,0.6472615599632263,0.6358377933502197,0.6115382313728333,0.7718860507011414,0.772042989730835,0.7511201500892639,0.7305408716201782,mushti,right,,,,,,,,,,,,,,,,,,,,,,,,,,,,,,,,,,,,,,,,,,,406
0.4478721022605896,0.5570285320281982,0.6638132333755493,0.6517930030822754,0.5758383274078369,0.5881085991859436,0.6168785691261292,0.5911264419555664,0.5655958652496338,0.49727582931518555,0.5209077000617981,0.5151058435440063,0.5082296133041382,0.413517028093338,0.4285524785518646,0.4353477358818054,0.435427188873291,0.3361496925354004,0.34469717741012573,0.35943567752838135,0.36085593700408936,0.5492064356803894,0.4821716845035553,0.3731200695037842,0.2684512138366699,0.2094130963087082,-0.012397363781929016,0.07718155533075333,0.20967835187911987,0.19080306589603424,-0.03958088159561157,0.07713383436203003,0.2310333400964737,0.18518765270709991,-0.008697830140590668,0.0932481586933136,0.23169834911823273,0.19291053712368011,0.0450107641518116,0.10845249891281128,0.20767484605312347,0.19432395696640015,mushti,right,,,,,,,,,,,,,,,,,,,,,,,,,,,,,,,,,,,,,,,,,,,407
0.5393924117088318,0.4921039938926697,0.42405247688293457,0.3597317934036255,0.3247208595275879,0.17364373803138733,0.22430022060871124,0.31381523609161377,0.3105526566505432,0.1515394151210785,0.23064565658569336,0.33669668436050415,0.3074291944503784,0.1684948056936264,0.2448243349790573,0.3381691575050354,0.30772069096565247,0.20606015622615814,0.2543331980705261,0.32506582140922546,0.3173495829105377,0.5833684206008911,0.4204046130180359,0.2504459619522095,0.27378660440444946,0.3937666714191437,0.31944841146469116,0.3133516311645508,0.35184285044670105,0.38353878259658813,0.48007598519325256,0.47400277853012085,0.48369264602661133,0.48482272028923035,0.627220869064331,0.6208897233009338,0.6058851480484009,0.5952269434928894,0.7645984888076782,0.7550498247146606,0.7143234014511108,0.6967190504074097,mushti,right,,,,,,,,,,,,,,,,,,,,,,,,,,,,,,,,,,,,,,,,,,,408
0.580563485622406,0.44278624653816223,0.3578189015388489,0.35654130578041077,0.43382784724235535,0.3678251802921295,0.3820195198059082,0.406249463558197,0.4352797865867615,0.4687778949737549,0.47818970680236816,0.4861658215522766,0.48750314116477966,0.5623600482940674,0.5607882142066956,0.5474846363067627,0.5366173982620239,0.6419700384140015,0.6356465816497803,0.610388994216919,0.593711793422699,0.5914266109466553,0.5571434497833252,0.49139687418937683,0.4242055416107178,0.400549054145813,0.6183475852012634,0.46883997321128845,0.4303300380706787,0.4491680860519409,0.6344037055969238,0.45358362793922424,0.436073362827301,0.47533175349235535,0.630824625492096,0.46924933791160583,0.4552422761917114,0.4851621985435486,0.6217781901359558,0.5053761601448059,0.48552799224853516,0.503338634967804,mushti,right,,,,,,,,,,,,,,,,,,,,,,,,,,,,,,,,,,,,,,,,,,,409
0.44861358404159546,0.472406268119812,0.5158764123916626,0.573708176612854,0.6170935034751892,0.366994172334671,0.4711013436317444,0.557235836982727,0.5937681794166565,0.33165115118026733,0.4422978460788727,0.5370314121246338,0.5726748704910278,0.322796493768692,0.42123377323150635,0.513660192489624,0.555042028427124,0.3309379816055298,0.41550713777542114,0.48933637142181396,0.5306915044784546,0.5937714576721191,0.47532275319099426,0.3949010968208313,0.38700178265571594,0.4387567937374115,0.38023948669433594,0.3874717950820923,0.41717588901519775,0.4526565968990326,0.4609079360961914,0.4699390232563019,0.4827764928340912,0.5041709542274475,0.5460436344146729,0.5413788557052612,0.5399541258811951,0.5453000664710999,0.6231983304023743,0.6161516904830933,0.6006457805633545,0.5920568704605103,mushti,right,,,,,,,,,,,,,,,,,,,,,,,,,,,,,,,,,,,,,,,,,,,410
0.536468505859375,0.49252763390541077,0.4296872615814209,0.3630586266517639,0.32439523935317993,0.1765977144241333,0.2368110716342926,0.32229653000831604,0.3288726806640625,0.15552157163619995,0.23453564941883087,0.3384097218513489,0.32639676332473755,0.17317965626716614,0.2451329231262207,0.3341364860534668,0.3176356256008148,0.20666174590587616,0.2497885525226593,0.3166317343711853,0.3164439797401428,0.6290663480758667,0.44737592339515686,0.27890926599502563,0.29817691445350647,0.42170771956443787,0.3403012752532959,0.34697023034095764,0.3850586712360382,0.40622714161872864,0.5022069215774536,0.5040681958198547,0.5131585001945496,0.4997723400592804,0.6504781246185303,0.6572303771972656,0.648086428642273,0.6241269111633301,0.785261869430542,0.7877333164215088,0.7628425359725952,0.7377703785896301,mushti,right,,,,,,,,,,,,,,,,,,,,,,,,,,,,,,,,,,,,,,,,,,,411
0.4247823655605316,0.5306369066238403,0.6361458897590637,0.633114218711853,0.5666440725326538,0.5879220962524414,0.5895403027534485,0.5659433007240295,0.5501183271408081,0.49764278531074524,0.49454349279403687,0.4890841245651245,0.4946727752685547,0.40967440605163574,0.40107202529907227,0.40877634286880493,0.42142316699028015,0.32578784227371216,0.3170905113220215,0.33243629336357117,0.3453105390071869,0.5430548191070557,0.48385557532310486,0.3831653594970703,0.2828655540943146,0.21694602072238922,0.00029135867953300476,0.08076435327529907,0.2152077704668045,0.21891191601753235,-0.03783030807971954,0.08184222131967545,0.24162882566452026,0.20696620643138885,-0.01897047460079193,0.09566482901573181,0.23212791979312897,0.19218792021274567,0.025546396151185036,0.10627167671918869,0.21168164908885956,0.19881483912467957,mushti,right,,,,,,,,,,,,,,,,,,,,,,,,,,,,,,,,,,,,,,,,,,,412
,,,,,,,,,,,,,,,,,,,,,,,,,,,,,,,,,,,,,,,,,,mushti,left,0.38114428520202637,0.5125563144683838,0.66541987657547,0.7046265006065369,0.6318385004997253,0.755401611328125,0.7728111147880554,0.6718345880508423,0.653907835483551,0.6876410245895386,0.6943527460098267,0.5943247675895691,0.5995126366615295,0.6098839044570923,0.6024110317230225,0.5223404169082642,0.5355996489524841,0.5194962024688721,0.506310224533081,0.45761018991470337,0.46642452478408813,0.4057345986366272,0.31649249792099,0.31745776534080505,0.47142088413238525,0.6107606887817383,0.5652401447296143,0.6068360209465027,0.500487744808197,0.5114351511001587,0.680817723274231,0.7302987575531006,0.5862694382667542,0.5976980328559875,0.767449676990509,0.7985922694206238,0.6448315382003784,0.643591582775116,0.8316992521286011,0.8270543217658997,0.7058255672454834,0.6952371597290039,413
,,,,,,,,,,,,,,,,,,,,,,,,,,,,,,,,,,,,,,,,,,mushti,left,0.4312189519405365,0.3751378059387207,0.36932632327079773,0.46922075748443604,0.5643057227134705,0.5451020002365112,0.5691129565238953,0.49708086252212524,0.5005910396575928,0.6315463781356812,0.6459839940071106,0.5528141856193542,0.5638877153396606,0.6972336173057556,0.7034525275230408,0.599175751209259,0.5994360446929932,0.742245078086853,0.7287594079971313,0.645025372505188,0.638603687286377,0.6670451164245605,0.48163580894470215,0.2701880931854248,0.2078280746936798,0.2934786081314087,0.1245010644197464,0.07559552788734436,0.21811416745185852,0.255393922328949,0.2152164727449417,0.19800075888633728,0.34973499178886414,0.3516252338886261,0.32740288972854614,0.3255862891674042,0.45028671622276306,0.44558218121528625,0.457708477973938,0.462680846452713,0.5358615517616272,0.5352004766464233,414
0.7862876057624817,0.7167448997497559,0.6076092720031738,0.5630630850791931,0.5391358137130737,0.4257226586341858,0.26271671056747437,0.22737877070903778,0.22514869272708893,0.44672340154647827,0.2613694965839386,0.23217368125915527,0.2537917494773865,0.5044326186180115,0.3458959758281708,0.32410433888435364,0.33181747794151306,0.5891228318214417,0.5078596472740173,0.48983755707740784,0.4842161536216736,0.7880450487136841,0.6663474440574646,0.5777599811553955,0.4835951328277588,0.3989860713481903,0.7069432735443115,0.6334220767021179,0.5398906469345093,0.46688729524612427,0.7372247576713562,0.6508731245994568,0.5363258719444275,0.45601946115493774,0.7420191764831543,0.659378170967102,0.5533765554428101,0.48299190402030945,0.7190719842910767,0.6269826292991638,0.5530387759208679,0.5020098686218262,padmakosh,right,,,,,,,,,,,,,,,,,,,,,,,,,,,,,,,,,,,,,,,,,,,415
0.8650351166725159,0.703891396522522,0.593101441860199,0.4770280420780182,0.37616848945617676,0.7644755244255066,0.6690865159034729,0.553087592124939,0.45822659134864807,0.8029311895370483,0.6781197190284729,0.5370997190475464,0.4316810965538025,0.8125026226043701,0.7007827758789062,0.5663061738014221,0.46872425079345703,0.786585807800293,0.6698019504547119,0.575707733631134,0.5045773386955261,0.26654449105262756,0.32819145917892456,0.41572844982147217,0.44953614473342896,0.4729742109775543,0.5635550022125244,0.6949335336685181,0.7237409353256226,0.7226731181144714,0.5432450771331787,0.6830034255981445,0.7048128843307495,0.6926760077476501,0.495742529630661,0.617545485496521,0.6389570832252502,0.6376357078552246,0.4253022074699402,0.5022841095924377,0.5236498117446899,0.5330473184585571,padmakosh,right,,,,,,,,,,,,,,,,,,,,,,,,,,,,,,,,,,,,,,,,,,,416
,,,,,,,,,,,,,,,,,,,,,,,,,,,,,,,,,,,,,,,,,,padmakosh,left,0.9658585786819458,0.8719850182533264,0.7547241449356079,0.6559544205665588,0.5655257701873779,0.6320931315422058,0.5142125487327576,0.4379453659057617,0.3766307234764099,0.6537807583808899,0.5276898741722107,0.44546717405319214,0.37876468896865845,0.7027184963226318,0.5937348008155823,0.5213456153869629,0.4529126286506653,0.7654528617858887,0.6908577680587769,0.629213809967041,0.5657769441604614,0.5536056160926819,0.6081649661064148,0.6205719113349915,0.6178317070007324,0.6069933176040649,0.5321587920188904,0.5088786482810974,0.4945567548274994,0.47928643226623535,0.48096856474876404,0.44065824151039124,0.41656291484832764,0.39715108275413513,0.44191256165504456,0.40617454051971436,0.3913450837135315,0.3759741485118866,0.41311103105545044,0.38585466146469116,0.37727969884872437,0.3651682734489441,417
,,,,,,,,,,,,,,,,,,,,,,,,,,,,,,,,,,,,,,,,,,padmakosh,left,0.429587721824646,0.5330439209938049,0.5854085087776184,0.5988373756408691,0.6060567498207092,0.5865325331687927,0.6409422755241394,0.6711593866348267,0.6899417042732239,0.5263186097145081,0.5718101859092712,0.597644567489624,0.6218513250350952,0.4540674388408661,0.48369309306144714,0.5041218996047974,0.531815767288208,0.37619879841804504,0.35786694288253784,0.3498912453651428,0.3560860753059387,0.8583105206489563,0.8020727038383484,0.7145373225212097,0.639367938041687,0.5689091086387634,0.6354180574417114,0.5691133737564087,0.5244392156600952,0.4863134026527405,0.6267621517181396,0.5233556032180786,0.45776963233947754,0.3973432183265686,0.6452114582061768,0.5416719317436218,0.4765554368495941,0.4119592308998108,0.6783649325370789,0.6216386556625366,0.5702318549156189,0.5165402889251709,418
,,,,,,,,,,,,,,,,,,,,,,,,,,,,,,,,,,,,,,,,,,padmakosh,left,0.4491989016532898,0.3758893609046936,0.3534446954727173,0.36291202902793884,0.37744390964508057,0.4553929567337036,0.4794999659061432,0.4997108578681946,0.5185916423797607,0.522831916809082,0.5692645907402039,0.5979755520820618,0.6210482120513916,0.5716925859451294,0.623007595539093,0.6460864543914795,0.6668270230293274,0.6080421209335327,0.6465585827827454,0.661162793636322,0.6766284704208374,0.8726426959037781,0.7973867654800415,0.6994834542274475,0.6188223958015442,0.5428102612495422,0.6126844882965088,0.5180557370185852,0.4579137861728668,0.408669650554657,0.6266476511955261,0.5267137885093689,0.4610416293144226,0.4054209589958191,0.661578893661499,0.5761526823043823,0.5211187601089478,0.4694586992263794,0.709541380405426,0.6452212333679199,0.5962274074554443,0.5479719042778015,419
,,,,,,,,,,,,,,,,,,,,,,,,,,,,,,,,,,,,,,,,,,padmakosh,left,0.4494781792163849,0.3869657516479492,0.3671424984931946,0.3792761564254761,0.39849525690078735,0.4620364010334015,0.4862007200717926,0.5042670965194702,0.5206699371337891,0.5246834754943848,0.569209635257721,0.5956210494041443,0.616388201713562,0.5666224360466003,0.6106892228126526,0.6309065818786621,0.651908814907074,0.5931175351142883,0.6156389117240906,0.6241143941879272,0.6377270817756653,0.8700827360153198,0.7890864610671997,0.688956618309021,0.611505925655365,0.5380588173866272,0.6099545955657959,0.5165383815765381,0.4564136266708374,0.4066605269908905,0.6270941495895386,0.5259822010993958,0.46030279994010925,0.40441909432411194,0.6664645671844482,0.5774496793746948,0.519015371799469,0.464293897151947,0.7183961272239685,0.6561399102210999,0.6043756008148193,0.5530024170875549,420
,,,,,,,,,,,,,,,,,,,,,,,,,,,,,,,,,,,,,,,,,,padmakosh,left,0.7196108102798462,0.5828908085823059,0.4520740509033203,0.32622069120407104,0.2089574635028839,0.6382166147232056,0.44875776767730713,0.3223722279071808,0.21632274985313416,0.6782107949256897,0.4640200138092041,0.32975077629089355,0.21181657910346985,0.6791079640388489,0.4551212191581726,0.32210832834243774,0.21181392669677734,0.6426681280136108,0.4455065131187439,0.3325866460800171,0.24255341291427612,0.78685063123703,0.6837299466133118,0.5673312544822693,0.5245498418807983,0.518439769744873,0.35992714762687683,0.2681948244571686,0.2135971486568451,0.16847163438796997,0.433244913816452,0.3273109495639801,0.2612120807170868,0.20593565702438354,0.5420074462890625,0.4731033742427826,0.4210706353187561,0.3731231391429901,0.6648268699645996,0.6182061433792114,0.5943365097045898,0.5659891963005066,421
,,,,,,,,,,,,,,,,,,,,,,,,,,,,,,,,,,,,,,,,,,padmakosh,left,0.22054952383041382,0.3350227475166321,0.45571571588516235,0.5256494879722595,0.5632882714271545,0.6381433606147766,0.7216949462890625,0.7718093991279602,0.8149690628051758,0.5754922032356262,0.6638845205307007,0.7223787307739258,0.7726024389266968,0.475592702627182,0.5347055792808533,0.5712358355522156,0.6085789203643799,0.3550824224948883,0.3846466541290283,0.40034955739974976,0.4189571142196655,0.7515182495117188,0.5788158774375916,0.46810513734817505,0.3822934031486511,0.2966111898422241,0.6541962027549744,0.44968530535697937,0.3179737329483032,0.20673096179962158,0.6881031394004822,0.4504394829273224,0.30162137746810913,0.17457333207130432,0.6842264533042908,0.4487435817718506,0.30641329288482666,0.1874733865261078,0.6466002464294434,0.4468100965023041,0.325797975063324,0.22799083590507507,422
,,,,,,,,,,,,,,,,,,,,,,,,,,,,,,,,,,,,,,,,,,padmakosh,left,0.2436109483242035,0.3596627712249756,0.4873461127281189,0.5371323227882385,0.5421851873397827,0.634587287902832,0.7183570861816406,0.7541877627372742,0.7877925038337708,0.5601615905761719,0.6634088754653931,0.7258216142654419,0.7784930467605591,0.45506784319877625,0.524701714515686,0.5815808176994324,0.6297141909599304,0.341996431350708,0.38866686820983887,0.4187365174293518,0.4469156861305237,0.7417739629745483,0.6261195540428162,0.49560266733169556,0.36486855149269104,0.2522664964199066,0.6669358015060425,0.4602256417274475,0.32538026571273804,0.21669617295265198,0.7045573592185974,0.4747563302516937,0.32633525133132935,0.20399382710456848,0.6998693943023682,0.473378449678421,0.33124369382858276,0.22137707471847534,0.6583423614501953,0.46052494645118713,0.347450852394104,0.25444087386131287,423
,,,,,,,,,,,,,,,,,,,,,,,,,,,,,,,,,,,,,,,,,,padmakosh,left,0.2436109483242035,0.3596627712249756,0.4873461127281189,0.5371323227882385,0.5421851873397827,0.634587287902832,0.7183570861816406,0.7541877627372742,0.7877925038337708,0.5601615905761719,0.6634088754653931,0.7258216142654419,0.7784930467605591,0.45506784319877625,0.524701714515686,0.5815808176994324,0.6297141909599304,0.341996431350708,0.38866686820983887,0.4187365174293518,0.4469156861305237,0.7417739629745483,0.6261195540428162,0.49560266733169556,0.36486855149269104,0.2522664964199066,0.6669358015060425,0.4602256417274475,0.32538026571273804,0.21669617295265198,0.7045573592185974,0.4747563302516937,0.32633525133132935,0.20399382710456848,0.6998693943023682,0.473378449678421,0.33124369382858276,0.22137707471847534,0.6583423614501953,0.46052494645118713,0.347450852394104,0.25444087386131287,424
0.12801691889762878,0.3088919222354889,0.4203673303127289,0.5294220447540283,0.6296150088310242,0.2512834668159485,0.34551215171813965,0.4635932743549347,0.5591309070587158,0.20941348373889923,0.3162659704685211,0.46035903692245483,0.5647979974746704,0.20006880164146423,0.30230510234832764,0.4382888674736023,0.5293895602226257,0.2307797521352768,0.3546341359615326,0.4546482264995575,0.5254222750663757,0.7296721339225769,0.6625066995620728,0.5803496837615967,0.5479022264480591,0.5293291211128235,0.4323733448982239,0.30300065875053406,0.2723546028137207,0.27195948362350464,0.45501402020454407,0.30151212215423584,0.2807246744632721,0.30514055490493774,0.5064514875411987,0.3799208402633667,0.36657607555389404,0.3748566508293152,0.5781735181808472,0.5060392618179321,0.49213629961013794,0.48927536606788635,padmakosh,right,,,,,,,,,,,,,,,,,,,,,,,,,,,,,,,,,,,,,,,,,,,425
0.7940019369125366,0.7101609110832214,0.6008299589157104,0.5590970516204834,0.53564453125,0.4207509458065033,0.25809407234191895,0.22290103137493134,0.21963094174861908,0.4462771713733673,0.25849461555480957,0.23259618878364563,0.25878381729125977,0.5083836317062378,0.34399986267089844,0.32546353340148926,0.331898033618927,0.5955199003219604,0.5087059736251831,0.49204587936401367,0.484086275100708,0.7965569496154785,0.6549943089485168,0.5655001401901245,0.4737650752067566,0.390739381313324,0.702395498752594,0.6269816756248474,0.5337255597114563,0.4569249749183655,0.7359697222709656,0.6513584852218628,0.5337663888931274,0.4475349187850952,0.742899477481842,0.6606248021125793,0.5520758032798767,0.4783041179180145,0.7179684638977051,0.6213761568069458,0.547568678855896,0.49652519822120667,padmakosh,right,,,,,,,,,,,,,,,,,,,,,,,,,,,,,,,,,,,,,,,,,,,426
0.5978325605392456,0.6333717107772827,0.6181876063346863,0.5576595067977905,0.4873029291629791,0.5981699824333191,0.52508944272995,0.46031829714775085,0.39383411407470703,0.5360600352287292,0.4504547119140625,0.3754333555698395,0.30443286895751953,0.48047706484794617,0.3938271999359131,0.32783958315849304,0.26628851890563965,0.43512919545173645,0.3618110418319702,0.30762505531311035,0.2575945556163788,0.6264918446540833,0.6421133279800415,0.6300994157791138,0.6228154897689819,0.6092100739479065,0.48278337717056274,0.4280455708503723,0.42335960268974304,0.43119385838508606,0.4636901915073395,0.4007405936717987,0.3948810398578644,0.40136152505874634,0.4725304841995239,0.41968971490859985,0.42666420340538025,0.439159095287323,0.5015530586242676,0.5028981566429138,0.5283489227294922,0.5548344254493713,padmakosh,right,,,,,,,,,,,,,,,,,,,,,,,,,,,,,,,,,,,,,,,,,,,427
0.5978325605392456,0.6333717107772827,0.6181876063346863,0.5576595067977905,0.4873029291629791,0.5981699824333191,0.52508944272995,0.46031829714775085,0.39383411407470703,0.5360600352287292,0.4504547119140625,0.3754333555698395,0.30443286895751953,0.48047706484794617,0.3938271999359131,0.32783958315849304,0.26628851890563965,0.43512919545173645,0.3618110418319702,0.30762505531311035,0.2575945556163788,0.6264918446540833,0.6421133279800415,0.6300994157791138,0.6228154897689819,0.6092100739479065,0.48278337717056274,0.4280455708503723,0.42335960268974304,0.43119385838508606,0.4636901915073395,0.4007405936717987,0.3948810398578644,0.40136152505874634,0.4725304841995239,0.41968971490859985,0.42666420340538025,0.439159095287323,0.5015530586242676,0.5028981566429138,0.5283489227294922,0.5548344254493713,padmakosh,right,,,,,,,,,,,,,,,,,,,,,,,,,,,,,,,,,,,,,,,,,,,428
,,,,,,,,,,,,,,,,,,,,,,,,,,,,,,,,,,,,,,,,,,padmakosh,left,0.46427449584007263,0.4828862249851227,0.514761745929718,0.5403361320495605,0.5581381320953369,0.5536487698554993,0.5887352824211121,0.6119140386581421,0.6284644603729248,0.5527231693267822,0.5880818963050842,0.611802339553833,0.630540132522583,0.5452675819396973,0.5782149434089661,0.5998488664627075,0.6174100041389465,0.5328153967857361,0.5550609230995178,0.5700256824493408,0.5818207859992981,0.3413580656051636,0.3133161962032318,0.2995413839817047,0.3004837930202484,0.3068646490573883,0.32629063725471497,0.3360760807991028,0.3427271544933319,0.3477535843849182,0.34844523668289185,0.3583953380584717,0.36524030566215515,0.3717018961906433,0.36845704913139343,0.3798683285713196,0.3856228291988373,0.39173638820648193,0.3870100975036621,0.3995712995529175,0.4069415330886841,0.4146828353404999,429
,,,,,,,,,,,,,,,,,,,,,,,,,,,,,,,,,,,,,,,,,,padmakosh,left,0.46427449584007263,0.4828862249851227,0.514761745929718,0.5403361320495605,0.5581381320953369,0.5536487698554993,0.5887352824211121,0.6119140386581421,0.6284644603729248,0.5527231693267822,0.5880818963050842,0.611802339553833,0.630540132522583,0.5452675819396973,0.5782149434089661,0.5998488664627075,0.6174100041389465,0.5328153967857361,0.5550609230995178,0.5700256824493408,0.5818207859992981,0.3413580656051636,0.3133161962032318,0.2995413839817047,0.3004837930202484,0.3068646490573883,0.32629063725471497,0.3360760807991028,0.3427271544933319,0.3477535843849182,0.34844523668289185,0.3583953380584717,0.36524030566215515,0.3717018961906433,0.36845704913139343,0.3798683285713196,0.3856228291988373,0.39173638820648193,0.3870100975036621,0.3995712995529175,0.4069415330886841,0.4146828353404999,430
,,,,,,,,,,,,,,,,,,,,,,,,,,,,,,,,,,,,,,,,,,padmakosh,left,0.35957083106040955,0.38268592953681946,0.401907354593277,0.42541390657424927,0.44946223497390747,0.3880164623260498,0.3990851640701294,0.41265445947647095,0.4234176278114319,0.3726898729801178,0.3582686483860016,0.34813839197158813,0.33896303176879883,0.35631638765335083,0.3418661653995514,0.3311629593372345,0.3202037215232849,0.3430432975292206,0.33067411184310913,0.320448100566864,0.3104817569255829,0.3381669223308563,0.33993053436279297,0.34167400002479553,0.3456626534461975,0.3515278398990631,0.3435514271259308,0.34901219606399536,0.3515508770942688,0.352885365486145,0.3432648777961731,0.34634464979171753,0.3460886478424072,0.3441614806652069,0.3415074348449707,0.3406774401664734,0.33860448002815247,0.33489561080932617,0.3400002419948578,0.3373902142047882,0.3339349031448364,0.3303888142108917,431
,,,,,,,,,,,,,,,,,,,,,,,,,,,,,,,,,,,,,,,,,,mayur,left,0.8458802700042725,0.808722734451294,0.7270123958587646,0.6347724199295044,0.5569223165512085,0.5546051859855652,0.4166504442691803,0.33434444665908813,0.25960373878479004,0.5344172716140747,0.38191932439804077,0.29498720169067383,0.21806463599205017,0.53887540102005,0.4043216109275818,0.33010217547416687,0.2589530050754547,0.558678925037384,0.4645827114582062,0.4108995199203491,0.3590744435787201,0.5370807647705078,0.5545724034309387,0.5308167934417725,0.4466598927974701,0.35339465737342834,0.5956134796142578,0.5874667167663574,0.5745084881782532,0.5617068409919739,0.5154860615730286,0.5243123769760132,0.5241999626159668,0.533552885055542,0.4417971968650818,0.4519690275192261,0.4643786549568176,0.48395198583602905,0.37683096528053284,0.36905908584594727,0.37917837500572205,0.39726927876472473,432
,,,,,,,,,,,,,,,,,,,,,,,,,,,,,,,,,,,,,,,,,,mayur,left,0.18048995733261108,0.28435465693473816,0.42524218559265137,0.5628859996795654,0.6807523369789124,0.7177061438560486,0.9439898729324341,1.0702673196792603,1.1688731908798218,0.7389768362045288,0.9885179996490479,1.0999559164047241,1.1884286403656006,0.7118071913719177,0.9269837141036987,0.8472235798835754,0.7631138563156128,0.6540770530700684,0.844149112701416,0.9428802728652954,1.0181858539581299,0.5030549764633179,0.45569607615470886,0.4334542155265808,0.4627191424369812,0.5022739171981812,0.431846022605896,0.4246383607387543,0.42739036679267883,0.43060213327407837,0.48360753059387207,0.48297104239463806,0.4881165027618408,0.4921531677246094,0.5308249592781067,0.5336219072341919,0.5250309705734253,0.5155549645423889,0.5758683681488037,0.5846865773200989,0.5894856452941895,0.5919239521026611,433
,,,,,,,,,,,,,,,,,,,,,,,,,,,,,,,,,,,,,,,,,,mayur,left,0.5202879905700684,0.39865952730178833,0.3468855321407318,0.41547757387161255,0.506495475769043,0.34746482968330383,0.3278300166130066,0.3331944942474365,0.34923845529556274,0.46160945296287537,0.4478936493396759,0.4594336748123169,0.46586066484451294,0.5640193819999695,0.574478805065155,0.5486701130867004,0.5174521803855896,0.6572445631027222,0.68446946144104,0.6930726170539856,0.6948506236076355,0.6425353288650513,0.5990314483642578,0.5344381928443909,0.47405141592025757,0.42326998710632324,0.40435194969177246,0.30285659432411194,0.24514654278755188,0.19242095947265625,0.39318615198135376,0.2795225977897644,0.21051868796348572,0.1517290472984314,0.40590226650238037,0.31951379776000977,0.3607771694660187,0.3947489559650421,0.43319904804229736,0.35491228103637695,0.3084501326084137,0.26126912236213684,434
,,,,,,,,,,,,,,,,,,,,,,,,,,,,,,,,,,,,,,,,,,mayur,left,0.1740095615386963,0.20828649401664734,0.28620249032974243,0.36698997020721436,0.4425869286060333,0.46332311630249023,0.599192202091217,0.6855732798576355,0.760985791683197,0.479023814201355,0.6260082125663757,0.7153681516647339,0.790435791015625,0.47389593720436096,0.6029971837997437,0.6627565622329712,0.7160699963569641,0.45892396569252014,0.5461485981941223,0.5927968621253967,0.6349705457687378,0.49010494351387024,0.4629921615123749,0.4730851650238037,0.5414568781852722,0.6267294883728027,0.4026293158531189,0.4139830470085144,0.426948606967926,0.44064998626708984,0.481037974357605,0.4735485911369324,0.475746750831604,0.46841883659362793,0.5579882860183716,0.5536972284317017,0.5449962615966797,0.5287854671478271,0.6278638243675232,0.6343868970870972,0.6331839561462402,0.6248948574066162,435
0.472958505153656,0.49036574363708496,0.4560604393482208,0.3654254972934723,0.280578076839447,0.4844939410686493,0.4940013289451599,0.49981415271759033,0.5010920166969299,0.41370177268981934,0.4367865324020386,0.4421786963939667,0.45271578431129456,0.34634074568748474,0.32808640599250793,0.30693572759628296,0.2997509241104126,0.28895723819732666,0.24889840185642242,0.23884761333465576,0.24492010474205017,0.8056325316429138,0.8021831512451172,0.7121707201004028,0.6250354051589966,0.5492144823074341,0.528103232383728,0.37380266189575195,0.28318774700164795,0.20502135157585144,0.5080169439315796,0.3427783250808716,0.24361881613731384,0.1518031656742096,0.52225261926651,0.40014952421188354,0.47044891119003296,0.5236523151397705,0.5559325218200684,0.45566248893737793,0.39925384521484375,0.3402228057384491,mayur,right,,,,,,,,,,,,,,,,,,,,,,,,,,,,,,,,,,,,,,,,,,,436
0.8461962938308716,0.8366196155548096,0.737521767616272,0.6573439240455627,0.577618420124054,0.5251370072364807,0.35622578859329224,0.25124189257621765,0.16243389248847961,0.5023040175437927,0.31828415393829346,0.20327121019363403,0.10113048553466797,0.517154335975647,0.3962751030921936,0.48838528990745544,0.5554419159889221,0.5504191517829895,0.4302070438861847,0.38527560234069824,0.34234750270843506,0.5321162343025208,0.51507169008255,0.5352580547332764,0.6144583821296692,0.6852535009384155,0.5074370503425598,0.49950021505355835,0.495841383934021,0.49731409549713135,0.5681317448616028,0.5554271936416626,0.5477598309516907,0.5373513698577881,0.6273086071014404,0.6536556482315063,0.676639199256897,0.6843231320381165,0.6795401573181152,0.7108069658279419,0.7207744717597961,0.7175108194351196,mayur,right,,,,,,,,,,,,,,,,,,,,,,,,,,,,,,,,,,,,,,,,,,,437
0.4420364499092102,0.48818910121917725,0.511946976184845,0.4900342524051666,0.4564291536808014,0.5131940841674805,0.5168367028236389,0.5166579484939575,0.5122324824333191,0.4763536751270294,0.47018229961395264,0.4594574272632599,0.45323437452316284,0.44282427430152893,0.44371283054351807,0.44495639204978943,0.44716668128967285,0.4100426137447357,0.4019460678100586,0.40408459305763245,0.41118547320365906,0.6873915791511536,0.6682379245758057,0.6279482245445251,0.5697548985481262,0.5286616086959839,0.48858875036239624,0.36875540018081665,0.3020499646663666,0.24654802680015564,0.4686239957809448,0.3495752215385437,0.2788899838924408,0.2104872465133667,0.47658538818359375,0.3891639709472656,0.4550360441207886,0.49774232506752014,0.5056100487709045,0.41651323437690735,0.37383076548576355,0.33158186078071594,mayur,right,,,,,,,,,,,,,,,,,,,,,,,,,,,,,,,,,,,,,,,,,,,438
0.6322034597396851,0.6217334866523743,0.5867451429367065,0.5510488748550415,0.5227706432342529,0.4904182553291321,0.4172227084636688,0.3746524751186371,0.3383490741252899,0.4815349578857422,0.40318384766578674,0.354484498500824,0.31410515308380127,0.4890649914741516,0.4353863596916199,0.47474345564842224,0.5048263669013977,0.5063804388046265,0.4542205333709717,0.425015926361084,0.3960256278514862,0.5793328285217285,0.5191946029663086,0.48130282759666443,0.5190658569335938,0.5671619772911072,0.4766528308391571,0.471794456243515,0.4716273248195648,0.4759429693222046,0.5360711812973022,0.5507330894470215,0.5621964931488037,0.5741770267486572,0.5919008255004883,0.5856838226318359,0.5745919346809387,0.5698124170303345,0.644709587097168,0.6517670750617981,0.6476916074752808,0.641064465045929,mayur,right,,,,,,,,,,,,,,,,,,,,,,,,,,,,,,,,,,,,,,,,,,,439
0.46304720640182495,0.48656079173088074,0.46783965826034546,0.3763534426689148,0.2881351709365845,0.4837696850299835,0.4950235188007355,0.5013788342475891,0.5044593811035156,0.4100593626499176,0.42652279138565063,0.4333013594150543,0.4468310475349426,0.33993256092071533,0.327361136674881,0.3059866726398468,0.29761627316474915,0.2807047367095947,0.24082745611667633,0.23410223424434662,0.24217729270458221,0.757054328918457,0.7481600046157837,0.6609651446342468,0.5884411334991455,0.5229446887969971,0.4811730682849884,0.33769690990448,0.2503886818885803,0.17809361219406128,0.46889618039131165,0.3187739849090576,0.21924981474876404,0.13376972079277039,0.4846857488155365,0.374187707901001,0.45257681608200073,0.5116168260574341,0.5147402882575989,0.42361903190612793,0.37374645471572876,0.31908684968948364,mayur,right,,,,,,,,,,,,,,,,,,,,,,,,,,,,,,,,,,,,,,,,,,,440
0.19372239708900452,0.19986778497695923,0.29695433378219604,0.38313794136047363,0.46847689151763916,0.5185636281967163,0.6857450008392334,0.7879137992858887,0.8740894794464111,0.5414365530014038,0.7211278676986694,0.8347771167755127,0.9369080066680908,0.5247959494590759,0.6554049253463745,0.5586418509483337,0.48761165142059326,0.48793894052505493,0.6004053354263306,0.6546217203140259,0.715214192867279,0.4657055735588074,0.4838688373565674,0.46780288219451904,0.3928206264972687,0.32286858558654785,0.48940154910087585,0.49710047245025635,0.501028299331665,0.5013859272003174,0.4311278760433197,0.4437640309333801,0.44928422570228577,0.4579339325428009,0.3750934302806854,0.3549055755138397,0.33123162388801575,0.3220362663269043,0.32473474740982056,0.2950822114944458,0.2849883437156677,0.28827589750289917,mayur,right,,,,,,,,,,,,,,,,,,,,,,,,,,,,,,,,,,,,,,,,,,,441
0.6269181370735168,0.6769679188728333,0.6792693138122559,0.621051013469696,0.5595585107803345,0.6888731122016907,0.6755938529968262,0.6589036583900452,0.6387253403663635,0.6298445463180542,0.6202066540718079,0.5959388017654419,0.5735557079315186,0.5779607892036438,0.5550833344459534,0.5346261262893677,0.5207059383392334,0.5336978435516357,0.5116328597068787,0.5032058954238892,0.5036512613296509,0.7826305031776428,0.7663829326629639,0.6774812936782837,0.583294153213501,0.5018059015274048,0.4851577579975128,0.3283863961696625,0.23479332029819489,0.1545388400554657,0.46270573139190674,0.29671987891197205,0.1927480846643448,0.11352404952049255,0.47680532932281494,0.3696094751358032,0.3998185098171234,0.42783525586128235,0.5100197792053223,0.4015175700187683,0.3484446108341217,0.30601611733436584,mayur,right,,,,,,,,,,,,,,,,,,,,,,,,,,,,,,,,,,,,,,,,,,,442
0.26112309098243713,0.28334397077560425,0.3586267828941345,0.43641161918640137,0.503789484500885,0.5147438049316406,0.6356334686279297,0.7081670761108398,0.7718006372451782,0.528947651386261,0.6625813841819763,0.7420797348022461,0.8063147068023682,0.5107592344284058,0.5951935052871704,0.5673346519470215,0.5447913408279419,0.4772977828979492,0.5654851198196411,0.6083324551582336,0.6470393538475037,0.6820660829544067,0.7359458804130554,0.7285398244857788,0.6523362994194031,0.5749085545539856,0.7433860301971436,0.7213459014892578,0.6978182196617126,0.6693829894065857,0.6685560345649719,0.6529037356376648,0.6194133758544922,0.5890548825263977,0.6047739386558533,0.561953067779541,0.5424550771713257,0.5346497297286987,0.5517858862876892,0.5192205905914307,0.5081838369369507,0.511262059211731,mayur,right,,,,,,,,,,,,,,,,,,,,,,,,,,,,,,,,,,,,,,,,,,,443
0.3125709295272827,0.4622666835784912,0.5567858219146729,0.6268755197525024,0.6997623443603516,0.5099433064460754,0.6305342316627502,0.7216207385063171,0.779487133026123,0.4625329375267029,0.6152713298797607,0.712632417678833,0.763887882232666,0.4228018820285797,0.5593124628067017,0.6614171862602234,0.7186560034751892,0.39521893858909607,0.5319710969924927,0.6214475035667419,0.6787570714950562,0.7342202663421631,0.6985958814620972,0.5827714204788208,0.5195139050483704,0.47295889258384705,0.25926971435546875,0.21429719030857086,0.28861886262893677,0.3845309317111969,0.23406338691711426,0.16804516315460205,0.27659156918525696,0.3977813124656677,0.26816245913505554,0.1994922161102295,0.29862290620803833,0.39730513095855713,0.35841014981269836,0.3505763113498688,0.411746621131897,0.4776749610900879,mukul,right,,,,,,,,,,,,,,,,,,,,,,,,,,,,,,,,,,,,,,,,,,,444
0.3237002491950989,0.4708319902420044,0.5611770749092102,0.632401168346405,0.709356427192688,0.5133914351463318,0.6364268660545349,0.723865807056427,0.7839849591255188,0.4668906033039093,0.6220012903213501,0.7158212065696716,0.7682743072509766,0.4281207323074341,0.5650305151939392,0.6630721688270569,0.7196173667907715,0.40045350790023804,0.5275484919548035,0.6162511110305786,0.6782349944114685,0.7343428134918213,0.6944166421890259,0.5728875398635864,0.5068457722663879,0.4730265736579895,0.24986529350280762,0.20918381214141846,0.2852586805820465,0.38291770219802856,0.22569701075553894,0.17249196767807007,0.28592678904533386,0.40814971923828125,0.2630033493041992,0.20474544167518616,0.3150527775287628,0.4217018485069275,0.3533688187599182,0.3444960415363312,0.4027682840824127,0.4632508158683777,mukul,right,,,,,,,,,,,,,,,,,,,,,,,,,,,,,,,,,,,,,,,,,,,445
0.627668023109436,0.5125826001167297,0.45344334840774536,0.3881816864013672,0.32856735587120056,0.6381936073303223,0.47479623556137085,0.37249553203582764,0.317544549703598,0.6354672908782959,0.4526270627975464,0.3513491153717041,0.30011022090911865,0.6185203790664673,0.4439627230167389,0.35062074661254883,0.29665088653564453,0.5893183350563049,0.4542410969734192,0.3830401301383972,0.3317958414554596,0.811715841293335,0.7325698137283325,0.6227877736091614,0.5429139137268066,0.5060149431228638,0.47247129678726196,0.3942147195339203,0.42449602484703064,0.47223079204559326,0.4475666284561157,0.36998581886291504,0.421314001083374,0.48027947545051575,0.44458532333374023,0.3783625066280365,0.42829275131225586,0.4833807945251465,0.46174824237823486,0.4203287363052368,0.44928836822509766,0.4848051965236664,mukul,right,,,,,,,,,,,,,,,,,,,,,,,,,,,,,,,,,,,,,,,,,,,446
0.8365014791488647,0.7512595653533936,0.6301969289779663,0.543388307094574,0.5044770240783691,0.4679085612297058,0.37761542201042175,0.4113062918186188,0.46426188945770264,0.4465779960155487,0.35542407631874084,0.4093061685562134,0.47456467151641846,0.4503648281097412,0.3811929225921631,0.4386587142944336,0.5015780329704285,0.4743587076663971,0.43215614557266235,0.4636159837245941,0.5006691813468933,0.39447489380836487,0.48888054490089417,0.5376236438751221,0.5970138311386108,0.6574121117591858,0.36981338262557983,0.5154909491539001,0.614239513874054,0.6670060753822327,0.3794003427028656,0.540809154510498,0.6386952996253967,0.6875283718109131,0.4023353159427643,0.558807373046875,0.6442972421646118,0.689843475818634,0.43480661511421204,0.5552008748054504,0.6194713115692139,0.6628382205963135,mukul,right,,,,,,,,,,,,,,,,,,,,,,,,,,,,,,,,,,,,,,,,,,,447
,,,,,,,,,,,,,,,,,,,,,,,,,,,,,,,,,,,,,,,,,,mukul,left,0.5003528594970703,0.5603075623512268,0.5962666273117065,0.6236211061477661,0.6459931135177612,0.5464665293693542,0.6234828233718872,0.6708245873451233,0.7025772333145142,0.5398467779159546,0.6278457641601562,0.6784049868583679,0.712893009185791,0.5422924160957336,0.6268999576568604,0.6741532683372498,0.7050259709358215,0.5520958304405212,0.6125113368034363,0.6446532607078552,0.6678637266159058,0.48036685585975647,0.4950559437274933,0.5141743421554565,0.525983452796936,0.5308394432067871,0.546916127204895,0.545638918876648,0.5381982922554016,0.53111332654953,0.5403324961662292,0.5397169589996338,0.5314850211143494,0.5235569477081299,0.5290592908859253,0.526509165763855,0.5202984809875488,0.5147425532341003,0.5135947465896606,0.5121375918388367,0.5100606083869934,0.5079919695854187,448
,,,,,,,,,,,,,,,,,,,,,,,,,,,,,,,,,,,,,,,,,,mukul,left,0.5024863481521606,0.5419446229934692,0.5750139355659485,0.5856147408485413,0.5754983425140381,0.6017903089523315,0.6034815907478333,0.5923954248428345,0.5828595757484436,0.5840266346931458,0.5821470022201538,0.5724044442176819,0.5633743405342102,0.5604609847068787,0.5549774169921875,0.5487653017044067,0.5432747006416321,0.5316230058670044,0.5245471000671387,0.5220611095428467,0.5190097093582153,0.5012274384498596,0.4915258586406708,0.4778268039226532,0.46320679783821106,0.45118746161460876,0.48149046301841736,0.4498945474624634,0.4326512813568115,0.421127051115036,0.48336827754974365,0.4487609267234802,0.42897137999534607,0.4147876799106598,0.4818115234375,0.4492700695991516,0.4313117563724518,0.4191821217536926,0.47699445486068726,0.4518984854221344,0.4388304054737091,0.42897817492485046,449
,,,,,,,,,,,,,,,,,,,,,,,,,,,,,,,,,,,,,,,,,,mukul,left,0.36978840827941895,0.5535229444503784,0.6398303508758545,0.6438425779342651,0.592823326587677,0.4054499864578247,0.4132877588272095,0.4326154887676239,0.44259995222091675,0.26164913177490234,0.2926742732524872,0.3509548008441925,0.39103686809539795,0.17186543345451355,0.22463183104991913,0.3021056354045868,0.3552440404891968,0.12856772541999817,0.19569993019104004,0.2574988603591919,0.3028162717819214,0.7395445108413696,0.6993582844734192,0.6049776673316956,0.49118950963020325,0.3626087009906769,0.7657221555709839,0.5216487646102905,0.33674392104148865,0.1767830103635788,0.7516946792602539,0.489530086517334,0.2873147130012512,0.12001127004623413,0.7024124264717102,0.46067196130752563,0.26685500144958496,0.1144273579120636,0.6306554079055786,0.43033087253570557,0.2859777808189392,0.16255131363868713,450
,,,,,,,,,,,,,,,,,,,,,,,,,,,,,,,,,,,,,,,,,,mukul,left,0.606717050075531,0.6212871670722961,0.5848140120506287,0.5132179856300354,0.42274537682533264,0.7612457275390625,0.557220995426178,0.3912711441516876,0.24564871191978455,0.7430788278579712,0.5075803995132446,0.32447493076324463,0.17759081721305847,0.6829642653465271,0.46488043665885925,0.2948031425476074,0.16318300366401672,0.6036846041679382,0.4384215176105499,0.32264041900634766,0.22338593006134033,0.6653198003768921,0.4421861469745636,0.3113259971141815,0.30989375710487366,0.3847423195838928,0.5733774900436401,0.5701823830604553,0.5579431056976318,0.550613522529602,0.753530740737915,0.7113891243934631,0.6503388285636902,0.6001667976379395,0.8750384449958801,0.8010501861572266,0.7193269729614258,0.6526321768760681,0.940272331237793,0.8546677231788635,0.7782313823699951,0.7169525623321533,451
0.36714136600494385,0.3880569338798523,0.47878962755203247,0.5333867073059082,0.5616641044616699,0.6755766272544861,0.715937077999115,0.664351761341095,0.5953757166862488,0.6906179785728455,0.7416301965713501,0.669592022895813,0.5860615372657776,0.6657124161720276,0.7278903722763062,0.6595766544342041,0.5897554755210876,0.6071807146072388,0.6239818930625916,0.5843731164932251,0.5395916104316711,0.2268916666507721,0.4606359601020813,0.6042671203613281,0.6950534582138062,0.7778290510177612,0.5472171902656555,0.7081568837165833,0.839311957359314,0.9257805347442627,0.4695734977722168,0.6718778014183044,0.8206580281257629,0.9044067859649658,0.396930068731308,0.5864382982254028,0.7463429570198059,0.8449969291687012,0.33369407057762146,0.5349605679512024,0.6733320951461792,0.7659510374069214,mukul,right,,,,,,,,,,,,,,,,,,,,,,,,,,,,,,,,,,,,,,,,,,,452
0.32684457302093506,0.47517454624176025,0.5683481693267822,0.6290844082832336,0.6858052015304565,0.5234466791152954,0.6384345293045044,0.7198832631111145,0.772444486618042,0.47020572423934937,0.618956446647644,0.7097790837287903,0.7593525648117065,0.4249083399772644,0.561667799949646,0.658659815788269,0.7171217203140259,0.38955146074295044,0.5267984867095947,0.6117683053016663,0.6678330302238464,0.719001293182373,0.6683528423309326,0.5378282070159912,0.45144665241241455,0.3941752314567566,0.20516790449619293,0.17020568251609802,0.2537410855293274,0.35758137702941895,0.17973566055297852,0.13130776584148407,0.24150168895721436,0.36346352100372314,0.21953904628753662,0.16475549340248108,0.2680918872356415,0.36721542477607727,0.3147340714931488,0.3084697425365448,0.3701639473438263,0.4349372386932373,mukul,right,,,,,,,,,,,,,,,,,,,,,,,,,,,,,,,,,,,,,,,,,,,453
,,,,,,,,,,,,,,,,,,,,,,,,,,,,,,,,,,,,,,,,,,mukul,left,0.43225914239883423,0.472063809633255,0.5094931125640869,0.5331724286079407,0.5473114252090454,0.613437831401825,0.6074621081352234,0.5841697454452515,0.5633350610733032,0.5993129014968872,0.5924699902534485,0.5725311636924744,0.5546245574951172,0.5715665221214294,0.5586004853248596,0.5421253442764282,0.5278831720352173,0.5372735261917114,0.5277702212333679,0.5200062990188599,0.5128301382064819,0.6856570839881897,0.5711785554885864,0.5263558030128479,0.4908730685710907,0.4601724147796631,0.6020121574401855,0.5122668743133545,0.4599947929382324,0.42653918266296387,0.6113680601119995,0.5038940906524658,0.44882357120513916,0.4169413447380066,0.6126720309257507,0.5087299346923828,0.4609612822532654,0.4331514835357666,0.6045042872428894,0.5247557163238525,0.4923529028892517,0.4701527953147888,454
,,,,,,,,,,,,,,,,,,,,,,,,,,,,,,,,,,,,,,,,,,mukul,left,0.6658582091331482,0.5605801343917847,0.5190280675888062,0.48623573780059814,0.45901912450790405,0.5900135040283203,0.5115436911582947,0.46476104855537415,0.43303045630455017,0.6004315614700317,0.5070421695709229,0.456611305475235,0.42631059885025024,0.6031711101531982,0.5120719075202942,0.46660497784614563,0.43892842531204224,0.5973508954048157,0.5275959372520447,0.4964224696159363,0.4743976593017578,0.5758981704711914,0.5294452905654907,0.4854745864868164,0.45894166827201843,0.4449780583381653,0.3752192258834839,0.38120535016059875,0.40475618839263916,0.4265737533569336,0.3901306986808777,0.3983754813671112,0.42097631096839905,0.44099295139312744,0.4212226867675781,0.4349009394645691,0.4532821476459503,0.46934932470321655,0.4606059193611145,0.46978136897087097,0.47728434205055237,0.4856083393096924,455
,,,,,,,,,,,,,,,,,,,,,,,,,,,,,,,,,,,,,,,,,,mukul,left,0.6675252318382263,0.5433711409568787,0.4603264033794403,0.39066094160079956,0.3355126976966858,0.5394467115402222,0.4148304760456085,0.35446518659591675,0.30708053708076477,0.549987256526947,0.40296706557273865,0.3409363031387329,0.30160677433013916,0.5488019585609436,0.4146444797515869,0.3636881113052368,0.336514413356781,0.5347200036048889,0.43541818857192993,0.39790987968444824,0.3772662878036499,0.6282910108566284,0.6233489513397217,0.562053382396698,0.536129891872406,0.5354046821594238,0.3392806351184845,0.38703784346580505,0.45552435517311096,0.5039631724357605,0.31934916973114014,0.3661290109157562,0.4549047350883484,0.5114759206771851,0.3348322808742523,0.387431800365448,0.4624602198600769,0.5141826868057251,0.3788335919380188,0.4348132908344269,0.4847392737865448,0.5212559700012207,456
,,,,,,,,,,,,,,,,,,,,,,,,,,,,,,,,,,,,,,,,,,mukul,left,0.6686517596244812,0.5421720743179321,0.4608108699321747,0.3902563452720642,0.33275651931762695,0.5382230877876282,0.41290873289108276,0.3499969244003296,0.30123236775398254,0.5508701205253601,0.4025387763977051,0.34288209676742554,0.30735111236572266,0.5523112416267395,0.4149584174156189,0.36220136284828186,0.3328995704650879,0.5397416949272156,0.43995365500450134,0.4017913043498993,0.3792402744293213,0.6416633725166321,0.6337329149246216,0.5746065974235535,0.551579475402832,0.5528028011322021,0.3506834805011749,0.39133527874946594,0.45876413583755493,0.5117937922477722,0.334807813167572,0.3839513659477234,0.47153082489967346,0.5318971276283264,0.35362744331359863,0.40709471702575684,0.4802309572696686,0.5362094640731812,0.39918917417526245,0.44986435770988464,0.4965181350708008,0.5362368226051331,457
0.8135995864868164,0.7456927299499512,0.6271018981933594,0.5397315621376038,0.49669116735458374,0.4593402147293091,0.38296839594841003,0.411052405834198,0.4589221775531769,0.434348464012146,0.35396626591682434,0.4077656865119934,0.47006848454475403,0.43615564703941345,0.37608230113983154,0.43151530623435974,0.4908108711242676,0.4632419943809509,0.4226168990135193,0.45436134934425354,0.4914886951446533,0.3964530825614929,0.47260957956314087,0.5197838544845581,0.5897156000137329,0.6577233076095581,0.36764848232269287,0.5094892978668213,0.6098489165306091,0.6600745320320129,0.38103723526000977,0.5367044806480408,0.6368576288223267,0.6837135553359985,0.4104648232460022,0.5606522560119629,0.6457337737083435,0.6889297366142273,0.44750842452049255,0.5642668604850769,0.6249458193778992,0.6667365431785583,mukul,right,,,,,,,,,,,,,,,,,,,,,,,,,,,,,,,,,,,,,,,,,,,458
0.6077294945716858,0.503875732421875,0.45256704092025757,0.38745683431625366,0.3292160928249359,0.6404166221618652,0.4862617552280426,0.37908923625946045,0.32060322165489197,0.6327751278877258,0.455829918384552,0.3528575003147125,0.3013246953487396,0.6094641089439392,0.4401699900627136,0.34928780794143677,0.2969099283218384,0.5745446085929871,0.444621205329895,0.37667030096054077,0.3281703591346741,0.7936789393424988,0.7120069265365601,0.6027117967605591,0.5235248804092407,0.48327475786209106,0.46099528670310974,0.38408470153808594,0.4080260396003723,0.4519175887107849,0.44128143787384033,0.37056025862693787,0.4204891324043274,0.47696757316589355,0.44390663504600525,0.3930054306983948,0.4391827881336212,0.49095362424850464,0.4637751579284668,0.43108096718788147,0.458482027053833,0.4906764626502991,mukul,right,,,,,,,,,,,,,,,,,,,,,,,,,,,,,,,,,,,,,,,,,,,459
0.721908688545227,0.6878735423088074,0.611214280128479,0.5716383457183838,0.571501612663269,0.42457443475723267,0.30417871475219727,0.23201505839824677,0.172043114900589,0.40951257944107056,0.28067612648010254,0.20231851935386658,0.1401291787624359,0.42233559489250183,0.3023097515106201,0.23108355700969696,0.1747942864894867,0.45442473888397217,0.36405688524246216,0.30604302883148193,0.2577827274799347,0.5958986282348633,0.41554850339889526,0.28017622232437134,0.17129908502101898,0.08052773773670197,0.37203967571258545,0.35648760199546814,0.3578026294708252,0.3642506003379822,0.46868109703063965,0.45500391721725464,0.4510670304298401,0.4470643401145935,0.5582865476608276,0.552910327911377,0.5439072251319885,0.5332901477813721,0.6454063653945923,0.646696925163269,0.6398321390151978,0.6271967887878418,ardhachandra,right,,,,,,,,,,,,,,,,,,,,,,,,,,,,,,,,,,,,,,,,,,,460
0.7253108024597168,0.6911427974700928,0.6103197932243347,0.5681341886520386,0.5672434568405151,0.42367199063301086,0.3035874664783478,0.23139993846416473,0.17078432440757751,0.4088013768196106,0.2807568907737732,0.20209595561027527,0.1374433934688568,0.42213553190231323,0.30308669805526733,0.231888085603714,0.1740553081035614,0.4552542567253113,0.3652874827384949,0.30689406394958496,0.25781047344207764,0.599738359451294,0.41916707158088684,0.28116869926452637,0.17266353964805603,0.08291332423686981,0.37291330099105835,0.3574141263961792,0.35581308603286743,0.3587908148765564,0.4689173102378845,0.457025408744812,0.4521248936653137,0.44671428203582764,0.5570541620254517,0.553625762462616,0.5438822507858276,0.5314816236495972,0.6427737474441528,0.6460320353507996,0.6385929584503174,0.6255737543106079,ardhachandra,right,,,,,,,,,,,,,,,,,,,,,,,,,,,,,,,,,,,,,,,,,,,461
0.6724085211753845,0.6597765684127808,0.6235751509666443,0.6100601553916931,0.6178626418113708,0.46918079257011414,0.36788851022720337,0.3080785274505615,0.25167423486709595,0.45365285873413086,0.33572572469711304,0.2648437023162842,0.20071518421173096,0.45909446477890015,0.35124897956848145,0.2859112620353699,0.22576317191123962,0.47785484790802,0.3921768367290497,0.33939823508262634,0.2890065312385559,0.6172512769699097,0.49660393595695496,0.36599892377853394,0.2544229030609131,0.1742500364780426,0.39785051345825195,0.38155826926231384,0.3905637860298157,0.40282535552978516,0.4651658236980438,0.450814425945282,0.45075902342796326,0.4550943076610565,0.5300883650779724,0.5187205076217651,0.5142313241958618,0.5133477449417114,0.5933494567871094,0.5827202796936035,0.5789269208908081,0.5716750025749207,ardhachandra,right,,,,,,,,,,,,,,,,,,,,,,,,,,,,,,,,,,,,,,,,,,,462
0.6724294424057007,0.6597412824630737,0.6236953735351562,0.6098431348800659,0.617326021194458,0.46907860040664673,0.36801642179489136,0.3090388774871826,0.2528812885284424,0.4531123638153076,0.3357352018356323,0.2656829357147217,0.20169112086296082,0.4580605924129486,0.3509552478790283,0.285842627286911,0.2254999279975891,0.47633370757102966,0.3905786871910095,0.33813250064849854,0.2877901792526245,0.615174412727356,0.4960959553718567,0.36577674746513367,0.2547203302383423,0.173511803150177,0.39755576848983765,0.3804655373096466,0.3886876106262207,0.4000820815563202,0.46466362476348877,0.44915562868118286,0.44918304681777954,0.4536953568458557,0.5295093655586243,0.5176028609275818,0.5126525163650513,0.5109072923660278,0.5928373336791992,0.5816895365715027,0.5777401924133301,0.5698409676551819,ardhachandra,right,,,,,,,,,,,,,,,,,,,,,,,,,,,,,,,,,,,,,,,,,,,463
0.3584541082382202,0.5231806039810181,0.6511667370796204,0.740690290927887,0.8059169054031372,0.6055977940559387,0.6313273906707764,0.6361194849014282,0.6249767541885376,0.5498678088188171,0.5687111020088196,0.5705668926239014,0.5653353333473206,0.4862836003303528,0.5088219046592712,0.5138963460922241,0.5177918076515198,0.4127780795097351,0.4280890226364136,0.44134676456451416,0.4525219202041626,0.7631850838661194,0.7336444854736328,0.6405672430992126,0.5794455409049988,0.5434799790382385,0.47539499402046204,0.3498019576072693,0.2723761200904846,0.20064550638198853,0.47063785791397095,0.3275444209575653,0.23624956607818604,0.15551206469535828,0.49232226610183716,0.3584331274032593,0.2707538902759552,0.1904635727405548,0.5335573554039001,0.43882375955581665,0.37306487560272217,0.30937206745147705,ardhachandra,right,,,,,,,,,,,,,,,,,,,,,,,,,,,,,,,,,,,,,,,,,,,464
0.8313390016555786,0.7990682125091553,0.6841273307800293,0.6105212569236755,0.5669782757759094,0.4734932482242584,0.31607499718666077,0.2196599841117859,0.13180258870124817,0.4666086733341217,0.285287082195282,0.17109209299087524,0.074459969997406,0.49381643533706665,0.3229184150695801,0.21142539381980896,0.11287838220596313,0.5462138652801514,0.42403241991996765,0.33747395873069763,0.25561395287513733,0.6213873028755188,0.48471441864967346,0.37843233346939087,0.30711811780929565,0.25713735818862915,0.41480812430381775,0.39550986886024475,0.39113926887512207,0.39702722430229187,0.45960289239883423,0.44557130336761475,0.4419615864753723,0.44578367471694946,0.5094934701919556,0.49194878339767456,0.4864994287490845,0.48229748010635376,0.5672467947006226,0.5545467734336853,0.5471797585487366,0.5415547490119934,ardhachandra,right,,,,,,,,,,,,,,,,,,,,,,,,,,,,,,,,,,,,,,,,,,,465
0.45151758193969727,0.5156476497650146,0.5792135000228882,0.6303068399429321,0.6755284667015076,0.5582659840583801,0.5739235281944275,0.5807024836540222,0.5829620957374573,0.5223656892776489,0.5384535193443298,0.5462337136268616,0.5519821047782898,0.4845491647720337,0.4991592764854431,0.5078019499778748,0.5158777236938477,0.4447440505027771,0.45429232716560364,0.4626620411872864,0.47188103199005127,0.6858692169189453,0.6883053779602051,0.6455966830253601,0.6203545331954956,0.6210396885871887,0.4399351179599762,0.3211963176727295,0.24597755074501038,0.17975759506225586,0.414890855550766,0.28366005420684814,0.20057854056358337,0.12979784607887268,0.41845375299453735,0.2988637685775757,0.2210160195827484,0.15321791172027588,0.4404122233390808,0.3469139337539673,0.2870846688747406,0.2317541241645813,ardhachandra,right,,,,,,,,,,,,,,,,,,,,,,,,,,,,,,,,,,,,,,,,,,,466
0.6077240109443665,0.606070876121521,0.5815567374229431,0.5662325024604797,0.5664997696876526,0.46776649355888367,0.4003307521343231,0.3575479984283447,0.31980520486831665,0.4533235728740692,0.3781566023826599,0.3305838704109192,0.29017966985702515,0.45530176162719727,0.3867865204811096,0.3433799743652344,0.3055850863456726,0.4681442081928253,0.41501423716545105,0.3820585012435913,0.35179203748703003,0.5810602307319641,0.463678240776062,0.3533141314983368,0.26335373520851135,0.18229684233665466,0.39467930793762207,0.36791449785232544,0.3566319942474365,0.3513792157173157,0.4585620164871216,0.4309426546096802,0.41582104563713074,0.40318042039871216,0.5246737003326416,0.5001089572906494,0.4843178987503052,0.4672582745552063,0.592841386795044,0.579197108745575,0.5664094090461731,0.5508154630661011,ardhachandra,right,,,,,,,,,,,,,,,,,,,,,,,,,,,,,,,,,,,,,,,,,,,467
0.6752157807350159,0.6605244278907776,0.6245326399803162,0.6099628210067749,0.6192018985748291,0.4701589345932007,0.36928170919418335,0.31014901399612427,0.25529447197914124,0.453532338142395,0.337060809135437,0.2677462100982666,0.20491671562194824,0.4585145115852356,0.35154908895492554,0.28817102313041687,0.23026669025421143,0.4776863157749176,0.39225056767463684,0.34031498432159424,0.2908160984516144,0.655800461769104,0.5232143402099609,0.3838825225830078,0.26468104124069214,0.17670674622058868,0.42113783955574036,0.40023505687713623,0.40817391872406006,0.4192258417606354,0.4946942925453186,0.4782940149307251,0.4765404760837555,0.47847169637680054,0.5651910901069641,0.5540960431098938,0.548003613948822,0.5444808602333069,0.6329396963119507,0.6214505434036255,0.6172201633453369,0.6083236336708069,ardhachandra,right,,,,,,,,,,,,,,,,,,,,,,,,,,,,,,,,,,,,,,,,,,,468
0.6752157807350159,0.6605244278907776,0.6245326399803162,0.6099628210067749,0.6192018985748291,0.4701589345932007,0.36928170919418335,0.31014901399612427,0.25529447197914124,0.453532338142395,0.337060809135437,0.2677462100982666,0.20491671562194824,0.4585145115852356,0.35154908895492554,0.28817102313041687,0.23026669025421143,0.4776863157749176,0.39225056767463684,0.34031498432159424,0.2908160984516144,0.655800461769104,0.5232143402099609,0.3838825225830078,0.26468104124069214,0.17670674622058868,0.42113783955574036,0.40023505687713623,0.40817391872406006,0.4192258417606354,0.4946942925453186,0.4782940149307251,0.4765404760837555,0.47847169637680054,0.5651910901069641,0.5540960431098938,0.548003613948822,0.5444808602333069,0.6329396963119507,0.6214505434036255,0.6172201633453369,0.6083236336708069,ardhachandra,right,,,,,,,,,,,,,,,,,,,,,,,,,,,,,,,,,,,,,,,,,,,469
0.6092374324798584,0.6063181161880493,0.5814039707183838,0.5671676397323608,0.5666562914848328,0.4679461419582367,0.4014659821987152,0.35903698205947876,0.3212331533432007,0.4538772702217102,0.3800210952758789,0.3330034017562866,0.29218900203704834,0.45593592524528503,0.3889787793159485,0.34609466791152954,0.3086429238319397,0.4686308801174164,0.41508179903030396,0.3810250759124756,0.34996485710144043,0.5657474398612976,0.46514880657196045,0.36941254138946533,0.2915658950805664,0.22269080579280853,0.4042242169380188,0.38077500462532043,0.37099865078926086,0.3663099408149719,0.45850807428359985,0.43546223640441895,0.4242709279060364,0.41442492604255676,0.5150704383850098,0.49451106786727905,0.48285341262817383,0.47033560276031494,0.5738979578018188,0.5603501796722412,0.5485719442367554,0.5350026488304138,ardhachandra,right,,,,,,,,,,,,,,,,,,,,,,,,,,,,,,,,,,,,,,,,,,,470
0.6092374324798584,0.6063181161880493,0.5814039707183838,0.5671676397323608,0.5666562914848328,0.4679461419582367,0.4014659821987152,0.35903698205947876,0.3212331533432007,0.4538772702217102,0.3800210952758789,0.3330034017562866,0.29218900203704834,0.45593592524528503,0.3889787793159485,0.34609466791152954,0.3086429238319397,0.4686308801174164,0.41508179903030396,0.3810250759124756,0.34996485710144043,0.5657474398612976,0.46514880657196045,0.36941254138946533,0.2915658950805664,0.22269080579280853,0.4042242169380188,0.38077500462532043,0.37099865078926086,0.3663099408149719,0.45850807428359985,0.43546223640441895,0.4242709279060364,0.41442492604255676,0.5150704383850098,0.49451106786727905,0.48285341262817383,0.47033560276031494,0.5738979578018188,0.5603501796722412,0.5485719442367554,0.5350026488304138,ardhachandra,right,,,,,,,,,,,,,,,,,,,,,,,,,,,,,,,,,,,,,,,,,,,471
,,,,,,,,,,,,,,,,,,,,,,,,,,,,,,,,,,,,,,,,,,ardhachandra,left,0.7637563943862915,0.7340366244316101,0.6970174312591553,0.6825810074806213,0.6767551302909851,0.5688488483428955,0.4872446060180664,0.4413282871246338,0.4004804193973541,0.5596731901168823,0.46675392985343933,0.4102187156677246,0.3625894784927368,0.5715735554695129,0.48452621698379517,0.43203651905059814,0.38704344630241394,0.5986286401748657,0.5352052450180054,0.4934771656990051,0.45600414276123047,0.47716954350471497,0.5404471158981323,0.6102492213249207,0.6828882694244385,0.7430305480957031,0.5462740659713745,0.560257077217102,0.5695551633834839,0.5776998996734619,0.503386914730072,0.5186223983764648,0.5293322801589966,0.5372782945632935,0.46060749888420105,0.47491687536239624,0.4866785705089569,0.49876073002815247,0.4155225157737732,0.4144887924194336,0.42301589250564575,0.43592849373817444,472
,,,,,,,,,,,,,,,,,,,,,,,,,,,,,,,,,,,,,,,,,,ardhachandra,left,0.5215675830841064,0.47359564900398254,0.416302353143692,0.35585349798202515,0.3055174648761749,0.4626266658306122,0.4504328668117523,0.4433461129665375,0.4374198913574219,0.4964381158351898,0.4824558198451996,0.4746065139770508,0.4689566493034363,0.5309702754020691,0.518320620059967,0.5101982951164246,0.5018010139465332,0.5678056478500366,0.5685371160507202,0.56203693151474,0.5526190996170044,0.8269032835960388,0.7884544134140015,0.7424126863479614,0.7244744300842285,0.7156626582145691,0.5785159468650818,0.4783441424369812,0.422244668006897,0.37247931957244873,0.5675268769264221,0.4542648196220398,0.3858575224876404,0.32875311374664307,0.5840142369270325,0.478922575712204,0.4159936010837555,0.3626837432384491,0.6201595067977905,0.5446736216545105,0.49479568004608154,0.45007196068763733,473
0.15776944160461426,0.19625234603881836,0.27116817235946655,0.3078477382659912,0.323026567697525,0.4948286712169647,0.6496506929397583,0.7450371980667114,0.8316463232040405,0.4954651892185211,0.6657756567001343,0.775092601776123,0.8691980838775635,0.46190184354782104,0.6079840660095215,0.7071466445922852,0.7903426289558411,0.40557312965393066,0.5270569920539856,0.604582667350769,0.6760717630386353,0.3614623546600342,0.47365814447402954,0.5734952688217163,0.6654598712921143,0.7357496023178101,0.4685294032096863,0.4584062099456787,0.44773128628730774,0.43527430295944214,0.4052288830280304,0.3901282548904419,0.38060420751571655,0.3686293959617615,0.34423956274986267,0.3282812237739563,0.31866228580474854,0.3080218434333801,0.2861853241920471,0.2781076431274414,0.2713695168495178,0.26472073793411255,ardhachandra,right,,,,,,,,,,,,,,,,,,,,,,,,,,,,,,,,,,,,,,,,,,,474
0.312163770198822,0.4671024680137634,0.5857006311416626,0.7060190439224243,0.8070248365402222,0.45372942090034485,0.4472528100013733,0.43308019638061523,0.41480377316474915,0.3764265179634094,0.3581150770187378,0.3489205539226532,0.33737778663635254,0.29566872119903564,0.27621400356292725,0.2664834260940552,0.25863057374954224,0.2226254940032959,0.21200472116470337,0.20536285638809204,0.2022586166858673,0.8194588422775269,0.7624245882034302,0.6917462348937988,0.6501363515853882,0.634829580783844,0.49744296073913574,0.3751945495605469,0.3029438853263855,0.23550301790237427,0.4986657202243805,0.36149245500564575,0.27451425790786743,0.19816485047340393,0.5211817622184753,0.40207645297050476,0.32222163677215576,0.2552212178707123,0.5683559775352478,0.47013235092163086,0.4076196253299713,0.34742414951324463,ardhachandra,right,,,,,,,,,,,,,,,,,,,,,,,,,,,,,,,,,,,,,,,,,,,475
0.3800869882106781,0.5156700611114502,0.6362297534942627,0.7450368404388428,0.8330810070037842,0.5165993571281433,0.5220224261283875,0.5164445638656616,0.5045859217643738,0.4278271198272705,0.43106237053871155,0.4298992156982422,0.4281262159347534,0.34053167700767517,0.3397403061389923,0.3413299024105072,0.3466883599758148,0.25685301423072815,0.2562253773212433,0.25659385323524475,0.26318010687828064,0.7888715267181396,0.7294145822525024,0.6398546099662781,0.577834963798523,0.5314488410949707,0.46411243081092834,0.32435089349746704,0.24186071753501892,0.17038971185684204,0.4627825915813446,0.3108676075935364,0.21910977363586426,0.14463910460472107,0.4894011616706848,0.35110026597976685,0.2675946354866028,0.1952260434627533,0.5345873832702637,0.4299010634422302,0.36156684160232544,0.2965449392795563,ardhachandra,right,,,,,,,,,,,,,,,,,,,,,,,,,,,,,,,,,,,,,,,,,,,476
0.8643136024475098,0.7862798571586609,0.6781805753707886,0.5984399914741516,0.5403633117675781,0.44985032081604004,0.28100481629371643,0.1812688112258911,0.09285655617713928,0.4480295479297638,0.263465940952301,0.15054798126220703,0.05590370297431946,0.4835810661315918,0.3149520754814148,0.21268326044082642,0.12206971645355225,0.5435763597488403,0.4171684682369232,0.33609527349472046,0.2589327394962311,0.5985971689224243,0.4845762550830841,0.39324015378952026,0.3072907328605652,0.23529154062271118,0.48966243863105774,0.48335811495780945,0.4884616732597351,0.4990178644657135,0.5606057643890381,0.557194709777832,0.5586644411087036,0.5618882775306702,0.6299302577972412,0.6287813782691956,0.6269584894180298,0.6232324242591858,0.6954976320266724,0.6963719129562378,0.6932185292243958,0.6862497925758362,ardhachandra,right,,,,,,,,,,,,,,,,,,,,,,,,,,,,,,,,,,,,,,,,,,,477
0.7274221181869507,0.6912838220596313,0.6094899773597717,0.5689837336540222,0.5737398862838745,0.4233838617801666,0.3053535223007202,0.2359343022108078,0.1776750087738037,0.4097738265991211,0.2818378210067749,0.2065851092338562,0.14548403024673462,0.4235408306121826,0.3044676184654236,0.2358415275812149,0.1808834671974182,0.457255482673645,0.3642658591270447,0.3061800003051758,0.25715792179107666,0.6101455688476562,0.425851970911026,0.28309065103530884,0.16774576902389526,0.07310673594474792,0.38554835319519043,0.3708125352859497,0.37049058079719543,0.3770398497581482,0.4874880909919739,0.4747655987739563,0.4659215807914734,0.45801490545272827,0.5808834433555603,0.5746551752090454,0.5611660480499268,0.5468606948852539,0.6707937121391296,0.66921466588974,0.6578679084777832,0.641105055809021,ardhachandra,right,,,,,,,,,,,,,,,,,,,,,,,,,,,,,,,,,,,,,,,,,,,478
0.7323715686798096,0.6937103271484375,0.609697163105011,0.5678013563156128,0.573289155960083,0.4238334000110626,0.30503201484680176,0.23490729928016663,0.17565235495567322,0.411663681268692,0.2848814129829407,0.20948061347007751,0.1483745276927948,0.4257067143917084,0.30705752968788147,0.23880457878112793,0.18401828408241272,0.45910748839378357,0.3674355447292328,0.310316801071167,0.2615078091621399,0.6043325066566467,0.42297977209091187,0.2823832631111145,0.1675296425819397,0.07237410545349121,0.38523805141448975,0.3717854917049408,0.36974987387657166,0.37492212653160095,0.48555076122283936,0.47079282999038696,0.46290528774261475,0.4576129913330078,0.5778582096099854,0.5686935186386108,0.5557649731636047,0.5431383848190308,0.6676250696182251,0.6623462438583374,0.6507651209831238,0.634507417678833,ardhachandra,right,,,,,,,,,,,,,,,,,,,,,,,,,,,,,,,,,,,,,,,,,,,479
,,,,,,,,,,,,,,,,,,,,,,,,,,,,,,,,,,,,,,,,,,ardhachandra,left,0.29977932572364807,0.4319853186607361,0.5366083383560181,0.6155692338943481,0.672433078289032,0.480202853679657,0.5058460235595703,0.504576563835144,0.4984872341156006,0.39684340357780457,0.42006900906562805,0.43074679374694824,0.43593931198120117,0.31517481803894043,0.3371616303920746,0.3537936210632324,0.3664424419403076,0.22991225123405457,0.24344682693481445,0.2618557810783386,0.2811235189437866,0.10056456923484802,0.12174946069717407,0.19614559412002563,0.26213201880455017,0.30090975761413574,0.4561724066734314,0.6458879709243774,0.7636281251907349,0.8546751141548157,0.4899939000606537,0.6918909549713135,0.8187763094902039,0.9201328754425049,0.4881182909011841,0.6819654107093811,0.8031539916992188,0.900603175163269,0.4580138027667999,0.6107893586158752,0.7065672278404236,0.7875148057937622,480
,,,,,,,,,,,,,,,,,,,,,,,,,,,,,,,,,,,,,,,,,,ardhachandra,left,0.1563538908958435,0.1600629687309265,0.20716828107833862,0.24462732672691345,0.2603369355201721,0.46036145091056824,0.6162666082382202,0.7146348357200623,0.791007399559021,0.49050942063331604,0.6584314107894897,0.7637290358543396,0.8479206562042236,0.49007558822631836,0.6517302989959717,0.7503701448440552,0.8308725953102112,0.4663347005844116,0.5933097004890442,0.6724150776863098,0.7381782531738281,0.7605473399162292,0.5915138721466064,0.4377969801425934,0.3082883358001709,0.20797544717788696,0.5325433015823364,0.49976617097854614,0.49644994735717773,0.5003594160079956,0.6300379037857056,0.6007530093193054,0.5856249928474426,0.5790958404541016,0.7285320162773132,0.7023009657859802,0.6801559329032898,0.6611690521240234,0.829759955406189,0.8133695721626282,0.788293182849884,0.7599643468856812,481
0.7316259145736694,0.6948010921478271,0.6124664545059204,0.5703592300415039,0.5729770660400391,0.4240712821483612,0.3067280650138855,0.23813505470752716,0.17960092425346375,0.4122253358364105,0.2829092741012573,0.20743489265441895,0.14556831121444702,0.42725396156311035,0.3060089349746704,0.23733395338058472,0.18159490823745728,0.4615345895290375,0.36637675762176514,0.3072296679019928,0.2560763359069824,0.6197842359542847,0.4314011037349701,0.28254446387290955,0.16116949915885925,0.05913454294204712,0.3924899697303772,0.3790840208530426,0.3798111379146576,0.3861820697784424,0.49604493379592896,0.4862990379333496,0.479051411151886,0.4714215397834778,0.5919113159179688,0.5893775224685669,0.5775171518325806,0.5626503229141235,0.6854768991470337,0.6834983229637146,0.670956015586853,0.6501983404159546,ardhachandra,right,,,,,,,,,,,,,,,,,,,,,,,,,,,,,,,,,,,,,,,,,,,482
0.7313511371612549,0.6967254877090454,0.6137523055076599,0.5712038278579712,0.5738791227340698,0.42459920048713684,0.30850666761398315,0.24021871387958527,0.1818091869354248,0.4121529459953308,0.2832328677177429,0.20799538493156433,0.14693018794059753,0.4268411695957184,0.30567455291748047,0.2371085286140442,0.18129679560661316,0.46124544739723206,0.36649763584136963,0.3075799345970154,0.2559742331504822,0.6163530945777893,0.428082674741745,0.280473530292511,0.1617407500743866,0.06160062551498413,0.39224523305892944,0.37784522771835327,0.3773130178451538,0.38280585408210754,0.4949759244918823,0.4850051999092102,0.47688570618629456,0.4684092402458191,0.5903441905975342,0.5884718894958496,0.5752860307693481,0.5588243007659912,0.6842453479766846,0.6856061220169067,0.6730877161026001,0.6507716774940491,ardhachandra,right,,,,,,,,,,,,,,,,,,,,,,,,,,,,,,,,,,,,,,,,,,,483
0.528923749923706,0.5364389419555664,0.529837429523468,0.5043060183525085,0.47746741771698,0.5839214324951172,0.5797564387321472,0.5741298794746399,0.5744607448577881,0.5801287293434143,0.56471186876297,0.5536715388298035,0.5518659353256226,0.573516845703125,0.5659465193748474,0.5663408637046814,0.5698549747467041,0.5676358938217163,0.5713014006614685,0.5688459277153015,0.5662137866020203,0.7684052586555481,0.7370757460594177,0.6632626056671143,0.5986221432685852,0.5589714050292969,0.6359895467758179,0.5845056772232056,0.5603865385055542,0.5348398089408875,0.6360886693000793,0.5979724526405334,0.6039382219314575,0.6070312261581421,0.6421130895614624,0.5962817668914795,0.5824904441833496,0.5680739879608154,0.6529030799865723,0.6078511476516724,0.5851306915283203,0.5657662749290466,mrigasheesh,right,,,,,,,,,,,,,,,,,,,,,,,,,,,,,,,,,,,,,,,,,,,484
0.528923749923706,0.5364389419555664,0.529837429523468,0.5043060183525085,0.47746741771698,0.5839214324951172,0.5797564387321472,0.5741298794746399,0.5744607448577881,0.5801287293434143,0.56471186876297,0.5536715388298035,0.5518659353256226,0.573516845703125,0.5659465193748474,0.5663408637046814,0.5698549747467041,0.5676358938217163,0.5713014006614685,0.5688459277153015,0.5662137866020203,0.7684052586555481,0.7370757460594177,0.6632626056671143,0.5986221432685852,0.5589714050292969,0.6359895467758179,0.5845056772232056,0.5603865385055542,0.5348398089408875,0.6360886693000793,0.5979724526405334,0.6039382219314575,0.6070312261581421,0.6421130895614624,0.5962817668914795,0.5824904441833496,0.5680739879608154,0.6529030799865723,0.6078511476516724,0.5851306915283203,0.5657662749290466,mrigasheesh,right,,,,,,,,,,,,,,,,,,,,,,,,,,,,,,,,,,,,,,,,,,,485
0.40185412764549255,0.5288522243499756,0.6560462713241577,0.7554137110710144,0.8456775546073914,0.60528963804245,0.5134324431419373,0.43631651997566223,0.36815282702445984,0.49721044301986694,0.4023831784725189,0.32284441590309143,0.25291872024536133,0.41143932938575745,0.32408222556114197,0.25419217348098755,0.20686045289039612,0.33747488260269165,0.31732308864593506,0.2975504696369171,0.28596222400665283,0.6865204572677612,0.6971703767776489,0.63848477602005,0.567007303237915,0.5191001892089844,0.45461326837539673,0.42032015323638916,0.4469260275363922,0.47360557317733765,0.4178437292575836,0.40367138385772705,0.41692858934402466,0.43273690342903137,0.4085179567337036,0.3931276798248291,0.3930969834327698,0.40067559480667114,0.4176444709300995,0.32979655265808105,0.24923455715179443,0.1826227903366089,mrigasheesh,right,,,,,,,,,,,,,,,,,,,,,,,,,,,,,,,,,,,,,,,,,,,486
0.5230429172515869,0.5890595316886902,0.6155815720558167,0.5971601605415344,0.5723891854286194,0.6201208829879761,0.6205703616142273,0.6151326894760132,0.6096095442771912,0.5706057548522949,0.5541333556175232,0.5477039813995361,0.5485129952430725,0.524053692817688,0.5063505172729492,0.5067419409751892,0.5119737386703491,0.4832495152950287,0.4639999270439148,0.4596529006958008,0.46153369545936584,0.754872739315033,0.7302986979484558,0.6666182279586792,0.6004095077514648,0.55876624584198,0.6049585938453674,0.5332708358764648,0.49264609813690186,0.46039891242980957,0.6014195084571838,0.5552284121513367,0.5685335397720337,0.5894803404808044,0.6081824898719788,0.5607289671897888,0.5730122327804565,0.5951875448226929,0.6234571933746338,0.5766202807426453,0.5583555698394775,0.5511492490768433,mrigasheesh,right,,,,,,,,,,,,,,,,,,,,,,,,,,,,,,,,,,,,,,,,,,,487
0.7729669809341431,0.7437344193458557,0.6737691164016724,0.6043484210968018,0.5634852051734924,0.6158937215805054,0.5403633117675781,0.49496984481811523,0.4586845934391022,0.6093903183937073,0.5603562593460083,0.5712720155715942,0.5903446078300476,0.6141932010650635,0.5661738514900208,0.5777950882911682,0.5994988679885864,0.6275438070297241,0.579189658164978,0.5574347972869873,0.5465981960296631,0.47225221991539,0.4112621247768402,0.3893265128135681,0.4092951714992523,0.4366612434387207,0.3892539143562317,0.3884640634059906,0.39217832684516907,0.39504969120025635,0.4361732006072998,0.4519420862197876,0.4570730924606323,0.456031858921051,0.47972026467323303,0.49859362840652466,0.49916261434555054,0.4959576725959778,0.5195946097373962,0.536075234413147,0.5407148599624634,0.5418981909751892,mrigasheesh,right,,,,,,,,,,,,,,,,,,,,,,,,,,,,,,,,,,,,,,,,,,,488
0.371832013130188,0.3938789963722229,0.4394935965538025,0.48349177837371826,0.5092732906341553,0.5113920569419861,0.5220102071762085,0.5015780925750732,0.485149085521698,0.5208632946014404,0.5225676894187927,0.4955100417137146,0.47794613242149353,0.5193722248077393,0.5304061770439148,0.504019558429718,0.48390787839889526,0.5110630393028259,0.5709487199783325,0.6116793155670166,0.6467690467834473,0.5043976902961731,0.5940360426902771,0.671295166015625,0.7393839359283447,0.8086655139923096,0.5668096542358398,0.5491840839385986,0.5073451399803162,0.4705541729927063,0.4994524121284485,0.4795873761177063,0.4589032232761383,0.4451674818992615,0.4402227997779846,0.4201444983482361,0.40832167863845825,0.4030306339263916,0.3847913146018982,0.3737022876739502,0.371812105178833,0.3750035762786865,mrigasheesh,right,,,,,,,,,,,,,,,,,,,,,,,,,,,,,,,,,,,,,,,,,,,489
0.49959394335746765,0.559874951839447,0.6127545833587646,0.659233033657074,0.7024051547050476,0.5466758608818054,0.5373224020004272,0.509614884853363,0.4864840507507324,0.5017969608306885,0.48781806230545044,0.4692252576351166,0.4564221501350403,0.4615865647792816,0.4466465413570404,0.4367207884788513,0.43298858404159546,0.42350074648857117,0.4177400469779968,0.41427847743034363,0.41425925493240356,0.6890825033187866,0.6589334607124329,0.5899930000305176,0.5251895785331726,0.4844982624053955,0.48697859048843384,0.4571697413921356,0.49081993103027344,0.5231866836547852,0.4724959433078766,0.45763346552848816,0.49463164806365967,0.5239378213882446,0.47206997871398926,0.4485006332397461,0.4850883185863495,0.516535222530365,0.48077234625816345,0.3907250463962555,0.3290249705314636,0.27700716257095337,mrigasheesh,right,,,,,,,,,,,,,,,,,,,,,,,,,,,,,,,,,,,,,,,,,,,490
,,,,,,,,,,,,,,,,,,,,,,,,,,,,,,,,,,,,,,,,,,mrigasheesh,left,0.5663579106330872,0.5436429977416992,0.5097073316574097,0.479825884103775,0.4526384472846985,0.4867841601371765,0.44767940044403076,0.4223737418651581,0.4028545916080475,0.4894430637359619,0.4796944260597229,0.48967981338500977,0.5012397766113281,0.4981222152709961,0.4767661392688751,0.46212562918663025,0.45647746324539185,0.5113176703453064,0.49067118763923645,0.474991112947464,0.4619970917701721,0.3886377215385437,0.43520045280456543,0.47473055124282837,0.49624624848365784,0.5121220946311951,0.517806351184845,0.5802974700927734,0.6256769895553589,0.6645444631576538,0.4944705367088318,0.576323390007019,0.6335968971252441,0.6722466945648193,0.4577231705188751,0.49093472957611084,0.4940042495727539,0.4869711995124817,0.42051970958709717,0.41438502073287964,0.3934881389141083,0.36756205558776855,491
,,,,,,,,,,,,,,,,,,,,,,,,,,,,,,,,,,,,,,,,,,mrigasheesh,left,0.7660913467407227,0.6385761499404907,0.4483973979949951,0.30468928813934326,0.20393575727939606,0.3902069330215454,0.3083544969558716,0.39954042434692383,0.48393183946609497,0.4085829257965088,0.3281342387199402,0.4406159520149231,0.5336505174636841,0.43487757444381714,0.33995115756988525,0.4257526695728302,0.5074716210365295,0.4642145335674286,0.3205316364765167,0.22023624181747437,0.1343594789505005,0.5114496350288391,0.6144781112670898,0.6496614217758179,0.6382652521133423,0.6675738096237183,0.5487544536590576,0.5401592254638672,0.5725021362304688,0.5987017750740051,0.4696170687675476,0.4640143811702728,0.5156680345535278,0.5498397350311279,0.39316174387931824,0.3690072298049927,0.433574378490448,0.484157919883728,0.32244908809661865,0.2813759446144104,0.2709939479827881,0.26031386852264404,492
,,,,,,,,,,,,,,,,,,,,,,,,,,,,,,,,,,,,,,,,,,mrigasheesh,left,0.4866656959056854,0.3719368577003479,0.32993364334106445,0.3439488708972931,0.3114720284938812,0.44683489203453064,0.4599478244781494,0.4224424362182617,0.39031559228897095,0.5337649583816528,0.5411193370819092,0.48227477073669434,0.4437379539012909,0.6180663704872131,0.6442356109619141,0.5717702507972717,0.515070915222168,0.6965970993041992,0.7422385215759277,0.7521439790725708,0.7626789808273315,0.7389087677001953,0.6229805946350098,0.4505237638950348,0.31923821568489075,0.22769294679164886,0.4003584384918213,0.3229091167449951,0.4048263132572174,0.4792884588241577,0.4158312976360321,0.34131327271461487,0.44217702746391296,0.5265363454818726,0.4382086396217346,0.3554583787918091,0.43160343170166016,0.5067791938781738,0.46453195810317993,0.33740249276161194,0.24604204297065735,0.16596320271492004,493
0.5805395841598511,0.6218505501747131,0.5900896787643433,0.4100039601325989,0.2577553391456604,0.5938734412193298,0.5949195027351379,0.5874384641647339,0.5828043818473816,0.49586057662963867,0.44627702236175537,0.40983638167381287,0.38923150300979614,0.4205947518348694,0.2958564758300781,0.20980030298233032,0.16813337802886963,0.3581993579864502,0.2846931219100952,0.2764030694961548,0.31096410751342773,0.8360047340393066,0.8491395711898804,0.8226015567779541,0.82117760181427,0.8000165224075317,0.54008948802948,0.3729671835899353,0.2582509517669678,0.1548684537410736,0.5100043416023254,0.32068368792533875,0.19539257884025574,0.08174166083335876,0.5394089221954346,0.4008142650127411,0.30942654609680176,0.21937957406044006,0.6072401404380798,0.6055481433868408,0.6882099509239197,0.7623674273490906,trishool,right,,,,,,,,,,,,,,,,,,,,,,,,,,,,,,,,,,,,,,,,,,,494
0.5805395841598511,0.6218505501747131,0.5900896787643433,0.4100039601325989,0.2577553391456604,0.5938734412193298,0.5949195027351379,0.5874384641647339,0.5828043818473816,0.49586057662963867,0.44627702236175537,0.40983638167381287,0.38923150300979614,0.4205947518348694,0.2958564758300781,0.20980030298233032,0.16813337802886963,0.3581993579864502,0.2846931219100952,0.2764030694961548,0.31096410751342773,0.8360047340393066,0.8491395711898804,0.8226015567779541,0.82117760181427,0.8000165224075317,0.54008948802948,0.3729671835899353,0.2582509517669678,0.1548684537410736,0.5100043416023254,0.32068368792533875,0.19539257884025574,0.08174166083335876,0.5394089221954346,0.4008142650127411,0.30942654609680176,0.21937957406044006,0.6072401404380798,0.6055481433868408,0.6882099509239197,0.7623674273490906,trishool,right,,,,,,,,,,,,,,,,,,,,,,,,,,,,,,,,,,,,,,,,,,,495
0.5134114623069763,0.6233295202255249,0.6760097742080688,0.5653661489486694,0.44623345136642456,0.6224151849746704,0.6677853465080261,0.6906011700630188,0.7115042209625244,0.5233306884765625,0.5272926092147827,0.5266687870025635,0.5334125757217407,0.4430108368396759,0.39310887455940247,0.3636065721511841,0.34778037667274475,0.37154415249824524,0.3790377974510193,0.4264085590839386,0.46559205651283264,0.848246693611145,0.8279561996459961,0.7753799557685852,0.7151476740837097,0.6713225841522217,0.5463369488716125,0.39800578355789185,0.3110181391239166,0.22766849398612976,0.5391715168952942,0.3734383285045624,0.26815494894981384,0.1771468222141266,0.5781587362289429,0.44508787989616394,0.35040900111198425,0.2602717876434326,0.6566851139068604,0.6150952577590942,0.6628990173339844,0.7182037830352783,trishool,right,,,,,,,,,,,,,,,,,,,,,,,,,,,,,,,,,,,,,,,,,,,496
0.5134114623069763,0.6233295202255249,0.6760097742080688,0.5653661489486694,0.44623345136642456,0.6224151849746704,0.6677853465080261,0.6906011700630188,0.7115042209625244,0.5233306884765625,0.5272926092147827,0.5266687870025635,0.5334125757217407,0.4430108368396759,0.39310887455940247,0.3636065721511841,0.34778037667274475,0.37154415249824524,0.3790377974510193,0.4264085590839386,0.46559205651283264,0.848246693611145,0.8279561996459961,0.7753799557685852,0.7151476740837097,0.6713225841522217,0.5463369488716125,0.39800578355789185,0.3110181391239166,0.22766849398612976,0.5391715168952942,0.3734383285045624,0.26815494894981384,0.1771468222141266,0.5781587362289429,0.44508787989616394,0.35040900111198425,0.2602717876434326,0.6566851139068604,0.6150952577590942,0.6628990173339844,0.7182037830352783,trishool,right,,,,,,,,,,,,,,,,,,,,,,,,,,,,,,,,,,,,,,,,,,,497
0.5406680703163147,0.6378686428070068,0.6693844199180603,0.5437601804733276,0.43357861042022705,0.630500078201294,0.6637661457061768,0.6862500905990601,0.7053038477897644,0.531807005405426,0.5316352248191833,0.531332790851593,0.5330672860145569,0.44843894243240356,0.3949466943740845,0.3665446639060974,0.3467370867729187,0.37504440546035767,0.3846389353275299,0.4325088560581207,0.47250810265541077,0.8661706447601318,0.8481902480125427,0.7763957977294922,0.7229478359222412,0.6672472357749939,0.5435436367988586,0.3943043351173401,0.30204200744628906,0.21429443359375,0.5337747931480408,0.3650217354297638,0.25523316860198975,0.15943574905395508,0.5733007192611694,0.4355820119380951,0.33688318729400635,0.24393412470817566,0.6479923725128174,0.638300359249115,0.7022366523742676,0.7572545409202576,trishool,right,,,,,,,,,,,,,,,,,,,,,,,,,,,,,,,,,,,,,,,,,,,498
0.5406680703163147,0.6378686428070068,0.6693844199180603,0.5437601804733276,0.43357861042022705,0.630500078201294,0.6637661457061768,0.6862500905990601,0.7053038477897644,0.531807005405426,0.5316352248191833,0.531332790851593,0.5330672860145569,0.44843894243240356,0.3949466943740845,0.3665446639060974,0.3467370867729187,0.37504440546035767,0.3846389353275299,0.4325088560581207,0.47250810265541077,0.8661706447601318,0.8481902480125427,0.7763957977294922,0.7229478359222412,0.6672472357749939,0.5435436367988586,0.3943043351173401,0.30204200744628906,0.21429443359375,0.5337747931480408,0.3650217354297638,0.25523316860198975,0.15943574905395508,0.5733007192611694,0.4355820119380951,0.33688318729400635,0.24393412470817566,0.6479923725128174,0.638300359249115,0.7022366523742676,0.7572545409202576,trishool,right,,,,,,,,,,,,,,,,,,,,,,,,,,,,,,,,,,,,,,,,,,,499
0.5796142816543579,0.6213518977165222,0.5927740335464478,0.41107672452926636,0.2590167820453644,0.6020826101303101,0.5958630442619324,0.5839043259620667,0.5744539499282837,0.49956369400024414,0.4475649893283844,0.4101559817790985,0.38951826095581055,0.42075416445732117,0.2986019253730774,0.2120233178138733,0.17057135701179504,0.35526561737060547,0.28276705741882324,0.2739538252353668,0.3099272847175598,0.8422871828079224,0.8535398840904236,0.8261920213699341,0.8264175057411194,0.8054026365280151,0.5395898818969727,0.3692565858364105,0.2531787157058716,0.1460084617137909,0.5098659992218018,0.3164278268814087,0.18955877423286438,0.07606983184814453,0.5393032431602478,0.40234777331352234,0.3081836700439453,0.2167857587337494,0.6084859371185303,0.6097058057785034,0.6961395740509033,0.7769210338592529,trishool,right,,,,,,,,,,,,,,,,,,,,,,,,,,,,,,,,,,,,,,,,,,,500
0.894681453704834,0.9226442575454712,0.8989608287811279,0.8973617553710938,0.8679438829421997,0.5632449984550476,0.3847038745880127,0.2894578278064728,0.20015856623649597,0.5098670721054077,0.2876487672328949,0.13263720273971558,-0.014029592275619507,0.5396896600723267,0.3649907112121582,0.26153355836868286,0.15998953580856323,0.6194847822189331,0.6066612601280212,0.705303430557251,0.7902241349220276,0.4355379045009613,0.4022921025753021,0.4280928075313568,0.5707212686538696,0.6964136362075806,0.41874420642852783,0.4158586859703064,0.4172552525997162,0.4048411548137665,0.4999155104160309,0.5391967296600342,0.5677400827407837,0.5776183009147644,0.5628717541694641,0.6646163463592529,0.7302609086036682,0.7599650621414185,0.6114367246627808,0.6661690473556519,0.6705002784729004,0.6425016522407532,trishool,right,,,,,,,,,,,,,,,,,,,,,,,,,,,,,,,,,,,,,,,,,,,501
0.5193803906440735,0.5437468886375427,0.5368717908859253,0.471758097410202,0.4154607951641083,0.5327084064483643,0.5543950200080872,0.5659939646720886,0.5729680061340332,0.4764097332954407,0.47019875049591064,0.46435055136680603,0.45971694588661194,0.43377479910850525,0.38353487849235535,0.3573279082775116,0.3417508602142334,0.40164464712142944,0.38171806931495667,0.39931273460388184,0.42111414670944214,0.6531236171722412,0.6417477130889893,0.6164610981941223,0.5889168381690979,0.5558271408081055,0.4488438367843628,0.3410378694534302,0.27397724986076355,0.2136087417602539,0.45017558336257935,0.32611653208732605,0.24608908593654633,0.1781410276889801,0.47724008560180664,0.3824673295021057,0.320218563079834,0.26653677225112915,0.5223470330238342,0.4864877164363861,0.510497510433197,0.5433490872383118,trishool,right,,,,,,,,,,,,,,,,,,,,,,,,,,,,,,,,,,,,,,,,,,,502
0.5201647281646729,0.5442337393760681,0.5388217568397522,0.47122886776924133,0.4131959080696106,0.5366668701171875,0.5573904514312744,0.567914605140686,0.5753210783004761,0.4794287085533142,0.47077423334121704,0.4644269645214081,0.4615677297115326,0.4355910122394562,0.38540488481521606,0.3595333695411682,0.3450717628002167,0.4029718339443207,0.38258975744247437,0.3989182710647583,0.4202258586883545,0.648349404335022,0.6375628113746643,0.6134321689605713,0.587888240814209,0.5562379360198975,0.4469323456287384,0.3404352068901062,0.27337974309921265,0.21269218623638153,0.448034405708313,0.3262842297554016,0.24712754786014557,0.1787048578262329,0.4760648310184479,0.379942387342453,0.318580687046051,0.26599276065826416,0.5233293175697327,0.484980046749115,0.5070855617523193,0.5383521318435669,trishool,right,,,,,,,,,,,,,,,,,,,,,,,,,,,,,,,,,,,,,,,,,,,503
0.96201491355896,0.8977398872375488,0.8151244521141052,0.7535791397094727,0.7062610387802124,0.5675897002220154,0.41175729036331177,0.3127647042274475,0.22677001357078552,0.5549939274787903,0.3661431074142456,0.25476929545402527,0.16974353790283203,0.5971121191978455,0.44009560346603394,0.3414056897163391,0.26827284693717957,0.6771499514579773,0.6226884722709656,0.6528788805007935,0.6970134377479553,0.5181876420974731,0.4586929976940155,0.4381486177444458,0.5147403478622437,0.5884164571762085,0.45518627762794495,0.4213995933532715,0.40044254064559937,0.382240891456604,0.532051682472229,0.5253878235816956,0.516071081161499,0.5044529438018799,0.591562807559967,0.6405590176582336,0.6587222814559937,0.6698997020721436,0.6352639198303223,0.6481648683547974,0.6250852346420288,0.6002049446105957,trishool,right,,,,,,,,,,,,,,,,,,,,,,,,,,,,,,,,,,,,,,,,,,,504
0.4718622863292694,0.5542702078819275,0.5786500573158264,0.4790392518043518,0.3854256272315979,0.5564045310020447,0.5945677161216736,0.6165607571601868,0.6365020275115967,0.4657585620880127,0.47248324751853943,0.48134228587150574,0.49262535572052,0.3926299214363098,0.33350884914398193,0.3112187385559082,0.29738444089889526,0.3366486430168152,0.2988862097263336,0.30653607845306396,0.3166183531284332,0.9124158024787903,0.8505585789680481,0.7773042917251587,0.7109740376472473,0.668340802192688,0.5599936842918396,0.41626083850860596,0.3280707895755768,0.25089365243911743,0.5483626127243042,0.38186922669410706,0.28378981351852417,0.21034985780715942,0.5873629450798035,0.4491230249404907,0.36491143703460693,0.30122697353363037,0.6619558930397034,0.6162502765655518,0.6349456310272217,0.669177770614624,trishool,right,,,,,,,,,,,,,,,,,,,,,,,,,,,,,,,,,,,,,,,,,,,505
,,,,,,,,,,,,,,,,,,,,,,,,,,,,,,,,,,,,,,,,,,chatur,left,0.46151015162467957,0.44117578864097595,0.4207190275192261,0.43692076206207275,0.4815222918987274,0.3265800178050995,0.3952799439430237,0.46001988649368286,0.5235400199890137,0.4138161540031433,0.4836201071739197,0.5480804443359375,0.6026427149772644,0.5054657459259033,0.5609320998191833,0.6148488521575928,0.6549260020256042,0.5828492641448975,0.6189415454864502,0.6501986980438232,0.6763713955879211,0.7028744220733643,0.6862518787384033,0.6032984852790833,0.507614016532898,0.4203392267227173,0.4318958520889282,0.33012962341308594,0.25912249088287354,0.19579200446605682,0.4031601548194885,0.29537835717201233,0.22726082801818848,0.15637549757957458,0.3932007849216461,0.2888658344745636,0.22701618075370789,0.16387183964252472,0.3939898908138275,0.301578551530838,0.24399901926517487,0.18942703306674957,506
,,,,,,,,,,,,,,,,,,,,,,,,,,,,,,,,,,,,,,,,,,chatur,left,0.2580602467060089,0.2839159369468689,0.387532114982605,0.49385130405426025,0.5868573784828186,0.5812062621116638,0.7004331946372986,0.7842572331428528,0.8604843020439148,0.6114881634712219,0.7364580035209656,0.8199870586395264,0.9105364084243774,0.6191158890724182,0.7418162822723389,0.8208284378051758,0.9045059084892273,0.6146849989891052,0.7219875454902649,0.7910621166229248,0.8609458208084106,0.46681734919548035,0.44758832454681396,0.431801438331604,0.44441965222358704,0.4819178283214569,0.3518153131008148,0.41303953528404236,0.4686509370803833,0.5223551392555237,0.42521974444389343,0.4855960011482239,0.5405557751655579,0.5880433320999146,0.5013784766197205,0.5479763150215149,0.5934340953826904,0.6266882419586182,0.5666553378105164,0.5975509285926819,0.6228864789009094,0.6442437767982483,507
0.8527795076370239,0.6709803342819214,0.45382702350616455,0.35161224007606506,0.41731977462768555,0.348782479763031,0.23123480379581451,0.19003577530384064,0.1835993528366089,0.3651033043861389,0.24707742035388947,0.20115996897220612,0.18645396828651428,0.4166889488697052,0.30628666281700134,0.24665690958499908,0.2254728078842163,0.4896869361400604,0.34836480021476746,0.23858323693275452,0.15683750808238983,0.3818637430667877,0.24211210012435913,0.24773302674293518,0.4062260389328003,0.5807079672813416,0.33783772587776184,0.3826187551021576,0.41346579790115356,0.44134485721588135,0.4629691243171692,0.5196620225906372,0.5411513447761536,0.5590765476226807,0.571429967880249,0.636327862739563,0.634956955909729,0.6375082731246948,0.67521733045578,0.7602477073669434,0.8161947727203369,0.861935019493103,chatur,right,,,,,,,,,,,,,,,,,,,,,,,,,,,,,,,,,,,,,,,,,,,508
0.8579168319702148,0.6722326278686523,0.45309537649154663,0.3512186110019684,0.4194604754447937,0.3492424190044403,0.23007553815841675,0.1903991401195526,0.18355001509189606,0.365879625082016,0.24837669730186462,0.2018738090991974,0.1836727410554886,0.4179767072200775,0.3077675998210907,0.2473779022693634,0.2240999937057495,0.4909026622772217,0.3487703502178192,0.23775404691696167,0.15543247759342194,0.3815614879131317,0.24025143682956696,0.24790795147418976,0.40442463755607605,0.5796951055526733,0.33553940057754517,0.380420446395874,0.4115007817745209,0.43892934918403625,0.460213840007782,0.5178743004798889,0.539156436920166,0.5561425089836121,0.5688691735267639,0.6341872215270996,0.6327306628227234,0.6347599029541016,0.6741338968276978,0.7598962783813477,0.8161956071853638,0.8617562055587769,chatur,right,,,,,,,,,,,,,,,,,,,,,,,,,,,,,,,,,,,,,,,,,,,509
0.34824293851852417,0.45959532260894775,0.5406628251075745,0.5171453952789307,0.43869906663894653,0.5257452726364136,0.5740218758583069,0.5893148183822632,0.5884804129600525,0.46510839462280273,0.524137556552887,0.5445560812950134,0.5516992211341858,0.3950737714767456,0.4424186944961548,0.48148033022880554,0.5097005367279053,0.308822900056839,0.3112092614173889,0.32030194997787476,0.32747870683670044,0.7251315712928772,0.6653226017951965,0.565111517906189,0.4744253158569336,0.4271697402000427,0.43050315976142883,0.32419902086257935,0.2514304220676422,0.18283776938915253,0.4026753902435303,0.29603031277656555,0.2245355099439621,0.15196266770362854,0.401544451713562,0.29784491658210754,0.23403984308242798,0.1688329577445984,0.4163278639316559,0.28793081641197205,0.1981731355190277,0.11461254954338074,chatur,right,,,,,,,,,,,,,,,,,,,,,,,,,,,,,,,,,,,,,,,,,,,510
0.7087276577949524,0.6481623649597168,0.556884765625,0.47422537207603455,0.4352283179759979,0.4340757727622986,0.3364579379558563,0.27359870076179504,0.21159231662750244,0.410446435213089,0.30868062376976013,0.2392050325870514,0.16958430409431458,0.4105011522769928,0.3131431043148041,0.2546239197254181,0.19451594352722168,0.4252771735191345,0.3051372170448303,0.22294463217258453,0.1463543176651001,0.65650874376297,0.5365182757377625,0.4535524845123291,0.48669004440307617,0.5756164789199829,0.4774099290370941,0.4231741428375244,0.4059174656867981,0.4016783535480499,0.5441902279853821,0.4829099476337433,0.4586491286754608,0.4455335736274719,0.6179322004318237,0.5654711723327637,0.5221813917160034,0.4890916049480438,0.705643892288208,0.7009509801864624,0.6917494535446167,0.6844891309738159,chatur,right,,,,,,,,,,,,,,,,,,,,,,,,,,,,,,,,,,,,,,,,,,,511
0.7404888868331909,0.6185963153839111,0.4830681383609772,0.37565794587135315,0.3044886589050293,0.46385622024536133,0.3418705463409424,0.2679712176322937,0.20534783601760864,0.4818789064884186,0.33411142230033875,0.24980266392230988,0.1796707659959793,0.5009883046150208,0.35881757736206055,0.26762741804122925,0.19364674389362335,0.51454758644104,0.41390159726142883,0.3427857756614685,0.28150904178619385,0.45540210604667664,0.4569670557975769,0.48740532994270325,0.5609952211380005,0.6226522922515869,0.4514355957508087,0.46795663237571716,0.4794529676437378,0.496694415807724,0.4472949206829071,0.4420241713523865,0.45262694358825684,0.47224488854408264,0.4753108024597168,0.4711441993713379,0.4690611660480499,0.47593942284584045,0.5414649248123169,0.5453757643699646,0.5274400115013123,0.5133743286132812,chatur,right,,,,,,,,,,,,,,,,,,,,,,,,,,,,,,,,,,,,,,,,,,,512
0.766291081905365,0.6624186038970947,0.532535970211029,0.4239969253540039,0.3410608172416687,0.4911697208881378,0.35467126965522766,0.276794970035553,0.21610450744628906,0.4988434612751007,0.33636656403541565,0.2494434267282486,0.18286500871181488,0.5074223279953003,0.3558686673641205,0.26629501581192017,0.19799086451530457,0.513045072555542,0.3954724371433258,0.3247241973876953,0.26828593015670776,0.40286073088645935,0.5231279134750366,0.5648128390312195,0.5764197111129761,0.5864734053611755,0.47619640827178955,0.4884563088417053,0.5055844783782959,0.5243266820907593,0.38850507140159607,0.41425731778144836,0.4470658004283905,0.488401859998703,0.34203124046325684,0.3977111577987671,0.4385245442390442,0.4850005805492401,0.3375425934791565,0.40499088168144226,0.4406158924102783,0.4748855233192444,chatur,right,,,,,,,,,,,,,,,,,,,,,,,,,,,,,,,,,,,,,,,,,,,513
0.5911357402801514,0.7221014499664307,0.7230764627456665,0.5738685131072998,0.4067745804786682,0.6320086717605591,0.5897667407989502,0.5625140070915222,0.5353816151618958,0.5132914185523987,0.46165287494659424,0.4430631995201111,0.4232387840747833,0.4121582806110382,0.34968337416648865,0.3534342646598816,0.3510957956314087,0.3132898509502411,0.22667261958122253,0.17264175415039062,0.12971562147140503,0.8887101411819458,0.692168116569519,0.45379638671875,0.33559828996658325,0.39636752009391785,0.335910439491272,0.2085619568824768,0.16124728322029114,0.14613077044487,0.3534702956676483,0.22511689364910126,0.1734832376241684,0.1519792526960373,0.4085906147956848,0.29293492436408997,0.22643740475177765,0.19708983600139618,0.486472487449646,0.3350883424282074,0.21536800265312195,0.12322725355625153,chatur,right,,,,,,,,,,,,,,,,,,,,,,,,,,,,,,,,,,,,,,,,,,,514
0.8582086563110352,0.6711491346359253,0.4504888653755188,0.350154310464859,0.4249723553657532,0.342764288187027,0.22798575460910797,0.19069568812847137,0.18800713121891022,0.3593556582927704,0.2377813756465912,0.1953747719526291,0.18853412568569183,0.41240328550338745,0.2994716763496399,0.23968128859996796,0.22383074462413788,0.4886898100376129,0.34662458300590515,0.23531973361968994,0.15568558871746063,0.39163878560066223,0.25093862414360046,0.26154783368110657,0.4258679747581482,0.6014324426651001,0.3570305407047272,0.3990766406059265,0.4270727336406708,0.4520042836666107,0.48613032698631287,0.5390732288360596,0.5590635538101196,0.5758482813835144,0.5980547666549683,0.660373330116272,0.6581844091415405,0.6589654088020325,0.7063726186752319,0.7924239635467529,0.8482993841171265,0.8925366401672363,chatur,right,,,,,,,,,,,,,,,,,,,,,,,,,,,,,,,,,,,,,,,,,,,515
,,,,,,,,,,,,,,,,,,,,,,,,,,,,,,,,,,,,,,,,,,chatur,left,0.45639121532440186,0.4429623484611511,0.4332966208457947,0.45274966955184937,0.4720257818698883,0.328467458486557,0.3993738889694214,0.4639146327972412,0.5224650502204895,0.41432633996009827,0.5018123388290405,0.5666970014572144,0.6172982454299927,0.4992150366306305,0.5646629333496094,0.6196550130844116,0.6576638221740723,0.5669833421707153,0.6094788908958435,0.6409387588500977,0.6660312414169312,0.7200387716293335,0.7055002450942993,0.6216306686401367,0.5217267870903015,0.43362003564834595,0.4370341897010803,0.34439530968666077,0.26855865120887756,0.20197105407714844,0.4085555672645569,0.29831844568252563,0.22606128454208374,0.15275287628173828,0.40208321809768677,0.29287105798721313,0.22520385682582855,0.15954166650772095,0.4085826575756073,0.31476688385009766,0.2567055821418762,0.20211558043956757,516
,,,,,,,,,,,,,,,,,,,,,,,,,,,,,,,,,,,,,,,,,,chatur,left,0.45639121532440186,0.4429623484611511,0.4332966208457947,0.45274966955184937,0.4720257818698883,0.328467458486557,0.3993738889694214,0.4639146327972412,0.5224650502204895,0.41432633996009827,0.5018123388290405,0.5666970014572144,0.6172982454299927,0.4992150366306305,0.5646629333496094,0.6196550130844116,0.6576638221740723,0.5669833421707153,0.6094788908958435,0.6409387588500977,0.6660312414169312,0.7200387716293335,0.7055002450942993,0.6216306686401367,0.5217267870903015,0.43362003564834595,0.4370341897010803,0.34439530968666077,0.26855865120887756,0.20197105407714844,0.4085555672645569,0.29831844568252563,0.22606128454208374,0.15275287628173828,0.40208321809768677,0.29287105798721313,0.22520385682582855,0.15954166650772095,0.4085826575756073,0.31476688385009766,0.2567055821418762,0.20211558043956757,517
,,,,,,,,,,,,,,,,,,,,,,,,,,,,,,,,,,,,,,,,,,chatur,left,0.22004434466362,0.2538328170776367,0.3547969460487366,0.46436652541160583,0.5616906881332397,0.5416851043701172,0.6470102667808533,0.7284806966781616,0.8029693365097046,0.5763238668441772,0.6961348652839661,0.7774941921234131,0.8586241006851196,0.5831066966056824,0.7074906229972839,0.7873512506484985,0.8642363548278809,0.5703732967376709,0.6829290986061096,0.7583478689193726,0.8291301131248474,0.4722205400466919,0.4503520727157593,0.4285648465156555,0.4540896713733673,0.49953728914260864,0.3471881151199341,0.4006013870239258,0.4573180675506592,0.5104010701179504,0.42674022912979126,0.48527541756629944,0.5358360409736633,0.5781146287918091,0.5069970488548279,0.553058922290802,0.5944172739982605,0.6242899298667908,0.5750816464424133,0.6098729968070984,0.6352490186691284,0.6538140773773193,518
,,,,,,,,,,,,,,,,,,,,,,,,,,,,,,,,,,,,,,,,,,chatur,left,0.45307788252830505,0.433319091796875,0.4208378791809082,0.4527527689933777,0.5051649808883667,0.3331710696220398,0.396898090839386,0.4557799994945526,0.5125314593315125,0.42026185989379883,0.49233531951904297,0.5500043034553528,0.6024282574653625,0.5060492157936096,0.5569704174995422,0.6055440306663513,0.6428234577178955,0.5759618878364563,0.6119340658187866,0.6402782201766968,0.6643977165222168,0.7534438371658325,0.7162888050079346,0.6189854145050049,0.5166943669319153,0.4321392774581909,0.46743983030319214,0.37096041440963745,0.28952449560165405,0.2155652791261673,0.44363662600517273,0.33350875973701477,0.25040584802627563,0.16635838150978088,0.44134044647216797,0.3249458074569702,0.24365204572677612,0.16546058654785156,0.4523938000202179,0.34795451164245605,0.27753496170043945,0.21194520592689514,519
,,,,,,,,,,,,,,,,,,,,,,,,,,,,,,,,,,,,,,,,,,soochi,left,0.5512621998786926,0.540255606174469,0.5264589190483093,0.5145169496536255,0.5044690370559692,0.5176692605018616,0.5030989646911621,0.4929767847061157,0.48557785153388977,0.5176295638084412,0.5033693313598633,0.49397432804107666,0.48720890283584595,0.5183400511741638,0.5039136409759521,0.4964786767959595,0.4923469126224518,0.5195861458778381,0.5081772804260254,0.5045020580291748,0.5037211179733276,0.33780768513679504,0.335064560174942,0.3286985158920288,0.32332709431648254,0.32048022747039795,0.3045711815357208,0.28681114315986633,0.27236825227737427,0.2586715817451477,0.30402302742004395,0.29066067934036255,0.2764590084552765,0.26265597343444824,0.3057263195514679,0.2975820302963257,0.28777095675468445,0.27607402205467224,0.31112995743751526,0.312126487493515,0.3114871382713318,0.30869588255882263,520
,,,,,,,,,,,,,,,,,,,,,,,,,,,,,,,,,,,,,,,,,,soochi,left,0.5512621998786926,0.540255606174469,0.5264589190483093,0.5145169496536255,0.5044690370559692,0.5176692605018616,0.5030989646911621,0.4929767847061157,0.48557785153388977,0.5176295638084412,0.5033693313598633,0.49397432804107666,0.48720890283584595,0.5183400511741638,0.5039136409759521,0.4964786767959595,0.4923469126224518,0.5195861458778381,0.5081772804260254,0.5045020580291748,0.5037211179733276,0.33780768513679504,0.335064560174942,0.3286985158920288,0.32332709431648254,0.32048022747039795,0.3045711815357208,0.28681114315986633,0.27236825227737427,0.2586715817451477,0.30402302742004395,0.29066067934036255,0.2764590084552765,0.26265597343444824,0.3057263195514679,0.2975820302963257,0.28777095675468445,0.27607402205467224,0.31112995743751526,0.312126487493515,0.3114871382713318,0.30869588255882263,521
,,,,,,,,,,,,,,,,,,,,,,,,,,,,,,,,,,,,,,,,,,soochi,left,0.6040840148925781,0.5932554006576538,0.5901955962181091,0.5927476286888123,0.5989430546760559,0.598404586315155,0.6016107201576233,0.6052036285400391,0.6076540946960449,0.6076187491416931,0.6105812191963196,0.6085885167121887,0.6042563319206238,0.6170252561569214,0.622821033000946,0.6222097873687744,0.6194925904273987,0.6256738305091858,0.6326525807380676,0.6358452439308167,0.6373850703239441,0.20990200340747833,0.1847352385520935,0.15052281320095062,0.1249474585056305,0.1102733239531517,0.12344507873058319,0.09471303969621658,0.07703222334384918,0.06651704758405685,0.12525005638599396,0.09572657942771912,0.089822918176651,0.09457235783338547,0.13091285526752472,0.1028490662574768,0.09512506425380707,0.09605196118354797,0.14059250056743622,0.11908505111932755,0.10277301073074341,0.09105098247528076,522
,,,,,,,,,,,,,,,,,,,,,,,,,,,,,,,,,,,,,,,,,,soochi,left,0.3361496925354004,0.3234165906906128,0.3046840727329254,0.29024291038513184,0.28170809149742126,0.2887416481971741,0.27162763476371765,0.26187390089035034,0.2569066286087036,0.2890395224094391,0.2747538387775421,0.2702070474624634,0.27057263255119324,0.2918388843536377,0.2781250774860382,0.2725878357887268,0.27112698554992676,0.29684892296791077,0.2850461006164551,0.27656081318855286,0.27012431621551514,0.31229695677757263,0.3315243721008301,0.3387982249259949,0.33598989248275757,0.32693302631378174,0.3260956108570099,0.3218827247619629,0.3155279755592346,0.3113504946231842,0.30789291858673096,0.30601948499679565,0.3062547445297241,0.3099433183670044,0.2898237407207489,0.28276219964027405,0.281000018119812,0.2828913629055023,0.27284005284309387,0.26236680150032043,0.2574189007282257,0.25561124086380005,523
0.44553953409194946,0.4639045298099518,0.4713476002216339,0.4746631681919098,0.4785783886909485,0.45961472392082214,0.46643123030662537,0.4687322974205017,0.46782147884368896,0.4564085006713867,0.4562499523162842,0.45895418524742126,0.459575355052948,0.45407214760780334,0.4533909857273102,0.45643484592437744,0.4580916166305542,0.4538118243217468,0.45346614718437195,0.4549700915813446,0.4558248221874237,0.6523451805114746,0.6386669874191284,0.6175718903541565,0.6003689169883728,0.5858102440834045,0.5847870707511902,0.5688322186470032,0.583469033241272,0.5981857180595398,0.5822160840034485,0.5535067319869995,0.5383564233779907,0.5261135697364807,0.5849749445915222,0.5555644631385803,0.5400454998016357,0.529232382774353,0.592704176902771,0.5708011984825134,0.5553926825523376,0.5430709719657898,soochi,right,,,,,,,,,,,,,,,,,,,,,,,,,,,,,,,,,,,,,,,,,,,524
0.5844969153404236,0.5778457522392273,0.564620316028595,0.5545733571052551,0.5456416606903076,0.546467125415802,0.5395047068595886,0.5489615797996521,0.5580431222915649,0.5442287921905518,0.5304436087608337,0.5224893689155579,0.5157289505004883,0.5452942848205566,0.5297319889068604,0.5197778344154358,0.5116977095603943,0.5491625070571899,0.5377539992332458,0.5291624069213867,0.5218455195426941,0.5930949449539185,0.5632707476615906,0.548864483833313,0.540708065032959,0.5333123803138733,0.5710504055023193,0.5564585328102112,0.5534326434135437,0.555907666683197,0.5780048966407776,0.5771893858909607,0.5742733478546143,0.5736475586891174,0.5833820700645447,0.5824088454246521,0.5786800980567932,0.5756824612617493,0.5858821868896484,0.5864199995994568,0.5851635336875916,0.5837832093238831,soochi,right,,,,,,,,,,,,,,,,,,,,,,,,,,,,,,,,,,,,,,,,,,,525
0.40292367339134216,0.4204169809818268,0.4323357939720154,0.43650132417678833,0.4340873956680298,0.42146456241607666,0.4198704659938812,0.4181920289993286,0.4159153699874878,0.4120771288871765,0.42098045349121094,0.4243742525577545,0.42425182461738586,0.4034237265586853,0.4128769040107727,0.4172112047672272,0.4183501601219177,0.3953917622566223,0.4011984169483185,0.40761828422546387,0.41262924671173096,0.6560146808624268,0.6423450708389282,0.6210905313491821,0.6035012006759644,0.593521773815155,0.5797488689422607,0.5495217442512512,0.5298753380775452,0.5150331258773804,0.5802894234657288,0.5757348537445068,0.5945430994033813,0.6117078065872192,0.5858699083328247,0.5799800157546997,0.5940713286399841,0.6087871789932251,0.5954495072364807,0.585533082485199,0.5873793959617615,0.5919922590255737,soochi,right,,,,,,,,,,,,,,,,,,,,,,,,,,,,,,,,,,,,,,,,,,,526
0.40292367339134216,0.4204169809818268,0.4323357939720154,0.43650132417678833,0.4340873956680298,0.42146456241607666,0.4198704659938812,0.4181920289993286,0.4159153699874878,0.4120771288871765,0.42098045349121094,0.4243742525577545,0.42425182461738586,0.4034237265586853,0.4128769040107727,0.4172112047672272,0.4183501601219177,0.3953917622566223,0.4011984169483185,0.40761828422546387,0.41262924671173096,0.6560146808624268,0.6423450708389282,0.6210905313491821,0.6035012006759644,0.593521773815155,0.5797488689422607,0.5495217442512512,0.5298753380775452,0.5150331258773804,0.5802894234657288,0.5757348537445068,0.5945430994033813,0.6117078065872192,0.5858699083328247,0.5799800157546997,0.5940713286399841,0.6087871789932251,0.5954495072364807,0.585533082485199,0.5873793959617615,0.5919922590255737,soochi,right,,,,,,,,,,,,,,,,,,,,,,,,,,,,,,,,,,,,,,,,,,,527
,,,,,,,,,,,,,,,,,,,,,,,,,,,,,,,,,,,,,,,,,,soochi,left,0.5216760635375977,0.5174190998077393,0.5075681805610657,0.4965781569480896,0.48650383949279785,0.5094663500785828,0.49533241987228394,0.4853834807872772,0.47644659876823425,0.5089917182922363,0.49246883392333984,0.4810835123062134,0.4707162380218506,0.5089071989059448,0.49312084913253784,0.48168423771858215,0.4721524715423584,0.5095282793045044,0.49562719464302063,0.4863349199295044,0.47844886779785156,0.7077292203903198,0.6720360517501831,0.6454022526741028,0.6299805045127869,0.6230396032333374,0.6522539854049683,0.6440370678901672,0.641851544380188,0.6400832533836365,0.6682019829750061,0.6650663018226624,0.6635258197784424,0.6632869839668274,0.6832241415977478,0.6822502017021179,0.6801904439926147,0.6777715086936951,0.696974515914917,0.6980751752853394,0.6978895664215088,0.697342574596405,528
0.38456273078918457,0.40564170479774475,0.419089674949646,0.42665427923202515,0.42985114455223083,0.41751834750175476,0.42148661613464355,0.42248696088790894,0.42215394973754883,0.4116272032260895,0.4140222370624542,0.41606706380844116,0.41619229316711426,0.4054568111896515,0.4067595899105072,0.4080895185470581,0.4084659218788147,0.39855390787124634,0.3986490070819855,0.39926740527153015,0.39949753880500793,0.5373155474662781,0.5303397178649902,0.5117899179458618,0.4927123188972473,0.47574514150619507,0.49095699191093445,0.46682876348495483,0.45990878343582153,0.4548068046569824,0.4902253746986389,0.46251243352890015,0.45232921838760376,0.44287848472595215,0.4936273694038391,0.46706652641296387,0.45523712038993835,0.44561967253685,0.5006565451622009,0.47739315032958984,0.46387770771980286,0.45184850692749023,soochi,right,,,,,,,,,,,,,,,,,,,,,,,,,,,,,,,,,,,,,,,,,,,529
0.4388868510723114,0.4581057131290436,0.4663051664829254,0.46846258640289307,0.4669184684753418,0.46229684352874756,0.4651155471801758,0.4693971574306488,0.4711776077747345,0.457216739654541,0.4582446217536926,0.46288666129112244,0.46416786313056946,0.4528786242008209,0.45428285002708435,0.4585970640182495,0.4595373272895813,0.4487033784389496,0.4484955966472626,0.45215561985969543,0.4543761610984802,0.636684238910675,0.6204718947410583,0.6006449460983276,0.5838664174079895,0.5711248517036438,0.5687159895896912,0.5419341325759888,0.5446212291717529,0.5535445809364319,0.5673885345458984,0.5390243530273438,0.5427270531654358,0.553889274597168,0.5683595538139343,0.5413150787353516,0.5419245362281799,0.5514432787895203,0.573165774345398,0.550345242023468,0.547071635723114,0.5512754321098328,soochi,right,,,,,,,,,,,,,,,,,,,,,,,,,,,,,,,,,,,,,,,,,,,530
0.42401188611984253,0.43264704942703247,0.4444630742073059,0.45285648107528687,0.45963597297668457,0.46575024724006653,0.4793807864189148,0.47751379013061523,0.47121691703796387,0.4659315347671509,0.47944551706314087,0.4782051742076874,0.4719648063182831,0.46474501490592957,0.478949636220932,0.47912129759788513,0.47384846210479736,0.46124333143234253,0.47337770462036133,0.477776437997818,0.47735726833343506,0.40200692415237427,0.43194082379341125,0.44445517659187317,0.45318958163261414,0.4597775936126709,0.42401984333992004,0.4246356189250946,0.4370461404323578,0.4441733956336975,0.4172164797782898,0.41862425208091736,0.43345919251441956,0.4412686228752136,0.41233158111572266,0.4140719175338745,0.4276326596736908,0.43598031997680664,0.40951234102249146,0.4081765413284302,0.4157635271549225,0.4223324656486511,soochi,right,,,,,,,,,,,,,,,,,,,,,,,,,,,,,,,,,,,,,,,,,,,531
,,,,,,,,,,,,,,,,,,,,,,,,,,,,,,,,,,,,,,,,,,soochi,left,0.4609762728214264,0.4747256636619568,0.48902207612991333,0.5008475184440613,0.5103164315223694,0.49591124057769775,0.5144410729408264,0.5264825820922852,0.5353079438209534,0.4967392086982727,0.5160115957260132,0.527879536151886,0.5364537239074707,0.497514933347702,0.5153650045394897,0.5270345211029053,0.535019040107727,0.4975796639919281,0.5119267702102661,0.5206924676895142,0.5268939733505249,0.3606114685535431,0.3641529083251953,0.36513620615005493,0.35978367924690247,0.35324540734291077,0.3890194594860077,0.38019701838493347,0.3694339990615845,0.3590691387653351,0.38793227076530457,0.3749926686286926,0.3616229295730591,0.3484938442707062,0.38475874066352844,0.3726717531681061,0.3594486713409424,0.3465551733970642,0.37958386540412903,0.3700683116912842,0.3604816794395447,0.35028016567230225,532
,,,,,,,,,,,,,,,,,,,,,,,,,,,,,,,,,,,,,,,,,,soochi,left,0.2640746831893921,0.24868281185626984,0.23865897953510284,0.23753118515014648,0.24228985607624054,0.24323591589927673,0.24324250221252441,0.24699364602565765,0.2500123083591461,0.25432726740837097,0.25441962480545044,0.2558712959289551,0.25713402032852173,0.2635999619960785,0.26589998602867126,0.2649097740650177,0.26372867822647095,0.2718924582004547,0.2726329267024994,0.27209872007369995,0.27136972546577454,0.6756923198699951,0.6702685356140137,0.6524665355682373,0.6269102096557617,0.6057354211807251,0.6060413122177124,0.580856204032898,0.593156099319458,0.6059771180152893,0.6016998291015625,0.5796653032302856,0.6044659614562988,0.6247918009757996,0.6026175022125244,0.5881050825119019,0.6098862290382385,0.6260640621185303,0.6064139008522034,0.5800730586051941,0.568598747253418,0.5588686466217041,533
,,,,,,,,,,,,,,,,,,,,,,,,,,,,,,,,,,,,,,,,,,soochi,left,0.5879098773002625,0.5943015813827515,0.5910817980766296,0.5800075531005859,0.570166826248169,0.5733233690261841,0.5615524649620056,0.5548548698425293,0.5489795207977295,0.5643541812896729,0.5494391918182373,0.555590033531189,0.5635927319526672,0.5592504739761353,0.5488819479942322,0.5565598011016846,0.5639596581459045,0.557935357093811,0.5429027676582336,0.5330570936203003,0.5242699980735779,0.902798056602478,0.9211940169334412,0.9362496733665466,0.9350942373275757,0.9276946783065796,0.9557967185974121,0.9582685828208923,0.9574050903320312,0.9570693373680115,0.9401859045028687,0.9406846165657043,0.9353848695755005,0.9302381277084351,0.9234218597412109,0.9163596034049988,0.9133004546165466,0.9129142165184021,0.9061440229415894,0.9014424085617065,0.9012134671211243,0.9022855758666992,534
0.654172420501709,0.6634230613708496,0.6417495608329773,0.5587257742881775,0.47425174713134766,0.42834100127220154,0.2968074083328247,0.20433315634727478,0.112591952085495,0.3780151903629303,0.30066758394241333,0.4248404800891876,0.4908501207828522,0.35349413752555847,0.2723461091518402,0.3842112720012665,0.4477420449256897,0.35971799492836,0.27965593338012695,0.3631988763809204,0.4197799563407898,0.7492684125900269,0.6155755519866943,0.518684983253479,0.5396757125854492,0.607111930847168,0.36493560671806335,0.2502257227897644,0.17299409210681915,0.11604875326156616,0.47621238231658936,0.41282767057418823,0.5226699709892273,0.5582113265991211,0.5827150344848633,0.5357968807220459,0.6021634936332703,0.623102068901062,0.694952130317688,0.6656332015991211,0.6900155544281006,0.6933172941207886,soochi,right,,,,,,,,,,,,,,,,,,,,,,,,,,,,,,,,,,,,,,,,,,,535
0.654172420501709,0.6634230613708496,0.6417495608329773,0.5587257742881775,0.47425174713134766,0.42834100127220154,0.2968074083328247,0.20433315634727478,0.112591952085495,0.3780151903629303,0.30066758394241333,0.4248404800891876,0.4908501207828522,0.35349413752555847,0.2723461091518402,0.3842112720012665,0.4477420449256897,0.35971799492836,0.27965593338012695,0.3631988763809204,0.4197799563407898,0.7492684125900269,0.6155755519866943,0.518684983253479,0.5396757125854492,0.607111930847168,0.36493560671806335,0.2502257227897644,0.17299409210681915,0.11604875326156616,0.47621238231658936,0.41282767057418823,0.5226699709892273,0.5582113265991211,0.5827150344848633,0.5357968807220459,0.6021634936332703,0.623102068901062,0.694952130317688,0.6656332015991211,0.6900155544281006,0.6933172941207886,soochi,right,,,,,,,,,,,,,,,,,,,,,,,,,,,,,,,,,,,,,,,,,,,536
,,,,,,,,,,,,,,,,,,,,,,,,,,,,,,,,,,,,,,,,,,tamrachud,left,0.6069104075431824,0.5450254082679749,0.46663570404052734,0.4370415210723877,0.4654126763343811,0.42095476388931274,0.3668628931045532,0.33912038803100586,0.32701587677001953,0.46380895376205444,0.4411255121231079,0.4856944978237152,0.5155799984931946,0.5111828446388245,0.492766797542572,0.5289914608001709,0.5556760430335999,0.5635666847229004,0.5477736592292786,0.5678815245628357,0.5854537487030029,0.8472446203231812,0.8850793838500977,0.830269992351532,0.6992461085319519,0.5950555205345154,0.7272173762321472,0.6489708423614502,0.5825273990631104,0.5498803853988647,0.6631782054901123,0.5831212997436523,0.672359049320221,0.7436973452568054,0.623394787311554,0.5492260456085205,0.6636677980422974,0.7431595325469971,0.5973040461540222,0.5554437041282654,0.6390973329544067,0.6965768337249756,537
,,,,,,,,,,,,,,,,,,,,,,,,,,,,,,,,,,,,,,,,,,tamrachud,left,0.6069104075431824,0.5450254082679749,0.46663570404052734,0.4370415210723877,0.4654126763343811,0.42095476388931274,0.3668628931045532,0.33912038803100586,0.32701587677001953,0.46380895376205444,0.4411255121231079,0.4856944978237152,0.5155799984931946,0.5111828446388245,0.492766797542572,0.5289914608001709,0.5556760430335999,0.5635666847229004,0.5477736592292786,0.5678815245628357,0.5854537487030029,0.8472446203231812,0.8850793838500977,0.830269992351532,0.6992461085319519,0.5950555205345154,0.7272173762321472,0.6489708423614502,0.5825273990631104,0.5498803853988647,0.6631782054901123,0.5831212997436523,0.672359049320221,0.7436973452568054,0.623394787311554,0.5492260456085205,0.6636677980422974,0.7431595325469971,0.5973040461540222,0.5554437041282654,0.6390973329544067,0.6965768337249756,538
0.5958763360977173,0.5374246835708618,0.4927542805671692,0.46480053663253784,0.4548974931240082,0.4059787392616272,0.3173496425151825,0.3216739296913147,0.345168799161911,0.4488257169723511,0.44183072447776794,0.492480993270874,0.5186073184013367,0.49748533964157104,0.48870155215263367,0.5334903597831726,0.5446140766143799,0.5420479774475098,0.525388240814209,0.5587970614433289,0.569252073764801,0.9809057712554932,0.9018570184707642,0.7893548011779785,0.6622673273086548,0.5631076097488403,0.7525601387023926,0.6191563606262207,0.5414275527000427,0.521904706954956,0.7103322744369507,0.5471925139427185,0.5873320698738098,0.6591426730155945,0.6871324777603149,0.5461276173591614,0.6064252853393555,0.6682432293891907,0.6846437454223633,0.5676670670509338,0.6045265197753906,0.6687994599342346,tamrachud,right,,,,,,,,,,,,,,,,,,,,,,,,,,,,,,,,,,,,,,,,,,,539
0.7735199928283691,0.7221406698226929,0.6549397706985474,0.5826692581176758,0.5275793075561523,0.646183431148529,0.5775021910667419,0.5307645201683044,0.5115954279899597,0.6207547187805176,0.5265138149261475,0.5504616498947144,0.5921188592910767,0.6065569519996643,0.5249531269073486,0.5615540146827698,0.596623420715332,0.6043167114257812,0.5372112989425659,0.5607287883758545,0.5970215797424316,0.3274366855621338,0.4322400689125061,0.5055417418479919,0.5519084334373474,0.572943389415741,0.6583261489868164,0.8147666454315186,0.81205153465271,0.7843759655952454,0.5844094157218933,0.5975135564804077,0.5065581202507019,0.4671276807785034,0.49827834963798523,0.5141701698303223,0.4341716766357422,0.42160943150520325,0.41834956407546997,0.44486063718795776,0.38571250438690186,0.3753994107246399,tamrachud,right,,,,,,,,,,,,,,,,,,,,,,,,,,,,,,,,,,,,,,,,,,,540
,,,,,,,,,,,,,,,,,,,,,,,,,,,,,,,,,,,,,,,,,,tamrachud,left,0.5941871404647827,0.4968177378177643,0.41106104850769043,0.36425137519836426,0.3916029632091522,0.38109827041625977,0.308320552110672,0.2808225452899933,0.26503485441207886,0.42759495973587036,0.3825185298919678,0.44149819016456604,0.47702184319496155,0.47851037979125977,0.4395453929901123,0.4851207137107849,0.5152357816696167,0.532030463218689,0.5066766738891602,0.523534893989563,0.5420562624931335,0.800825297832489,0.7982074022293091,0.7601595520973206,0.6411735415458679,0.5309227705001831,0.6218155026435852,0.5047245025634766,0.46817561984062195,0.46923959255218506,0.5638603568077087,0.4972212314605713,0.5983302593231201,0.6807399988174438,0.5247721076011658,0.45899611711502075,0.570366621017456,0.6566226482391357,0.5115827322006226,0.4551082253456116,0.5361769795417786,0.6086063385009766,541
,,,,,,,,,,,,,,,,,,,,,,,,,,,,,,,,,,,,,,,,,,tamrachud,left,0.7021065950393677,0.6781378984451294,0.634762704372406,0.5654550790786743,0.513185977935791,0.551550567150116,0.5063717365264893,0.5534229278564453,0.5965707898139954,0.5298675298690796,0.4851812422275543,0.5471142530441284,0.5958316922187805,0.5153747797012329,0.4765304625034332,0.5405999422073364,0.5910747051239014,0.5116177201271057,0.47069790959358215,0.5045573115348816,0.538874626159668,0.374628484249115,0.5562505125999451,0.6916654109954834,0.7570798397064209,0.7673770785331726,0.6313902735710144,0.689151406288147,0.6470866799354553,0.597875714302063,0.5542871952056885,0.6293105483055115,0.5740237236022949,0.5200987458229065,0.47564050555229187,0.5647701621055603,0.5099918842315674,0.45609551668167114,0.3978402614593506,0.4784620404243469,0.4806059002876282,0.4653606414794922,542
,,,,,,,,,,,,,,,,,,,,,,,,,,,,,,,,,,,,,,,,,,tamrachud,left,0.6228097677230835,0.5154792666435242,0.43416470289230347,0.3951106667518616,0.41880252957344055,0.39910104870796204,0.3238115906715393,0.2949807643890381,0.2816507816314697,0.4428946077823639,0.3974456191062927,0.44149601459503174,0.46693524718284607,0.49064263701438904,0.4440838098526001,0.48544228076934814,0.513555109500885,0.5423808693885803,0.5103248357772827,0.5297175049781799,0.5520394444465637,0.8120896816253662,0.8042832612991333,0.7480950355529785,0.6130638718605042,0.502791702747345,0.6458888649940491,0.5494938492774963,0.4978923499584198,0.4673725962638855,0.5835212469100952,0.4842992126941681,0.5761240124702454,0.6383071541786194,0.539959728717804,0.44984495639801025,0.5669927000999451,0.6484884023666382,0.5225242972373962,0.45656776428222656,0.5300302505493164,0.5920798778533936,543
0.27128762006759644,0.32443273067474365,0.38507914543151855,0.45682764053344727,0.48718422651290894,0.4685985743999481,0.5187206864356995,0.4728609323501587,0.4309367537498474,0.4661509096622467,0.5168491005897522,0.4549033045768738,0.4079231917858124,0.45468011498451233,0.5063768029212952,0.45143651962280273,0.40524834394454956,0.43223559856414795,0.4708753824234009,0.45647794008255005,0.4439534842967987,0.5658376812934875,0.5954500436782837,0.5913158655166626,0.4973401725292206,0.4058994650840759,0.5436216592788696,0.48122984170913696,0.5177178978919983,0.5561487674713135,0.4637230634689331,0.4094124138355255,0.4580024182796478,0.5062110424041748,0.3958479166030884,0.3268583416938782,0.38869956135749817,0.4487416446208954,0.3327004909515381,0.24429593980312347,0.24920067191123962,0.26992523670196533,tamrachud,right,,,,,,,,,,,,,,,,,,,,,,,,,,,,,,,,,,,,,,,,,,,544
,,,,,,,,,,,,,,,,,,,,,,,,,,,,,,,,,,,,,,,,,,tamrachud,left,0.6166483163833618,0.5271005034446716,0.4178228974342346,0.36563825607299805,0.3852708041667938,0.3927564024925232,0.3333166539669037,0.2986224293708801,0.28287047147750854,0.4417819380760193,0.40157172083854675,0.45424944162368774,0.5003679394721985,0.4971826672554016,0.4648810625076294,0.5146118402481079,0.5536098480224609,0.5567095279693604,0.5290132761001587,0.5512275695800781,0.5734594464302063,0.8507463932037354,0.9061676859855652,0.8751919269561768,0.7804975509643555,0.6775828003883362,0.5796938538551331,0.4222473204135895,0.42792606353759766,0.4975496530532837,0.5018711686134338,0.5902614593505859,0.7260289192199707,0.8203649520874023,0.4656260013580322,0.5912280082702637,0.7061319947242737,0.777762770652771,0.4534173607826233,0.5660529136657715,0.6612168550491333,0.7101582288742065,545
,,,,,,,,,,,,,,,,,,,,,,,,,,,,,,,,,,,,,,,,,,tamrachud,left,0.6166483163833618,0.5271005034446716,0.4178228974342346,0.36563825607299805,0.3852708041667938,0.3927564024925232,0.3333166539669037,0.2986224293708801,0.28287047147750854,0.4417819380760193,0.40157172083854675,0.45424944162368774,0.5003679394721985,0.4971826672554016,0.4648810625076294,0.5146118402481079,0.5536098480224609,0.5567095279693604,0.5290132761001587,0.5512275695800781,0.5734594464302063,0.8507463932037354,0.9061676859855652,0.8751919269561768,0.7804975509643555,0.6775828003883362,0.5796938538551331,0.4222473204135895,0.42792606353759766,0.4975496530532837,0.5018711686134338,0.5902614593505859,0.7260289192199707,0.8203649520874023,0.4656260013580322,0.5912280082702637,0.7061319947242737,0.777762770652771,0.4534173607826233,0.5660529136657715,0.6612168550491333,0.7101582288742065,546
,,,,,,,,,,,,,,,,,,,,,,,,,,,,,,,,,,,,,,,,,,tamrachud,left,0.5981640815734863,0.5326971411705017,0.476138710975647,0.4581589698791504,0.4645160436630249,0.35855549573898315,0.2688802480697632,0.26804524660110474,0.2868073582649231,0.41379138827323914,0.4161745309829712,0.47208020091056824,0.49380165338516235,0.47651004791259766,0.46550729870796204,0.5108140707015991,0.5161425471305847,0.5326586961746216,0.5198157429695129,0.5501570701599121,0.5546572804450989,0.8267962336540222,0.7205348014831543,0.5933065414428711,0.4312811493873596,0.2999532222747803,0.5462345480918884,0.3870791494846344,0.291847288608551,0.2529933452606201,0.5098299980163574,0.34154045581817627,0.3869398236274719,0.4262354373931885,0.48336878418922424,0.33398470282554626,0.427062064409256,0.49420979619026184,0.4763631820678711,0.3455108106136322,0.40236905217170715,0.4774218797683716,547
,,,,,,,,,,,,,,,,,,,,,,,,,,,,,,,,,,,,,,,,,,tamrachud,left,0.7208911180496216,0.6402044296264648,0.5616992115974426,0.47062650322914124,0.4010332524776459,0.5242133736610413,0.4381462037563324,0.38137033581733704,0.35201776027679443,0.5014736652374268,0.3976427912712097,0.4214503765106201,0.46772241592407227,0.4890099763870239,0.3958703279495239,0.44632869958877563,0.4903242886066437,0.48811182379722595,0.412273645401001,0.4490971267223358,0.4974314272403717,0.35244131088256836,0.44007807970046997,0.5061820149421692,0.5345138907432556,0.536974310874939,0.7403844594955444,0.9031801223754883,0.9267283082008362,0.9166827201843262,0.6448327302932739,0.6407657861709595,0.5478999614715576,0.49771425127983093,0.5386768579483032,0.5413339734077454,0.47367990016937256,0.45511969923973083,0.43981510400772095,0.4580692648887634,0.4074138104915619,0.3966826796531677,548
,,,,,,,,,,,,,,,,,,,,,,,,,,,,,,,,,,,,,,,,,,tamrachud,left,0.6421059370040894,0.6556992530822754,0.6250518560409546,0.5748463869094849,0.5186256170272827,0.4439748525619507,0.38499927520751953,0.3864302337169647,0.39927342534065247,0.40011370182037354,0.4691389799118042,0.5439543724060059,0.5907480120658875,0.38630226254463196,0.4747088849544525,0.5404408574104309,0.5745174288749695,0.3834901452064514,0.4459649622440338,0.5011413097381592,0.5309393405914307,0.31602856516838074,0.4747876524925232,0.6665486693382263,0.744671642780304,0.7021709680557251,0.698669970035553,0.8463666439056396,0.9305602312088013,0.9668924808502197,0.6075863838195801,0.6923679113388062,0.5849425196647644,0.4865405261516571,0.5045213103294373,0.5873438119888306,0.49436110258102417,0.40453124046325684,0.39254817366600037,0.4762316048145294,0.43147918581962585,0.3690486252307892,549
,,,,,,,,,,,,,,,,,,,,,,,,,,,,,,,,,,,,,,,,,,tamrachud,left,0.6125752329826355,0.5363934636116028,0.4197617769241333,0.36284804344177246,0.37725120782852173,0.37229543924331665,0.2994699478149414,0.2663341760635376,0.25625598430633545,0.4207952916622162,0.3822346329689026,0.4434777796268463,0.4932442009449005,0.47727298736572266,0.4481268525123596,0.5063827633857727,0.5484970808029175,0.5381396412849426,0.5127243399620056,0.5441586971282959,0.5712246894836426,0.6740046739578247,0.7424578666687012,0.7329261302947998,0.6504839658737183,0.5465401411056519,0.42994165420532227,0.2862371802330017,0.2963567078113556,0.37035515904426575,0.3452715277671814,0.4358908534049988,0.5733703374862671,0.6561298370361328,0.30249837040901184,0.4473520517349243,0.5574502944946289,0.6114599704742432,0.28318506479263306,0.4217737913131714,0.505463719367981,0.5316011905670166,550
,,,,,,,,,,,,,,,,,,,,,,,,,,,,,,,,,,,,,,,,,,tamrachud,left,0.6088939905166626,0.6287530660629272,0.623645544052124,0.6097848415374756,0.5716129541397095,0.43123486638069153,0.5703794360160828,0.626653254032135,0.6153464317321777,0.41836702823638916,0.5757446885108948,0.6302511096000671,0.6185942888259888,0.42850154638290405,0.5671082139015198,0.6204771995544434,0.6075801849365234,0.45508894324302673,0.5452131032943726,0.5945093631744385,0.5947202444076538,0.39741790294647217,0.5527634620666504,0.7121796607971191,0.7807416915893555,0.7555680274963379,0.6601588129997253,0.6654406785964966,0.626839280128479,0.5987589359283447,0.5299403667449951,0.531166136264801,0.5091074109077454,0.4898391664028168,0.4004252552986145,0.4046769142150879,0.4003869593143463,0.3952254354953766,0.2752510905265808,0.25842636823654175,0.30115100741386414,0.33514440059661865,551
,,,,,,,,,,,,,,,,,,,,,,,,,,,,,,,,,,,,,,,,,,tamrachud,left,0.6012462973594666,0.5319865942001343,0.4184998571872711,0.3592715561389923,0.36870500445365906,0.38619694113731384,0.3251332640647888,0.28996914625167847,0.27000272274017334,0.4286527931690216,0.37703070044517517,0.4364394247531891,0.48368534445762634,0.47751280665397644,0.43286487460136414,0.4926801919937134,0.5345397591590881,0.5321025848388672,0.4972198009490967,0.5336013436317444,0.5638366341590881,0.7099554538726807,0.7880544066429138,0.7695443630218506,0.6823869943618774,0.5788307189941406,0.49358123540878296,0.3668803870677948,0.36236828565597534,0.4141526520252228,0.4204970896244049,0.4864725172519684,0.6178746223449707,0.690242350101471,0.37943777441978455,0.48538529872894287,0.6028294563293457,0.6594341993331909,0.36142224073410034,0.47862404584884644,0.5654586553573608,0.5916131734848022,552
,,,,,,,,,,,,,,,,,,,,,,,,,,,,,,,,,,,,,,,,,,tamrachud,left,0.6012462973594666,0.5319865942001343,0.4184998571872711,0.3592715561389923,0.36870500445365906,0.38619694113731384,0.3251332640647888,0.28996914625167847,0.27000272274017334,0.4286527931690216,0.37703070044517517,0.4364394247531891,0.48368534445762634,0.47751280665397644,0.43286487460136414,0.4926801919937134,0.5345397591590881,0.5321025848388672,0.4972198009490967,0.5336013436317444,0.5638366341590881,0.7099554538726807,0.7880544066429138,0.7695443630218506,0.6823869943618774,0.5788307189941406,0.49358123540878296,0.3668803870677948,0.36236828565597534,0.4141526520252228,0.4204970896244049,0.4864725172519684,0.6178746223449707,0.690242350101471,0.37943777441978455,0.48538529872894287,0.6028294563293457,0.6594341993331909,0.36142224073410034,0.47862404584884644,0.5654586553573608,0.5916131734848022,553
0.821669340133667,0.7718462347984314,0.6964973211288452,0.6440138816833496,0.5802812576293945,0.3912478983402252,0.21528667211532593,0.16130203008651733,0.18655513226985931,0.42137303948402405,0.34521132707595825,0.4531611502170563,0.5200040340423584,0.48611724376678467,0.502350926399231,0.6055561304092407,0.6320749521255493,0.5596784949302673,0.5720725059509277,0.652095377445221,0.6833173632621765,0.4944944381713867,0.47491657733917236,0.498636931180954,0.5668172836303711,0.6255270838737488,0.4640624523162842,0.43822991847991943,0.4861888587474823,0.5402699112892151,0.5270193219184875,0.616339921951294,0.6204086542129517,0.585298478603363,0.5822131633758545,0.6618285775184631,0.6348544359207153,0.5902342200279236,0.6213095188140869,0.6838246583938599,0.6583493947982788,0.616437554359436,tamrachud,right,,,,,,,,,,,,,,,,,,,,,,,,,,,,,,,,,,,,,,,,,,,554
0.5052549839019775,0.536902904510498,0.503108024597168,0.3959282636642456,0.30712687969207764,0.5509053468704224,0.5926158428192139,0.5247774720191956,0.44577792286872864,0.45571139454841614,0.32578662037849426,0.32535117864608765,0.3779217302799225,0.3726712465286255,0.25508448481559753,0.30494216084480286,0.37473437190055847,0.31273049116134644,0.2216525673866272,0.26634347438812256,0.32932114601135254,0.7132306694984436,0.6788763999938965,0.6270347833633423,0.5905476212501526,0.5497574806213379,0.4253748059272766,0.308196485042572,0.2739904522895813,0.29234814643859863,0.4463021457195282,0.39657124876976013,0.47014114260673523,0.5101847648620605,0.49066510796546936,0.5074523687362671,0.5761189460754395,0.5875459909439087,0.5403509140014648,0.5517407655715942,0.6044897437095642,0.6171064972877502,tamrachud,right,,,,,,,,,,,,,,,,,,,,,,,,,,,,,,,,,,,,,,,,,,,555
0.37345048785209656,0.5543235540390015,0.69089275598526,0.7730590105056763,0.7391119599342346,0.5740942358970642,0.5908647179603577,0.6916208267211914,0.7511012554168701,0.5085361003875732,0.6922268271446228,0.6981844305992126,0.6653580665588379,0.47260531783103943,0.6521196961402893,0.6265979409217834,0.571036159992218,0.4606971740722656,0.6033685207366943,0.5642476081848145,0.5000189542770386,0.7106886506080627,0.6845077872276306,0.6021457314491272,0.5487083792686462,0.5249273777008057,0.33270198106765747,0.15034493803977966,0.13580945134162903,0.16655781865119934,0.3271523416042328,0.3261041045188904,0.45662611722946167,0.505282461643219,0.379844605922699,0.5015847682952881,0.5990248322486877,0.577205240726471,0.45264238119125366,0.5912880301475525,0.6498740911483765,0.6068107485771179,tamrachud,right,,,,,,,,,,,,,,,,,,,,,,,,,,,,,,,,,,,,,,,,,,,556
,,,,,,,,,,,,,,,,,,,,,,,,,,,,,,,,,,,,,,,,,,tamrachud,left,0.3491307497024536,0.29175862669944763,0.27133435010910034,0.27509352564811707,0.30814582109451294,0.4158307909965515,0.4710690379142761,0.44704559445381165,0.4050278961658478,0.4486386775970459,0.3563539683818817,0.31250637769699097,0.3271280825138092,0.4534088671207428,0.34822314977645874,0.32054173946380615,0.3388712704181671,0.44284337759017944,0.3500886559486389,0.32848110795021057,0.3457983732223511,0.7523715496063232,0.5961390733718872,0.47629672288894653,0.3863292932510376,0.3342020809650421,0.33570611476898193,0.22253277897834778,0.15616098046302795,0.1449386179447174,0.3801933526992798,0.3165884017944336,0.4079732894897461,0.4729088544845581,0.44438672065734863,0.3929651975631714,0.48450595140457153,0.5336089134216309,0.5064506530761719,0.48868346214294434,0.5573211908340454,0.5970230102539062,557
,,,,,,,,,,,,,,,,,,,,,,,,,,,,,,,,,,,,,,,,,,tamrachud,left,0.6266272664070129,0.5570071935653687,0.4879037141799927,0.4323437511920929,0.405802845954895,0.40764808654785156,0.3504910171031952,0.3104929029941559,0.29937297105789185,0.43291938304901123,0.3980257213115692,0.448770135641098,0.4843451678752899,0.4682568609714508,0.4409788250923157,0.49143725633621216,0.5195188522338867,0.5045501589775085,0.49036556482315063,0.5281394124031067,0.5516501665115356,0.7771334052085876,0.8607621192932129,0.8965012431144714,0.8969407081604004,0.8382104635238647,0.652258038520813,0.5595139265060425,0.5945490598678589,0.6639875173568726,0.5918827652931213,0.7550538182258606,0.8293505907058716,0.8137000799179077,0.5777368545532227,0.760554313659668,0.8088161945343018,0.7841881513595581,0.5941929817199707,0.7542417049407959,0.7977012395858765,0.7784585952758789,558
,,,,,,,,,,,,,,,,,,,,,,,,,,,,,,,,,,,,,,,,,,tamrachud,left,0.617143452167511,0.5587318539619446,0.4660576283931732,0.41608792543411255,0.4255540370941162,0.39542701840400696,0.33020126819610596,0.3022686839103699,0.2969234585762024,0.4311271905899048,0.4163222908973694,0.47274306416511536,0.5198268890380859,0.4780580997467041,0.4732700288295746,0.516421914100647,0.5500672459602356,0.530193567276001,0.5238708257675171,0.5428985953330994,0.559279203414917,0.812684178352356,0.8653818368911743,0.8707094192504883,0.8126376867294312,0.7191104888916016,0.6445248126983643,0.5635952353477478,0.5634957551956177,0.5958935022354126,0.561012327671051,0.6522237658500671,0.7417913675308228,0.7964305281639099,0.520373523235321,0.641133725643158,0.7223184108734131,0.7586053609848022,0.5009920001029968,0.6140281558036804,0.6800320148468018,0.7026772499084473,559
,,,,,,,,,,,,,,,,,,,,,,,,,,,,,,,,,,,,,,,,,,tamrachud,left,0.617143452167511,0.5587318539619446,0.4660576283931732,0.41608792543411255,0.4255540370941162,0.39542701840400696,0.33020126819610596,0.3022686839103699,0.2969234585762024,0.4311271905899048,0.4163222908973694,0.47274306416511536,0.5198268890380859,0.4780580997467041,0.4732700288295746,0.516421914100647,0.5500672459602356,0.530193567276001,0.5238708257675171,0.5428985953330994,0.559279203414917,0.812684178352356,0.8653818368911743,0.8707094192504883,0.8126376867294312,0.7191104888916016,0.6445248126983643,0.5635952353477478,0.5634957551956177,0.5958935022354126,0.561012327671051,0.6522237658500671,0.7417913675308228,0.7964305281639099,0.520373523235321,0.641133725643158,0.7223184108734131,0.7586053609848022,0.5009920001029968,0.6140281558036804,0.6800320148468018,0.7026772499084473,560
0.7617002725601196,0.7166130542755127,0.6435757279396057,0.587506115436554,0.5517194867134094,0.5768997073173523,0.5152064561843872,0.5303965210914612,0.5434716939926147,0.579876184463501,0.5093918442726135,0.5401706099510193,0.5750188231468201,0.5865769386291504,0.5217443704605103,0.5542333126068115,0.5872233510017395,0.5951786041259766,0.5370436310768127,0.5615049600601196,0.5916213989257812,0.3366447389125824,0.5062005519866943,0.6544497609138489,0.763348400592804,0.8099281787872314,0.49206531047821045,0.6720815300941467,0.7320331931114197,0.7246474623680115,0.4150255024433136,0.5315660834312439,0.5730603337287903,0.5763561725616455,0.3792046904563904,0.4934720993041992,0.5344873666763306,0.5387076735496521,0.3699778616428375,0.4773107171058655,0.5200492739677429,0.5228957533836365,tamrachud,right,,,,,,,,,,,,,,,,,,,,,,,,,,,,,,,,,,,,,,,,,,,561
0.38766127824783325,0.402584969997406,0.43943262100219727,0.4824991226196289,0.514933705329895,0.5356524586677551,0.6172615885734558,0.6709205508232117,0.7169496417045593,0.5449545979499817,0.6340605020523071,0.6953683495521545,0.7479457855224609,0.5381374955177307,0.6035183668136597,0.6298454403877258,0.6440712213516235,0.5214444994926453,0.5850182771682739,0.6180969476699829,0.6377180218696594,0.470279723405838,0.5564028024673462,0.6244444847106934,0.6355504989624023,0.582926332950592,0.5356160402297974,0.5564440488815308,0.5660606622695923,0.574768602848053,0.4644964933395386,0.4876146912574768,0.501265823841095,0.5195022225379944,0.40131112933158875,0.38777685165405273,0.34358644485473633,0.3093300461769104,0.3450172245502472,0.33871081471443176,0.3248854875564575,0.30834126472473145,tripataka,right,,,,,,,,,,,,,,,,,,,,,,,,,,,,,,,,,,,,,,,,,,,562
,,,,,,,,,,,,,,,,,,,,,,,,,,,,,,,,,,,,,,,,,,tripataka,left,0.4703313112258911,0.5186333656311035,0.5488354563713074,0.5676824450492859,0.5800263285636902,0.5184997320175171,0.5309566855430603,0.5325101613998413,0.5330502986907959,0.48302802443504333,0.4912564158439636,0.4988996386528015,0.5042442083358765,0.44980666041374207,0.44605162739753723,0.4481552243232727,0.4522291421890259,0.425568163394928,0.4095957279205322,0.39620840549468994,0.38947594165802,0.44118693470954895,0.404604971408844,0.3394085168838501,0.28110218048095703,0.24884748458862305,0.35902392864227295,0.1887165755033493,0.0994972288608551,0.02825900912284851,0.3677118718624115,0.20167839527130127,0.1083746999502182,0.03612402081489563,0.3831694722175598,0.2643671929836273,0.20239095389842987,0.1430130898952484,0.3953638970851898,0.32892346382141113,0.29691728949546814,0.26487842202186584,563
0.8156112432479858,0.7397729158401489,0.5900664329528809,0.4565943479537964,0.36560356616973877,0.37690356373786926,0.20773902535438538,0.11225351691246033,0.02694597840309143,0.3728732466697693,0.18890078365802765,0.08212447166442871,-0.003950625658035278,0.3998641073703766,0.23782230913639069,0.14929771423339844,0.08148974180221558,0.44744277000427246,0.3003093898296356,0.19464077055454254,0.1013188362121582,0.5453489422798157,0.4504798352718353,0.37674251198768616,0.35349011421203613,0.3980013132095337,0.45255833864212036,0.4419057369232178,0.4416806399822235,0.44564181566238403,0.524420440196991,0.5140146613121033,0.5108296275138855,0.5109180212020874,0.5904383659362793,0.5712669491767883,0.5444678068161011,0.520490288734436,0.6584571599960327,0.6531426906585693,0.6444480419158936,0.6311373710632324,tripataka,right,,,,,,,,,,,,,,,,,,,,,,,,,,,,,,,,,,,,,,,,,,,564
0.42905107140541077,0.5646295547485352,0.6640681624412537,0.697363018989563,0.6539526581764221,0.5643469095230103,0.5820752382278442,0.5777307152748108,0.5629782676696777,0.46949630975723267,0.4821648597717285,0.4834040403366089,0.47093862295150757,0.3788304626941681,0.39170193672180176,0.4144698977470398,0.4260560870170593,0.2876531481742859,0.2961924076080322,0.3165268003940582,0.33507829904556274,0.739363431930542,0.6803336143493652,0.5761229991912842,0.4752281904220581,0.39917659759521484,0.40700823068618774,0.2644520699977875,0.1827593594789505,0.1054791510105133,0.4030348062515259,0.24038919806480408,0.13762614130973816,0.05004879832267761,0.42632314562797546,0.3115682899951935,0.3252798616886139,0.3407573401927948,0.4628068804740906,0.3468427062034607,0.27327996492385864,0.20520660281181335,tripataka,right,,,,,,,,,,,,,,,,,,,,,,,,,,,,,,,,,,,,,,,,,,,565
0.44798940420150757,0.5543673634529114,0.6308244466781616,0.6473637819290161,0.6137549877166748,0.5519084334373474,0.5539700984954834,0.5536817312240601,0.55190110206604,0.4804978370666504,0.49004074931144714,0.4957147240638733,0.4978574514389038,0.4153420329093933,0.42956531047821045,0.4534582495689392,0.4758765399456024,0.3487195074558258,0.35825151205062866,0.36972957849502563,0.38212260603904724,0.5901319980621338,0.5534259080886841,0.48858097195625305,0.43161138892173767,0.3944181799888611,0.3625946044921875,0.2728307843208313,0.2192220538854599,0.17064934968948364,0.35852283239364624,0.2544896900653839,0.18755625188350677,0.13278944790363312,0.3721717596054077,0.2824452519416809,0.23209215700626373,0.1924477219581604,0.3993603587150574,0.3260069489479065,0.27740487456321716,0.23465439677238464,tripataka,right,,,,,,,,,,,,,,,,,,,,,,,,,,,,,,,,,,,,,,,,,,,566
0.44798940420150757,0.5543673634529114,0.6308244466781616,0.6473637819290161,0.6137549877166748,0.5519084334373474,0.5539700984954834,0.5536817312240601,0.55190110206604,0.4804978370666504,0.49004074931144714,0.4957147240638733,0.4978574514389038,0.4153420329093933,0.42956531047821045,0.4534582495689392,0.4758765399456024,0.3487195074558258,0.35825151205062866,0.36972957849502563,0.38212260603904724,0.5901319980621338,0.5534259080886841,0.48858097195625305,0.43161138892173767,0.3944181799888611,0.3625946044921875,0.2728307843208313,0.2192220538854599,0.17064934968948364,0.35852283239364624,0.2544896900653839,0.18755625188350677,0.13278944790363312,0.3721717596054077,0.2824452519416809,0.23209215700626373,0.1924477219581604,0.3993603587150574,0.3260069489479065,0.27740487456321716,0.23465439677238464,tripataka,right,,,,,,,,,,,,,,,,,,,,,,,,,,,,,,,,,,,,,,,,,,,567
0.6181403994560242,0.6745709776878357,0.7140296697616577,0.7056848406791687,0.6729498505592346,0.6696804165840149,0.6657601594924927,0.6579379439353943,0.6512206792831421,0.6224599480628967,0.6182050108909607,0.6116121411323547,0.6061763763427734,0.5801645517349243,0.5684569478034973,0.5612223148345947,0.5547683835029602,0.5381652116775513,0.5288363695144653,0.5269948244094849,0.5265519022941589,0.729831337928772,0.6855580806732178,0.6019964218139648,0.5106714367866516,0.43802309036254883,0.4326985478401184,0.3078155219554901,0.23067732155323029,0.15941160917282104,0.4172537326812744,0.27799496054649353,0.1839354932308197,0.10844522714614868,0.4294070303440094,0.31858161091804504,0.27279072999954224,0.24056319892406464,0.4625564515590668,0.3738452196121216,0.3227997124195099,0.2802138328552246,tripataka,right,,,,,,,,,,,,,,,,,,,,,,,,,,,,,,,,,,,,,,,,,,,568
0.6181403994560242,0.6745709776878357,0.7140296697616577,0.7056848406791687,0.6729498505592346,0.6696804165840149,0.6657601594924927,0.6579379439353943,0.6512206792831421,0.6224599480628967,0.6182050108909607,0.6116121411323547,0.6061763763427734,0.5801645517349243,0.5684569478034973,0.5612223148345947,0.5547683835029602,0.5381652116775513,0.5288363695144653,0.5269948244094849,0.5265519022941589,0.729831337928772,0.6855580806732178,0.6019964218139648,0.5106714367866516,0.43802309036254883,0.4326985478401184,0.3078155219554901,0.23067732155323029,0.15941160917282104,0.4172537326812744,0.27799496054649353,0.1839354932308197,0.10844522714614868,0.4294070303440094,0.31858161091804504,0.27279072999954224,0.24056319892406464,0.4625564515590668,0.3738452196121216,0.3227997124195099,0.2802138328552246,tripataka,right,,,,,,,,,,,,,,,,,,,,,,,,,,,,,,,,,,,,,,,,,,,569
0.542269229888916,0.6319866180419922,0.6888146996498108,0.6791858673095703,0.6004829406738281,0.5509304404258728,0.5533593893051147,0.5524441599845886,0.5503886342048645,0.46366193890571594,0.4746876657009125,0.4789699614048004,0.4860536754131317,0.390054315328598,0.34518784284591675,0.28909891843795776,0.24133369326591492,0.32374024391174316,0.28072473406791687,0.24018171429634094,0.1939544677734375,0.7553570866584778,0.6991672515869141,0.5984277725219727,0.5065934658050537,0.4637964367866516,0.47048142552375793,0.3523131012916565,0.2804315388202667,0.2157890498638153,0.4674886167049408,0.33858782052993774,0.2554187774658203,0.19283154606819153,0.4932519495487213,0.4015018045902252,0.37448447942733765,0.3718287944793701,0.5383442044258118,0.4711204767227173,0.4535676836967468,0.45272237062454224,ardhapataka,right,,,,,,,,,,,,,,,,,,,,,,,,,,,,,,,,,,,,,,,,,,,570
0.12666961550712585,0.20007771253585815,0.3443542420864105,0.4868844151496887,0.5639646053314209,0.5419059991836548,0.7223378419876099,0.8333999514579773,0.9309632778167725,0.5532534718513489,0.751338541507721,0.8834153413772583,0.9827646017074585,0.5163650512695312,0.6628448963165283,0.6957618594169617,0.6977885365486145,0.4452325999736786,0.5455646514892578,0.5618457794189453,0.5531710386276245,0.5390179753303528,0.5866876840591431,0.6240743398666382,0.6190592050552368,0.5621436834335327,0.5420040488243103,0.5398770570755005,0.5365338325500488,0.5345476269721985,0.483137309551239,0.48644575476646423,0.48855334520339966,0.49533402919769287,0.43314623832702637,0.3987794518470764,0.3536558747291565,0.3191066384315491,0.38458189368247986,0.35407164692878723,0.3231043219566345,0.290582537651062,ardhapataka,right,,,,,,,,,,,,,,,,,,,,,,,,,,,,,,,,,,,,,,,,,,,571
,,,,,,,,,,,,,,,,,,,,,,,,,,,,,,,,,,,,,,,,,,ardhapataka,left,0.9558190107345581,0.8423619270324707,0.6588597297668457,0.48569250106811523,0.3474353551864624,0.2921162247657776,0.03623241186141968,-0.11614611744880676,-0.22693118453025818,0.28251883387565613,-0.003809034824371338,-0.12912851572036743,-0.1948886215686798,0.32245370745658875,0.06464883685112,0.050900235772132874,0.13967818021774292,0.39835697412490845,0.18174898624420166,0.14345820248126984,0.20476007461547852,0.466835081577301,0.5687658190727234,0.6368963718414307,0.6552971601486206,0.6202490925788879,0.5543122291564941,0.555464506149292,0.5563275814056396,0.5503820180892944,0.4779997169971466,0.47732841968536377,0.47924840450286865,0.47735974192619324,0.4096691310405731,0.39189624786376953,0.40084564685821533,0.4228019118309021,0.3391445279121399,0.32703015208244324,0.3388284742832184,0.3638823628425598,572
,,,,,,,,,,,,,,,,,,,,,,,,,,,,,,,,,,,,,,,,,,ardhapataka,left,0.5467868447303772,0.3524431884288788,0.21889770030975342,0.18370133638381958,0.2582021653652191,0.3993418216705322,0.42231231927871704,0.44970703125,0.4982271194458008,0.5408906936645508,0.5485557913780212,0.5658451914787292,0.5939483642578125,0.6669126152992249,0.7180907726287842,0.6911583542823792,0.6420683860778809,0.7950848340988159,0.836172342300415,0.807457685470581,0.7532269954681396,0.7606217861175537,0.6881762742996216,0.5892127752304077,0.4912194013595581,0.42670756578445435,0.392328679561615,0.25132447481155396,0.17233248054981232,0.10192632675170898,0.38613229990005493,0.22765874862670898,0.13427680730819702,0.06022071838378906,0.4103376865386963,0.27313917875289917,0.2796079218387604,0.3133522868156433,0.45699095726013184,0.3469195067882538,0.3219913840293884,0.32543689012527466,573
,,,,,,,,,,,,,,,,,,,,,,,,,,,,,,,,,,,,,,,,,,ardhapataka,left,0.9174013137817383,0.8754128217697144,0.8126749992370605,0.7528581619262695,0.709198534488678,0.6923844218254089,0.5927169322967529,0.5280331969261169,0.4767467975616455,0.6920629143714905,0.571191668510437,0.4910104274749756,0.4329277276992798,0.7235734462738037,0.6329479217529297,0.634835422039032,0.6540360450744629,0.7752006649971008,0.7020145058631897,0.6763850450515747,0.6700238585472107,0.5278536677360535,0.5520621538162231,0.5742727518081665,0.5794219374656677,0.5598259568214417,0.5258944034576416,0.5279785394668579,0.5323460102081299,0.5304173231124878,0.4934651553630829,0.49627983570098877,0.4970698952674866,0.4991755187511444,0.46583592891693115,0.45376792550086975,0.45826661586761475,0.4695309102535248,0.4400983154773712,0.4265924096107483,0.4321580231189728,0.4449220895767212,574
,,,,,,,,,,,,,,,,,,,,,,,,,,,,,,,,,,,,,,,,,,ardhapataka,left,0.45054155588150024,0.4088742136955261,0.37515658140182495,0.36952194571495056,0.40117347240448,0.4571534991264343,0.449958473443985,0.44364267587661743,0.4477621018886566,0.5139786005020142,0.5079037547111511,0.510272741317749,0.5130642056465149,0.5609486103057861,0.5838838815689087,0.578323245048523,0.5620676279067993,0.602504551410675,0.6183335185050964,0.6027796268463135,0.5785326361656189,0.7589753866195679,0.7318501472473145,0.6915649771690369,0.6532073616981506,0.6252882480621338,0.6188794374465942,0.5557717084884644,0.5162804126739502,0.4839613437652588,0.6210089325904846,0.5403510928153992,0.49220481514930725,0.4570455551147461,0.6433855295181274,0.5870665311813354,0.5951583981513977,0.6114156246185303,0.6784092783927917,0.6346634030342102,0.6285134553909302,0.6324949264526367,575
1.0135523080825806,0.9293739795684814,0.7591520547866821,0.6003674268722534,0.5128931403160095,0.46772071719169617,0.2545069754123688,0.11884599924087524,0.005545198917388916,0.4543813169002533,0.21898314356803894,0.05890491604804993,-0.04531291127204895,0.48996832966804504,0.29718074202537537,0.26610350608825684,0.31222033500671387,0.5468553304672241,0.3723353147506714,0.3192083239555359,0.3374136984348297,0.5226430296897888,0.3888116478919983,0.29736241698265076,0.2664516270160675,0.3325837552547455,0.3951428234577179,0.38712483644485474,0.3917676508426666,0.3933295011520386,0.48318278789520264,0.47961825132369995,0.4683951139450073,0.4612436592578888,0.5649113655090332,0.5761891007423401,0.5615808367729187,0.5618287324905396,0.6481088399887085,0.6668734550476074,0.6542558670043945,0.6431807279586792,ardhapataka,right,,,,,,,,,,,,,,,,,,,,,,,,,,,,,,,,,,,,,,,,,,,576
0.47806328535079956,0.6534993052482605,0.7820994257926941,0.8154939413070679,0.7239407300949097,0.6385555267333984,0.6453502774238586,0.6426488161087036,0.6382521390914917,0.5161312818527222,0.5248345732688904,0.5420112013816833,0.5539995431900024,0.4075376093387604,0.3990062475204468,0.4244762361049652,0.42748093605041504,0.2988514304161072,0.2837902307510376,0.3048330545425415,0.32255202531814575,0.882880687713623,0.8213484287261963,0.6938425302505493,0.5742754936218262,0.4978995621204376,0.4826584458351135,0.33078932762145996,0.22973453998565674,0.14669668674468994,0.4728931784629822,0.30029571056365967,0.17994508147239685,0.09456494450569153,0.49619388580322266,0.35769230127334595,0.3302716016769409,0.3535121977329254,0.5328108072280884,0.41207659244537354,0.37405842542648315,0.3797631561756134,ardhapataka,right,,,,,,,,,,,,,,,,,,,,,,,,,,,,,,,,,,,,,,,,,,,577
,,,,,,,,,,,,,,,,,,,,,,,,,,,,,,,,,,,,,,,,,,chandrakala,left,0.20283758640289307,0.21352487802505493,0.27141496539115906,0.2950159013271332,0.2813880145549774,0.5087649822235107,0.6708950400352478,0.7773938775062561,0.8577836751937866,0.5340149998664856,0.4724366068840027,0.33891522884368896,0.23340946435928345,0.5161033868789673,0.41518843173980713,0.28992822766304016,0.19727778434753418,0.4798351228237152,0.4148596227169037,0.31172555685043335,0.23275285959243774,0.5167052149772644,0.4588210880756378,0.4045633375644684,0.3582652807235718,0.3134952783584595,0.4460674822330475,0.442021906375885,0.4407414197921753,0.4393939673900604,0.48572829365730286,0.5289088487625122,0.539756178855896,0.5368380546569824,0.5218465924263,0.5558953285217285,0.5528284907341003,0.5382170677185059,0.5514761805534363,0.579289436340332,0.5743730068206787,0.5593128204345703,578
,,,,,,,,,,,,,,,,,,,,,,,,,,,,,,,,,,,,,,,,,,chandrakala,left,0.45671454071998596,0.5897704362869263,0.7207872271537781,0.8245891332626343,0.9199639558792114,0.6207672357559204,0.6267018914222717,0.6293201446533203,0.6312254071235657,0.5320347547531128,0.43012815713882446,0.4089474081993103,0.41816049814224243,0.4508691430091858,0.3729373812675476,0.38453033566474915,0.41678279638290405,0.381394624710083,0.3172103762626648,0.32882067561149597,0.3628939390182495,0.363797664642334,0.3672400712966919,0.3988702893257141,0.4104057848453522,0.39947178959846497,0.5021887421607971,0.5750565528869629,0.6226421594619751,0.6596318483352661,0.5146938562393188,0.48702895641326904,0.42882704734802246,0.38282614946365356,0.5077837109565735,0.4641518294811249,0.40904873609542847,0.3671751022338867,0.4923214614391327,0.46637579798698425,0.4204697608947754,0.3844563961029053,579
0.48671984672546387,0.6130959987640381,0.6894276142120361,0.7081381678581238,0.6608191132545471,0.5888789892196655,0.5978727340698242,0.6047096848487854,0.6094157695770264,0.5091492533683777,0.5198198556900024,0.5312325954437256,0.5399883985519409,0.43599754571914673,0.4460541009902954,0.46342602372169495,0.47744280099868774,0.36417505145072937,0.36708956956863403,0.37759482860565186,0.38969963788986206,0.6117081046104431,0.5703384280204773,0.4964553713798523,0.4307126998901367,0.386772483587265,0.37560611963272095,0.2788485884666443,0.21861416101455688,0.1653350442647934,0.3681207299232483,0.26352232694625854,0.191817045211792,0.13276857137680054,0.3804575800895691,0.28239893913269043,0.21826611459255219,0.16602444648742676,0.4093027710914612,0.3329911231994629,0.2835657596588135,0.23977604508399963,pataka,right,,,,,,,,,,,,,,,,,,,,,,,,,,,,,,,,,,,,,,,,,,,580
0.3243381083011627,0.3882381021976471,0.5084332227706909,0.6147079467773438,0.6837745308876038,0.6947475671768188,0.833175539970398,0.9178210496902466,0.98842453956604,0.7087323665618896,0.8605330586433411,0.9508028030395508,1.020217776298523,0.6935763359069824,0.8307980298995972,0.9130219221115112,0.9758887887001038,0.6523348093032837,0.7683143019676208,0.8423917293548584,0.9076930284500122,0.4882470369338989,0.5687494874000549,0.6196196675300598,0.630606472492218,0.6033915281295776,0.5588318705558777,0.5628979206085205,0.5659419894218445,0.5686324238777161,0.5071561336517334,0.5113632678985596,0.5179923176765442,0.5244227647781372,0.46122169494628906,0.46220022439956665,0.471118688583374,0.4799807667732239,0.4161803126335144,0.4162774085998535,0.41965538263320923,0.42530113458633423,pataka,right,,,,,,,,,,,,,,,,,,,,,,,,,,,,,,,,,,,,,,,,,,,581
0.6475768685340881,0.7426277995109558,0.7546619772911072,0.7685174942016602,0.8385452032089233,0.5606357455253601,0.46831637620925903,0.39957737922668457,0.3194769620895386,0.46123814582824707,0.3627189099788666,0.32105398178100586,0.29433929920196533,0.3889903724193573,0.30423450469970703,0.277155339717865,0.26355645060539246,0.33865252137184143,0.285915732383728,0.24899397790431976,0.21850714087486267,0.7351875305175781,0.6390162706375122,0.5204634666442871,0.4228624999523163,0.3798673748970032,0.4871603846549988,0.48353877663612366,0.512374758720398,0.5341365337371826,0.5008795857429504,0.4660886228084564,0.4655763506889343,0.46760424971580505,0.5296192169189453,0.4472484886646271,0.37655526399612427,0.32081377506256104,0.5746431350708008,0.488578200340271,0.4412562847137451,0.4029693901538849,mrigasheesh,right,,,,,,,,,,,,,,,,,,,,,,,,,,,,,,,,,,,,,,,,,,,582
0.23384776711463928,0.3496515154838562,0.4797111451625824,0.5804851055145264,0.6213151812553406,0.5121113061904907,0.5438777804374695,0.5285928845405579,0.5097951292991638,0.5006629228591919,0.5286620855331421,0.5012817978858948,0.4685949683189392,0.4832298755645752,0.5318832397460938,0.5425313711166382,0.5479298233985901,0.4556865096092224,0.5507371425628662,0.6114909648895264,0.6628536581993103,0.6174331307411194,0.724923849105835,0.7527848482131958,0.7599896192550659,0.8238289952278137,0.5613781213760376,0.47692543268203735,0.44364944100379944,0.3981664180755615,0.4817988872528076,0.4240785241127014,0.4308299422264099,0.4330078065395355,0.40582475066185,0.3214084208011627,0.2728148102760315,0.23309142887592316,0.3325881063938141,0.2720107436180115,0.2420990914106369,0.21853958070278168,mrigasheesh,right,,,,,,,,,,,,,,,,,,,,,,,,,,,,,,,,,,,,,,,,,,,583
0.8841264247894287,0.8885605931282043,0.8059230446815491,0.7631373405456543,0.7670657634735107,0.6145806312561035,0.5002605319023132,0.4210590422153473,0.3628184199333191,0.5927748084068298,0.4740888178348541,0.3792644441127777,0.3097923994064331,0.5881109833717346,0.46431565284729004,0.386335164308548,0.33491912484169006,0.5980403423309326,0.5003411769866943,0.4417315125465393,0.40405362844467163,0.5486186742782593,0.44800567626953125,0.34350699186325073,0.2757965624332428,0.24825546145439148,0.3899647295475006,0.3805542588233948,0.3782781958580017,0.3801213502883911,0.4505000114440918,0.44385913014411926,0.4401448369026184,0.44325917959213257,0.5106282830238342,0.49981242418289185,0.4962458610534668,0.49286845326423645,0.5766434669494629,0.562419593334198,0.557414174079895,0.5512828230857849,ardhachandra,right,,,,,,,,,,,,,,,,,,,,,,,,,,,,,,,,,,,,,,,,,,,584
0.8841264247894287,0.8885605931282043,0.8059230446815491,0.7631373405456543,0.7670657634735107,0.6145806312561035,0.5002605319023132,0.4210590422153473,0.3628184199333191,0.5927748084068298,0.4740888178348541,0.3792644441127777,0.3097923994064331,0.5881109833717346,0.46431565284729004,0.386335164308548,0.33491912484169006,0.5980403423309326,0.5003411769866943,0.4417315125465393,0.40405362844467163,0.5486186742782593,0.44800567626953125,0.34350699186325073,0.2757965624332428,0.24825546145439148,0.3899647295475006,0.3805542588233948,0.3782781958580017,0.3801213502883911,0.4505000114440918,0.44385913014411926,0.4401448369026184,0.44325917959213257,0.5106282830238342,0.49981242418289185,0.4962458610534668,0.49286845326423645,0.5766434669494629,0.562419593334198,0.557414174079895,0.5512828230857849,ardhachandra,right,,,,,,,,,,,,,,,,,,,,,,,,,,,,,,,,,,,,,,,,,,,585
0.912839412689209,0.9227155447006226,0.8176628947257996,0.7512292265892029,0.7951256036758423,0.5438446998596191,0.3698839545249939,0.2626979947090149,0.1645316779613495,0.5015384554862976,0.3056908845901489,0.18555763363838196,0.0860447883605957,0.5003588795661926,0.3138566017150879,0.20951217412948608,0.12137100100517273,0.5277669429779053,0.3826224207878113,0.29783403873443604,0.22336161136627197,0.5780179500579834,0.47249069809913635,0.3647664487361908,0.28455549478530884,0.2246302217245102,0.4006773829460144,0.3928658366203308,0.3933936357498169,0.39157602190971375,0.45955607295036316,0.4479409456253052,0.4393429458141327,0.4283442497253418,0.5166817903518677,0.5052508115768433,0.4946686625480652,0.48187562823295593,0.5728632807731628,0.5650564432144165,0.5587178468704224,0.5465017557144165,ardhachandra,right,,,,,,,,,,,,,,,,,,,,,,,,,,,,,,,,,,,,,,,,,,,586
0.36751532554626465,0.5545247197151184,0.7425899505615234,0.8846859335899353,0.9867290258407593,0.6767533421516418,0.6926499605178833,0.6919018626213074,0.6928721070289612,0.5726412534713745,0.5972123742103577,0.6137182116508484,0.6343867778778076,0.47186148166656494,0.4899299442768097,0.5097229480743408,0.5310760140419006,0.37156492471694946,0.38444969058036804,0.3967125415802002,0.4192516505718231,0.729215145111084,0.7358431220054626,0.6757289171218872,0.6398171186447144,0.6434438824653625,0.5142587423324585,0.41965317726135254,0.3638184666633606,0.31287866830825806,0.4909966289997101,0.38525891304016113,0.32204583287239075,0.26887747645378113,0.49199891090393066,0.39265257120132446,0.33743512630462646,0.29125332832336426,0.5092135071754456,0.42986631393432617,0.38382813334465027,0.34420567750930786,ardhachandra,right,,,,,,,,,,,,,,,,,,,,,,,,,,,,,,,,,,,,,,,,,,,587
0.6622809171676636,0.5890421867370605,0.4525315761566162,0.3764776587486267,0.3346540629863739,0.17560255527496338,0.18375840783119202,0.22410529851913452,0.27016010880470276,0.17040082812309265,0.17338833212852478,0.2199854850769043,0.27212804555892944,0.20410305261611938,0.21699559688568115,0.2564191520214081,0.29314786195755005,0.27573907375335693,0.30372506380081177,0.31753209233283997,0.32459700107574463,0.5934585332870483,0.4561329782009125,0.4016048312187195,0.350742906332016,0.29888373613357544,0.5249588489532471,0.3954516649246216,0.31344518065452576,0.24582378566265106,0.5381674766540527,0.3807137608528137,0.2955365478992462,0.2263173907995224,0.5325483083724976,0.3730340600013733,0.28530627489089966,0.21888196468353271,0.5119388103485107,0.3903290033340454,0.31785130500793457,0.26010072231292725,mukul,right,,,,,,,,,,,,,,,,,,,,,,,,,,,,,,,,,,,,,,,,,,,588
0.6622809171676636,0.5890421867370605,0.4525315761566162,0.3764776587486267,0.3346540629863739,0.17560255527496338,0.18375840783119202,0.22410529851913452,0.27016010880470276,0.17040082812309265,0.17338833212852478,0.2199854850769043,0.27212804555892944,0.20410305261611938,0.21699559688568115,0.2564191520214081,0.29314786195755005,0.27573907375335693,0.30372506380081177,0.31753209233283997,0.32459700107574463,0.5934585332870483,0.4561329782009125,0.4016048312187195,0.350742906332016,0.29888373613357544,0.5249588489532471,0.3954516649246216,0.31344518065452576,0.24582378566265106,0.5381674766540527,0.3807137608528137,0.2955365478992462,0.2263173907995224,0.5325483083724976,0.3730340600013733,0.28530627489089966,0.21888196468353271,0.5119388103485107,0.3903290033340454,0.31785130500793457,0.26010072231292725,mukul,right,,,,,,,,,,,,,,,,,,,,,,,,,,,,,,,,,,,,,,,,,,,589
0.6145377159118652,0.5181323885917664,0.4119732975959778,0.35308438539505005,0.3188853859901428,0.1906374990940094,0.17249350249767303,0.2130364179611206,0.2543874979019165,0.19313570857048035,0.18108680844306946,0.2232634425163269,0.2706308662891388,0.225302591919899,0.23443640768527985,0.265983521938324,0.297386109828949,0.2860028147697449,0.3160705864429474,0.3311408758163452,0.340058833360672,0.5974198579788208,0.4519714117050171,0.39516663551330566,0.3256702423095703,0.26262274384498596,0.5514091849327087,0.39468416571617126,0.30677884817123413,0.2455982267856598,0.5516548752784729,0.3700104355812073,0.28513383865356445,0.22346925735473633,0.5326892137527466,0.3511342704296112,0.2694913148880005,0.21333768963813782,0.4972253739833832,0.362600713968277,0.2961537837982178,0.24656736850738525,mukul,right,,,,,,,,,,,,,,,,,,,,,,,,,,,,,,,,,,,,,,,,,,,590
0.5862030982971191,0.4382036328315735,0.38449227809906006,0.3194965124130249,0.26454803347587585,0.5539045333862305,0.38507550954818726,0.3046010434627533,0.25229424238204956,0.5521497130393982,0.3614111840724945,0.2834005355834961,0.2243977040052414,0.5291917324066162,0.3443203270435333,0.27201026678085327,0.2227623015642166,0.4897041320800781,0.35420966148376465,0.29410499334335327,0.2511516809463501,0.38244321942329407,0.4833119511604309,0.5916884541511536,0.6491066813468933,0.683732271194458,0.8184638619422913,0.8332807421684265,0.7916627526283264,0.7507668733596802,0.8103569746017456,0.8165192008018494,0.7755575776100159,0.7333940863609314,0.7748477458953857,0.7616477012634277,0.7309549450874329,0.7046148777008057,0.7139167189598083,0.681547999382019,0.6663315296173096,0.6594876646995544,mukul,right,,,,,,,,,,,,,,,,,,,,,,,,,,,,,,,,,,,,,,,,,,,591
0.8871238231658936,0.8607960939407349,0.7347411513328552,0.6886153221130371,0.7273013591766357,0.4701932668685913,0.2672753632068634,0.15464937686920166,0.053438544273376465,0.4765946865081787,0.4031601548194885,0.5444366335868835,0.6230369210243225,0.5158891677856445,0.4506564140319824,0.5900931358337402,0.6683452129364014,0.5656341314315796,0.5250252485275269,0.6311124563217163,0.7047200202941895,0.6145471334457397,0.521466851234436,0.42050299048423767,0.3221895694732666,0.2592097520828247,0.47662442922592163,0.48638716340065,0.5033190250396729,0.5150473117828369,0.5389304757118225,0.5889034271240234,0.5927382707595825,0.5725244283676147,0.6018882989883423,0.6451606750488281,0.6310561299324036,0.5982017517089844,0.653640866279602,0.6866444945335388,0.6731828451156616,0.6433497667312622,chandrakala,right,,,,,,,,,,,,,,,,,,,,,,,,,,,,,,,,,,,,,,,,,,,592
0.30819305777549744,0.47755342721939087,0.6514435410499573,0.8262345790863037,0.9347599744796753,0.5350005626678467,0.5110400319099426,0.4883727431297302,0.4735630452632904,0.4203402101993561,0.33180204033851624,0.3315441906452179,0.3631107211112976,0.306595116853714,0.23198997974395752,0.2652226388454437,0.3183543086051941,0.21068763732910156,0.15480419993400574,0.1856558620929718,0.2408534288406372,0.7146074771881104,0.6981493234634399,0.6275749206542969,0.6028659343719482,0.6227898597717285,0.4766073524951935,0.3682336211204529,0.30692216753959656,0.2517954707145691,0.48273834586143494,0.44744768738746643,0.5291579961776733,0.57464599609375,0.5066896677017212,0.47538453340530396,0.5524479150772095,0.5963678956031799,0.5383613705635071,0.5211151242256165,0.5761265754699707,0.6125354766845703,chandrakala,right,,,,,,,,,,,,,,,,,,,,,,,,,,,,,,,,,,,,,,,,,,,593
0.7833042740821838,0.7567857503890991,0.6530433893203735,0.6210751533508301,0.6517960429191589,0.4405031204223633,0.267759770154953,0.15600693225860596,0.07576459646224976,0.4530904293060303,0.3439493775367737,0.43684452772140503,0.5284945964813232,0.48862797021865845,0.4437239170074463,0.5593721270561218,0.6433528065681458,0.5347700715065002,0.49568971991539,0.5826331973075867,0.6554518938064575,0.5603164434432983,0.44421321153640747,0.34236961603164673,0.253839373588562,0.2254948914051056,0.4474319815635681,0.46889999508857727,0.4810645580291748,0.4835851192474365,0.5232279300689697,0.5570816993713379,0.5614817142486572,0.5563797354698181,0.5903297662734985,0.6109592318534851,0.5854932069778442,0.5558498501777649,0.6422460079193115,0.660161554813385,0.6336084604263306,0.597907543182373,chandrakala,right,,,,,,,,,,,,,,,,,,,,,,,,,,,,,,,,,,,,,,,,,,,594
0.4451628029346466,0.5535359382629395,0.6493434906005859,0.7373012900352478,0.777140736579895,0.5555458068847656,0.5361506342887878,0.5225703716278076,0.5176236033439636,0.4797649383544922,0.43611156940460205,0.4299270510673523,0.4411401152610779,0.41327494382858276,0.38544321060180664,0.4093700349330902,0.4426460266113281,0.359801322221756,0.33805257081985474,0.3600481152534485,0.3929590582847595,0.7847672700881958,0.7614669799804688,0.657134473323822,0.6223406195640564,0.6503757238388062,0.449335515499115,0.28166720271110535,0.17117521166801453,0.08964481949806213,0.4634590744972229,0.3456072211265564,0.43826600909233093,0.5300893187522888,0.5004696249961853,0.4424639344215393,0.5535653829574585,0.6362525820732117,0.5493268966674805,0.4979061782360077,0.5800229907035828,0.6494005918502808,chandrakala,right,,,,,,,,,,,,,,,,,,,,,,,,,,,,,,,,,,,,,,,,,,,595
0.28500980138778687,0.4731067419052124,0.6360708475112915,0.7485685348510742,0.8513544201850891,0.6857175827026367,0.8311994075775146,0.922673761844635,0.9950010776519775,0.6372963786125183,0.7483066320419312,0.8338839411735535,0.908071756362915,0.5795763731002808,0.6664351224899292,0.7387521266937256,0.8029168248176575,0.516552746295929,0.5856786370277405,0.6465191841125488,0.7101508378982544,0.6498015522956848,0.68845534324646,0.6918566823005676,0.699815034866333,0.6841450333595276,0.5402125716209412,0.4948795735836029,0.47021326422691345,0.44958776235580444,0.4951742887496948,0.4207156300544739,0.37826788425445557,0.345641553401947,0.46038195490837097,0.36785244941711426,0.3129578232765198,0.26941820979118347,0.44105491042137146,0.3668915033340454,0.3180466890335083,0.27829939126968384,padmakosh,right,,,,,,,,,,,,,,,,,,,,,,,,,,,,,,,,,,,,,,,,,,,596
0.7772178649902344,0.8509275913238525,0.8511706590652466,0.86042320728302,0.8246251344680786,0.5619323253631592,0.4443560838699341,0.38512498140335083,0.33749672770500183,0.48834681510925293,0.319394052028656,0.22561848163604736,0.15573424100875854,0.42778974771499634,0.24315449595451355,0.1422457993030548,0.06540471315383911,0.3950270414352417,0.2569761872291565,0.17274907231330872,0.10574287176132202,0.6233575344085693,0.5157007575035095,0.42810800671577454,0.36451828479766846,0.30870407819747925,0.42305994033813477,0.35675856471061707,0.31108105182647705,0.27575379610061646,0.4462472200393677,0.39452099800109863,0.35034725069999695,0.31576842069625854,0.4702500104904175,0.42082110047340393,0.3786526322364807,0.3434968888759613,0.4948843717575073,0.4459361433982849,0.40542763471603394,0.368511438369751,padmakosh,right,,,,,,,,,,,,,,,,,,,,,,,,,,,,,,,,,,,,,,,,,,,597
0.25431859493255615,0.4610493779182434,0.6234886646270752,0.7478689551353455,0.8500785827636719,0.6139960885047913,0.7282649874687195,0.8087776899337769,0.8775955438613892,0.5774544477462769,0.6620758175849915,0.7423905730247498,0.809326708316803,0.546994149684906,0.6311445236206055,0.7051271200180054,0.7695609331130981,0.5185641050338745,0.5989163517951965,0.66453617811203,0.721100926399231,0.6540059447288513,0.7094486951828003,0.7107914686203003,0.7141287922859192,0.6971222758293152,0.5532010793685913,0.47744056582450867,0.43946725130081177,0.40573903918266296,0.5072194933891296,0.41005876660346985,0.3552978038787842,0.3092026710510254,0.47064009308815,0.3689146339893341,0.3155156075954437,0.2738756239414215,0.44822782278060913,0.3726422190666199,0.3241964876651764,0.2855704128742218,padmakosh,right,,,,,,,,,,,,,,,,,,,,,,,,,,,,,,,,,,,,,,,,,,,598
0.28437429666519165,0.2644077241420746,0.21139010787010193,0.16497881710529327,0.13628365099430084,0.1062314510345459,0.09601792693138123,0.14927929639816284,0.1803033947944641,0.09248656034469604,0.09414787590503693,0.1546606421470642,0.18263892829418182,0.09753064066171646,0.09992044419050217,0.15298554301261902,0.18130092322826385,0.11558081209659576,0.11941909790039062,0.15713609755039215,0.18030008673667908,0.4828476905822754,0.4446771740913391,0.41002780199050903,0.3868182897567749,0.369323194026947,0.3895115554332733,0.3926517367362976,0.42565208673477173,0.4431268274784088,0.4112337529659271,0.41818082332611084,0.446068674325943,0.45752960443496704,0.433976411819458,0.4402729868888855,0.46129047870635986,0.46973705291748047,0.4559405744075775,0.4620645344257355,0.47353270649909973,0.4767628312110901,padmakosh,right,,,,,,,,,,,,,,,,,,,,,,,,,,,,,,,,,,,,,,,,,,,599
0.8436261415481567,0.9149032831192017,0.9069918394088745,0.9142751097679138,0.8838686943054199,0.6092448234558105,0.49615806341171265,0.4403024911880493,0.3978210687637329,0.5380188226699829,0.35781344771385193,0.2655503451824188,0.2089756727218628,0.4787105321884155,0.28119444847106934,0.183191180229187,0.1171582043170929,0.4496474266052246,0.3050581216812134,0.22444692254066467,0.16538551449775696,0.6293321847915649,0.5242442488670349,0.44109436869621277,0.3774692416191101,0.3218499720096588,0.45061036944389343,0.3880651593208313,0.341187059879303,0.3061652183532715,0.4727700352668762,0.4325917363166809,0.39336392283439636,0.3581858277320862,0.4937572479248047,0.4557317793369293,0.41386422514915466,0.3772994875907898,0.5106958150863647,0.45785969495773315,0.4143294394016266,0.3729485273361206,padmakosh,right,,,,,,,,,,,,,,,,,,,,,,,,,,,,,,,,,,,,,,,,,,,600
0.8436261415481567,0.9149032831192017,0.9069918394088745,0.9142751097679138,0.8838686943054199,0.6092448234558105,0.49615806341171265,0.4403024911880493,0.3978210687637329,0.5380188226699829,0.35781344771385193,0.2655503451824188,0.2089756727218628,0.4787105321884155,0.28119444847106934,0.183191180229187,0.1171582043170929,0.4496474266052246,0.3050581216812134,0.22444692254066467,0.16538551449775696,0.6293321847915649,0.5242442488670349,0.44109436869621277,0.3774692416191101,0.3218499720096588,0.45061036944389343,0.3880651593208313,0.341187059879303,0.3061652183532715,0.4727700352668762,0.4325917363166809,0.39336392283439636,0.3581858277320862,0.4937572479248047,0.4557317793369293,0.41386422514915466,0.3772994875907898,0.5106958150863647,0.45785969495773315,0.4143294394016266,0.3729485273361206,padmakosh,right,,,,,,,,,,,,,,,,,,,,,,,,,,,,,,,,,,,,,,,,,,,601
0.6553957462310791,0.6086349487304688,0.45509010553359985,0.2685633599758148,0.14175942540168762,0.45487862825393677,0.22176861763000488,0.23203414678573608,0.30820953845977783,0.44982072710990906,0.19246020913124084,0.22183063626289368,0.298698365688324,0.43763139843940735,0.21813899278640747,0.26793304085731506,0.3500390350818634,0.43510690331459045,0.2718014121055603,0.3100290596485138,0.37250542640686035,0.5739036798477173,0.46624624729156494,0.3919837474822998,0.3885048031806946,0.4404192268848419,0.313421368598938,0.32675856351852417,0.38704103231430054,0.4013252258300781,0.368583083152771,0.3919234275817871,0.4400123357772827,0.4383029639720917,0.43428337574005127,0.469950407743454,0.5023133754730225,0.4917820394039154,0.5052212476730347,0.5323586463928223,0.5446109175682068,0.5386356115341187,mushti,right,,,,,,,,,,,,,,,,,,,,,,,,,,,,,,,,,,,,,,,,,,,602
,,,,,,,,,,,,,,,,,,,,,,,,,,,,,,,,,,,,,,,,,,mushti,left,0.6643421649932861,0.5878627300262451,0.4605877697467804,0.3512279689311981,0.2736915349960327,0.44849395751953125,0.3272927403450012,0.2593686282634735,0.20198160409927368,0.44645071029663086,0.3237893581390381,0.23902839422225952,0.17373991012573242,0.45098090171813965,0.3496103584766388,0.2729842960834503,0.21336719393730164,0.46495822072029114,0.39145898818969727,0.3362923562526703,0.289883017539978,0.5269270539283752,0.39539414644241333,0.331473708152771,0.3199259042739868,0.33419039845466614,0.30782023072242737,0.3047967851161957,0.31281644105911255,0.31737491488456726,0.369824081659317,0.3909689486026764,0.4074035882949829,0.41910508275032043,0.4405785799026489,0.4638461470603943,0.47759586572647095,0.47779208421707153,0.5183297991752625,0.5281060338020325,0.5404693484306335,0.5395011305809021,603
0.41908758878707886,0.613792359828949,0.7501161098480225,0.7420358657836914,0.6504814624786377,0.8543123006820679,0.8382108807563782,0.7638611793518066,0.7391231656074524,0.7373140454292297,0.7058373093605042,0.6429029703140259,0.6406902074813843,0.6078009605407715,0.5752406120300293,0.5407613515853882,0.5564268827438354,0.47644901275634766,0.4643325209617615,0.4519381523132324,0.4572555124759674,0.5769861936569214,0.5572957396507263,0.47783416509628296,0.3826497197151184,0.327234148979187,0.4477461278438568,0.3559902012348175,0.3723782002925873,0.40375250577926636,0.4256777763366699,0.33115053176879883,0.35558944940567017,0.38163357973098755,0.4127213954925537,0.34346187114715576,0.37833109498023987,0.4050225615501404,0.4125841557979584,0.3697499930858612,0.39697787165641785,0.4187043607234955,mushti,right,,,,,,,,,,,,,,,,,,,,,,,,,,,,,,,,,,,,,,,,,,,604
,,,,,,,,,,,,,,,,,,,,,,,,,,,,,,,,,,,,,,,,,,mushti,left,0.5227738618850708,0.6024662256240845,0.6497178077697754,0.6533772349357605,0.6444875597953796,0.6890178322792053,0.6803749203681946,0.6727311015129089,0.672183632850647,0.6754074692726135,0.6456483006477356,0.6263585090637207,0.6128939390182495,0.6425511837005615,0.6156761646270752,0.6005747318267822,0.5948233008384705,0.5965193510055542,0.5973516702651978,0.5888789892196655,0.5815497040748596,0.6591417789459229,0.5804703235626221,0.4539620876312256,0.3512430191040039,0.27779215574264526,0.43740320205688477,0.3107759356498718,0.24043340981006622,0.18753990530967712,0.46145620942115784,0.3265831470489502,0.24395810067653656,0.18049585819244385,0.4836459755897522,0.3701866567134857,0.29725372791290283,0.2450406849384308,0.5081851482391357,0.425085186958313,0.3732887804508209,0.33853015303611755,605
0.6571713089942932,0.590401291847229,0.45528683066368103,0.29877540469169617,0.19481924176216125,0.4502185583114624,0.20805761218070984,0.2000601887702942,0.26534074544906616,0.4604429602622986,0.18892765045166016,0.2002049684524536,0.27654117345809937,0.4608745276927948,0.21671250462532043,0.2480037808418274,0.33031389117240906,0.4642953872680664,0.2714662253856659,0.28976404666900635,0.3476642966270447,0.5797582268714905,0.532948911190033,0.485456645488739,0.4755159616470337,0.5051063299179077,0.3428308963775635,0.35355082154273987,0.42229604721069336,0.4404548406600952,0.3498946726322174,0.37253719568252563,0.4411885738372803,0.45278042554855347,0.3751111626625061,0.41297629475593567,0.47188884019851685,0.47904670238494873,0.41324999928474426,0.4474537670612335,0.485638290643692,0.4965725541114807,mushti,right,,,,,,,,,,,,,,,,,,,,,,,,,,,,,,,,,,,,,,,,,,,606
0.5948666930198669,0.40894508361816406,0.27271443605422974,0.2747352719306946,0.3580385446548462,0.15022148191928864,0.17087632417678833,0.24514684081077576,0.2618604898452759,0.265042781829834,0.2959689795970917,0.3652488589286804,0.3586856722831726,0.39522382616996765,0.4278678297996521,0.4679877758026123,0.44609302282333374,0.5306534767150879,0.5387846231460571,0.552263081073761,0.5440338253974915,0.4316365122795105,0.4514281451702118,0.5330041646957397,0.6298326253890991,0.6847732067108154,0.5635104179382324,0.6550677418708801,0.6314206123352051,0.5979403257369995,0.5871822237968445,0.6785235404968262,0.6450439691543579,0.6160547137260437,0.6010655164718628,0.6665010452270508,0.624420166015625,0.5942590236663818,0.6009846329689026,0.6422041058540344,0.6069269180297852,0.5783204436302185,mushti,right,,,,,,,,,,,,,,,,,,,,,,,,,,,,,,,,,,,,,,,,,,,607
0.5007830262184143,0.3242741823196411,0.2416197955608368,0.2692466378211975,0.3262844383716583,0.31975483894348145,0.32603439688682556,0.3244822919368744,0.34580662846565247,0.48990964889526367,0.4810227155685425,0.43722832202911377,0.4323052763938904,0.6441802978515625,0.6188655495643616,0.5492508411407471,0.5322021842002869,0.7818200588226318,0.7419418096542358,0.6694542765617371,0.6364980340003967,0.5189794301986694,0.520721971988678,0.5482370853424072,0.4993574321269989,0.44448062777519226,0.7698044776916504,0.5089726448059082,0.38187655806541443,0.39820119738578796,0.7801652550697327,0.45159274339675903,0.3464667499065399,0.39632871747016907,0.7481856942176819,0.4355824589729309,0.34894001483917236,0.3966870605945587,0.6889371871948242,0.44606950879096985,0.36725130677223206,0.3871077299118042,mushti,right,,,,,,,,,,,,,,,,,,,,,,,,,,,,,,,,,,,,,,,,,,,608
0.5427250266075134,0.5549042224884033,0.5197737216949463,0.5530761480331421,0.6030099391937256,0.23257111012935638,0.49735671281814575,0.6236354112625122,0.6005160808563232,0.21566395461559296,0.5473582744598389,0.6389951705932617,0.5832626819610596,0.2535974681377411,0.568506121635437,0.640720009803772,0.5914127826690674,0.3174583315849304,0.5615479946136475,0.6308847665786743,0.6009011268615723,0.511833131313324,0.3547194302082062,0.2499084174633026,0.2681884765625,0.34119513630867004,0.3078956604003906,0.34204819798469543,0.3606771230697632,0.37778589129447937,0.4880480468273163,0.48150435090065,0.4614778757095337,0.46519315242767334,0.6434805989265442,0.6192418932914734,0.5677264928817749,0.5589893460273743,0.7837339043617249,0.7401350736618042,0.6738413572311401,0.6462904214859009,mushti,right,,,,,,,,,,,,,,,,,,,,,,,,,,,,,,,,,,,,,,,,,,,609
0.44951748847961426,0.6195273399353027,0.7531389594078064,0.7381253242492676,0.6569795608520508,0.858831524848938,0.859196662902832,0.7852059006690979,0.7618759274482727,0.7516496777534485,0.7414132952690125,0.6747134923934937,0.6704994440078735,0.6335190534591675,0.626153826713562,0.5873357057571411,0.5986926555633545,0.5114210247993469,0.524255096912384,0.5111336708068848,0.5127937197685242,0.5740824937820435,0.5527191758155823,0.47231703996658325,0.3753964602947235,0.3293376564979553,0.440794438123703,0.35230860114097595,0.38260766863822937,0.4173697829246521,0.4145611822605133,0.3284611701965332,0.366931289434433,0.39522773027420044,0.400215744972229,0.33622586727142334,0.37846261262893677,0.40352410078048706,0.40110743045806885,0.36228784918785095,0.3962242901325226,0.4198830723762512,mushti,right,,,,,,,,,,,,,,,,,,,,,,,,,,,,,,,,,,,,,,,,,,,610
0.6574888229370117,0.6054892539978027,0.46009954810142517,0.2887127995491028,0.17087221145629883,0.4528016149997711,0.234546959400177,0.2109614610671997,0.2579668164253235,0.45647841691970825,0.2113988995552063,0.20322588086128235,0.2593629062175751,0.45663708448410034,0.2401340901851654,0.2560896575450897,0.32022610306739807,0.4635314643383026,0.29399287700653076,0.2991518974304199,0.33507150411605835,0.5527068972587585,0.4613508880138397,0.3969435691833496,0.3945620059967041,0.43545112013816833,0.31184735894203186,0.32896146178245544,0.3887043297290802,0.4112498462200165,0.35206735134124756,0.3739655315876007,0.4274667501449585,0.4384932518005371,0.40593400597572327,0.4445434808731079,0.4852548837661743,0.48455381393432617,0.46771880984306335,0.5035372972488403,0.5248066782951355,0.5249943733215332,mushti,right,,,,,,,,,,,,,,,,,,,,,,,,,,,,,,,,,,,,,,,,,,,611
,,,,,,,,,,,,,,,,,,,,,,,,,,,,,,,,,,,,,,,,,,kangul,left,0.29196038842201233,0.35963526368141174,0.4229835271835327,0.4463348984718323,0.44025182723999023,0.6180423498153687,0.6219117045402527,0.5857526063919067,0.5910769701004028,0.6065934896469116,0.5652406811714172,0.47991088032722473,0.45429712533950806,0.5703593492507935,0.5238519310951233,0.4420669972896576,0.41075599193573,0.5221107602119446,0.5787786841392517,0.6206775903701782,0.6700154542922974,0.6093279123306274,0.5536661148071289,0.5141262412071228,0.4774780869483948,0.44377216696739197,0.5618517994880676,0.492533802986145,0.47963106632232666,0.481256365776062,0.579082190990448,0.49513834714889526,0.5033388137817383,0.5208722352981567,0.5851985812187195,0.5051199197769165,0.5200229287147522,0.5428186058998108,0.5832962393760681,0.5293648838996887,0.5024545192718506,0.4828484058380127,612
,,,,,,,,,,,,,,,,,,,,,,,,,,,,,,,,,,,,,,,,,,kangul,left,0.29196038842201233,0.35963526368141174,0.4229835271835327,0.4463348984718323,0.44025182723999023,0.6180423498153687,0.6219117045402527,0.5857526063919067,0.5910769701004028,0.6065934896469116,0.5652406811714172,0.47991088032722473,0.45429712533950806,0.5703593492507935,0.5238519310951233,0.4420669972896576,0.41075599193573,0.5221107602119446,0.5787786841392517,0.6206775903701782,0.6700154542922974,0.6093279123306274,0.5536661148071289,0.5141262412071228,0.4774780869483948,0.44377216696739197,0.5618517994880676,0.492533802986145,0.47963106632232666,0.481256365776062,0.579082190990448,0.49513834714889526,0.5033388137817383,0.5208722352981567,0.5851985812187195,0.5051199197769165,0.5200229287147522,0.5428186058998108,0.5832962393760681,0.5293648838996887,0.5024545192718506,0.4828484058380127,613
,,,,,,,,,,,,,,,,,,,,,,,,,,,,,,,,,,,,,,,,,,kangul,left,0.16515704989433289,0.16861632466316223,0.22792509198188782,0.2524767518043518,0.2386188507080078,0.3362217843532562,0.3826935887336731,0.41320839524269104,0.4502345621585846,0.3623464107513428,0.3853701651096344,0.38871335983276367,0.4168594479560852,0.3810768127441406,0.37249547243118286,0.3069416284561157,0.2763929069042206,0.39742401242256165,0.4388063848018646,0.46350815892219543,0.4982447028160095,0.5819686651229858,0.5293792486190796,0.4860481023788452,0.4491373300552368,0.41736510396003723,0.49667418003082275,0.454093873500824,0.4292325973510742,0.4108499586582184,0.5107010006904602,0.4647684395313263,0.4448488652706146,0.4260076880455017,0.5248553156852722,0.4807518422603607,0.4953451156616211,0.510013222694397,0.5354635119438171,0.4899734854698181,0.463943213224411,0.44242626428604126,614
,,,,,,,,,,,,,,,,,,,,,,,,,,,,,,,,,,,,,,,,,,kangul,left,0.31272172927856445,0.4385841488838196,0.5349836349487305,0.6163293719291687,0.6859962940216064,0.5022549629211426,0.5956181287765503,0.6412982940673828,0.6757482290267944,0.4679144620895386,0.5733187198638916,0.617735743522644,0.6643897294998169,0.4362226724624634,0.5441262125968933,0.509174644947052,0.47588708996772766,0.4143640995025635,0.5166105031967163,0.574515163898468,0.6246317625045776,0.34794431924819946,0.35054221749305725,0.3760095238685608,0.3877025246620178,0.38304683566093445,0.4287578761577606,0.4492743909358978,0.46244773268699646,0.47931963205337524,0.4394001066684723,0.44626864790916443,0.4461911916732788,0.4596867859363556,0.44768595695495605,0.43868017196655273,0.4084286391735077,0.39614737033843994,0.45504671335220337,0.47221365571022034,0.48277318477630615,0.499031126499176,615
0.4738319516181946,0.48858642578125,0.4632660150527954,0.4062848687171936,0.36605069041252136,0.46499142050743103,0.40296506881713867,0.3595634698867798,0.32848021388053894,0.4374006986618042,0.38057082891464233,0.37740689516067505,0.3922569751739502,0.4155256152153015,0.36879268288612366,0.3735281527042389,0.38923847675323486,0.4008678197860718,0.36538147926330566,0.36841484904289246,0.3812592029571533,0.7062975764274597,0.6748298406600952,0.6281783580780029,0.6166331768035889,0.6163591742515564,0.5101810693740845,0.4260932207107544,0.3870226740837097,0.35589081048965454,0.5281375050544739,0.506595253944397,0.5511054992675781,0.586003839969635,0.5538622736930847,0.5652559399604797,0.6118988394737244,0.6389619708061218,0.5798794627189636,0.6045390963554382,0.6383549571037292,0.6552721858024597,mrigasheesh,right,,,,,,,,,,,,,,,,,,,,,,,,,,,,,,,,,,,,,,,,,,,616
0.3060787618160248,0.33747392892837524,0.3761053681373596,0.37734514474868774,0.3696700632572174,0.5038703083992004,0.5791165828704834,0.6172294020652771,0.6485100388526917,0.4813098907470703,0.4817466139793396,0.4345812201499939,0.4040934145450592,0.44944119453430176,0.4299778342247009,0.3873736262321472,0.3660176396369934,0.4179898798465729,0.39351481199264526,0.36239832639694214,0.3488084077835083,0.47870364785194397,0.4978524446487427,0.47803056240081787,0.42509761452674866,0.3852495551109314,0.46046262979507446,0.4003531336784363,0.35843634605407715,0.3276834785938263,0.42982083559036255,0.37105491757392883,0.3810788691043854,0.4047927260398865,0.40532079339027405,0.3611927032470703,0.37664684653282166,0.39635926485061646,0.38933849334716797,0.3584805727005005,0.368388831615448,0.3829728960990906,mrigasheesh,right,,,,,,,,,,,,,,,,,,,,,,,,,,,,,,,,,,,,,,,,,,,617
0.43681800365448,0.6184778809547424,0.7149146795272827,0.7306200861930847,0.6568523049354553,0.5724453926086426,0.5846543312072754,0.5895397067070007,0.59234619140625,0.4605545997619629,0.4735877215862274,0.49511459469795227,0.5159033536911011,0.36194267868995667,0.3680092990398407,0.3989672362804413,0.42896848917007446,0.26002317667007446,0.2578907012939453,0.2730886936187744,0.29641059041023254,0.5871314406394958,0.528658926486969,0.43715617060661316,0.3436049818992615,0.28880468010902405,0.301575630903244,0.19288243353366852,0.1295146495103836,0.07587514817714691,0.29692280292510986,0.17639999091625214,0.10424686968326569,0.04928642511367798,0.31275519728660583,0.2024053931236267,0.13705210387706757,0.08572852611541748,0.3445102274417877,0.26286154985427856,0.21098607778549194,0.16495777666568756,pataka,right,,,,,,,,,,,,,,,,,,,,,,,,,,,,,,,,,,,,,,,,,,,618
0.32925945520401,0.45415326952934265,0.6238985061645508,0.7874276638031006,0.8907637000083923,0.866789698600769,1.0700950622558594,1.1877732276916504,1.2802493572235107,0.8709813356399536,1.0782908201217651,1.2145920991897583,1.3069313764572144,0.8374442458152771,1.0387803316116333,1.1678296327590942,1.2541117668151855,0.7754812240600586,0.9440760612487793,1.059672474861145,1.1514644622802734,0.468015193939209,0.5654395818710327,0.6228969693183899,0.6289752125740051,0.5843873023986816,0.5464557409286499,0.5473561882972717,0.5489079356193542,0.5510981678962708,0.48512306809425354,0.4886929988861084,0.49111300706863403,0.49260273575782776,0.42726850509643555,0.42520469427108765,0.4298732280731201,0.43892520666122437,0.36635857820510864,0.36605578660964966,0.3679180145263672,0.3752284049987793,pataka,right,,,,,,,,,,,,,,,,,,,,,,,,,,,,,,,,,,,,,,,,,,,619
0.39182162284851074,0.5726739168167114,0.6954095363616943,0.748490571975708,0.6644731760025024,0.5711382031440735,0.5879142880439758,0.5909103751182556,0.60094153881073,0.46429443359375,0.47466301918029785,0.4957931339740753,0.5240094661712646,0.366494357585907,0.37060096859931946,0.39854690432548523,0.44112053513526917,0.268325537443161,0.2550349533557892,0.27259230613708496,0.30376899242401123,0.6187718510627747,0.5397591590881348,0.4614080786705017,0.3579408526420593,0.3045576214790344,0.3048175871372223,0.17399165034294128,0.11918941140174866,0.08480629324913025,0.29805076122283936,0.1598857343196869,0.09206724166870117,0.06260374188423157,0.30664339661598206,0.18461351096630096,0.12143242359161377,0.1006196141242981,0.33258751034736633,0.24239186942577362,0.1927480399608612,0.17449364066123962,pataka,right,,,,,,,,,,,,,,,,,,,,,,,,,,,,,,,,,,,,,,,,,,,620
0.39182162284851074,0.5726739168167114,0.6954095363616943,0.748490571975708,0.6644731760025024,0.5711382031440735,0.5879142880439758,0.5909103751182556,0.60094153881073,0.46429443359375,0.47466301918029785,0.4957931339740753,0.5240094661712646,0.366494357585907,0.37060096859931946,0.39854690432548523,0.44112053513526917,0.268325537443161,0.2550349533557892,0.27259230613708496,0.30376899242401123,0.6187718510627747,0.5397591590881348,0.4614080786705017,0.3579408526420593,0.3045576214790344,0.3048175871372223,0.17399165034294128,0.11918941140174866,0.08480629324913025,0.29805076122283936,0.1598857343196869,0.09206724166870117,0.06260374188423157,0.30664339661598206,0.18461351096630096,0.12143242359161377,0.1006196141242981,0.33258751034736633,0.24239186942577362,0.1927480399608612,0.17449364066123962,pataka,right,,,,,,,,,,,,,,,,,,,,,,,,,,,,,,,,,,,,,,,,,,,621
0.6305543184280396,0.6802627444267273,0.7122625112533569,0.7233577966690063,0.7267090082168579,0.6910523176193237,0.6927270293235779,0.689973771572113,0.6843448281288147,0.6646232604980469,0.6667418479919434,0.6654499769210815,0.6618773341178894,0.6397091746330261,0.644528329372406,0.6458820700645447,0.6464071869850159,0.6135096549987793,0.6161453723907471,0.6187686920166016,0.6219943165779114,0.6618197560310364,0.6308733224868774,0.5485609769821167,0.4682339131832123,0.40832120180130005,0.424013614654541,0.32152533531188965,0.26481297612190247,0.21540220081806183,0.4151284396648407,0.3031063377857208,0.23463407158851624,0.1763591468334198,0.4275701642036438,0.3278551399707794,0.26559555530548096,0.20992882549762726,0.45500826835632324,0.3787209391593933,0.3313462734222412,0.2868216633796692,pataka,right,,,,,,,,,,,,,,,,,,,,,,,,,,,,,,,,,,,,,,,,,,,622
0.40690943598747253,0.42502278089523315,0.47081032395362854,0.5173472762107849,0.5516346096992493,0.5420787334442139,0.5991824269294739,0.6307448148727417,0.6595824956893921,0.5467079281806946,0.6080001592636108,0.6451444625854492,0.677304208278656,0.5396426916122437,0.5952626466751099,0.6300589442253113,0.6607471704483032,0.5244792699813843,0.5674355030059814,0.5938988924026489,0.6189842224121094,0.7243283987045288,0.8162056803703308,0.8795657753944397,0.901557981967926,0.8991254568099976,0.841278076171875,0.8468608856201172,0.8421229124069214,0.830959677696228,0.7948523163795471,0.8035066723823547,0.8033908605575562,0.7986547350883484,0.7508081197738647,0.7597786784172058,0.7626727223396301,0.763949990272522,0.703031063079834,0.7104194164276123,0.7163379788398743,0.7238691449165344,pataka,right,,,,,,,,,,,,,,,,,,,,,,,,,,,,,,,,,,,,,,,,,,,623
0.6284540295600891,0.5285584926605225,0.4513278901576996,0.3500808775424957,0.29403331875801086,0.30262911319732666,0.1744895726442337,0.12137554585933685,0.07886993885040283,0.3012608587741852,0.1644895076751709,0.09578575193881989,0.06196287274360657,0.3110000193119049,0.19047337770462036,0.12635082006454468,0.10208497941493988,0.33950528502464294,0.2485779970884323,0.19417238235473633,0.17106378078460693,0.5811139345169067,0.403903603553772,0.2971650958061218,0.2560030519962311,0.3425463140010834,0.43448516726493835,0.41578784584999084,0.41293370723724365,0.4078579843044281,0.5367919206619263,0.5285135507583618,0.5081853270530701,0.4814457297325134,0.6323596239089966,0.6362470984458923,0.6097846627235413,0.5657254457473755,0.7361291646957397,0.7453469038009644,0.7332621216773987,0.7065067291259766,pataka,right,,,,,,,,,,,,,,,,,,,,,,,,,,,,,,,,,,,,,,,,,,,624
0.4364088773727417,0.6114282608032227,0.71088045835495,0.7286666631698608,0.6494945883750916,0.5687817335128784,0.5838241577148438,0.5865503549575806,0.5878000855445862,0.45686858892440796,0.4710887670516968,0.4907265901565552,0.5108404755592346,0.3592700660228729,0.3658066987991333,0.3961831033229828,0.42434218525886536,0.25939029455184937,0.25551602244377136,0.26965606212615967,0.2893117070198059,0.5874336957931519,0.5330117344856262,0.43744146823883057,0.33881571888923645,0.2866930663585663,0.29971063137054443,0.18879008293151855,0.1252683401107788,0.07295520603656769,0.29480141401290894,0.1752394735813141,0.10480904579162598,0.050650715827941895,0.3108348250389099,0.2014855146408081,0.1367516815662384,0.08787384629249573,0.3437090218067169,0.2612898647785187,0.20795294642448425,0.16295193135738373,pataka,right,,,,,,,,,,,,,,,,,,,,,,,,,,,,,,,,,,,,,,,,,,,625
0.6713996529579163,0.559712290763855,0.38373056054115295,0.2179819941520691,0.11925604194402695,0.13669538497924805,-0.049181729555130005,-0.15935195982456207,-0.24571548402309418,0.12369118630886078,-0.06801073253154755,-0.19093309342861176,-0.27920299768447876,0.1519356071949005,-0.035450175404548645,-0.15606631338596344,-0.240215465426445,0.21518059074878693,0.05203230679035187,-0.05509504675865173,-0.1386697143316269,0.5319898128509521,0.442611962556839,0.3828718662261963,0.3754924535751343,0.41892683506011963,0.4559403359889984,0.4535294473171234,0.4505945146083832,0.4475693702697754,0.5162109732627869,0.5116606950759888,0.5085853934288025,0.5063281655311584,0.5727370977401733,0.5742790699005127,0.5683170557022095,0.5594041347503662,0.6348920464515686,0.6386195421218872,0.6360913515090942,0.6291518211364746,pataka,right,,,,,,,,,,,,,,,,,,,,,,,,,,,,,,,,,,,,,,,,,,,626
0.4003879427909851,0.5825204253196716,0.6970246434211731,0.7456295490264893,0.6599488258361816,0.5647227168083191,0.5826020836830139,0.5857625007629395,0.5919419527053833,0.46122026443481445,0.46967238187789917,0.49203649163246155,0.5162324905395508,0.36550357937812805,0.36681872606277466,0.39365309476852417,0.4339883029460907,0.2641240060329437,0.2531275451183319,0.2683260440826416,0.2954941987991333,0.6199274063110352,0.5272582769393921,0.4500790238380432,0.3499712646007538,0.2950328588485718,0.30158236622810364,0.17264369130134583,0.11829058825969696,0.07791958749294281,0.3003399074077606,0.16557058691978455,0.0962732583284378,0.0634145736694336,0.3077433705329895,0.1895662248134613,0.1256774216890335,0.10172553360462189,0.33289363980293274,0.2454528957605362,0.19410225749015808,0.17164534330368042,pataka,right,,,,,,,,,,,,,,,,,,,,,,,,,,,,,,,,,,,,,,,,,,,627
0.3175317049026489,0.43300408124923706,0.6071162223815918,0.773175835609436,0.8735038042068481,0.8585206866264343,1.0475611686706543,1.153838038444519,1.230663537979126,0.8683465719223022,1.0683399438858032,1.1922483444213867,1.274017095565796,0.8354759812355042,1.028255820274353,1.1524077653884888,1.2350950241088867,0.7681382298469543,0.9285997748374939,1.0373382568359375,1.1239185333251953,0.48744434118270874,0.575565755367279,0.6367630958557129,0.6450048685073853,0.5999043583869934,0.5628951787948608,0.5671680569648743,0.5718285441398621,0.5776339769363403,0.5022352337837219,0.5067408084869385,0.5098228454589844,0.5131919980049133,0.445642352104187,0.44366931915283203,0.4481988549232483,0.457546591758728,0.38415050506591797,0.3805176019668579,0.3817548155784607,0.38788288831710815,pataka,right,,,,,,,,,,,,,,,,,,,,,,,,,,,,,,,,,,,,,,,,,,,628
0.43517598509788513,0.6150014996528625,0.7297323942184448,0.7792621850967407,0.6890595555305481,0.5994258522987366,0.6183105707168579,0.6219787001609802,0.6282871961593628,0.49550849199295044,0.5013309717178345,0.519523024559021,0.5441045165061951,0.39975467324256897,0.3982139229774475,0.4254865050315857,0.46724680066108704,0.29593753814697266,0.2861580550670624,0.3018184006214142,0.3292340934276581,0.6282875537872314,0.5340878963470459,0.4580191373825073,0.3583729863166809,0.2992349863052368,0.3028445541858673,0.1741286814212799,0.12265200167894363,0.08291411399841309,0.30077648162841797,0.16857606172561646,0.09908613562583923,0.06281287968158722,0.30913153290748596,0.19387520849704742,0.1295112818479538,0.1002415269613266,0.3349258601665497,0.24966350197792053,0.19644561409950256,0.1721033751964569,pataka,right,,,,,,,,,,,,,,,,,,,,,,,,,,,,,,,,,,,,,,,,,,,629
0.43517598509788513,0.6150014996528625,0.7297323942184448,0.7792621850967407,0.6890595555305481,0.5994258522987366,0.6183105707168579,0.6219787001609802,0.6282871961593628,0.49550849199295044,0.5013309717178345,0.519523024559021,0.5441045165061951,0.39975467324256897,0.3982139229774475,0.4254865050315857,0.46724680066108704,0.29593753814697266,0.2861580550670624,0.3018184006214142,0.3292340934276581,0.6282875537872314,0.5340878963470459,0.4580191373825073,0.3583729863166809,0.2992349863052368,0.3028445541858673,0.1741286814212799,0.12265200167894363,0.08291411399841309,0.30077648162841797,0.16857606172561646,0.09908613562583923,0.06281287968158722,0.30913153290748596,0.19387520849704742,0.1295112818479538,0.1002415269613266,0.3349258601665497,0.24966350197792053,0.19644561409950256,0.1721033751964569,pataka,right,,,,,,,,,,,,,,,,,,,,,,,,,,,,,,,,,,,,,,,,,,,630
0.466693639755249,0.6436532139778137,0.746951699256897,0.7633036375045776,0.6880486011505127,0.6027559638023376,0.6133749485015869,0.6159117817878723,0.6193517446517944,0.4908822476863861,0.5033974647521973,0.5229589939117432,0.5428342819213867,0.3927207291126251,0.3975450396537781,0.42656001448631287,0.45482245087623596,0.29134073853492737,0.28742697834968567,0.30275094509124756,0.3247508108615875,0.5949357151985168,0.5370972752571106,0.4465804100036621,0.34912624955177307,0.2936130166053772,0.305714875459671,0.19695408642292023,0.1333465427160263,0.0792047381401062,0.2995065748691559,0.1808810532093048,0.10999871790409088,0.05428248643875122,0.31527209281921387,0.20619559288024902,0.1409585177898407,0.09027142822742462,0.34887874126434326,0.2668580114841461,0.2140205353498459,0.16815586388111115,pataka,right,,,,,,,,,,,,,,,,,,,,,,,,,,,,,,,,,,,,,,,,,,,631
0.4735226631164551,0.6510671377182007,0.752768337726593,0.7701059579849243,0.697420597076416,0.6108173131942749,0.6211037039756775,0.6240627765655518,0.6280124187469482,0.4984968900680542,0.5119869112968445,0.5319938659667969,0.5524449348449707,0.398759126663208,0.40622958540916443,0.4354335367679596,0.46414101123809814,0.29539820551872253,0.2939159870147705,0.3091011643409729,0.3310302793979645,0.5964022874832153,0.5367431640625,0.446255087852478,0.3492075800895691,0.2916465997695923,0.3060518801212311,0.19730889797210693,0.13388672471046448,0.07997553050518036,0.30034464597702026,0.1810745894908905,0.1096983402967453,0.05399370193481445,0.3165462017059326,0.20666088163852692,0.14070004224777222,0.0890461802482605,0.35050150752067566,0.26896119117736816,0.21594490110874176,0.1691761612892151,pataka,right,,,,,,,,,,,,,,,,,,,,,,,,,,,,,,,,,,,,,,,,,,,632
0.4735226631164551,0.6510671377182007,0.752768337726593,0.7701059579849243,0.697420597076416,0.6108173131942749,0.6211037039756775,0.6240627765655518,0.6280124187469482,0.4984968900680542,0.5119869112968445,0.5319938659667969,0.5524449348449707,0.398759126663208,0.40622958540916443,0.4354335367679596,0.46414101123809814,0.29539820551872253,0.2939159870147705,0.3091011643409729,0.3310302793979645,0.5964022874832153,0.5367431640625,0.446255087852478,0.3492075800895691,0.2916465997695923,0.3060518801212311,0.19730889797210693,0.13388672471046448,0.07997553050518036,0.30034464597702026,0.1810745894908905,0.1096983402967453,0.05399370193481445,0.3165462017059326,0.20666088163852692,0.14070004224777222,0.0890461802482605,0.35050150752067566,0.26896119117736816,0.21594490110874176,0.1691761612892151,pataka,right,,,,,,,,,,,,,,,,,,,,,,,,,,,,,,,,,,,,,,,,,,,633
0.4812745153903961,0.6579911112785339,0.7597178816795349,0.7772133350372314,0.7065626382827759,0.6185812950134277,0.6279162168502808,0.6304559707641602,0.6341895461082458,0.5051279664039612,0.5177738666534424,0.5377260446548462,0.5578967332839966,0.40527909994125366,0.4115363657474518,0.44104883074760437,0.4699060916900635,0.3026503026485443,0.29849740862846375,0.31397566199302673,0.33688807487487793,0.5933613777160645,0.5355247259140015,0.44507986307144165,0.3483421206474304,0.2907373309135437,0.303425669670105,0.19330132007598877,0.1295604258775711,0.07528617978096008,0.29695963859558105,0.17672079801559448,0.10552136600017548,0.0500146746635437,0.3129681348800659,0.20239347219467163,0.1365138739347458,0.08515644073486328,0.34732306003570557,0.26500722765922546,0.21227824687957764,0.16587476432323456,pataka,right,,,,,,,,,,,,,,,,,,,,,,,,,,,,,,,,,,,,,,,,,,,634
0.4812745153903961,0.6579911112785339,0.7597178816795349,0.7772133350372314,0.7065626382827759,0.6185812950134277,0.6279162168502808,0.6304559707641602,0.6341895461082458,0.5051279664039612,0.5177738666534424,0.5377260446548462,0.5578967332839966,0.40527909994125366,0.4115363657474518,0.44104883074760437,0.4699060916900635,0.3026503026485443,0.29849740862846375,0.31397566199302673,0.33688807487487793,0.5933613777160645,0.5355247259140015,0.44507986307144165,0.3483421206474304,0.2907373309135437,0.303425669670105,0.19330132007598877,0.1295604258775711,0.07528617978096008,0.29695963859558105,0.17672079801559448,0.10552136600017548,0.0500146746635437,0.3129681348800659,0.20239347219467163,0.1365138739347458,0.08515644073486328,0.34732306003570557,0.26500722765922546,0.21227824687957764,0.16587476432323456,pataka,right,,,,,,,,,,,,,,,,,,,,,,,,,,,,,,,,,,,,,,,,,,,635
0.4828568398952484,0.6569331884384155,0.7624662518501282,0.7802212834358215,0.713248074054718,0.6245463490486145,0.637198805809021,0.6400717496871948,0.6431700587272644,0.5128364562988281,0.5262145400047302,0.5451645851135254,0.5610179901123047,0.410986065864563,0.41255995631217957,0.4361383616924286,0.45992323756217957,0.30722576379776,0.2946321368217468,0.3027387261390686,0.31805112957954407,0.5983555316925049,0.5422217845916748,0.45195186138153076,0.355967253446579,0.29829585552215576,0.3117722272872925,0.20418886840343475,0.1430945247411728,0.09085988998413086,0.3050414025783539,0.1854635328054428,0.11520640552043915,0.05975836515426636,0.3216227889060974,0.21076184511184692,0.14277370274066925,0.08864396810531616,0.3574187159538269,0.2750709652900696,0.221827432513237,0.17418599128723145,pataka,right,,,,,,,,,,,,,,,,,,,,,,,,,,,,,,,,,,,,,,,,,,,636
0.4828568398952484,0.6569331884384155,0.7624662518501282,0.7802212834358215,0.713248074054718,0.6245463490486145,0.637198805809021,0.6400717496871948,0.6431700587272644,0.5128364562988281,0.5262145400047302,0.5451645851135254,0.5610179901123047,0.410986065864563,0.41255995631217957,0.4361383616924286,0.45992323756217957,0.30722576379776,0.2946321368217468,0.3027387261390686,0.31805112957954407,0.5983555316925049,0.5422217845916748,0.45195186138153076,0.355967253446579,0.29829585552215576,0.3117722272872925,0.20418886840343475,0.1430945247411728,0.09085988998413086,0.3050414025783539,0.1854635328054428,0.11520640552043915,0.05975836515426636,0.3216227889060974,0.21076184511184692,0.14277370274066925,0.08864396810531616,0.3574187159538269,0.2750709652900696,0.221827432513237,0.17418599128723145,pataka,right,,,,,,,,,,,,,,,,,,,,,,,,,,,,,,,,,,,,,,,,,,,637
0.4828985929489136,0.6585937142372131,0.76364666223526,0.7803173065185547,0.7154111862182617,0.6261477470397949,0.6395952701568604,0.6451534032821655,0.6514618396759033,0.5153859257698059,0.5286412835121155,0.5488361716270447,0.56577068567276,0.4145670533180237,0.4158521294593811,0.4377492666244507,0.46035468578338623,0.31154587864875793,0.29760482907295227,0.3036394417285919,0.3171561658382416,0.5993523001670837,0.5423912405967712,0.4513663649559021,0.35605788230895996,0.29747554659843445,0.3116931617259979,0.20353810489177704,0.143079936504364,0.09160098433494568,0.3052278459072113,0.1842227578163147,0.11406511068344116,0.05917060375213623,0.3220290541648865,0.20888210833072662,0.13984185457229614,0.08484640717506409,0.3579653799533844,0.27490347623825073,0.22075316309928894,0.17199090123176575,pataka,right,,,,,,,,,,,,,,,,,,,,,,,,,,,,,,,,,,,,,,,,,,,638
0.4828985929489136,0.6585937142372131,0.76364666223526,0.7803173065185547,0.7154111862182617,0.6261477470397949,0.6395952701568604,0.6451534032821655,0.6514618396759033,0.5153859257698059,0.5286412835121155,0.5488361716270447,0.56577068567276,0.4145670533180237,0.4158521294593811,0.4377492666244507,0.46035468578338623,0.31154587864875793,0.29760482907295227,0.3036394417285919,0.3171561658382416,0.5993523001670837,0.5423912405967712,0.4513663649559021,0.35605788230895996,0.29747554659843445,0.3116931617259979,0.20353810489177704,0.143079936504364,0.09160098433494568,0.3052278459072113,0.1842227578163147,0.11406511068344116,0.05917060375213623,0.3220290541648865,0.20888210833072662,0.13984185457229614,0.08484640717506409,0.3579653799533844,0.27490347623825073,0.22075316309928894,0.17199090123176575,pataka,right,,,,,,,,,,,,,,,,,,,,,,,,,,,,,,,,,,,,,,,,,,,639
0.9936423301696777,0.8679409623146057,0.6918151378631592,0.5237674117088318,0.4170704483985901,0.4237866997718811,0.19611616432666779,0.04325464367866516,-0.08862444758415222,0.42787787318229675,0.18054631352424622,0.014120548963546753,-0.1250949203968048,0.4750630259513855,0.2496979832649231,0.09443527460098267,-0.03537929058074951,0.555692732334137,0.38317611813545227,0.26016539335250854,0.14695489406585693,0.45333588123321533,0.32975274324417114,0.25216346979141235,0.25237083435058594,0.33185845613479614,0.3819068372249603,0.391478955745697,0.3972242474555969,0.4040117859840393,0.4764510691165924,0.48470038175582886,0.48497793078422546,0.48242974281311035,0.5583394169807434,0.5731788873672485,0.5665794014930725,0.5536292791366577,0.6383461952209473,0.6600269675254822,0.6594237089157104,0.647381067276001,pataka,right,,,,,,,,,,,,,,,,,,,,,,,,,,,,,,,,,,,,,,,,,,,640
0.577605128288269,0.7424814701080322,0.8384245038032532,0.8298953771591187,0.7163875699043274,0.6540634036064148,0.6439943313598633,0.63532954454422,0.620539665222168,0.5250212550163269,0.5193691253662109,0.5215490460395813,0.5254112482070923,0.41654008626937866,0.39384064078330994,0.40973934531211853,0.43009379506111145,0.3151448667049408,0.2903556823730469,0.2957368791103363,0.31492677330970764,0.8772575259208679,0.7767724990844727,0.637068510055542,0.5103889107704163,0.43173250555992126,0.4436150789260864,0.2803226113319397,0.17590871453285217,0.08404970169067383,0.44968122243881226,0.2633976936340332,0.14115610718727112,0.03418561816215515,0.4851940870285034,0.31602394580841064,0.20486444234848022,0.11078524589538574,0.542086124420166,0.4091472923755646,0.319441556930542,0.23703056573867798,pataka,right,,,,,,,,,,,,,,,,,,,,,,,,,,,,,,,,,,,,,,,,,,,641
0.5711745619773865,0.7481494545936584,0.8586266040802002,0.8231711983680725,0.6960669159889221,0.6567539572715759,0.6460867524147034,0.6354986429214478,0.6245415806770325,0.5262153744697571,0.5156814455986023,0.5114158987998962,0.5202232599258423,0.4165259301662445,0.3982747197151184,0.4074075520038605,0.42985227704048157,0.3128138482570648,0.29164206981658936,0.2947850823402405,0.31566718220710754,0.8666867613792419,0.7636648416519165,0.6302031874656677,0.509394645690918,0.4375428855419159,0.4350375235080719,0.2712761163711548,0.16957786679267883,0.08355462551116943,0.4530864357948303,0.2604634165763855,0.13955610990524292,0.027205288410186768,0.496088445186615,0.3271843194961548,0.21415601670742035,0.1144760251045227,0.5523563623428345,0.41977688670158386,0.32829582691192627,0.23973529040813446,pataka,right,,,,,,,,,,,,,,,,,,,,,,,,,,,,,,,,,,,,,,,,,,,642
0.8753228187561035,0.7703536748886108,0.6339221000671387,0.5078532695770264,0.4418586790561676,0.4365297853946686,0.27428576350212097,0.17265450954437256,0.08526337146759033,0.4507935345172882,0.2594335079193115,0.13838395476341248,0.02760833501815796,0.4920661747455597,0.3228330612182617,0.21066957712173462,0.11247479915618896,0.5500187277793884,0.41494667530059814,0.32411524653434753,0.23734669387340546,0.430950403213501,0.25563472509384155,0.14049004018306732,0.17147129774093628,0.3000744581222534,0.34269529581069946,0.3543383479118347,0.3660445511341095,0.37899866700172424,0.4728611409664154,0.48449236154556274,0.49004659056663513,0.4832407832145691,0.5829399824142456,0.6013702750205994,0.5924476385116577,0.5699446797370911,0.6875245571136475,0.7085174322128296,0.7043417692184448,0.6821101903915405,pataka,right,,,,,,,,,,,,,,,,,,,,,,,,,,,,,,,,,,,,,,,,,,,643
0.5017268061637878,0.5709336400032043,0.6128079295158386,0.6249911785125732,0.6057632565498352,0.5567643046379089,0.5501658320426941,0.5428845882415771,0.5351059436798096,0.5049616694450378,0.4951794147491455,0.48990923166275024,0.4855206608772278,0.45861589908599854,0.4452282190322876,0.44456687569618225,0.44679635763168335,0.416897177696228,0.4051626920700073,0.40446388721466064,0.4074474573135376,0.8417751789093018,0.7605278491973877,0.6395326256752014,0.5348926186561584,0.4576568901538849,0.4607120454311371,0.2966744899749756,0.1976291984319687,0.11224395036697388,0.4623357355594635,0.2789843678474426,0.1634128987789154,0.07118648290634155,0.49767765402793884,0.33183762431144714,0.22672444581985474,0.14116165041923523,0.5572715401649475,0.43206077814102173,0.34959328174591064,0.2768988013267517,pataka,right,,,,,,,,,,,,,,,,,,,,,,,,,,,,,,,,,,,,,,,,,,,644
0.30622485280036926,0.3563138246536255,0.42502665519714355,0.4853164553642273,0.5265375971794128,0.5241398215293884,0.6181782484054565,0.6708487868309021,0.7153141498565674,0.52088463306427,0.6249948143959045,0.6898697018623352,0.741790771484375,0.49949896335601807,0.5944737195968628,0.6542099714279175,0.7021715044975281,0.465300053358078,0.5372926592826843,0.5849747061729431,0.6269263029098511,0.5146040916442871,0.6380660533905029,0.7069584727287292,0.72959303855896,0.6839808225631714,0.6038004755973816,0.5875530242919922,0.571462094783783,0.5557493567466736,0.5103685855865479,0.49043703079223633,0.48262134194374084,0.4777015745639801,0.42734551429748535,0.40319138765335083,0.4048636257648468,0.4105428159236908,0.3528163731098175,0.3308987021446228,0.32981616258621216,0.33380234241485596,pataka,right,,,,,,,,,,,,,,,,,,,,,,,,,,,,,,,,,,,,,,,,,,,645
0.5262351632118225,0.6983975768089294,0.8102960586547852,0.8028718829154968,0.7349479794502258,0.665087878704071,0.6387233138084412,0.6032392978668213,0.5598040819168091,0.5565570592880249,0.5453351140022278,0.5241016745567322,0.48765110969543457,0.4623565077781677,0.45412150025367737,0.4434358775615692,0.41945335268974304,0.36263301968574524,0.3629473149776459,0.36499860882759094,0.3648751676082611,0.7430996298789978,0.6780775785446167,0.5709071755409241,0.47219523787498474,0.42221730947494507,0.44110602140426636,0.3342885673046112,0.2736852169036865,0.22270822525024414,0.43884068727493286,0.3310600519180298,0.2668006420135498,0.21588709950447083,0.45628103613853455,0.3512375056743622,0.2889511287212372,0.23776796460151672,0.4889048933982849,0.397156685590744,0.34045636653900146,0.2879568636417389,sarpasheesh,right,,,,,,,,,,,,,,,,,,,,,,,,,,,,,,,,,,,,,,,,,,,646
0.9439586400985718,0.8265955448150635,0.6308135986328125,0.45409414172172546,0.35707980394363403,0.3897484540939331,0.20397689938545227,0.09557494521141052,0.004906773567199707,0.385097861289978,0.19144794344902039,0.07085379958152771,-0.025925815105438232,0.4159403443336487,0.22688260674476624,0.1133294403553009,0.01825883984565735,0.47871774435043335,0.3159537613391876,0.21328720450401306,0.11703011393547058,0.4795415997505188,0.38942718505859375,0.3306316137313843,0.32924917340278625,0.3701266050338745,0.41037771105766296,0.42524972558021545,0.44244542717933655,0.46187883615493774,0.468572735786438,0.47676417231559753,0.48614203929901123,0.5020067095756531,0.5205696225166321,0.526640772819519,0.5290735363960266,0.536358654499054,0.5765920877456665,0.5764240026473999,0.5747578144073486,0.5731432437896729,sarpasheesh,right,,,,,,,,,,,,,,,,,,,,,,,,,,,,,,,,,,,,,,,,,,,647
0.10403722524642944,0.21842962503433228,0.4135664105415344,0.5938740372657776,0.6904645562171936,0.6341046094894409,0.8098996877670288,0.9124576449394226,0.9942257404327393,0.6444050669670105,0.8305314779281616,0.93639075756073,1.022615909576416,0.6195074915885925,0.8056053519248962,0.9099191427230835,0.9930718541145325,0.5661801695823669,0.7284053564071655,0.8245143890380859,0.9128596782684326,0.5157751441001892,0.6102492213249207,0.6708996891975403,0.6723547577857971,0.625711977481842,0.5896820425987244,0.5760201215744019,0.5631806254386902,0.5493990182876587,0.5310399532318115,0.5260107517242432,0.5244656801223755,0.5191672444343567,0.47950196266174316,0.47158560156822205,0.47419387102127075,0.4727676510810852,0.423071950674057,0.4234805107116699,0.4266822338104248,0.43158188462257385,sarpasheesh,right,,,,,,,,,,,,,,,,,,,,,,,,,,,,,,,,,,,,,,,,,,,648
0.7454615235328674,0.6389596462249756,0.54876708984375,0.435303270816803,0.37736839056015015,0.41056111454963684,0.3014252781867981,0.25122398138046265,0.21269118785858154,0.4248892366886139,0.2938392162322998,0.24096673727035522,0.2122739851474762,0.4460929334163666,0.32222768664360046,0.25789085030555725,0.2442072033882141,0.48235541582107544,0.378826379776001,0.3160353899002075,0.2842516303062439,0.45948463678359985,0.29928702116012573,0.18330490589141846,0.18203853070735931,0.27324414253234863,0.36131638288497925,0.3797285854816437,0.4071182310581207,0.42732203006744385,0.46020856499671936,0.47328636050224304,0.49565252661705017,0.5141947269439697,0.5477063059806824,0.5598341822624207,0.5700147151947021,0.5795485377311707,0.637988269329071,0.639269232749939,0.6401646137237549,0.6364486217498779,sarpasheesh,right,,,,,,,,,,,,,,,,,,,,,,,,,,,,,,,,,,,,,,,,,,,649
0.5250264406204224,0.7002123594284058,0.8152294158935547,0.8169931769371033,0.7395310401916504,0.6570183038711548,0.6365134119987488,0.6041790246963501,0.5634099245071411,0.5530096292495728,0.5468870997428894,0.5263051390647888,0.48907923698425293,0.45965951681137085,0.45412760972976685,0.4444742202758789,0.4202505350112915,0.35856014490127563,0.3608623743057251,0.3644719123840332,0.36570122838020325,0.7210383415222168,0.6541942954063416,0.5476561784744263,0.44807079434394836,0.3971654176712036,0.41954028606414795,0.31444650888442993,0.2529596984386444,0.1997917741537094,0.4170304238796234,0.31013286113739014,0.2447689026594162,0.193428173661232,0.4338752329349518,0.3288509249687195,0.2658764719963074,0.2149282544851303,0.46627622842788696,0.3752020299434662,0.3175457715988159,0.2649768590927124,sarpasheesh,right,,,,,,,,,,,,,,,,,,,,,,,,,,,,,,,,,,,,,,,,,,,650
0.5309571027755737,0.6922739148139954,0.814521849155426,0.822185754776001,0.7241042852401733,0.6411200165748596,0.6294226050376892,0.5966693162918091,0.574984610080719,0.5391420722007751,0.5355668067932129,0.5092350244522095,0.49097949266433716,0.4538115859031677,0.4508069157600403,0.43986135721206665,0.4248838424682617,0.3680865466594696,0.36595532298088074,0.36691686511039734,0.3682868778705597,0.7428762912750244,0.6397458910942078,0.5505883097648621,0.4371570944786072,0.38564568758010864,0.4099746644496918,0.29734060168266296,0.248391792178154,0.21637769043445587,0.42032885551452637,0.2887505292892456,0.2359524369239807,0.20919719338417053,0.4386252164840698,0.31507548689842224,0.2453843355178833,0.23619037866592407,0.46854162216186523,0.359773725271225,0.29730695486068726,0.2759338319301605,sarpasheesh,right,,,,,,,,,,,,,,,,,,,,,,,,,,,,,,,,,,,,,,,,,,,651
0.03213059902191162,0.14001736044883728,0.32360026240348816,0.4984271228313446,0.597222089767456,0.5719482898712158,0.7686098217964172,0.88096022605896,0.9699788093566895,0.5750340819358826,0.773177444934845,0.8840950727462769,0.9626310467720032,0.5447243452072144,0.732101321220398,0.8434538245201111,0.9258813858032227,0.48426878452301025,0.642470121383667,0.7456169724464417,0.8332576751708984,0.5185624957084656,0.6054260730743408,0.6651204824447632,0.6700100302696228,0.6320673823356628,0.5864741206169128,0.573307991027832,0.5547600388526917,0.5322491526603699,0.5287979245185852,0.5249985456466675,0.5111734867095947,0.4891534745693207,0.4766988754272461,0.4748322367668152,0.4691430926322937,0.45498034358024597,0.4212794005870819,0.42366522550582886,0.4251229166984558,0.42385220527648926,sarpasheesh,right,,,,,,,,,,,,,,,,,,,,,,,,,,,,,,,,,,,,,,,,,,,652
0.5254181027412415,0.6960955858230591,0.802799642086029,0.79558265209198,0.7415526509284973,0.6649982929229736,0.6429702043533325,0.6040579080581665,0.5554937124252319,0.5582296848297119,0.5517452955245972,0.5233653783798218,0.48063984513282776,0.4650734066963196,0.45991963148117065,0.4442673623561859,0.4144742786884308,0.36612191796302795,0.3681254982948303,0.37068331241607666,0.36871078610420227,0.7622079849243164,0.6958943605422974,0.5950644612312317,0.49958810210227966,0.4478311538696289,0.4575180411338806,0.34948599338531494,0.29030394554138184,0.24323037266731262,0.45569556951522827,0.34528201818466187,0.28292304277420044,0.23505476117134094,0.4727994501590729,0.3674732446670532,0.30674153566360474,0.2578531503677368,0.5060803294181824,0.41882094740867615,0.3643929958343506,0.3142658472061157,sarpasheesh,right,,,,,,,,,,,,,,,,,,,,,,,,,,,,,,,,,,,,,,,,,,,653
0.4393051862716675,0.6097403764724731,0.7144544124603271,0.7660030126571655,0.6970362663269043,0.5650657415390015,0.5703315138816833,0.5604676008224487,0.5449954271316528,0.45890212059020996,0.4574447274208069,0.46867501735687256,0.47670361399650574,0.36058738827705383,0.34656673669815063,0.3522052466869354,0.36365118622779846,0.2504046559333801,0.2445468306541443,0.24026823043823242,0.2516312003135681,0.681247353553772,0.5947320461273193,0.5224476456642151,0.4123227000236511,0.34163230657577515,0.383148729801178,0.27724578976631165,0.2674780488014221,0.27853327989578247,0.37666982412338257,0.25139328837394714,0.1585739552974701,0.09775558114051819,0.3927418887615204,0.2870113253593445,0.2741888463497162,0.29943251609802246,0.41977107524871826,0.3302013874053955,0.2675992250442505,0.2325652837753296,shuktund,right,,,,,,,,,,,,,,,,,,,,,,,,,,,,,,,,,,,,,,,,,,,654
0.43622326850891113,0.6131433844566345,0.7298796772956848,0.7568086385726929,0.7007350921630859,0.5713363885879517,0.570401132106781,0.5519696474075317,0.5254877805709839,0.4538007974624634,0.4518101215362549,0.47574418783187866,0.491466760635376,0.3532750904560089,0.3590657114982605,0.3729221522808075,0.37302538752555847,0.2533052861690521,0.24893984198570251,0.24971804022789001,0.25682419538497925,0.6678434014320374,0.6122456789016724,0.5137195587158203,0.41633349657058716,0.34098783135414124,0.37704968452453613,0.27127131819725037,0.26778125762939453,0.2945016026496887,0.3731759488582611,0.23925936222076416,0.1446785181760788,0.07784584164619446,0.39099618792533875,0.28828099370002747,0.27828362584114075,0.28916651010513306,0.4174693524837494,0.32478833198547363,0.2650240957736969,0.21755556762218475,shuktund,right,,,,,,,,,,,,,,,,,,,,,,,,,,,,,,,,,,,,,,,,,,,655
0.43622326850891113,0.6131433844566345,0.7298796772956848,0.7568086385726929,0.7007350921630859,0.5713363885879517,0.570401132106781,0.5519696474075317,0.5254877805709839,0.4538007974624634,0.4518101215362549,0.47574418783187866,0.491466760635376,0.3532750904560089,0.3590657114982605,0.3729221522808075,0.37302538752555847,0.2533052861690521,0.24893984198570251,0.24971804022789001,0.25682419538497925,0.6678434014320374,0.6122456789016724,0.5137195587158203,0.41633349657058716,0.34098783135414124,0.37704968452453613,0.27127131819725037,0.26778125762939453,0.2945016026496887,0.3731759488582611,0.23925936222076416,0.1446785181760788,0.07784584164619446,0.39099618792533875,0.28828099370002747,0.27828362584114075,0.28916651010513306,0.4174693524837494,0.32478833198547363,0.2650240957736969,0.21755556762218475,shuktund,right,,,,,,,,,,,,,,,,,,,,,,,,,,,,,,,,,,,,,,,,,,,656
0.4393051862716675,0.6097403764724731,0.7144544124603271,0.7660030126571655,0.6970362663269043,0.5650657415390015,0.5703315138816833,0.5604676008224487,0.5449954271316528,0.45890212059020996,0.4574447274208069,0.46867501735687256,0.47670361399650574,0.36058738827705383,0.34656673669815063,0.3522052466869354,0.36365118622779846,0.2504046559333801,0.2445468306541443,0.24026823043823242,0.2516312003135681,0.681247353553772,0.5947320461273193,0.5224476456642151,0.4123227000236511,0.34163230657577515,0.383148729801178,0.27724578976631165,0.2674780488014221,0.27853327989578247,0.37666982412338257,0.25139328837394714,0.1585739552974701,0.09775558114051819,0.3927418887615204,0.2870113253593445,0.2741888463497162,0.29943251609802246,0.41977107524871826,0.3302013874053955,0.2675992250442505,0.2325652837753296,shuktund,right,,,,,,,,,,,,,,,,,,,,,,,,,,,,,,,,,,,,,,,,,,,657
0.8219512701034546,0.7129829525947571,0.5171484351158142,0.33180105686187744,0.2065187692642212,0.282600462436676,0.10739968717098236,0.06255748867988586,0.10292412340641022,0.27490538358688354,0.07331189513206482,0.061667606234550476,0.14960604906082153,0.30407652258872986,0.10602457821369171,0.07602128386497498,0.15884290635585785,0.36133328080177307,0.19569477438926697,0.1142086386680603,0.11617888510227203,0.5341580510139465,0.44127964973449707,0.37462255358695984,0.35971856117248535,0.39351484179496765,0.45646005868911743,0.4614258408546448,0.46418580412864685,0.47456568479537964,0.5186336636543274,0.529498815536499,0.5323742032051086,0.5355687737464905,0.5748506784439087,0.585112452507019,0.583449125289917,0.5805369019508362,0.6337557435035706,0.6421886682510376,0.6338827013969421,0.6199473738670349,shuktund,right,,,,,,,,,,,,,,,,,,,,,,,,,,,,,,,,,,,,,,,,,,,658
0.453066349029541,0.6091118454933167,0.7187078595161438,0.7618119120597839,0.7018702626228333,0.5573993921279907,0.5644757151603699,0.5610120296478271,0.5509903430938721,0.45492023229599,0.45495229959487915,0.46632087230682373,0.4742697775363922,0.35885560512542725,0.34557151794433594,0.34554094076156616,0.35009223222732544,0.2552534341812134,0.25102365016937256,0.24520784616470337,0.25067782402038574,0.6739170551300049,0.5891220569610596,0.5194477438926697,0.41133880615234375,0.3358839154243469,0.3667585849761963,0.2791333794593811,0.27500733733177185,0.28669866919517517,0.3691066801548004,0.24443724751472473,0.19969886541366577,0.18858850002288818,0.3880167603492737,0.2835085093975067,0.28249412775039673,0.3152998685836792,0.4231579303741455,0.33082371950149536,0.27004650235176086,0.2283632606267929,shuktund,right,,,,,,,,,,,,,,,,,,,,,,,,,,,,,,,,,,,,,,,,,,,659
0.43909740447998047,0.6127395033836365,0.7288500666618347,0.7567601203918457,0.7036081552505493,0.5684074759483337,0.569849967956543,0.5547206997871399,0.5339211225509644,0.4524685740470886,0.4498249888420105,0.4723204970359802,0.48811304569244385,0.3522951304912567,0.35903626680374146,0.3741720914840698,0.37592044472694397,0.25184115767478943,0.2491055727005005,0.24799072742462158,0.2506026029586792,0.6704648733139038,0.6145591139793396,0.5153506994247437,0.4181170165538788,0.34310078620910645,0.3791714012622833,0.2683846056461334,0.2671632468700409,0.2982173264026642,0.3742387294769287,0.23780512809753418,0.1441250890493393,0.07852542400360107,0.39218854904174805,0.2874760031700134,0.28233084082603455,0.29720231890678406,0.4205262064933777,0.32921579480171204,0.2685132622718811,0.21862590312957764,shuktund,right,,,,,,,,,,,,,,,,,,,,,,,,,,,,,,,,,,,,,,,,,,,660
0.6743907332420349,0.589205265045166,0.5183389782905579,0.40685364603996277,0.33223292231559753,0.3677670955657959,0.27700456976890564,0.2695622146129608,0.2839464843273163,0.3667895197868347,0.24034300446510315,0.19322171807289124,0.18551944196224213,0.38407355546951294,0.27794650197029114,0.2674018442630768,0.2974928915500641,0.4189825654029846,0.327671617269516,0.2688561677932739,0.23612207174301147,0.5458635687828064,0.3879689574241638,0.27994588017463684,0.2394847273826599,0.302590548992157,0.439354807138443,0.434736967086792,0.43732404708862305,0.4466794729232788,0.5438076853752136,0.5457816123962402,0.5335290431976318,0.5241978168487549,0.6412607431411743,0.6562063694000244,0.6559795141220093,0.6502922177314758,0.7471193671226501,0.7543755769729614,0.7604422569274902,0.7533738613128662,shuktund,right,,,,,,,,,,,,,,,,,,,,,,,,,,,,,,,,,,,,,,,,,,,661
0.4566815495491028,0.6154122352600098,0.7262522578239441,0.7636733055114746,0.6993803977966309,0.5557604432106018,0.5597410202026367,0.5605734586715698,0.5552939176559448,0.45321404933929443,0.45148763060569763,0.46561121940612793,0.4768728017807007,0.35826051235198975,0.3425351679325104,0.34368187189102173,0.3517937958240509,0.25468456745147705,0.24619492888450623,0.238507479429245,0.24356937408447266,0.675997257232666,0.5896643400192261,0.5156041383743286,0.4050237536430359,0.33551904559135437,0.36916571855545044,0.278856486082077,0.2729978561401367,0.28225257992744446,0.37100476026535034,0.2439957857131958,0.18816429376602173,0.16612346470355988,0.3916417360305786,0.2815004587173462,0.2861507534980774,0.32159945368766785,0.42993584275245667,0.3355741798877716,0.2740449011325836,0.2305452674627304,shuktund,right,,,,,,,,,,,,,,,,,,,,,,,,,,,,,,,,,,,,,,,,,,,662
0.44284069538116455,0.6159412264823914,0.733048677444458,0.7610154151916504,0.7001858353614807,0.5734148621559143,0.5742095708847046,0.5605710744857788,0.5430812239646912,0.45852670073509216,0.45271480083465576,0.47211986780166626,0.48574215173721313,0.3578203320503235,0.3645085096359253,0.3793572187423706,0.3818320333957672,0.2553742229938507,0.2495695948600769,0.24746757745742798,0.2485702931880951,0.673187255859375,0.6190860271453857,0.5167394876480103,0.4164171814918518,0.3446025550365448,0.3800241947174072,0.2725983262062073,0.2721659243106842,0.300146222114563,0.37498003244400024,0.24061556160449982,0.14806796610355377,0.08295100927352905,0.3931892216205597,0.2888627052307129,0.2866434156894684,0.3027137815952301,0.4227207899093628,0.33089399337768555,0.27036339044570923,0.2199237048625946,shuktund,right,,,,,,,,,,,,,,,,,,,,,,,,,,,,,,,,,,,,,,,,,,,663
0.17752790451049805,0.28171607851982117,0.4767761528491974,0.6641290187835693,0.7888621091842651,0.7150134444236755,0.8934581279754639,0.9321969151496887,0.8892691731452942,0.7230207920074463,0.9298886060714722,0.9539569616317749,0.879568338394165,0.6917204260826111,0.8946436643600464,0.9222863912582397,0.8438342809677124,0.6302217841148376,0.7963296175003052,0.8959664702415466,0.9204064011573792,0.46757423877716064,0.5627739429473877,0.6294029951095581,0.6411969661712646,0.6049191951751709,0.5459059476852417,0.5435431599617004,0.5399710536003113,0.5271100997924805,0.48297882080078125,0.4746197462081909,0.4716733992099762,0.4637146592140198,0.42607352137565613,0.4176962971687317,0.4187682867050171,0.419297993183136,0.36661893129348755,0.35885313153266907,0.36445093154907227,0.3742820620536804,shuktund,right,,,,,,,,,,,,,,,,,,,,,,,,,,,,,,,,,,,,,,,,,,,664
0.3281078040599823,0.4108372628688812,0.4808299243450165,0.5952824354171753,0.6639808416366577,0.6346728801727295,0.723135232925415,0.7289772629737854,0.7121703028678894,0.631107747554779,0.7662988901138306,0.8077459335327148,0.8101053237915039,0.610836386680603,0.718788206577301,0.7237280607223511,0.688559889793396,0.57271808385849,0.6655147075653076,0.7254509925842285,0.7621180415153503,0.4533272087574005,0.6151766180992126,0.7269468307495117,0.7668266296386719,0.6944302320480347,0.5608037114143372,0.5670349597930908,0.5627976059913635,0.5534824728965759,0.45826709270477295,0.456235408782959,0.46430158615112305,0.47086814045906067,0.3620656132698059,0.3458731174468994,0.3467521667480469,0.3536979556083679,0.25506410002708435,0.24850749969482422,0.24172213673591614,0.24709013104438782,shuktund,right,,,,,,,,,,,,,,,,,,,,,,,,,,,,,,,,,,,,,,,,,,,665
0.4725525379180908,0.6507370471954346,0.7664005756378174,0.7907907962799072,0.7451858520507812,0.6130014061927795,0.6142600774765015,0.5999230742454529,0.573904812335968,0.496060311794281,0.4972657561302185,0.5231200456619263,0.5402364730834961,0.39192745089530945,0.3938188850879669,0.41632404923439026,0.4290260374546051,0.28740885853767395,0.2872615158557892,0.2893952429294586,0.29898273944854736,0.6724995374679565,0.6066356897354126,0.5078720450401306,0.41206803917884827,0.3347335457801819,0.37704604864120483,0.2771415114402771,0.2652098834514618,0.2821897864341736,0.3707767128944397,0.24173890054225922,0.1529737412929535,0.08908560872077942,0.3878110647201538,0.28564882278442383,0.25524112582206726,0.2427765280008316,0.41352587938308716,0.32407140731811523,0.26441672444343567,0.2130458503961563,shuktund,right,,,,,,,,,,,,,,,,,,,,,,,,,,,,,,,,,,,,,,,,,,,666
0.47651082277297974,0.6447826623916626,0.7497950792312622,0.7976606488227844,0.7374743223190308,0.5999552011489868,0.6067498326301575,0.602834939956665,0.595773458480835,0.4949021339416504,0.4945048689842224,0.5120497941970825,0.5289797782897949,0.3968017101287842,0.38029879331588745,0.40257856249809265,0.43138498067855835,0.2862919270992279,0.2861529290676117,0.2909408211708069,0.31339412927627563,0.6762892007827759,0.5972106456756592,0.5215563178062439,0.412570059299469,0.333913117647171,0.3854536712169647,0.29224205017089844,0.2617588937282562,0.248622864484787,0.37929031252861023,0.2524946928024292,0.16814568638801575,0.11586466431617737,0.39564669132232666,0.2851579785346985,0.2598545551300049,0.2738380432128906,0.42561963200569153,0.331969290971756,0.2693723142147064,0.23357462882995605,shuktund,right,,,,,,,,,,,,,,,,,,,,,,,,,,,,,,,,,,,,,,,,,,,667
0.17984133958816528,0.2909052073955536,0.48075151443481445,0.6613198518753052,0.8023072481155396,0.7192160487174988,0.8892792463302612,0.9413410425186157,0.9169254899024963,0.7330449819564819,0.93431156873703,0.9776362776756287,0.9184898138046265,0.7066256999969482,0.902342677116394,0.969277024269104,0.9292728304862976,0.6487261056900024,0.8152168393135071,0.9198499917984009,0.9548478126525879,0.48725253343582153,0.5807543396949768,0.6426740288734436,0.6574696898460388,0.6410162448883057,0.5686131119728088,0.5636957883834839,0.5615940093994141,0.5505537986755371,0.5047895908355713,0.4950818717479706,0.49869924783706665,0.49588000774383545,0.4455257058143616,0.4336889982223511,0.43767404556274414,0.44139227271080017,0.38345059752464294,0.3775521516799927,0.3835625648498535,0.39444082975387573,shuktund,right,,,,,,,,,,,,,,,,,,,,,,,,,,,,,,,,,,,,,,,,,,,668
0.47651082277297974,0.6447826623916626,0.7497950792312622,0.7976606488227844,0.7374743223190308,0.5999552011489868,0.6067498326301575,0.602834939956665,0.595773458480835,0.4949021339416504,0.4945048689842224,0.5120497941970825,0.5289797782897949,0.3968017101287842,0.38029879331588745,0.40257856249809265,0.43138498067855835,0.2862919270992279,0.2861529290676117,0.2909408211708069,0.31339412927627563,0.6762892007827759,0.5972106456756592,0.5215563178062439,0.412570059299469,0.333913117647171,0.3854536712169647,0.29224205017089844,0.2617588937282562,0.248622864484787,0.37929031252861023,0.2524946928024292,0.16814568638801575,0.11586466431617737,0.39564669132232666,0.2851579785346985,0.2598545551300049,0.2738380432128906,0.42561963200569153,0.331969290971756,0.2693723142147064,0.23357462882995605,shuktund,right,,,,,,,,,,,,,,,,,,,,,,,,,,,,,,,,,,,,,,,,,,,669
0.16258937120437622,0.2680121958255768,0.46818357706069946,0.6524485945701599,0.7491351366043091,0.7034990191459656,0.8746889233589172,0.9143350720405579,0.8699300289154053,0.7082958221435547,0.9139978885650635,0.9948655366897583,0.9713311195373535,0.6688022613525391,0.8670831918716431,0.9069302678108215,0.8332475423812866,0.6042465567588806,0.7618200778961182,0.8338086605072021,0.8266668915748596,0.4603210389614105,0.5495272874832153,0.6183280944824219,0.6333860158920288,0.5789597034454346,0.528401255607605,0.5240550637245178,0.5212268233299255,0.5120811462402344,0.4641268253326416,0.4534909427165985,0.45529884099960327,0.4562411308288574,0.40744614601135254,0.3931976556777954,0.40115541219711304,0.41228675842285156,0.35094115138053894,0.34322407841682434,0.3539558947086334,0.37273892760276794,shuktund,right,,,,,,,,,,,,,,,,,,,,,,,,,,,,,,,,,,,,,,,,,,,670
0.4251020550727844,0.6005812287330627,0.7143824696540833,0.7375395894050598,0.643701434135437,0.5380053520202637,0.5306124687194824,0.4936121702194214,0.4483936131000519,0.42636311054229736,0.4204399585723877,0.4224070906639099,0.41356825828552246,0.3300650417804718,0.32163649797439575,0.33965003490448,0.34588509798049927,0.2332116663455963,0.2201637327671051,0.22141236066818237,0.22722768783569336,0.6828892230987549,0.6222898960113525,0.5181496143341064,0.4138590395450592,0.3589847683906555,0.39011433720588684,0.29587775468826294,0.28245148062705994,0.2855699956417084,0.3873765468597412,0.26019370555877686,0.17168670892715454,0.10643771290779114,0.40566250681877136,0.3019714057445526,0.2895933985710144,0.2978615164756775,0.4341128468513489,0.34581485390663147,0.28714290261268616,0.23948150873184204,shuktund,right,,,,,,,,,,,,,,,,,,,,,,,,,,,,,,,,,,,,,,,,,,,671
0.6533243656158447,0.5797330141067505,0.4717375636100769,0.3922375440597534,0.36714115738868713,0.2507486641407013,0.1236858069896698,0.2712491750717163,0.33110567927360535,0.24927091598510742,0.1443968564271927,0.336874783039093,0.35861989855766296,0.2678644359111786,0.1606793999671936,0.32717907428741455,0.36206915974617004,0.30257338285446167,0.20355603098869324,0.30383238196372986,0.3361644744873047,0.6890823245048523,0.5559125542640686,0.427969753742218,0.32398128509521484,0.2452041208744049,0.519206702709198,0.5378262400627136,0.543317973613739,0.5253769755363464,0.6037431955337524,0.6120988726615906,0.6106804609298706,0.590580403804779,0.6835710406303406,0.6909654140472412,0.6832435131072998,0.6701750755310059,0.754914402961731,0.7657201290130615,0.7449216842651367,0.7358478307723999,shikhar,right,,,,,,,,,,,,,,,,,,,,,,,,,,,,,,,,,,,,,,,,,,,672
0.6533243656158447,0.5797330141067505,0.4717375636100769,0.3922375440597534,0.36714115738868713,0.2507486641407013,0.1236858069896698,0.2712491750717163,0.33110567927360535,0.24927091598510742,0.1443968564271927,0.336874783039093,0.35861989855766296,0.2678644359111786,0.1606793999671936,0.32717907428741455,0.36206915974617004,0.30257338285446167,0.20355603098869324,0.30383238196372986,0.3361644744873047,0.6890823245048523,0.5559125542640686,0.427969753742218,0.32398128509521484,0.2452041208744049,0.519206702709198,0.5378262400627136,0.543317973613739,0.5253769755363464,0.6037431955337524,0.6120988726615906,0.6106804609298706,0.590580403804779,0.6835710406303406,0.6909654140472412,0.6832435131072998,0.6701750755310059,0.754914402961731,0.7657201290130615,0.7449216842651367,0.7358478307723999,shikhar,right,,,,,,,,,,,,,,,,,,,,,,,,,,,,,,,,,,,,,,,,,,,673
0.387544184923172,0.4761278033256531,0.5818860530853271,0.6615688800811768,0.669928789138794,0.8021938800811768,0.8973293304443359,0.8223402500152588,0.7586526274681091,0.8157468438148499,0.8708170056343079,0.8004913330078125,0.741693913936615,0.7960582971572876,0.8494606018066406,0.7855061292648315,0.7206017374992371,0.763353705406189,0.8008362650871277,0.7452638149261475,0.6921905279159546,0.6870541572570801,0.5533639192581177,0.4514223039150238,0.3610565960407257,0.2795633375644684,0.5441077947616577,0.5863462686538696,0.5986095070838928,0.5862556099891663,0.6339449286460876,0.662759006023407,0.6677353382110596,0.6618475914001465,0.7156307101249695,0.7342356443405151,0.7373573780059814,0.7280070781707764,0.7861264944076538,0.7956109046936035,0.7923651933670044,0.783581554889679,shikhar,right,,,,,,,,,,,,,,,,,,,,,,,,,,,,,,,,,,,,,,,,,,,674
0.2270127832889557,0.425911545753479,0.5758054256439209,0.7083861827850342,0.8313158750534058,0.4355788826942444,0.36038658022880554,0.339425653219223,0.3598991334438324,0.3004009425640106,0.24774260818958282,0.238651841878891,0.248954176902771,0.1764843761920929,0.14349150657653809,0.14091536402702332,0.15778136253356934,0.06739954650402069,0.05627316236495972,0.06577135622501373,0.08358132839202881,0.4221446216106415,0.484987735748291,0.5522645711898804,0.6035847663879395,0.6125255227088928,0.7053079009056091,0.7628834843635559,0.7163545489311218,0.6740798354148865,0.7157124876976013,0.7444906234741211,0.6985158920288086,0.6577988862991333,0.7030988931655884,0.7307907342910767,0.6885570287704468,0.6450579166412354,0.6803740859031677,0.7002668380737305,0.6610776782035828,0.6230156421661377,shikhar,right,,,,,,,,,,,,,,,,,,,,,,,,,,,,,,,,,,,,,,,,,,,675
0.20527583360671997,0.38169750571250916,0.5590484142303467,0.698614239692688,0.8310286998748779,0.4102615714073181,0.3934266269207001,0.3732040822505951,0.35919561982154846,0.2708655595779419,0.2756097912788391,0.280566543340683,0.2751467823982239,0.15059012174606323,0.15879642963409424,0.18259689211845398,0.1940251588821411,0.04960513114929199,0.049946725368499756,0.07983660697937012,0.09666043519973755,0.5427759885787964,0.5350127220153809,0.46079373359680176,0.4117574691772461,0.3896324038505554,0.3275468349456787,0.4176619052886963,0.48820945620536804,0.49622729420661926,0.31743505597114563,0.43554413318634033,0.5021992921829224,0.5054643154144287,0.337594598531723,0.43386179208755493,0.4904894232749939,0.48907968401908875,0.36787375807762146,0.43160155415534973,0.4705204963684082,0.4727637767791748,shikhar,right,,,,,,,,,,,,,,,,,,,,,,,,,,,,,,,,,,,,,,,,,,,676
0.5800795555114746,0.5571010112762451,0.4489305019378662,0.37788301706314087,0.33712705969810486,0.2336396425962448,0.37321141362190247,0.4815494418144226,0.49439650774002075,0.2200503796339035,0.3912369906902313,0.4984007477760315,0.5068653225898743,0.2554275691509247,0.3980875015258789,0.48907241225242615,0.4902269244194031,0.3058743178844452,0.3768008351325989,0.43959322571754456,0.45329567790031433,0.6886959075927734,0.5764719843864441,0.4611586928367615,0.36991745233535767,0.2822062373161316,0.5636093616485596,0.5702570080757141,0.5793423652648926,0.5838293433189392,0.6555421948432922,0.6465970277786255,0.6421563029289246,0.6415377855300903,0.7333301305770874,0.7245258688926697,0.7090754508972168,0.6979560852050781,0.7979559898376465,0.8020723462104797,0.779357373714447,0.759398877620697,shikhar,right,,,,,,,,,,,,,,,,,,,,,,,,,,,,,,,,,,,,,,,,,,,677
0.6787163615226746,0.747999906539917,0.7599533796310425,0.6586374640464783,0.5457423329353333,0.5895320177078247,0.5848606824874878,0.5953393578529358,0.616233229637146,0.4755553901195526,0.5390629768371582,0.6130181550979614,0.6447594165802002,0.40823227167129517,0.4915347099304199,0.5682755708694458,0.5946277379989624,0.3664962649345398,0.45929473638534546,0.5510378479957581,0.5949023962020874,0.6400738954544067,0.5810229778289795,0.4716266989707947,0.4295996427536011,0.43081989884376526,0.3004167079925537,0.2096216082572937,0.16010184586048126,0.14127947390079498,0.3350438177585602,0.35812804102897644,0.4423030614852905,0.47889867424964905,0.40611714124679565,0.44630002975463867,0.5035796165466309,0.5201017260551453,0.49614039063453674,0.5216226577758789,0.5504682064056396,0.5484473705291748,ardhapataka,right,,,,,,,,,,,,,,,,,,,,,,,,,,,,,,,,,,,,,,,,,,,678
0.6525885462760925,0.5883996486663818,0.48102957010269165,0.43853312730789185,0.42971071600914,0.3074159622192383,0.21860940754413605,0.16096274554729462,0.12041664123535156,0.3377489745616913,0.32750415802001953,0.3661094009876251,0.37206918001174927,0.4029737412929535,0.43478915095329285,0.49080291390419006,0.5146558880805969,0.486345499753952,0.5201753377914429,0.5515861511230469,0.5582983493804932,0.3348222076892853,0.2587662935256958,0.24222178757190704,0.34050706028938293,0.4463971257209778,0.39479196071624756,0.39101147651672363,0.3915424942970276,0.3964311182498932,0.5148434638977051,0.4832551181316376,0.38914766907691956,0.3321734368801117,0.5907167196273804,0.5367604494094849,0.4274621903896332,0.3676536977291107,0.63881516456604,0.5626872181892395,0.46541863679885864,0.4123069643974304,ardhapataka,right,,,,,,,,,,,,,,,,,,,,,,,,,,,,,,,,,,,,,,,,,,,679
0.47690844535827637,0.6551985144615173,0.7622319459915161,0.8074967861175537,0.710432767868042,0.6178793907165527,0.6459903717041016,0.6577394008636475,0.6687501072883606,0.5149175524711609,0.5187290906906128,0.5531783699989319,0.5875463485717773,0.4213101267814636,0.3995853066444397,0.4152367115020752,0.4408274292945862,0.3119335472583771,0.2949724793434143,0.30661264061927795,0.33767807483673096,0.6257134675979614,0.5435343384742737,0.4610758423805237,0.3537384569644928,0.31148043274879456,0.3167881369590759,0.19324222207069397,0.13708274066448212,0.08397409319877625,0.3100431561470032,0.1866554319858551,0.11115230619907379,0.07527688145637512,0.3239288032054901,0.21872219443321228,0.18902817368507385,0.20002174377441406,0.3483140170574188,0.2550176680088043,0.20898805558681488,0.20194587111473083,tripataka,right,,,,,,,,,,,,,,,,,,,,,,,,,,,,,,,,,,,,,,,,,,,680
0.47690844535827637,0.6551985144615173,0.7622319459915161,0.8074967861175537,0.710432767868042,0.6178793907165527,0.6459903717041016,0.6577394008636475,0.6687501072883606,0.5149175524711609,0.5187290906906128,0.5531783699989319,0.5875463485717773,0.4213101267814636,0.3995853066444397,0.4152367115020752,0.4408274292945862,0.3119335472583771,0.2949724793434143,0.30661264061927795,0.33767807483673096,0.6257134675979614,0.5435343384742737,0.4610758423805237,0.3537384569644928,0.31148043274879456,0.3167881369590759,0.19324222207069397,0.13708274066448212,0.08397409319877625,0.3100431561470032,0.1866554319858551,0.11115230619907379,0.07527688145637512,0.3239288032054901,0.21872219443321228,0.18902817368507385,0.20002174377441406,0.3483140170574188,0.2550176680088043,0.20898805558681488,0.20194587111473083,tripataka,right,,,,,,,,,,,,,,,,,,,,,,,,,,,,,,,,,,,,,,,,,,,681
0.30847489833831787,0.4251033365726471,0.6022409796714783,0.7664259076118469,0.8656858801841736,0.8405028581619263,1.0192651748657227,1.12238347530365,1.2021434307098389,0.8537601232528687,1.0414221286773682,1.1613306999206543,1.245406150817871,0.8262991309165955,1.0112967491149902,1.1291344165802002,1.2096259593963623,0.7640673518180847,0.9252384901046753,1.0364948511123657,1.1275968551635742,0.49762028455734253,0.5873495936393738,0.6488672494888306,0.6541311144828796,0.6097238063812256,0.5757656097412109,0.5817589163780212,0.5851379036903381,0.5881015658378601,0.5160032510757446,0.5221433043479919,0.525306224822998,0.5268682837486267,0.45963671803474426,0.45784708857536316,0.46373575925827026,0.47263601422309875,0.3965209126472473,0.39058560132980347,0.3923681974411011,0.3992091417312622,tripataka,right,,,,,,,,,,,,,,,,,,,,,,,,,,,,,,,,,,,,,,,,,,,682
0.47690844535827637,0.6551985144615173,0.7622319459915161,0.8074967861175537,0.710432767868042,0.6178793907165527,0.6459903717041016,0.6577394008636475,0.6687501072883606,0.5149175524711609,0.5187290906906128,0.5531783699989319,0.5875463485717773,0.4213101267814636,0.3995853066444397,0.4152367115020752,0.4408274292945862,0.3119335472583771,0.2949724793434143,0.30661264061927795,0.33767807483673096,0.6257134675979614,0.5435343384742737,0.4610758423805237,0.3537384569644928,0.31148043274879456,0.3167881369590759,0.19324222207069397,0.13708274066448212,0.08397409319877625,0.3100431561470032,0.1866554319858551,0.11115230619907379,0.07527688145637512,0.3239288032054901,0.21872219443321228,0.18902817368507385,0.20002174377441406,0.3483140170574188,0.2550176680088043,0.20898805558681488,0.20194587111473083,tripataka,right,,,,,,,,,,,,,,,,,,,,,,,,,,,,,,,,,,,,,,,,,,,683
0.3650445342063904,0.4405965209007263,0.5246699452400208,0.6299446821212769,0.6886610984802246,0.6872934699058533,0.8132040500640869,0.8652699589729309,0.9041922688484192,0.697867751121521,0.8315277099609375,0.8982343673706055,0.9262079000473022,0.6820464134216309,0.795025110244751,0.8112848401069641,0.7844039797782898,0.659127414226532,0.762091338634491,0.7961442470550537,0.7789276242256165,0.4556456208229065,0.6312509775161743,0.7444560527801514,0.8059992790222168,0.712149977684021,0.6229753494262695,0.6441524624824524,0.6514676809310913,0.664061963558197,0.5187332034111023,0.522865891456604,0.5546775460243225,0.5914344787597656,0.424113392829895,0.4044342637062073,0.42282193899154663,0.4492488205432892,0.31815776228904724,0.29880139231681824,0.31662222743034363,0.35077404975891113,tripataka,right,,,,,,,,,,,,,,,,,,,,,,,,,,,,,,,,,,,,,,,,,,,684
0.4883899986743927,0.6630160212516785,0.7639386057853699,0.7815988063812256,0.7125892043113708,0.6284835934638977,0.645148754119873,0.6511249542236328,0.6605218648910522,0.5207641124725342,0.536493182182312,0.5662763714790344,0.5870553851127625,0.42124783992767334,0.4116498827934265,0.4165182411670685,0.41314730048179626,0.31721243262290955,0.30776700377464294,0.31309857964515686,0.3193816840648651,0.6031787991523743,0.5452277660369873,0.4529423117637634,0.3609953224658966,0.30307579040527344,0.31381750106811523,0.20611023902893066,0.14387783408164978,0.08948665857315063,0.30778905749320984,0.18855279684066772,0.11377832293510437,0.06024470925331116,0.3253796100616455,0.22773534059524536,0.19800972938537598,0.18375936150550842,0.35651659965515137,0.2721043527126312,0.22156287729740143,0.18118664622306824,tripataka,right,,,,,,,,,,,,,,,,,,,,,,,,,,,,,,,,,,,,,,,,,,,685
0.578941285610199,0.7122456431388855,0.7339881658554077,0.5969623923301697,0.4725620150566101,0.620411217212677,0.5691967010498047,0.5268791913986206,0.493452787399292,0.5160797238349915,0.46044087409973145,0.42161715030670166,0.39365196228027344,0.4280858039855957,0.37030041217803955,0.34577038884162903,0.3275541663169861,0.3483240604400635,0.35905754566192627,0.420168936252594,0.4736838936805725,0.6232280731201172,0.5656099319458008,0.4664261043071747,0.4060443937778473,0.3731268346309662,0.3231692612171173,0.20974014699459076,0.13974253833293915,0.08068546652793884,0.32785362005233765,0.20214587450027466,0.12234532833099365,0.05741894245147705,0.35943683981895447,0.23206202685832977,0.15877997875213623,0.09217771887779236,0.4127752184867859,0.330554723739624,0.35670265555381775,0.3941464424133301,trishool,right,,,,,,,,,,,,,,,,,,,,,,,,,,,,,,,,,,,,,,,,,,,686
0.2634580433368683,0.3768366277217865,0.5647668838500977,0.6733902096748352,0.722574770450592,0.7924581170082092,0.9786310791969299,1.083630084991455,1.1678504943847656,0.7845563292503357,0.9838262796401978,1.0929737091064453,1.1774636507034302,0.7331975698471069,0.9247660636901855,0.8586161732673645,0.7672718167304993,0.6536380052566528,0.7881498336791992,0.7550029158592224,0.6901583075523376,0.544073760509491,0.6152558326721191,0.627679705619812,0.5616751313209534,0.4928494393825531,0.5732822418212891,0.5560222864151001,0.5470740795135498,0.5418285131454468,0.5102916955947876,0.4810222387313843,0.47748827934265137,0.47536516189575195,0.45925915241241455,0.43441569805145264,0.4650483727455139,0.4853936731815338,0.41776859760284424,0.41802501678466797,0.45474907755851746,0.48370662331581116,trishool,right,,,,,,,,,,,,,,,,,,,,,,,,,,,,,,,,,,,,,,,,,,,687
0.5839636325836182,0.7002968788146973,0.7285127639770508,0.6069103479385376,0.4931987524032593,0.6101891398429871,0.5628916025161743,0.5208392143249512,0.4872513711452484,0.505709171295166,0.45343300700187683,0.42459046840667725,0.4045407772064209,0.4248165488243103,0.36427992582321167,0.358927458524704,0.3590225279331207,0.3590139150619507,0.3573155999183655,0.3954183757305145,0.4318474531173706,0.6581681966781616,0.5703400373458862,0.4469180703163147,0.3812127411365509,0.370632529258728,0.3039264976978302,0.17974808812141418,0.1133071631193161,0.06515432894229889,0.3150588572025299,0.17447787523269653,0.1028711199760437,0.059500500559806824,0.35765960812568665,0.21186168491840363,0.16767069697380066,0.14651578664779663,0.42097651958465576,0.3371785283088684,0.33760297298431396,0.3549771010875702,trishool,right,,,,,,,,,,,,,,,,,,,,,,,,,,,,,,,,,,,,,,,,,,,688
0.5839636325836182,0.7002968788146973,0.7285127639770508,0.6069103479385376,0.4931987524032593,0.6101891398429871,0.5628916025161743,0.5208392143249512,0.4872513711452484,0.505709171295166,0.45343300700187683,0.42459046840667725,0.4045407772064209,0.4248165488243103,0.36427992582321167,0.358927458524704,0.3590225279331207,0.3590139150619507,0.3573155999183655,0.3954183757305145,0.4318474531173706,0.6581681966781616,0.5703400373458862,0.4469180703163147,0.3812127411365509,0.370632529258728,0.3039264976978302,0.17974808812141418,0.1133071631193161,0.06515432894229889,0.3150588572025299,0.17447787523269653,0.1028711199760437,0.059500500559806824,0.35765960812568665,0.21186168491840363,0.16767069697380066,0.14651578664779663,0.42097651958465576,0.3371785283088684,0.33760297298431396,0.3549771010875702,trishool,right,,,,,,,,,,,,,,,,,,,,,,,,,,,,,,,,,,,,,,,,,,,689
0.6038506031036377,0.7343285083770752,0.7527691721916199,0.6051115393638611,0.4683738350868225,0.6565871834754944,0.6110638976097107,0.5725330114364624,0.5420756340026855,0.5428506135940552,0.4959646761417389,0.46654564142227173,0.4446953535079956,0.4517725110054016,0.39777079224586487,0.37754303216934204,0.3595083951950073,0.37901270389556885,0.3914116621017456,0.4428514838218689,0.4808220863342285,0.6211235523223877,0.5662728548049927,0.46648097038269043,0.4114488661289215,0.3913559913635254,0.3264883756637573,0.21247190237045288,0.13926532864570618,0.07817256450653076,0.3307291865348816,0.2020777463912964,0.11983194947242737,0.05594438314437866,0.36221569776535034,0.24241578578948975,0.16938996315002441,0.1072535514831543,0.4147845506668091,0.34384533762931824,0.3623933792114258,0.39165443181991577,trishool,right,,,,,,,,,,,,,,,,,,,,,,,,,,,,,,,,,,,,,,,,,,,690
0.6038506031036377,0.7343285083770752,0.7527691721916199,0.6051115393638611,0.4683738350868225,0.6565871834754944,0.6110638976097107,0.5725330114364624,0.5420756340026855,0.5428506135940552,0.4959646761417389,0.46654564142227173,0.4446953535079956,0.4517725110054016,0.39777079224586487,0.37754303216934204,0.3595083951950073,0.37901270389556885,0.3914116621017456,0.4428514838218689,0.4808220863342285,0.6211235523223877,0.5662728548049927,0.46648097038269043,0.4114488661289215,0.3913559913635254,0.3264883756637573,0.21247190237045288,0.13926532864570618,0.07817256450653076,0.3307291865348816,0.2020777463912964,0.11983194947242737,0.05594438314437866,0.36221569776535034,0.24241578578948975,0.16938996315002441,0.1072535514831543,0.4147845506668091,0.34384533762931824,0.3623933792114258,0.39165443181991577,trishool,right,,,,,,,,,,,,,,,,,,,,,,,,,,,,,,,,,,,,,,,,,,,691
0.3945620059967041,0.5090746879577637,0.5969728827476501,0.644801139831543,0.676025927066803,0.6130415201187134,0.6940979361534119,0.7491869926452637,0.7984635829925537,0.5914039611816406,0.6702505350112915,0.7320818305015564,0.7899130582809448,0.5597537755966187,0.6263525485992432,0.6803417205810547,0.7311094403266907,0.5240731239318848,0.5717810988426208,0.6111260652542114,0.6520074605941772,0.6049989461898804,0.6481561660766602,0.6650567054748535,0.7246361970901489,0.7983123064041138,0.549797773361206,0.476875364780426,0.44834738969802856,0.4372050166130066,0.5494284629821777,0.4574618339538574,0.43116509914398193,0.4175005555152893,0.5612097978591919,0.48141807317733765,0.45235660672187805,0.42899978160858154,0.5896297693252563,0.5387580990791321,0.5082969665527344,0.4809592366218567,hanspaksha,right,,,,,,,,,,,,,,,,,,,,,,,,,,,,,,,,,,,,,,,,,,,692
0.9264506697654724,0.837008535861969,0.7106534838676453,0.6580786108970642,0.6250815391540527,0.5112478733062744,0.3205350637435913,0.2252105176448822,0.14522546529769897,0.5295342206954956,0.4705618619918823,0.5578325390815735,0.6392287611961365,0.5645296573638916,0.4521196484565735,0.43731969594955444,0.42489469051361084,0.6191800832748413,0.4700638949871063,0.36965683102607727,0.27675649523735046,0.6128889322280884,0.484356552362442,0.40810728073120117,0.34165072441101074,0.2773270606994629,0.4616128206253052,0.4267289638519287,0.3985786736011505,0.37159690260887146,0.47930723428726196,0.39691054821014404,0.32910576462745667,0.2849963903427124,0.5000313520431519,0.42260390520095825,0.3516492545604706,0.29562461376190186,0.517583429813385,0.4969448745250702,0.4865371882915497,0.47957921028137207,singhamukh,right,,,,,,,,,,,,,,,,,,,,,,,,,,,,,,,,,,,,,,,,,,,693
0.33022087812423706,0.5255533456802368,0.6459466218948364,0.7563627362251282,0.862577497959137,0.5532329082489014,0.6163226962089539,0.673015296459198,0.727852463722229,0.5239048004150391,0.6508459448814392,0.7333955764770508,0.7846158146858215,0.4911446273326874,0.6182137727737427,0.7244545817375183,0.8061491847038269,0.46532195806503296,0.5057730078697205,0.5139666199684143,0.5176315903663635,0.7621844410896301,0.7044752836227417,0.628096342086792,0.5987719297409058,0.5763922333717346,0.49944615364074707,0.3836345374584198,0.32403427362442017,0.27847152948379517,0.5103799104690552,0.4646182358264923,0.4988331198692322,0.5344818830490112,0.5337836146354675,0.4593196213245392,0.4263448119163513,0.3954191207885742,0.5684565305709839,0.4794919788837433,0.41407257318496704,0.3515004515647888,singhamukh,right,,,,,,,,,,,,,,,,,,,,,,,,,,,,,,,,,,,,,,,,,,,694
,,,,,,,,,,,,,,,,,,,,,,,,,,,,,,,,,,,,,,,,,,pataka,left,0.5446133017539978,0.4734725058078766,0.41770797967910767,0.4100307822227478,0.43680238723754883,0.47323358058929443,0.4437546133995056,0.4296935498714447,0.42076534032821655,0.5302413702011108,0.5024912357330322,0.484610378742218,0.468997061252594,0.5825145244598389,0.558681845664978,0.5392308831214905,0.5214505791664124,0.6355885863304138,0.6258765459060669,0.609302282333374,0.5922685861587524,0.7204083204269409,0.6960037350654602,0.6509374380111694,0.6031222343444824,0.5597096085548401,0.5506076216697693,0.4758777618408203,0.43216389417648315,0.39473050832748413,0.5409380793571472,0.455985426902771,0.40279698371887207,0.3593124747276306,0.5492533445358276,0.4714471697807312,0.4231753349304199,0.38188689947128296,0.5721268057823181,0.5121790170669556,0.47285622358322144,0.4371482729911804,695
,,,,,,,,,,,,,,,,,,,,,,,,,,,,,,,,,,,,,,,,,,pataka,left,0.5501164793968201,0.48033851385116577,0.421375572681427,0.41208434104919434,0.4371435344219208,0.47732266783714294,0.4466206431388855,0.43247824907302856,0.4242439866065979,0.5331063270568848,0.5066050291061401,0.48947539925575256,0.4739072918891907,0.5830942988395691,0.5611432790756226,0.542180597782135,0.5238720774650574,0.6329073905944824,0.6240854263305664,0.6075903177261353,0.5900572538375854,0.7171317338943481,0.6988568305969238,0.6555132269859314,0.6072934865951538,0.5631759762763977,0.5549411177635193,0.48029059171676636,0.43614351749420166,0.3984221816062927,0.5423633456230164,0.4578658938407898,0.40444886684417725,0.3610307574272156,0.5481029152870178,0.4694351255893707,0.42084765434265137,0.379558801651001,0.5682195425033569,0.5067442059516907,0.46734556555747986,0.43233925104141235,696
0.31593501567840576,0.32947391271591187,0.3379232883453369,0.33957791328430176,0.33634647727012634,0.328083872795105,0.32749685645103455,0.3263711631298065,0.3249416649341583,0.3188371956348419,0.3174758553504944,0.31651628017425537,0.31579506397247314,0.3103688061237335,0.3088480532169342,0.3083708882331848,0.30813682079315186,0.30206507444381714,0.30062979459762573,0.30057087540626526,0.3009740114212036,0.6280852556228638,0.6201398968696594,0.6006499528884888,0.5801810622215271,0.5655308365821838,0.562299370765686,0.5305346846580505,0.511951744556427,0.49611181020736694,0.559993326663971,0.5250807404518127,0.5044171810150146,0.48795434832572937,0.5629196166992188,0.5314953327178955,0.5119234323501587,0.4961451590061188,0.5704504251480103,0.5453135967254639,0.5291969180107117,0.5153301358222961,pataka,right,,,,,,,,,,,,,,,,,,,,,,,,,,,,,,,,,,,,,,,,,,,697
0.31593501567840576,0.32947391271591187,0.3379232883453369,0.33957791328430176,0.33634647727012634,0.328083872795105,0.32749685645103455,0.3263711631298065,0.3249416649341583,0.3188371956348419,0.3174758553504944,0.31651628017425537,0.31579506397247314,0.3103688061237335,0.3088480532169342,0.3083708882331848,0.30813682079315186,0.30206507444381714,0.30062979459762573,0.30057087540626526,0.3009740114212036,0.6280852556228638,0.6201398968696594,0.6006499528884888,0.5801810622215271,0.5655308365821838,0.562299370765686,0.5305346846580505,0.511951744556427,0.49611181020736694,0.559993326663971,0.5250807404518127,0.5044171810150146,0.48795434832572937,0.5629196166992188,0.5314953327178955,0.5119234323501587,0.4961451590061188,0.5704504251480103,0.5453135967254639,0.5291969180107117,0.5153301358222961,pataka,right,,,,,,,,,,,,,,,,,,,,,,,,,,,,,,,,,,,,,,,,,,,698
0.31556758284568787,0.3282456398010254,0.3363378345966339,0.33842340111732483,0.3367116451263428,0.32630595564842224,0.3249855935573578,0.3234712481498718,0.32169342041015625,0.31743064522743225,0.3159209191799164,0.31454065442085266,0.3134515881538391,0.3094439208507538,0.30773550271987915,0.30723515152931213,0.30715057253837585,0.3017553389072418,0.3010247051715851,0.30117174983024597,0.3016977906227112,0.6383422017097473,0.6313785314559937,0.6150437593460083,0.5964474678039551,0.5824030637741089,0.5719255208969116,0.5403628349304199,0.5215294361114502,0.5056798458099365,0.5690585374832153,0.536011278629303,0.5156669020652771,0.4991490840911865,0.5716265439987183,0.5418129563331604,0.5230197310447693,0.5075567960739136,0.5790988802909851,0.5551656484603882,0.5403445363044739,0.5274289846420288,pataka,right,,,,,,,,,,,,,,,,,,,,,,,,,,,,,,,,,,,,,,,,,,,699
0.5791476368904114,0.5737953782081604,0.562678337097168,0.550873875617981,0.5419982671737671,0.5405737161636353,0.5227394104003906,0.5118504762649536,0.5025621652603149,0.538914680480957,0.5200583934783936,0.5082104802131653,0.4983063042163849,0.5405880212783813,0.5239464640617371,0.5133530497550964,0.504183292388916,0.5453935861587524,0.5320270657539368,0.5232900977134705,0.515700101852417,0.8244922757148743,0.8022201657295227,0.7881576418876648,0.7860163450241089,0.7924849390983582,0.8103988170623779,0.8110871911048889,0.8126198053359985,0.8150585293769836,0.826440691947937,0.8278268575668335,0.8294809460639954,0.8308024406433105,0.8406205177307129,0.8421411514282227,0.8428928256034851,0.8430662155151367,0.8542078733444214,0.8542922139167786,0.8536781668663025,0.8528730869293213,pataka,right,,,,,,,,,,,,,,,,,,,,,,,,,,,,,,,,,,,,,,,,,,,700
0.3154892027378082,0.32885774970054626,0.33729252219200134,0.33904480934143066,0.33678293228149414,0.32726845145225525,0.32619184255599976,0.32494795322418213,0.32353854179382324,0.31805452704429626,0.31676796078681946,0.31574746966362,0.3150041699409485,0.3097264766693115,0.3083367347717285,0.308139830827713,0.3083737790584564,0.301649808883667,0.30053406953811646,0.30058935284614563,0.3011247515678406,0.6281083822250366,0.6199610829353333,0.6024329662322998,0.5833101868629456,0.5676655769348145,0.5616492629051208,0.5314199924468994,0.5128229260444641,0.49643540382385254,0.5587319731712341,0.5257224440574646,0.5046733617782593,0.4872695803642273,0.5611394047737122,0.531761646270752,0.5127555727958679,0.4971883296966553,0.5684602856636047,0.5446535348892212,0.5292798280715942,0.5158936381340027,pataka,right,,,,,,,,,,,,,,,,,,,,,,,,,,,,,,,,,,,,,,,,,,,701
0.5727539658546448,0.5680877566337585,0.5576245188713074,0.5462158918380737,0.537253737449646,0.5343023538589478,0.5169044137001038,0.5063722133636475,0.4974261522293091,0.5324514508247375,0.513978898525238,0.5028294920921326,0.4935044050216675,0.5339763164520264,0.5171754956245422,0.5066586136817932,0.4977685213088989,0.5386224389076233,0.5253680348396301,0.5170345902442932,0.5097257494926453,0.8267503976821899,0.8042481541633606,0.7902695536613464,0.787298321723938,0.7914950847625732,0.8095823526382446,0.8095784783363342,0.8112989664077759,0.8136438131332397,0.8250784277915955,0.8256866335868835,0.8272184729576111,0.8282102942466736,0.8391420245170593,0.8405240178108215,0.8410630226135254,0.8405845761299133,0.8536173701286316,0.8546682000160217,0.8539206981658936,0.8524746298789978,pataka,right,,,,,,,,,,,,,,,,,,,,,,,,,,,,,,,,,,,,,,,,,,,702
0.6996000409126282,0.7086362242698669,0.7186418771743774,0.7280376553535461,0.7347813844680786,0.7397857904434204,0.7563257813453674,0.7649648189544678,0.7724478840827942,0.7391406297683716,0.7565945982933044,0.766858696937561,0.7754551768302917,0.7356149554252625,0.7519251108169556,0.7617676854133606,0.7700856924057007,0.729819118976593,0.7421655058860779,0.7500788569450378,0.7571523189544678,0.5034935474395752,0.5319405198097229,0.5509083271026611,0.5585241317749023,0.5525063872337341,0.5344349145889282,0.5312087535858154,0.5268362760543823,0.5222535133361816,0.5189127326011658,0.5150835514068604,0.511265218257904,0.5073238611221313,0.5043732523918152,0.4992460608482361,0.49680453538894653,0.49492841958999634,0.48988890647888184,0.48445290327072144,0.4832811951637268,0.48233845829963684,pataka,right,,,,,,,,,,,,,,,,,,,,,,,,,,,,,,,,,,,,,,,,,,,703
,,,,,,,,,,,,,,,,,,,,,,,,,,,,,,,,,,,,,,,,,,pataka,left,0.608273446559906,0.5926204323768616,0.5814158320426941,0.5766351819038391,0.5765100717544556,0.5876721143722534,0.5863308310508728,0.5859865546226501,0.5862236618995667,0.597039520740509,0.5962743759155273,0.5957072973251343,0.5958844423294067,0.6062971353530884,0.6060202717781067,0.6056923270225525,0.6052142977714539,0.6160442233085632,0.6163322925567627,0.6161197423934937,0.6156304478645325,0.16080403327941895,0.14416976273059845,0.12329768389463425,0.10499179363250732,0.09435299038887024,0.09538312256336212,0.06671170890331268,0.05041839927434921,0.03570890426635742,0.09454743564128876,0.06125515326857567,0.04258549585938454,0.025828465819358826,0.09825623780488968,0.06675463914871216,0.048636265099048615,0.03246010094881058,0.10626096278429031,0.08258256316184998,0.06808851659297943,0.05452427640557289,704
,,,,,,,,,,,,,,,,,,,,,,,,,,,,,,,,,,,,,,,,,,hanspaksha,left,0.5804060697555542,0.5793399810791016,0.5748110413551331,0.5661543607711792,0.5600193738937378,0.5823370218276978,0.581203818321228,0.5784568190574646,0.5743625164031982,0.5807726383209229,0.5758899450302124,0.5711287260055542,0.5653465986251831,0.5774297714233398,0.5693745017051697,0.5648033022880554,0.5599734783172607,0.5732017159461975,0.561944842338562,0.5548370480537415,0.5483472943305969,0.9191895723342896,0.9044702053070068,0.9008081555366516,0.898768424987793,0.8938745856285095,0.9442433714866638,0.9497183561325073,0.953767716884613,0.957276463508606,0.9567827582359314,0.9623255133628845,0.9618332982063293,0.9596011638641357,0.9630662798881531,0.9705450534820557,0.9704082012176514,0.9671435952186584,0.964714765548706,0.9757441282272339,0.9814040660858154,0.9853054881095886,705
,,,,,,,,,,,,,,,,,,,,,,,,,,,,,,,,,,,,,,,,,,hanspaksha,left,0.2711534798145294,0.28079953789711,0.2819776237010956,0.28079313039779663,0.278977632522583,0.2530394196510315,0.24743732810020447,0.24246084690093994,0.23764510452747345,0.24441780149936676,0.2385631799697876,0.23678794503211975,0.23528754711151123,0.24022361636161804,0.23607049882411957,0.2364705502986908,0.23699243366718292,0.2393733710050583,0.23316289484500885,0.23024795949459076,0.2269860953092575,0.6396028995513916,0.6317662000656128,0.6226083636283875,0.6133434772491455,0.611503005027771,0.6470112800598145,0.6437736749649048,0.636482298374176,0.6261663436889648,0.6441515684127808,0.6326043009757996,0.6213181614875793,0.6078619360923767,0.6380988359451294,0.6198880672454834,0.6124032139778137,0.6044037342071533,0.6296374797821045,0.6057114005088806,0.5916613936424255,0.5800705552101135,706
,,,,,,,,,,,,,,,,,,,,,,,,,,,,,,,,,,,,,,,,,,hanspaksha,left,0.5829293727874756,0.5859696865081787,0.5840588808059692,0.573881983757019,0.5641382336616516,0.5919584631919861,0.5896927714347839,0.5859878659248352,0.5807503461837769,0.5865052342414856,0.5822575688362122,0.5778920650482178,0.5717522501945496,0.5793758630752563,0.5704442262649536,0.5635411739349365,0.5560585856437683,0.5717210173606873,0.5609327554702759,0.553583025932312,0.5461727976799011,0.9187188744544983,0.9009190797805786,0.8949291110038757,0.8910744190216064,0.8880617618560791,0.9328771829605103,0.9446137547492981,0.9522556066513062,0.9603626728057861,0.9492721557617188,0.9605243802070618,0.965959906578064,0.9703747034072876,0.958844780921936,0.9724857211112976,0.9780500531196594,0.9804154634475708,0.9633405208587646,0.976972222328186,0.9839560389518738,0.9887391924858093,707
,,,,,,,,,,,,,,,,,,,,,,,,,,,,,,,,,,,,,,,,,,hanspaksha,left,0.2715936303138733,0.26976847648620605,0.2656722366809845,0.26267069578170776,0.26105865836143494,0.2485809028148651,0.24133995175361633,0.23901712894439697,0.23681014776229858,0.2509594261646271,0.2449866086244583,0.24466150999069214,0.24504610896110535,0.25592851638793945,0.25446999073028564,0.2553611695766449,0.2569136619567871,0.26251423358917236,0.26324138045310974,0.26441189646720886,0.2661718428134918,0.656700849533081,0.6410544514656067,0.6249885559082031,0.6094266772270203,0.5975437760353088,0.6448053121566772,0.6466032266616821,0.6386351585388184,0.6266031861305237,0.6581093668937683,0.6565589308738708,0.646420419216156,0.6350767016410828,0.6687524318695068,0.662574291229248,0.6543851494789124,0.6468858122825623,0.6756898164749146,0.6675024628639221,0.6592169404029846,0.6531246304512024,708
,,,,,,,,,,,,,,,,,,,,,,,,,,,,,,,,,,,,,,,,,,hanspaksha,left,0.27123016119003296,0.26972079277038574,0.267116904258728,0.27018824219703674,0.274795800447464,0.24777790904045105,0.24211232364177704,0.2389981895685196,0.2358940690755844,0.2503606975078583,0.24337877333164215,0.23742029070854187,0.23357869684696198,0.2569182217121124,0.26397019624710083,0.27074894309043884,0.2754253149032593,0.26449137926101685,0.2708889842033386,0.27369335293769836,0.27549803256988525,0.6490805149078369,0.6650205850601196,0.6665237545967102,0.6447590589523315,0.6254426836967468,0.6631664037704468,0.656282365322113,0.6486191153526306,0.639203667640686,0.645253598690033,0.6277661323547363,0.6143909692764282,0.6009466052055359,0.6314119696617126,0.6135883927345276,0.6199780702590942,0.6273472905158997,0.6198598742485046,0.6042095422744751,0.6064223647117615,0.6114622354507446,709
,,,,,,,,,,,,,,,,,,,,,,,,,,,,,,,,,,,,,,,,,,hanspaksha,left,0.4078274369239807,0.41557925939559937,0.4223942458629608,0.42913955450057983,0.4360107183456421,0.41475072503089905,0.4141699969768524,0.4172700047492981,0.4216972291469574,0.410175621509552,0.41292139887809753,0.41909515857696533,0.4259978234767914,0.4066060781478882,0.41159722208976746,0.4174083471298218,0.4230637550354004,0.4037037193775177,0.40983039140701294,0.41568857431411743,0.420704185962677,0.09286221861839294,0.10687785595655441,0.109703429043293,0.10594455152750015,0.10406236350536346,0.0660853311419487,0.048602696508169174,0.04097284749150276,0.03521315008401871,0.054177843034267426,0.03630940616130829,0.03205413371324539,0.03000766783952713,0.048846881836652756,0.03615083545446396,0.03375788778066635,0.032843247056007385,0.04875237122178078,0.03753739967942238,0.03443252295255661,0.0326961912214756,710
,,,,,,,,,,,,,,,,,,,,,,,,,,,,,,,,,,,,,,,,,,hanspaksha,left,0.2668476402759552,0.2778058350086212,0.28165894746780396,0.2803054451942444,0.27624163031578064,0.25448790192604065,0.2469693124294281,0.2412090003490448,0.23589418828487396,0.24532489478588104,0.24048689007759094,0.23729737102985382,0.23504070937633514,0.24152600765228271,0.24187487363815308,0.2454129159450531,0.2483658343553543,0.24013356864452362,0.2378137707710266,0.2375112771987915,0.2376517951488495,0.6480023264884949,0.6489662528038025,0.6479590535163879,0.6375195980072021,0.6285978555679321,0.664512574672699,0.6644570827484131,0.6597033143043518,0.6508873701095581,0.6538057923316956,0.6445733308792114,0.6343500018119812,0.622426450252533,0.6426302790641785,0.6293088793754578,0.628187894821167,0.6263910531997681,0.6313891410827637,0.6143063902854919,0.6069712042808533,0.6015557646751404,711
0.41155171394348145,0.4190513491630554,0.4263048768043518,0.43638283014297485,0.44583970308303833,0.41246697306632996,0.4091629981994629,0.4109775722026825,0.4140814244747162,0.4049058258533478,0.4064731001853943,0.41123420000076294,0.4154883325099945,0.40007245540618896,0.40476423501968384,0.4099706709384918,0.4141077399253845,0.3974370062351227,0.4028609097003937,0.4078153371810913,0.4117802381515503,0.08083666861057281,0.06036566197872162,0.03580469265580177,0.0203973688185215,0.009645942598581314,0.04219447821378708,0.04404916986823082,0.040082816034555435,0.03545427322387695,0.0567021369934082,0.06391385197639465,0.06428094208240509,0.0636403039097786,0.07285052537918091,0.08485637605190277,0.08753527700901031,0.08779265731573105,0.089019775390625,0.10121086239814758,0.1042933464050293,0.105997234582901,hanspaksha,right,,,,,,,,,,,,,,,,,,,,,,,,,,,,,,,,,,,,,,,,,,,712
,,,,,,,,,,,,,,,,,,,,,,,,,,,,,,,,,,,,,,,,,,hanspaksha,left,0.5837196707725525,0.5870462656021118,0.5892655253410339,0.5823314189910889,0.5732513666152954,0.5953444838523865,0.5938000082969666,0.5891638994216919,0.5838108062744141,0.5873714685440063,0.581306517124176,0.5725581049919128,0.5635689496994019,0.5797725915908813,0.5724672675132751,0.5648052096366882,0.5575032830238342,0.5730917453765869,0.5662965774536133,0.5606462955474854,0.5554995536804199,0.9203882217407227,0.9048991203308105,0.900722324848175,0.8982144594192505,0.8914105296134949,0.9459639191627502,0.9632365703582764,0.9653588533401489,0.9654395580291748,0.9584625959396362,0.9773252010345459,0.9829127192497253,0.9837328791618347,0.9645722508430481,0.9836755394935608,0.9890143871307373,0.9897726774215698,0.9660465717315674,0.9836884140968323,0.9903976321220398,0.9934893250465393,713
0.2595117688179016,0.24394197762012482,0.2316361367702484,0.22660012543201447,0.22568336129188538,0.2427975833415985,0.24610312283039093,0.24163718521595,0.23740392923355103,0.2557671368122101,0.26526588201522827,0.2631942927837372,0.2615148425102234,0.2679484188556671,0.27808186411857605,0.27692803740501404,0.2751478850841522,0.2784455716609955,0.2863439619541168,0.2862134873867035,0.28601881861686707,0.6650315523147583,0.6532806754112244,0.6373452544212341,0.6153841018676758,0.5952942371368408,0.6576068997383118,0.6601989269256592,0.6580455899238586,0.6529197096824646,0.6649531126022339,0.6613967418670654,0.6554194688796997,0.6507397294044495,0.6694172024726868,0.6565792560577393,0.6482959389686584,0.6440679430961609,0.6714926362037659,0.655481219291687,0.6458995938301086,0.6404333710670471,hanspaksha,right,,,,,,,,,,,,,,,,,,,,,,,,,,,,,,,,,,,,,,,,,,,714
,,,,,,,,,,,,,,,,,,,,,,,,,,,,,,,,,,,,,,,,,,hanspaksha,left,0.5983193516731262,0.5865123867988586,0.5798391699790955,0.5801732540130615,0.5827918648719788,0.5644009113311768,0.5691266655921936,0.5779348611831665,0.5836343765258789,0.571658194065094,0.5754908919334412,0.5829278230667114,0.5877228379249573,0.5828927159309387,0.5825110077857971,0.5881578326225281,0.5916479825973511,0.5966439247131348,0.5920718908309937,0.5888978838920593,0.5850623846054077,0.35843947529792786,0.3863402307033539,0.4224303364753723,0.4541216790676117,0.47711989283561707,0.4354463219642639,0.4778657555580139,0.4870993494987488,0.48665833473205566,0.4372304379940033,0.480122834444046,0.4867064654827118,0.48743167519569397,0.43631237745285034,0.48005157709121704,0.49505242705345154,0.5033397078514099,0.4352465569972992,0.46459728479385376,0.483873575925827,0.5000923275947571,715
,,,,,,,,,,,,,,,,,,,,,,,,,,,,,,,,,,,,,,,,,,hanspaksha,left,0.5866475701332092,0.5660929679870605,0.5435488224029541,0.5257652997970581,0.5124792456626892,0.5366730690002441,0.5116742253303528,0.5033206343650818,0.5010803937911987,0.5354140400886536,0.5117629766464233,0.5040877461433411,0.5011734962463379,0.5356826782226562,0.511772632598877,0.5028871297836304,0.49932825565338135,0.5365208387374878,0.5174198150634766,0.5059468150138855,0.498141884803772,0.6843969225883484,0.6645504236221313,0.6513102650642395,0.6470860242843628,0.6481563448905945,0.6144007444381714,0.6239414811134338,0.642749011516571,0.6558477878570557,0.6255621314048767,0.6350736021995544,0.6516979336738586,0.6642637252807617,0.6444613337516785,0.6482076048851013,0.663334846496582,0.674822986125946,0.6684530377388,0.6645561456680298,0.6668276786804199,0.6692488789558411,716
,,,,,,,,,,,,,,,,,,,,,,,,,,,,,,,,,,,,,,,,,,hanspaksha,left,0.24399089813232422,0.2512723505496979,0.251327782869339,0.249161034822464,0.24673421680927277,0.23818522691726685,0.23146237432956696,0.22524872422218323,0.2185351550579071,0.22952160239219666,0.22562389075756073,0.22514836490154266,0.223305344581604,0.22346659004688263,0.21774838864803314,0.21672998368740082,0.21624991297721863,0.21906355023384094,0.21130971610546112,0.20813140273094177,0.20629213750362396,0.6597156524658203,0.662675678730011,0.6542357802391052,0.6335539817810059,0.6097566485404968,0.6679166555404663,0.6615979671478271,0.6541664004325867,0.644812285900116,0.6630486845970154,0.6525745987892151,0.6478766798973083,0.642745852470398,0.6551545858383179,0.6410336494445801,0.6352621912956238,0.6301990151405334,0.6468468308448792,0.6276259422302246,0.615353524684906,0.6055490970611572,717
,,,,,,,,,,,,,,,,,,,,,,,,,,,,,,,,,,,,,,,,,,hanspaksha,left,0.24399089813232422,0.2512723505496979,0.251327782869339,0.249161034822464,0.24673421680927277,0.23818522691726685,0.23146237432956696,0.22524872422218323,0.2185351550579071,0.22952160239219666,0.22562389075756073,0.22514836490154266,0.223305344581604,0.22346659004688263,0.21774838864803314,0.21672998368740082,0.21624991297721863,0.21906355023384094,0.21130971610546112,0.20813140273094177,0.20629213750362396,0.6597156524658203,0.662675678730011,0.6542357802391052,0.6335539817810059,0.6097566485404968,0.6679166555404663,0.6615979671478271,0.6541664004325867,0.644812285900116,0.6630486845970154,0.6525745987892151,0.6478766798973083,0.642745852470398,0.6551545858383179,0.6410336494445801,0.6352621912956238,0.6301990151405334,0.6468468308448792,0.6276259422302246,0.615353524684906,0.6055490970611572,718
0.29047268629074097,0.30860087275505066,0.32058700919151306,0.32482632994651794,0.3220349848270416,0.3086486756801605,0.3084578812122345,0.3075305223464966,0.30621254444122314,0.2978995442390442,0.2954055368900299,0.29336613416671753,0.2916297912597656,0.2883177399635315,0.2854597568511963,0.28443044424057007,0.28374016284942627,0.2790517807006836,0.2770226001739502,0.27646422386169434,0.2763960659503937,0.5828703045845032,0.5744000673294067,0.5526028871536255,0.5292940735816956,0.5112109184265137,0.5071017742156982,0.473286896944046,0.466705858707428,0.46918854117393494,0.5029980540275574,0.46476584672927856,0.44101622700691223,0.4234641492366791,0.5066081881523132,0.4723607003688812,0.44997018575668335,0.43184471130371094,0.5163708329200745,0.4885220229625702,0.47036048769950867,0.45414432883262634,aral,right,,,,,,,,,,,,,,,,,,,,,,,,,,,,,,,,,,,,,,,,,,,719
0.4536506235599518,0.4586937129497528,0.47144225239753723,0.4848613739013672,0.4952424168586731,0.4966084659099579,0.5163787603378296,0.518814206123352,0.5161828994750977,0.4980458915233612,0.5212094187736511,0.5345635414123535,0.544581413269043,0.4954487979412079,0.5162244439125061,0.5290727615356445,0.5394788980484009,0.48967233300209045,0.5063406229019165,0.5168040990829468,0.5260844230651855,0.13319051265716553,0.16493850946426392,0.18393680453300476,0.18856985867023468,0.1834578514099121,0.1600552350282669,0.15824446082115173,0.1596410870552063,0.1607048213481903,0.1404624879360199,0.1349395513534546,0.13231493532657623,0.1306949257850647,0.12317009270191193,0.11711515486240387,0.11494188010692596,0.1143091470003128,0.10691359639167786,0.1021750271320343,0.10119980573654175,0.10212680697441101,aral,right,,,,,,,,,,,,,,,,,,,,,,,,,,,,,,,,,,,,,,,,,,,720
0.295016348361969,0.3122095465660095,0.322697252035141,0.324884295463562,0.3223389685153961,0.3105199933052063,0.30982357263565063,0.30986514687538147,0.3094330132007599,0.30009225010871887,0.29760798811912537,0.29602473974227905,0.29501107335090637,0.29041069746017456,0.2876259684562683,0.28648486733436584,0.2859775424003601,0.28103137016296387,0.27806779742240906,0.27761709690093994,0.2780894637107849,0.5788781642913818,0.571374237537384,0.5509706139564514,0.528213620185852,0.5108660459518433,0.5080873370170593,0.47383761405944824,0.4697095453739166,0.4727766811847687,0.5054110884666443,0.4656990170478821,0.44327807426452637,0.4257313311100006,0.51011061668396,0.47425901889801025,0.45251554250717163,0.43423783779144287,0.5207217335700989,0.49189266562461853,0.4741818308830261,0.4576755166053772,aral,right,,,,,,,,,,,,,,,,,,,,,,,,,,,,,,,,,,,,,,,,,,,721
0.29737725853919983,0.3146290183067322,0.3261859714984894,0.33084946870803833,0.3298732340335846,0.31449612975120544,0.314960241317749,0.3147478401660919,0.31335389614105225,0.3039827048778534,0.30225178599357605,0.30106019973754883,0.3000066876411438,0.29433828592300415,0.2919977009296417,0.29133304953575134,0.2910047173500061,0.28523528575897217,0.2833077013492584,0.2832913398742676,0.28385746479034424,0.5860694646835327,0.575810432434082,0.5548403263092041,0.5326728224754333,0.5146456956863403,0.5073943138122559,0.4733712673187256,0.47012341022491455,0.47448864579200745,0.5039730072021484,0.46541887521743774,0.4424934387207031,0.4244498610496521,0.5083703994750977,0.4736815094947815,0.4522815942764282,0.43452155590057373,0.5188755989074707,0.4905368387699127,0.47296997904777527,0.4570644199848175,aral,right,,,,,,,,,,,,,,,,,,,,,,,,,,,,,,,,,,,,,,,,,,,722
0.3090502619743347,0.3265964388847351,0.34221959114074707,0.350462406873703,0.3511991798877716,0.335835337638855,0.33957916498184204,0.3373783230781555,0.33261337876319885,0.3268205225467682,0.3338346779346466,0.3359643518924713,0.3374081552028656,0.3161390721797943,0.32199379801750183,0.32494714856147766,0.32830092310905457,0.30436965823173523,0.3020169734954834,0.3015538156032562,0.3022856116294861,0.6310325264930725,0.6268206834793091,0.6160515546798706,0.606208086013794,0.5944677591323853,0.5546810626983643,0.5261260271072388,0.5415722727775574,0.5571219325065613,0.5465412139892578,0.49912703037261963,0.47645604610443115,0.4578779339790344,0.5462745428085327,0.5038669109344482,0.47954216599464417,0.45903900265693665,0.5535024404525757,0.5229107141494751,0.5046496391296387,0.48781079053878784,shuktund,right,,,,,,,,,,,,,,,,,,,,,,,,,,,,,,,,,,,,,,,,,,,723
0.5746039152145386,0.5739760994911194,0.5670608282089233,0.5598286390304565,0.5547443628311157,0.5323812365531921,0.5146191120147705,0.5130999684333801,0.5162753462791443,0.5272930860519409,0.5041001439094543,0.48867833614349365,0.47697582840919495,0.5272039771080017,0.50832200050354,0.504041314125061,0.5019510388374329,0.5305545926094055,0.5129858255386353,0.5026845335960388,0.4941314160823822,0.8405636548995972,0.8099396824836731,0.7848975658416748,0.7700038552284241,0.7645334601402283,0.7938201427459717,0.7884523272514343,0.7924222946166992,0.7996404767036438,0.8127966523170471,0.8072514533996582,0.8052036166191101,0.8040544390678406,0.8319413661956787,0.8289837837219238,0.8253293633460999,0.8219982385635376,0.8517066240310669,0.8550868034362793,0.8556473851203918,0.8550652265548706,shuktund,right,,,,,,,,,,,,,,,,,,,,,,,,,,,,,,,,,,,,,,,,,,,724
0.30863791704177856,0.32596200704574585,0.3430648446083069,0.35174208879470825,0.35074299573898315,0.33549413084983826,0.33808964490890503,0.3359450399875641,0.3315121531486511,0.32628971338272095,0.33191409707069397,0.3322000801563263,0.3312045633792877,0.31603601574897766,0.32137614488601685,0.3240618109703064,0.3268778622150421,0.3042996823787689,0.30229315161705017,0.301532506942749,0.30198055505752563,0.6293973326683044,0.6247698068618774,0.6109752655029297,0.5956418514251709,0.5821306109428406,0.5527309775352478,0.5206582546234131,0.529651403427124,0.5436460971832275,0.5427289009094238,0.49814745783805847,0.47324836254119873,0.45381826162338257,0.54111248254776,0.49848514795303345,0.47471052408218384,0.4557662904262543,0.5475091934204102,0.5161802172660828,0.49735209345817566,0.4808780550956726,shuktund,right,,,,,,,,,,,,,,,,,,,,,,,,,,,,,,,,,,,,,,,,,,,725
0.30863791704177856,0.32596200704574585,0.3430648446083069,0.35174208879470825,0.35074299573898315,0.33549413084983826,0.33808964490890503,0.3359450399875641,0.3315121531486511,0.32628971338272095,0.33191409707069397,0.3322000801563263,0.3312045633792877,0.31603601574897766,0.32137614488601685,0.3240618109703064,0.3268778622150421,0.3042996823787689,0.30229315161705017,0.301532506942749,0.30198055505752563,0.6293973326683044,0.6247698068618774,0.6109752655029297,0.5956418514251709,0.5821306109428406,0.5527309775352478,0.5206582546234131,0.529651403427124,0.5436460971832275,0.5427289009094238,0.49814745783805847,0.47324836254119873,0.45381826162338257,0.54111248254776,0.49848514795303345,0.47471052408218384,0.4557662904262543,0.5475091934204102,0.5161802172660828,0.49735209345817566,0.4808780550956726,shuktund,right,,,,,,,,,,,,,,,,,,,,,,,,,,,,,,,,,,,,,,,,,,,726
0.3206353783607483,0.33688032627105713,0.3517563045024872,0.35786956548690796,0.3573444187641144,0.34535834193229675,0.3477191627025604,0.3467727303504944,0.3435620665550232,0.33539173007011414,0.33975452184677124,0.3403339684009552,0.33917295932769775,0.325080007314682,0.3295291066169739,0.3312787711620331,0.3329499363899231,0.31364473700523376,0.31137940287590027,0.31048470735549927,0.3107103705406189,0.6151120662689209,0.6082348823547363,0.5943659543991089,0.5816685557365417,0.5710529685020447,0.5359606146812439,0.5009037852287292,0.5069988965988159,0.521787703037262,0.5289211273193359,0.48416972160339355,0.4663569927215576,0.45708388090133667,0.5292737483978271,0.48685112595558167,0.4654216766357422,0.4509391486644745,0.5371154546737671,0.5052725076675415,0.48570510745048523,0.4692838490009308,shuktund,right,,,,,,,,,,,,,,,,,,,,,,,,,,,,,,,,,,,,,,,,,,,727
,,,,,,,,,,,,,,,,,,,,,,,,,,,,,,,,,,,,,,,,,,aral,left,0.7674238681793213,0.7846419811248779,0.802573561668396,0.8141241073608398,0.8239952921867371,0.8226168155670166,0.8421595692634583,0.8437344431877136,0.8413078188896179,0.8185996413230896,0.84136962890625,0.8551586270332336,0.8660144805908203,0.8090245127677917,0.8303313255310059,0.8435004353523254,0.8543955683708191,0.7958924174308777,0.8094879388809204,0.8196138739585876,0.8293287754058838,0.7487890124320984,0.7237356305122375,0.7113454341888428,0.7016271352767944,0.6914916634559631,0.7429685592651367,0.7407892346382141,0.7226272225379944,0.7051870226860046,0.7536088228225708,0.7638273239135742,0.7654762268066406,0.767796516418457,0.760892927646637,0.7696444988250732,0.7703805565834045,0.7716012597084045,0.7639387845993042,0.7703577280044556,0.7708693742752075,0.7713755369186401,728
0.43798893690109253,0.4397173225879669,0.4472452998161316,0.45318394899368286,0.4571759104728699,0.47947055101394653,0.49792081117630005,0.49860161542892456,0.4950050413608551,0.48305001854896545,0.5064859986305237,0.5207280516624451,0.5311487317085266,0.4825321435928345,0.5010446310043335,0.5052919983863831,0.5067967772483826,0.4788196086883545,0.4959399402141571,0.5059248805046082,0.5143628120422363,0.18533670902252197,0.21096496284008026,0.2347031831741333,0.24551276862621307,0.24762438237667084,0.22464892268180847,0.22808626294136047,0.22393478453159332,0.21662868559360504,0.2059241682291031,0.2097271829843521,0.2097170203924179,0.20773832499980927,0.187077596783638,0.18458937108516693,0.18567870557308197,0.18735526502132416,0.16789478063583374,0.16370812058448792,0.16196759045124054,0.16187098622322083,shuktund,right,,,,,,,,,,,,,,,,,,,,,,,,,,,,,,,,,,,,,,,,,,,729
0.36197155714035034,0.3799869418144226,0.3933829665184021,0.3997414708137512,0.40171557664871216,0.3760348856449127,0.38610145449638367,0.39644038677215576,0.40284058451652527,0.36529508233070374,0.3707309663295746,0.37363317608833313,0.3741527795791626,0.35843342542648315,0.36494502425193787,0.36990293860435486,0.37297406792640686,0.35408079624176025,0.3602498173713684,0.3653598129749298,0.36974069476127625,0.45377117395401,0.45339643955230713,0.47048527002334595,0.49674972891807556,0.5214105844497681,0.5078164339065552,0.548034131526947,0.554320216178894,0.5521765947341919,0.5150468349456787,0.561967134475708,0.5888165831565857,0.6101309061050415,0.5164900422096252,0.555315375328064,0.57612144947052,0.5904445052146912,0.5144403576850891,0.5424794554710388,0.5559468865394592,0.5642504096031189,aral,right,,,,,,,,,,,,,,,,,,,,,,,,,,,,,,,,,,,,,,,,,,,730
,,,,,,,,,,,,,,,,,,,,,,,,,,,,,,,,,,,,,,,,,,aral,left,0.7630187273025513,0.7811416387557983,0.8004522323608398,0.8129076361656189,0.8252636790275574,0.8168911933898926,0.8385860919952393,0.8408070206642151,0.8379896879196167,0.8117227554321289,0.8360275626182556,0.8456656336784363,0.8501973748207092,0.8015576004981995,0.8245242834091187,0.8385724425315857,0.8494002819061279,0.7883593440055847,0.8029490113258362,0.8145467042922974,0.8252079486846924,0.7587615251541138,0.7345307469367981,0.7259075045585632,0.7182283997535706,0.7096042037010193,0.7590996623039246,0.7590720057487488,0.7401549816131592,0.7224467992782593,0.769008219242096,0.777582049369812,0.7687904238700867,0.7610419392585754,0.7760008573532104,0.7870919704437256,0.7859873175621033,0.7855662107467651,0.7793787717819214,0.7862630486488342,0.7867586612701416,0.7874850034713745,731
0.44077301025390625,0.4412153363227844,0.44710415601730347,0.4552133083343506,0.45975905656814575,0.47938698530197144,0.49877411127090454,0.49948686361312866,0.49580520391464233,0.4837777018547058,0.506703794002533,0.514747679233551,0.5183750987052917,0.4840998649597168,0.5030120015144348,0.5091331601142883,0.5121641755104065,0.48122310638427734,0.4978262782096863,0.5077703595161438,0.5167599320411682,0.20500239729881287,0.23379679024219513,0.26168206334114075,0.2729458212852478,0.2720911502838135,0.2522251009941101,0.2575424909591675,0.25128939747810364,0.24227140843868256,0.23102131485939026,0.23748157918453217,0.23674704134464264,0.2329355925321579,0.2103571593761444,0.21124166250228882,0.2127813696861267,0.21381138265132904,0.18965347111225128,0.1881810575723648,0.18790265917778015,0.18917599320411682,shuktund,right,,,,,,,,,,,,,,,,,,,,,,,,,,,,,,,,,,,,,,,,,,,732
0.44611361622810364,0.4436619281768799,0.44599074125289917,0.4508347511291504,0.4521646201610565,0.4790569245815277,0.4936639964580536,0.49417296051979065,0.4930891692638397,0.48380014300346375,0.5052086114883423,0.5110709071159363,0.513569712638855,0.48452186584472656,0.5015758275985718,0.5060092806816101,0.5079892873764038,0.4813989996910095,0.49564680457115173,0.5031768679618835,0.5094375014305115,0.21580348908901215,0.24027040600776672,0.26164379715919495,0.27150169014930725,0.27225133776664734,0.25241997838020325,0.25658002495765686,0.2524453103542328,0.24463297426700592,0.23058409988880157,0.23633509874343872,0.23481397330760956,0.23107212781906128,0.21043041348457336,0.20764198899269104,0.20506298542022705,0.20367874205112457,0.19226804375648499,0.1884986162185669,0.18678778409957886,0.1870594620704651,shuktund,right,,,,,,,,,,,,,,,,,,,,,,,,,,,,,,,,,,,,,,,,,,,733
,,,,,,,,,,,,,,,,,,,,,,,,,,,,,,,,,,,,,,,,,,aral,left,0.7685787677764893,0.7841293811798096,0.8033515810966492,0.8164177536964417,0.8277850151062012,0.8222367763519287,0.8422973155975342,0.8418399095535278,0.837671160697937,0.8186387419700623,0.841594934463501,0.8542582392692566,0.863612949848175,0.8095812201499939,0.8307713270187378,0.8438282608985901,0.8541347980499268,0.7974207997322083,0.811237633228302,0.8212778568267822,0.8304949402809143,0.7619534730911255,0.7370100617408752,0.7269309759140015,0.7201595902442932,0.7124062776565552,0.7592203617095947,0.7574348449707031,0.7368269562721252,0.719033420085907,0.7706170678138733,0.7826662659645081,0.7833060026168823,0.7851256728172302,0.7779786586761475,0.7857327461242676,0.7838306427001953,0.7826529741287231,0.7803629040718079,0.7849748134613037,0.7848705053329468,0.7849968671798706,734
,,,,,,,,,,,,,,,,,,,,,,,,,,,,,,,,,,,,,,,,,,aral,left,0.7685787677764893,0.7841293811798096,0.8033515810966492,0.8164177536964417,0.8277850151062012,0.8222367763519287,0.8422973155975342,0.8418399095535278,0.837671160697937,0.8186387419700623,0.841594934463501,0.8542582392692566,0.863612949848175,0.8095812201499939,0.8307713270187378,0.8438282608985901,0.8541347980499268,0.7974207997322083,0.811237633228302,0.8212778568267822,0.8304949402809143,0.7619534730911255,0.7370100617408752,0.7269309759140015,0.7201595902442932,0.7124062776565552,0.7592203617095947,0.7574348449707031,0.7368269562721252,0.719033420085907,0.7706170678138733,0.7826662659645081,0.7833060026168823,0.7851256728172302,0.7779786586761475,0.7857327461242676,0.7838306427001953,0.7826529741287231,0.7803629040718079,0.7849748134613037,0.7848705053329468,0.7849968671798706,735
0.33295491337776184,0.34468939900398254,0.35591280460357666,0.36249879002571106,0.36350178718566895,0.3499787449836731,0.35209202766418457,0.35157155990600586,0.34966614842414856,0.33942461013793945,0.34216922521591187,0.34216004610061646,0.3417820930480957,0.32930999994277954,0.32877907156944275,0.328300803899765,0.3283354640007019,0.3195357620716095,0.3156616985797882,0.3146401643753052,0.31466051936149597,0.5793359279632568,0.5840184092521667,0.5817470550537109,0.5786634087562561,0.5779950022697449,0.5283361673355103,0.5114912390708923,0.5184910893440247,0.5269786715507507,0.522079348564148,0.4849889576435089,0.4817952811717987,0.48496773838996887,0.5211752653121948,0.49725860357284546,0.49878036975860596,0.5032420754432678,0.5261726379394531,0.5041471719741821,0.4928019642829895,0.4840356409549713,shuktund,right,,,,,,,,,,,,,,,,,,,,,,,,,,,,,,,,,,,,,,,,,,,736
0.5705890655517578,0.5692442655563354,0.5610460042953491,0.5525050163269043,0.5453794002532959,0.5274554491043091,0.5086139440536499,0.5084097981452942,0.5133011341094971,0.5221893191337585,0.4990918040275574,0.48550596833229065,0.4760558605194092,0.5218568444252014,0.5041926503181458,0.5001610517501831,0.4987809658050537,0.5252466797828674,0.5089202523231506,0.49904051423072815,0.49062269926071167,0.8166412115097046,0.7877981662750244,0.7603307962417603,0.7446972131729126,0.7473160624504089,0.7721542119979858,0.7636489272117615,0.7665088772773743,0.7736414074897766,0.7907254695892334,0.7864468097686768,0.7857904434204102,0.7868892550468445,0.8088419437408447,0.8119286298751831,0.813142716884613,0.813947856426239,0.8269265294075012,0.8318315744400024,0.8343400955200195,0.8352761268615723,shuktund,right,,,,,,,,,,,,,,,,,,,,,,,,,,,,,,,,,,,,,,,,,,,737
0.4572245478630066,0.4835142493247986,0.4148692488670349,0.36354830861091614,0.3485260605812073,0.28346824645996094,0.2992979884147644,0.36317574977874756,0.35471010208129883,0.24918824434280396,0.2914005219936371,0.3683077096939087,0.3536223769187927,0.2533944845199585,0.29040369391441345,0.3639310300350189,0.3465088903903961,0.2698137164115906,0.3135032653808594,0.35532671213150024,0.34035155177116394,0.9375520944595337,0.7351492047309875,0.5033429265022278,0.3714025020599365,0.2463551163673401,0.5759663581848145,0.622742772102356,0.6762928366661072,0.6591090559959412,0.7078389525413513,0.7503279447555542,0.7774679064750671,0.7411752939224243,0.8298850059509277,0.8652774095535278,0.872215747833252,0.8361481428146362,0.9184095859527588,0.9585330486297607,0.9536981582641602,0.9345039129257202,shikhar,right,,,,,,,,,,,,,,,,,,,,,,,,,,,,,,,,,,,,,,,,,,,738
0.5829448699951172,0.5728147029876709,0.5596883296966553,0.5520499348640442,0.5493695735931396,0.5403394103050232,0.5338969230651855,0.5366915464401245,0.5404454469680786,0.5386947393417358,0.5299679636955261,0.5281962156295776,0.5265045762062073,0.5390050411224365,0.5242406129837036,0.5174531936645508,0.5123588442802429,0.5422730445861816,0.5255580544471741,0.5140044689178467,0.5044114589691162,0.6818395853042603,0.6486726403236389,0.6230939030647278,0.601889967918396,0.5827010869979858,0.6467361450195312,0.620924174785614,0.5981215238571167,0.5794194936752319,0.6544613242149353,0.6287605166435242,0.6051907539367676,0.5860111713409424,0.6646919250488281,0.6464332342147827,0.6238219738006592,0.6042121648788452,0.6759876608848572,0.6773771643638611,0.6777371764183044,0.6771096587181091,shikhar,right,,,,,,,,,,,,,,,,,,,,,,,,,,,,,,,,,,,,,,,,,,,739
0.4009957015514374,0.41950181126594543,0.4349977672100067,0.4468995928764343,0.45717403292655945,0.4232305884361267,0.43705713748931885,0.44771093130111694,0.4567878544330597,0.4176308810710907,0.42933389544487,0.4407353103160858,0.450965940952301,0.4102933406829834,0.4198150634765625,0.431774377822876,0.44254326820373535,0.40205198526382446,0.4009455442428589,0.40013954043388367,0.4001736640930176,0.6426568031311035,0.6264156103134155,0.6036336421966553,0.5889468789100647,0.5799348950386047,0.5734549164772034,0.5631922483444214,0.5679664015769958,0.574972927570343,0.5682919025421143,0.5499203205108643,0.5412875413894653,0.534974992275238,0.5657765865325928,0.5424737334251404,0.5327470302581787,0.526617169380188,0.5685135126113892,0.5382689833641052,0.5170370936393738,0.4997836649417877,shikhar,right,,,,,,,,,,,,,,,,,,,,,,,,,,,,,,,,,,,,,,,,,,,740
,,,,,,,,,,,,,,,,,,,,,,,,,,,,,,,,,,,,,,,,,,shikhar,left,0.6225872039794922,0.6440015435218811,0.6632248759269714,0.6754858493804932,0.6805167198181152,0.6759103536605835,0.6919151544570923,0.6917319297790527,0.6867780089378357,0.6699662804603577,0.6796668171882629,0.6761453151702881,0.6702436208724976,0.6613581776618958,0.6682242155075073,0.6660014986991882,0.661354660987854,0.6515159010887146,0.656406044960022,0.6564198732376099,0.6542730927467346,0.8684936165809631,0.8606037497520447,0.8539746999740601,0.8476436138153076,0.840186357498169,0.8880681395530701,0.8696985244750977,0.8469890356063843,0.8349880576133728,0.8890631198883057,0.8526374101638794,0.8314134478569031,0.8275254964828491,0.8849295377731323,0.8486114144325256,0.8285358548164368,0.8226757049560547,0.8778826594352722,0.8497477173805237,0.8309801816940308,0.8211891055107117,741
0.7047514915466309,0.7049330472946167,0.7011303305625916,0.6930894255638123,0.6869597434997559,0.7104830145835876,0.7035792469978333,0.6957399845123291,0.6903542876243591,0.7097460627555847,0.6980639100074768,0.6900150179862976,0.6870091557502747,0.7073947191238403,0.6993428468704224,0.6936286091804504,0.6914796233177185,0.7049612402915955,0.7006248235702515,0.6961332559585571,0.6933751106262207,0.2314368337392807,0.2558172643184662,0.27237433195114136,0.28392401337623596,0.29665607213974,0.23198017477989197,0.2205878347158432,0.21323417127132416,0.20970958471298218,0.20569252967834473,0.19769148528575897,0.19734075665473938,0.19894786179065704,0.18559841811656952,0.1744699329137802,0.17160336673259735,0.17313152551651,0.17130576074123383,0.16115087270736694,0.15645533800125122,0.15677355229854584,shikhar,right,,,,,,,,,,,,,,,,,,,,,,,,,,,,,,,,,,,,,,,,,,,742
,,,,,,,,,,,,,,,,,,,,,,,,,,,,,,,,,,,,,,,,,,shikhar,left,0.56769859790802,0.5512087941169739,0.5316956639289856,0.5191227197647095,0.5116980671882629,0.5316870212554932,0.5195214152336121,0.5110604763031006,0.5038378834724426,0.5322153568267822,0.5143687725067139,0.5000330209732056,0.4873637855052948,0.5343157052993774,0.5121091604232788,0.49576959013938904,0.48290830850601196,0.5380061268806458,0.5199054479598999,0.5067704916000366,0.49509570002555847,0.6125319600105286,0.5912458300590515,0.567628026008606,0.5441416501998901,0.523531436920166,0.5733494758605957,0.551091730594635,0.5370772480964661,0.5231279134750366,0.5845393538475037,0.5769535303115845,0.5727499723434448,0.5687263607978821,0.6013867259025574,0.6089524030685425,0.6145156621932983,0.6178372502326965,0.6212502717971802,0.6274824738502502,0.6301703453063965,0.630450963973999,743
,,,,,,,,,,,,,,,,,,,,,,,,,,,,,,,,,,,,,,,,,,shikhar,left,0.43491989374160767,0.4423374533653259,0.4514618217945099,0.45821285247802734,0.46423977613449097,0.470088392496109,0.47871771454811096,0.4751804769039154,0.4689532220363617,0.47202038764953613,0.48105329275131226,0.4763016700744629,0.4686548709869385,0.4721725285053253,0.48083263635635376,0.47595685720443726,0.4688720405101776,0.4710603356361389,0.479057639837265,0.47643813490867615,0.4705581068992615,0.5361518263816833,0.5117971897125244,0.49559855461120605,0.4808433949947357,0.4682469367980957,0.5049469470977783,0.4812726676464081,0.4637812376022339,0.4577474594116211,0.5041713714599609,0.4786211848258972,0.461696058511734,0.4571896195411682,0.5022941827774048,0.47745680809020996,0.4607248604297638,0.45666220784187317,0.4995783269405365,0.4778746962547302,0.4631313383579254,0.4579058885574341,744
,,,,,,,,,,,,,,,,,,,,,,,,,,,,,,,,,,,,,,,,,,shikhar,left,0.43491989374160767,0.4423374533653259,0.4514618217945099,0.45821285247802734,0.46423977613449097,0.470088392496109,0.47871771454811096,0.4751804769039154,0.4689532220363617,0.47202038764953613,0.48105329275131226,0.4763016700744629,0.4686548709869385,0.4721725285053253,0.48083263635635376,0.47595685720443726,0.4688720405101776,0.4710603356361389,0.479057639837265,0.47643813490867615,0.4705581068992615,0.5361518263816833,0.5117971897125244,0.49559855461120605,0.4808433949947357,0.4682469367980957,0.5049469470977783,0.4812726676464081,0.4637812376022339,0.4577474594116211,0.5041713714599609,0.4786211848258972,0.461696058511734,0.4571896195411682,0.5022941827774048,0.47745680809020996,0.4607248604297638,0.45666220784187317,0.4995783269405365,0.4778746962547302,0.4631313383579254,0.4579058885574341,745
0.44454580545425415,0.46489790081977844,0.484485000371933,0.4969724416732788,0.5057007670402527,0.4903121292591095,0.5008294582366943,0.4895620346069336,0.4783974289894104,0.48612692952156067,0.49695271253585815,0.48496851325035095,0.47361257672309875,0.48074400424957275,0.4929448664188385,0.48226866126060486,0.47154343128204346,0.4742349088191986,0.48447465896606445,0.47880759835243225,0.47129595279693604,0.45580655336380005,0.47761863470077515,0.4889545738697052,0.500518798828125,0.5119768381118774,0.45521944761276245,0.4516238868236542,0.4598761796951294,0.4627794027328491,0.43806272745132446,0.4341017007827759,0.4453599452972412,0.4505232274532318,0.42208510637283325,0.41716694831848145,0.42928048968315125,0.43520233035087585,0.40600335597991943,0.40344563126564026,0.4142463803291321,0.42073822021484375,shikhar,right,,,,,,,,,,,,,,,,,,,,,,,,,,,,,,,,,,,,,,,,,,,746
0.5225475430488586,0.5111159682273865,0.50511634349823,0.49804913997650146,0.4897475242614746,0.5276530981063843,0.5302115678787231,0.5238604545593262,0.521151602268219,0.5366793870925903,0.5381468534469604,0.5306967496871948,0.5278005599975586,0.5451608896255493,0.5468645691871643,0.5389081835746765,0.5351853966712952,0.5537341237068176,0.5547923445701599,0.547870934009552,0.5439814329147339,0.4034470319747925,0.4393117427825928,0.4754415452480316,0.49893736839294434,0.5138221979141235,0.48550868034362793,0.5050473809242249,0.4853035807609558,0.4644014239311218,0.4780886173248291,0.49845290184020996,0.47643035650253296,0.45494601130485535,0.4682776927947998,0.4903934597969055,0.47057685256004333,0.4495489299297333,0.4562048017978668,0.4788607656955719,0.4686303734779358,0.4532518684864044,shikhar,right,,,,,,,,,,,,,,,,,,,,,,,,,,,,,,,,,,,,,,,,,,,747
,,,,,,,,,,,,,,,,,,,,,,,,,,,,,,,,,,,,,,,,,,pataka,left,0.5702267289161682,0.5518344044685364,0.5294729471206665,0.5103158354759216,0.4970829486846924,0.5260640382766724,0.49972784519195557,0.4857287108898163,0.4760740101337433,0.5290908813476562,0.5039063096046448,0.49362438917160034,0.4900889992713928,0.5340456366539001,0.5108628273010254,0.5007857084274292,0.49645891785621643,0.5385619401931763,0.5203425288200378,0.5123680830001831,0.5087788105010986,0.9061235785484314,0.8715794086456299,0.8686602115631104,0.8831246495246887,0.8926921486854553,0.9040637612342834,0.91911381483078,0.9213745594024658,0.9208449125289917,0.9311866164207458,0.9411289691925049,0.9341325163841248,0.9267372488975525,0.9482107758522034,0.9549639225006104,0.9474408626556396,0.9388967752456665,0.9571687579154968,0.9649868607521057,0.9609956741333008,0.9552667140960693,748
,,,,,,,,,,,,,,,,,,,,,,,,,,,,,,,,,,,,,,,,,,pataka,left,0.7267609238624573,0.7096874713897705,0.7071869969367981,0.7149221897125244,0.719631552696228,0.7268000841140747,0.7355154752731323,0.7358402609825134,0.7351068258285522,0.7415069937705994,0.7468746900558472,0.7436748743057251,0.7403981685638428,0.7506155967712402,0.7539620399475098,0.7518825531005859,0.7493723630905151,0.7554243206977844,0.7612913846969604,0.7612423300743103,0.7606127858161926,0.377125084400177,0.40813148021698,0.4474012851715088,0.4820255935192108,0.5060560703277588,0.4581871032714844,0.5069271326065063,0.5282448530197144,0.5424389243125916,0.4506317377090454,0.49819543957710266,0.517104983329773,0.5244333148002625,0.43953007459640503,0.4788323640823364,0.49779850244522095,0.5075216293334961,0.42823129892349243,0.4562152028083801,0.4706074595451355,0.47876161336898804,749
,,,,,,,,,,,,,,,,,,,,,,,,,,,,,,,,,,,,,,,,,,ardhapataka,left,0.5774497985839844,0.5581153631210327,0.5366882085800171,0.5178523063659668,0.5043156743049622,0.5311847925186157,0.5049468278884888,0.4913729131221771,0.48124974966049194,0.5344429612159729,0.5096985101699829,0.4977961480617523,0.4912969768047333,0.5392581224441528,0.517090916633606,0.5051557421684265,0.49799492955207825,0.5436273813247681,0.5264995694160461,0.517240047454834,0.511425793170929,0.9025778770446777,0.8700061440467834,0.8676762580871582,0.8836959004402161,0.892776370048523,0.9037560820579529,0.9179195761680603,0.9216764569282532,0.9239588975906372,0.9292358160018921,0.9388400912284851,0.9362233281135559,0.9336287975311279,0.9447194933891296,0.9525094628334045,0.949682354927063,0.9462345242500305,0.9522948861122131,0.9601578116416931,0.958621621131897,0.9557412266731262,750
,,,,,,,,,,,,,,,,,,,,,,,,,,,,,,,,,,,,,,,,,,ardhapataka,left,0.5774497985839844,0.5581153631210327,0.5366882085800171,0.5178523063659668,0.5043156743049622,0.5311847925186157,0.5049468278884888,0.4913729131221771,0.48124974966049194,0.5344429612159729,0.5096985101699829,0.4977961480617523,0.4912969768047333,0.5392581224441528,0.517090916633606,0.5051557421684265,0.49799492955207825,0.5436273813247681,0.5264995694160461,0.517240047454834,0.511425793170929,0.9025778770446777,0.8700061440467834,0.8676762580871582,0.8836959004402161,0.892776370048523,0.9037560820579529,0.9179195761680603,0.9216764569282532,0.9239588975906372,0.9292358160018921,0.9388400912284851,0.9362233281135559,0.9336287975311279,0.9447194933891296,0.9525094628334045,0.949682354927063,0.9462345242500305,0.9522948861122131,0.9601578116416931,0.958621621131897,0.9557412266731262,751
,,,,,,,,,,,,,,,,,,,,,,,,,,,,,,,,,,,,,,,,,,kartarimukh,left,0.5781846046447754,0.5591317415237427,0.5369797348976135,0.5177891850471497,0.5045955777168274,0.5314303040504456,0.505907416343689,0.4924331605434418,0.48249703645706177,0.5351373553276062,0.5108649134635925,0.49768194556236267,0.4898252487182617,0.5401685237884521,0.5185680389404297,0.5065417289733887,0.49859222769737244,0.544816792011261,0.5277615785598755,0.5183784365653992,0.5119982957839966,0.9025242328643799,0.8697002530097961,0.8689644932746887,0.8860212564468384,0.8961840271949768,0.9062137603759766,0.9247332811355591,0.9324088096618652,0.9376161098480225,0.9326773285865784,0.9447739124298096,0.9473254680633545,0.9490208625793457,0.948408305644989,0.9581602215766907,0.9594267010688782,0.9592965841293335,0.9557958841323853,0.9649363160133362,0.9674238562583923,0.9678996801376343,752
,,,,,,,,,,,,,,,,,,,,,,,,,,,,,,,,,,,,,,,,,,kartarimukh,left,0.5781846046447754,0.5591317415237427,0.5369797348976135,0.5177891850471497,0.5045955777168274,0.5314303040504456,0.505907416343689,0.4924331605434418,0.48249703645706177,0.5351373553276062,0.5108649134635925,0.49768194556236267,0.4898252487182617,0.5401685237884521,0.5185680389404297,0.5065417289733887,0.49859222769737244,0.544816792011261,0.5277615785598755,0.5183784365653992,0.5119982957839966,0.9025242328643799,0.8697002530097961,0.8689644932746887,0.8860212564468384,0.8961840271949768,0.9062137603759766,0.9247332811355591,0.9324088096618652,0.9376161098480225,0.9326773285865784,0.9447739124298096,0.9473254680633545,0.9490208625793457,0.948408305644989,0.9581602215766907,0.9594267010688782,0.9592965841293335,0.9557958841323853,0.9649363160133362,0.9674238562583923,0.9678996801376343,753
,,,,,,,,,,,,,,,,,,,,,,,,,,,,,,,,,,,,,,,,,,ardhachandra,left,0.5786035060882568,0.5607092380523682,0.5390836000442505,0.5202227234840393,0.5065628290176392,0.5345606803894043,0.5075313448905945,0.4931117296218872,0.4823642671108246,0.5374650955200195,0.5124174356460571,0.5021777153015137,0.497437983751297,0.5414489507675171,0.5186799168586731,0.5086668133735657,0.5034422278404236,0.5444899201393127,0.5268645882606506,0.5186866521835327,0.5145859122276306,0.9092487096786499,0.8757144808769226,0.8745243549346924,0.8893002867698669,0.8964946269989014,0.9092687368392944,0.9250404238700867,0.9322537183761597,0.9389525651931763,0.9339096546173096,0.9378474354743958,0.9332898259162903,0.9304495453834534,0.9480066299438477,0.9475044012069702,0.9412938356399536,0.9363337755203247,0.9539642333984375,0.9550690650939941,0.9489260911941528,0.9432205557823181,754
,,,,,,,,,,,,,,,,,,,,,,,,,,,,,,,,,,,,,,,,,,ardhachandra,left,0.5786035060882568,0.5607092380523682,0.5390836000442505,0.5202227234840393,0.5065628290176392,0.5345606803894043,0.5075313448905945,0.4931117296218872,0.4823642671108246,0.5374650955200195,0.5124174356460571,0.5021777153015137,0.497437983751297,0.5414489507675171,0.5186799168586731,0.5086668133735657,0.5034422278404236,0.5444899201393127,0.5268645882606506,0.5186866521835327,0.5145859122276306,0.9092487096786499,0.8757144808769226,0.8745243549346924,0.8893002867698669,0.8964946269989014,0.9092687368392944,0.9250404238700867,0.9322537183761597,0.9389525651931763,0.9339096546173096,0.9378474354743958,0.9332898259162903,0.9304495453834534,0.9480066299438477,0.9475044012069702,0.9412938356399536,0.9363337755203247,0.9539642333984375,0.9550690650939941,0.9489260911941528,0.9432205557823181,755
,,,,,,,,,,,,,,,,,,,,,,,,,,,,,,,,,,,,,,,,,,aral,left,0.5819474458694458,0.5635054707527161,0.5408648252487183,0.5215217471122742,0.509215235710144,0.5366016030311584,0.5097150802612305,0.495536744594574,0.4848899841308594,0.5395275354385376,0.5139716863632202,0.5039721727371216,0.499737024307251,0.5435465574264526,0.5197048783302307,0.5105289816856384,0.5067176818847656,0.5470301508903503,0.5282503962516785,0.5201944708824158,0.5171412229537964,0.9095727801322937,0.8743607997894287,0.8725557923316956,0.8876937031745911,0.8974155783653259,0.9073835015296936,0.923773467540741,0.9311767816543579,0.9380935430526733,0.9327068328857422,0.937646746635437,0.9333319664001465,0.9316321611404419,0.9479093551635742,0.9482397437095642,0.9412661790847778,0.9366381168365479,0.9549210071563721,0.9560450911521912,0.9489062428474426,0.943226158618927,756
,,,,,,,,,,,,,,,,,,,,,,,,,,,,,,,,,,,,,,,,,,aral,left,0.5819474458694458,0.5635054707527161,0.5408648252487183,0.5215217471122742,0.509215235710144,0.5366016030311584,0.5097150802612305,0.495536744594574,0.4848899841308594,0.5395275354385376,0.5139716863632202,0.5039721727371216,0.499737024307251,0.5435465574264526,0.5197048783302307,0.5105289816856384,0.5067176818847656,0.5470301508903503,0.5282503962516785,0.5201944708824158,0.5171412229537964,0.9095727801322937,0.8743607997894287,0.8725557923316956,0.8876937031745911,0.8974155783653259,0.9073835015296936,0.923773467540741,0.9311767816543579,0.9380935430526733,0.9327068328857422,0.937646746635437,0.9333319664001465,0.9316321611404419,0.9479093551635742,0.9482397437095642,0.9412661790847778,0.9366381168365479,0.9549210071563721,0.9560450911521912,0.9489062428474426,0.943226158618927,757
,,,,,,,,,,,,,,,,,,,,,,,,,,,,,,,,,,,,,,,,,,mushti,left,0.5820549130439758,0.5633156299591064,0.5407943725585938,0.5216899514198303,0.5082305669784546,0.5372945666313171,0.5112568736076355,0.49688664078712463,0.48577719926834106,0.5401286482810974,0.5145532488822937,0.5020715594291687,0.4949992597103119,0.5442395806312561,0.5207110643386841,0.5095508098602295,0.5033562779426575,0.5478088855743408,0.5299398303031921,0.5211195349693298,0.5161948204040527,0.9080933332443237,0.8744930028915405,0.8734102249145508,0.8876037001609802,0.8945788741111755,0.9078105092048645,0.9243185520172119,0.9326127171516418,0.9401261806488037,0.9331712126731873,0.9381356239318848,0.9373043775558472,0.9378403425216675,0.9478618502616882,0.948104202747345,0.9440304636955261,0.9407998919487,0.9543183445930481,0.9542603492736816,0.9492061138153076,0.9444511532783508,758
,,,,,,,,,,,,,,,,,,,,,,,,,,,,,,,,,,,,,,,,,,mushti,left,0.2688162326812744,0.2889663577079773,0.2902856469154358,0.28282347321510315,0.2795434892177582,0.27320340275764465,0.2638094425201416,0.2588740885257721,0.2541314661502838,0.2593603730201721,0.25579604506492615,0.25361883640289307,0.24958272278308868,0.2510405480861664,0.25122320652008057,0.2537643313407898,0.2549361288547516,0.24709570407867432,0.2485331892967224,0.2525027394294739,0.2554267644882202,0.6446508765220642,0.6141549944877625,0.5739418864250183,0.5387799739837646,0.5158200263977051,0.567561149597168,0.5192357897758484,0.4950663447380066,0.4772721230983734,0.5700515508651733,0.5209805965423584,0.49432122707366943,0.4775945544242859,0.5746066570281982,0.5304744243621826,0.5111720561981201,0.500694215297699,0.5799667835235596,0.5454634428024292,0.5303083062171936,0.5228400230407715,759
,,,,,,,,,,,,,,,,,,,,,,,,,,,,,,,,,,,,,,,,,,shikhar,left,0.580764651298523,0.5613799691200256,0.53959721326828,0.5216124057769775,0.5077484250068665,0.5369202494621277,0.510638952255249,0.4964863061904907,0.48600807785987854,0.5408677458763123,0.5146533250808716,0.5008295774459839,0.49225687980651855,0.5458337068557739,0.520379900932312,0.506562352180481,0.4972444176673889,0.5510222315788269,0.5334200263023376,0.5232062935829163,0.5157573223114014,0.9081902503967285,0.8768644332885742,0.8725644946098328,0.8870206475257874,0.8952656388282776,0.909575879573822,0.9259606003761292,0.9337761998176575,0.9397533535957336,0.9360869526863098,0.9461119771003723,0.9458509087562561,0.9430226683616638,0.9543493986129761,0.9633256196975708,0.9623404741287231,0.9578470587730408,0.965429961681366,0.9827748537063599,0.983979344367981,0.9796050786972046,760
,,,,,,,,,,,,,,,,,,,,,,,,,,,,,,,,,,,,,,,,,,shikhar,left,0.580764651298523,0.5613799691200256,0.53959721326828,0.5216124057769775,0.5077484250068665,0.5369202494621277,0.510638952255249,0.4964863061904907,0.48600807785987854,0.5408677458763123,0.5146533250808716,0.5008295774459839,0.49225687980651855,0.5458337068557739,0.520379900932312,0.506562352180481,0.4972444176673889,0.5510222315788269,0.5334200263023376,0.5232062935829163,0.5157573223114014,0.9081902503967285,0.8768644332885742,0.8725644946098328,0.8870206475257874,0.8952656388282776,0.909575879573822,0.9259606003761292,0.9337761998176575,0.9397533535957336,0.9360869526863098,0.9461119771003723,0.9458509087562561,0.9430226683616638,0.9543493986129761,0.9633256196975708,0.9623404741287231,0.9578470587730408,0.965429961681366,0.9827748537063599,0.983979344367981,0.9796050786972046,761
,,,,,,,,,,,,,,,,,,,,,,,,,,,,,,,,,,,,,,,,,,katakamukh_1,left,0.2757297158241272,0.29561007022857666,0.30027225613594055,0.2985546588897705,0.30046024918556213,0.2796976566314697,0.27280014753341675,0.27013662457466125,0.26832911372184753,0.26391080021858215,0.2590733766555786,0.25923749804496765,0.2593945264816284,0.2532165050506592,0.2500823736190796,0.25147995352745056,0.2527364194393158,0.24787694215774536,0.24585235118865967,0.24677583575248718,0.24772372841835022,0.6383182406425476,0.6096993088722229,0.571696937084198,0.5360977053642273,0.5087481141090393,0.5596063733100891,0.5103325247764587,0.4830031096935272,0.46204620599746704,0.562674343585968,0.5113175511360168,0.4805324673652649,0.4601607620716095,0.5685389041900635,0.522217869758606,0.49538126587867737,0.47603681683540344,0.5748993158340454,0.5406332015991211,0.5197966694831848,0.5044857859611511,762
,,,,,,,,,,,,,,,,,,,,,,,,,,,,,,,,,,,,,,,,,,katakamukh_1,left,0.5791364312171936,0.5621970295906067,0.5410752892494202,0.5208050012588501,0.5056143999099731,0.5319530367851257,0.5044459104537964,0.48962754011154175,0.4784165024757385,0.533702552318573,0.5047178268432617,0.4884631037712097,0.4780429005622864,0.5376467108726501,0.5119979381561279,0.4976412057876587,0.48775121569633484,0.5420858263969421,0.5239217281341553,0.5131551027297974,0.5054895877838135,0.8960410952568054,0.8621928691864014,0.8530193567276001,0.85658860206604,0.8538023233413696,0.8919112682342529,0.9034882187843323,0.9076191186904907,0.9104119539260864,0.9190789461135864,0.9271588325500488,0.9272446036338806,0.9264051914215088,0.937768816947937,0.946100652217865,0.9445744752883911,0.9416660070419312,0.9482607841491699,0.9566426277160645,0.9570847749710083,0.9556177258491516,763
,,,,,,,,,,,,,,,,,,,,,,,,,,,,,,,,,,,,,,,,,,soochi,left,0.5805834531784058,0.5635771155357361,0.5422259569168091,0.5221301913261414,0.5074478983879089,0.5337526202201843,0.5071964263916016,0.49256327748298645,0.4814557433128357,0.5359428524971008,0.5080587267875671,0.49152040481567383,0.4795722961425781,0.5399443507194519,0.5157307982444763,0.5018867254257202,0.491848349571228,0.5443586111068726,0.5269302129745483,0.5168190002441406,0.5094298124313354,0.8941985964775085,0.8600092530250549,0.8514485359191895,0.8559183478355408,0.8533759117126465,0.8915942907333374,0.9030301570892334,0.9079192876815796,0.9117692112922668,0.9184702038764954,0.9251595139503479,0.9252181649208069,0.924458384513855,0.9371842741966248,0.9452621936798096,0.9439306855201721,0.9410329461097717,0.9485419392585754,0.9569110870361328,0.95731520652771,0.9547551274299622,764
,,,,,,,,,,,,,,,,,,,,,,,,,,,,,,,,,,,,,,,,,,soochi,left,0.7221392393112183,0.7029030919075012,0.6981925964355469,0.7004323601722717,0.6992580890655518,0.7194425463676453,0.726082444190979,0.7285565137863159,0.7303695678710938,0.7344288229942322,0.7392244935035706,0.7392978072166443,0.7388789057731628,0.7452719211578369,0.7502951622009277,0.7493011355400085,0.747481644153595,0.7517755627632141,0.7566176652908325,0.7560460567474365,0.754218339920044,0.3540492057800293,0.38548892736434937,0.4237576425075531,0.4595716595649719,0.48656904697418213,0.4381704330444336,0.48752373456954956,0.5132787227630615,0.5328304767608643,0.4354235529899597,0.48830071091651917,0.5169153213500977,0.5358129143714905,0.4295274019241333,0.4762188196182251,0.5007054209709167,0.5169634222984314,0.42278391122817993,0.4568103551864624,0.4750085175037384,0.48729777336120605,765
,,,,,,,,,,,,,,,,,,,,,,,,,,,,,,,,,,,,,,,,,,padmakosh,left,0.2793063223361969,0.299500435590744,0.3061126172542572,0.3058093190193176,0.3082089424133301,0.283784955739975,0.27708569169044495,0.2738626003265381,0.2712631821632385,0.26918357610702515,0.2641298472881317,0.2635203003883362,0.26351484656333923,0.2588294446468353,0.25341999530792236,0.25286534428596497,0.25283491611480713,0.2532978057861328,0.24899184703826904,0.24733923375606537,0.24635416269302368,0.6442648768424988,0.6158502697944641,0.5791341066360474,0.5432023406028748,0.5167096257209778,0.5637174844741821,0.5161905884742737,0.48955315351486206,0.46855705976486206,0.5656119585037231,0.5146850943565369,0.4854355454444885,0.46404793858528137,0.5703401565551758,0.5251540541648865,0.4994816184043884,0.4803801476955414,0.5762171745300293,0.5424894690513611,0.5228501558303833,0.5080956816673279,766
,,,,,,,,,,,,,,,,,,,,,,,,,,,,,,,,,,,,,,,,,,padmakosh,left,0.5797691941261292,0.5637834072113037,0.542840838432312,0.5227066278457642,0.5089907050132751,0.5331807136535645,0.506447434425354,0.49197137355804443,0.48095938563346863,0.5351444482803345,0.5068958401679993,0.49062907695770264,0.47897905111312866,0.538864254951477,0.5143947601318359,0.5004518628120422,0.4903427064418793,0.5429060459136963,0.5247650742530823,0.5145385265350342,0.5070704817771912,0.891426146030426,0.8565319776535034,0.8455527424812317,0.845883846282959,0.8385207056999207,0.8866556882858276,0.8984074592590332,0.9040085077285767,0.9083751440048218,0.9125508666038513,0.9192015528678894,0.9201187491416931,0.9204646944999695,0.9302564859390259,0.9380525350570679,0.9389495253562927,0.9389835596084595,0.9403617978096008,0.9471210837364197,0.9496708512306213,0.9505349397659302,767
,,,,,,,,,,,,,,,,,,,,,,,,,,,,,,,,,,,,,,,,,,padmakosh,left,0.27998456358909607,0.2988536059856415,0.3047632575035095,0.30551058053970337,0.30879729986190796,0.2823793590068817,0.2755577266216278,0.27196940779685974,0.26889774203300476,0.26763415336608887,0.2628737688064575,0.2624475359916687,0.2629660367965698,0.2568730115890503,0.25091588497161865,0.251284658908844,0.2530730068683624,0.25009188055992126,0.24279361963272095,0.24226537346839905,0.24411138892173767,0.6423384547233582,0.6108607649803162,0.5737274289131165,0.5381951928138733,0.5135308504104614,0.5581334233283997,0.5088470578193665,0.48152461647987366,0.46085137128829956,0.5614173412322998,0.5106589794158936,0.48298001289367676,0.46357688307762146,0.5681537389755249,0.5236880779266357,0.4988792836666107,0.48188066482543945,0.5759845972061157,0.5426278114318848,0.5228387117385864,0.5082672238349915,768
,,,,,,,,,,,,,,,,,,,,,,,,,,,,,,,,,,,,,,,,,,padmakosh,left,0.5776766538619995,0.561772346496582,0.5414472818374634,0.5216425061225891,0.5073105096817017,0.5316466093063354,0.5046878457069397,0.4901251196861267,0.47911062836647034,0.5335006713867188,0.5058292150497437,0.4901246428489685,0.47899600863456726,0.5373455882072449,0.5129172801971436,0.49881795048713684,0.48879295587539673,0.5412507653236389,0.5226329565048218,0.5117794871330261,0.5034565925598145,0.8919699192047119,0.8591840863227844,0.8481823801994324,0.8451688289642334,0.8370493054389954,0.8890198469161987,0.9006686806678772,0.9067708849906921,0.9123798608779907,0.9158478379249573,0.9225698113441467,0.9223955273628235,0.9216311573982239,0.9350610375404358,0.9443814754486084,0.9431648850440979,0.9395982623100281,0.9466150999069214,0.9577864408493042,0.9572882056236267,0.95208340883255,769
,,,,,,,,,,,,,,,,,,,,,,,,,,,,,,,,,,,,,,,,,,sarpasheesh,left,0.2816079556941986,0.2991788387298584,0.30136168003082275,0.29722240567207336,0.29738470911979675,0.2801421284675598,0.2714371979236603,0.2684876322746277,0.2667127847671509,0.2652694284915924,0.25937333703041077,0.25915977358818054,0.25956791639328003,0.2548638582229614,0.25030308961868286,0.25113436579704285,0.25234365463256836,0.24914923310279846,0.2462817132472992,0.24745188653469086,0.24904906749725342,0.636837363243103,0.6035757064819336,0.5657961368560791,0.5307259559631348,0.5031814575195312,0.5589004158973694,0.5125527381896973,0.4875221848487854,0.4686070680618286,0.5655578970909119,0.5167351961135864,0.4897215664386749,0.4723673164844513,0.574745237827301,0.532355785369873,0.5092871785163879,0.49407199025154114,0.5830262303352356,0.5522632598876953,0.5353389382362366,0.5239067077636719,770
,,,,,,,,,,,,,,,,,,,,,,,,,,,,,,,,,,,,,,,,,,sarpasheesh,left,0.5758777856826782,0.558384358882904,0.53720623254776,0.5174387693405151,0.502065896987915,0.5330672264099121,0.5074920058250427,0.49352115392684937,0.4831702411174774,0.5362804532051086,0.5098183751106262,0.4942575693130493,0.48372310400009155,0.5408874750137329,0.5184829831123352,0.5046132206916809,0.4942513704299927,0.5450742244720459,0.5294137597084045,0.5196911096572876,0.5120616555213928,0.8883804678916931,0.858893632888794,0.853547990322113,0.860966145992279,0.8605642914772034,0.8925296068191528,0.9060628414154053,0.9107587337493896,0.913849413394928,0.9186511635780334,0.9279865026473999,0.9290574789047241,0.9291751980781555,0.9370952844619751,0.9478526711463928,0.9485960602760315,0.9480388164520264,0.9478855133056641,0.9560847282409668,0.9574714303016663,0.9569371342658997,771
,,,,,,,,,,,,,,,,,,,,,,,,,,,,,,,,,,,,,,,,,,singhamukh,left,0.5782982110977173,0.5613134503364563,0.5401433110237122,0.5203461050987244,0.5055291056632996,0.534626305103302,0.5081648826599121,0.4938710927963257,0.48348531126976013,0.5384770631790161,0.5106198787689209,0.4954383075237274,0.4854021966457367,0.543562114238739,0.5191735625267029,0.5047844648361206,0.4946146309375763,0.5483546853065491,0.5304242372512817,0.5188453197479248,0.510055422782898,0.9014421105384827,0.8723592758178711,0.8683807253837585,0.8736868500709534,0.8702291250228882,0.90680330991745,0.9206622838973999,0.9263603091239929,0.9307924509048462,0.9322417974472046,0.9401702284812927,0.9400561451911926,0.9387967586517334,0.9484355449676514,0.953764796257019,0.9519374966621399,0.948580265045166,0.9572091102600098,0.9622893929481506,0.9610384106636047,0.9578633904457092,772
,,,,,,,,,,,,,,,,,,,,,,,,,,,,,,,,,,,,,,,,,,singhamukh,left,0.5782982110977173,0.5613134503364563,0.5401433110237122,0.5203461050987244,0.5055291056632996,0.534626305103302,0.5081648826599121,0.4938710927963257,0.48348531126976013,0.5384770631790161,0.5106198787689209,0.4954383075237274,0.4854021966457367,0.543562114238739,0.5191735625267029,0.5047844648361206,0.4946146309375763,0.5483546853065491,0.5304242372512817,0.5188453197479248,0.510055422782898,0.9014421105384827,0.8723592758178711,0.8683807253837585,0.8736868500709534,0.8702291250228882,0.90680330991745,0.9206622838973999,0.9263603091239929,0.9307924509048462,0.9322417974472046,0.9401702284812927,0.9400561451911926,0.9387967586517334,0.9484355449676514,0.953764796257019,0.9519374966621399,0.948580265045166,0.9572091102600098,0.9622893929481506,0.9610384106636047,0.9578633904457092,773
,,,,,,,,,,,,,,,,,,,,,,,,,,,,,,,,,,,,,,,,,,bhramara,left,0.5627590417861938,0.5481220483779907,0.5248501896858215,0.5039055943489075,0.489177942276001,0.526986300945282,0.5015146136283875,0.4865647256374359,0.4747658669948578,0.5288203358650208,0.5024052858352661,0.4851864278316498,0.4731088876724243,0.5307911038398743,0.5046883225440979,0.4880101680755615,0.47590821981430054,0.5318925976753235,0.5088982582092285,0.4934735894203186,0.48140034079551697,0.9116250872612,0.8713385462760925,0.8608891367912292,0.8671643733978271,0.8669658303260803,0.8823415040969849,0.8949151635169983,0.8994983434677124,0.9024781584739685,0.907196581363678,0.9130906462669373,0.9137903451919556,0.9144452810287476,0.9276994466781616,0.9297088980674744,0.9278746843338013,0.9252153635025024,0.943935751914978,0.9468173384666443,0.9464400410652161,0.9454142451286316,774
,,,,,,,,,,,,,,,,,,,,,,,,,,,,,,,,,,,,,,,,,,bhramara,left,0.27110108733177185,0.2937896251678467,0.2993640601634979,0.2946568429470062,0.29432418942451477,0.2840346693992615,0.2781577408313751,0.2758540213108063,0.27385061979293823,0.268695205450058,0.2650967538356781,0.2647930383682251,0.26437366008758545,0.256995290517807,0.2548012435436249,0.2554386258125305,0.2560546398162842,0.24917200207710266,0.2471160590648651,0.24668195843696594,0.24627721309661865,0.6145747303962708,0.5877164602279663,0.5445188879966736,0.5063167810440063,0.47966820001602173,0.5467681884765625,0.5006043910980225,0.47430384159088135,0.45361560583114624,0.5509703755378723,0.5026866793632507,0.47298458218574524,0.45161914825439453,0.5561515688896179,0.5102555155754089,0.4816952347755432,0.45998615026474,0.560888946056366,0.5210272669792175,0.49481475353240967,0.47314101457595825,775
,,,,,,,,,,,,,,,,,,,,,,,,,,,,,,,,,,,,,,,,,,bhramara,left,0.5649812817573547,0.5495257377624512,0.5259099006652832,0.5053244829177856,0.49094483256340027,0.5275261998176575,0.5021608471870422,0.487865149974823,0.47679680585861206,0.5296652317047119,0.5035572052001953,0.48657697439193726,0.47442013025283813,0.5319922566413879,0.506088137626648,0.48919788002967834,0.4765281081199646,0.533502459526062,0.5110470056533813,0.4955221116542816,0.48302802443504333,0.9109164476394653,0.8701104521751404,0.8593620657920837,0.8653482794761658,0.8663754463195801,0.8811812400817871,0.8918185234069824,0.895611584186554,0.8979983925819397,0.9063984751701355,0.9105674028396606,0.9111832976341248,0.9115610122680664,0.9274991154670715,0.9267911911010742,0.9244036674499512,0.9215167164802551,0.9444942474365234,0.9460057020187378,0.9455995559692383,0.9449368119239807,776
,,,,,,,,,,,,,,,,,,,,,,,,,,,,,,,,,,,,,,,,,,bhramara,left,0.5649812817573547,0.5495257377624512,0.5259099006652832,0.5053244829177856,0.49094483256340027,0.5275261998176575,0.5021608471870422,0.487865149974823,0.47679680585861206,0.5296652317047119,0.5035572052001953,0.48657697439193726,0.47442013025283813,0.5319922566413879,0.506088137626648,0.48919788002967834,0.4765281081199646,0.533502459526062,0.5110470056533813,0.4955221116542816,0.48302802443504333,0.9109164476394653,0.8701104521751404,0.8593620657920837,0.8653482794761658,0.8663754463195801,0.8811812400817871,0.8918185234069824,0.895611584186554,0.8979983925819397,0.9063984751701355,0.9105674028396606,0.9111832976341248,0.9115610122680664,0.9274991154670715,0.9267911911010742,0.9244036674499512,0.9215167164802551,0.9444942474365234,0.9460057020187378,0.9455995559692383,0.9449368119239807,777
,,,,,,,,,,,,,,,,,,,,,,,,,,,,,,,,,,,,,,,,,,hansasya,left,0.2700231075286865,0.29276415705680847,0.2986149489879608,0.2938602566719055,0.29256144165992737,0.28219953179359436,0.2758197784423828,0.2738145887851715,0.27264177799224854,0.2666536569595337,0.2637496292591095,0.26352086663246155,0.26370805501937866,0.25496426224708557,0.25184571743011475,0.25121086835861206,0.2514975368976593,0.24717655777931213,0.24459992349147797,0.24386799335479736,0.24372372031211853,0.6189492344856262,0.5902842283248901,0.5483897924423218,0.5111880302429199,0.48603129386901855,0.5509669780731201,0.5061980485916138,0.47965696454048157,0.4583246409893036,0.5568467974662781,0.5115607380867004,0.481363445520401,0.45954883098602295,0.5629168748855591,0.5198416113853455,0.49038028717041016,0.4678308963775635,0.5678629279136658,0.5310571789741516,0.5054855942726135,0.4843786954879761,778
,,,,,,,,,,,,,,,,,,,,,,,,,,,,,,,,,,,,,,,,,,hansasya,left,0.565933108329773,0.5490217208862305,0.5269150137901306,0.5062965154647827,0.4919286072254181,0.5285675525665283,0.5032821297645569,0.4887503385543823,0.4774699807167053,0.5321426391601562,0.5063473582267761,0.48917365074157715,0.47652575373649597,0.5356622934341431,0.5112564563751221,0.4943331182003021,0.481387734413147,0.5386644005775452,0.518892228603363,0.5044506192207336,0.49299824237823486,0.9100679159164429,0.871552050113678,0.8612607717514038,0.8670841455459595,0.8670940399169922,0.8866897821426392,0.8965756893157959,0.900210976600647,0.9020431637763977,0.9139658808708191,0.9193046689033508,0.9207949638366699,0.9208083748817444,0.935571551322937,0.9411559104919434,0.9429793357849121,0.9432815909385681,0.9508535861968994,0.9571948647499084,0.9594697952270508,0.960955798625946,779
,,,,,,,,,,,,,,,,,,,,,,,,,,,,,,,,,,,,,,,,,,hanspaksha,left,0.7336075305938721,0.7103915810585022,0.7053679823875427,0.7092441916465759,0.7082532644271851,0.7193973064422607,0.7254162430763245,0.7275004982948303,0.7285136580467224,0.734261155128479,0.736579418182373,0.7363278269767761,0.7355417609214783,0.7456786632537842,0.7458375096321106,0.7438528537750244,0.7413952946662903,0.7537994384765625,0.7553931474685669,0.7551406025886536,0.7547963857650757,0.3867260813713074,0.4109300374984741,0.4528469145298004,0.49052801728248596,0.5150010585784912,0.447114497423172,0.4938318729400635,0.5200448632240295,0.5395395755767822,0.44325658679008484,0.49084600806236267,0.5203935503959656,0.5401304960250854,0.4390442371368408,0.48436635732650757,0.5135220289230347,0.5351077318191528,0.4367353320121765,0.47483131289482117,0.5017403960227966,0.5230811834335327,780
,,,,,,,,,,,,,,,,,,,,,,,,,,,,,,,,,,,,,,,,,,hanspaksha,left,0.5661587119102478,0.5497151017189026,0.527214765548706,0.5064720511436462,0.4923585057258606,0.5290413498878479,0.5035678744316101,0.4888923168182373,0.47741812467575073,0.5323699712753296,0.506325900554657,0.48928526043891907,0.4766983389854431,0.5358017086982727,0.5110058784484863,0.4942103922367096,0.481140673160553,0.5387903451919556,0.5191290974617004,0.5047194361686707,0.4931808114051819,0.915755569934845,0.874740481376648,0.8646159172058105,0.8699502944946289,0.8684817552566528,0.8912302255630493,0.9008749723434448,0.9044369459152222,0.90577632188797,0.9187281131744385,0.924891471862793,0.9256023168563843,0.9248833060264587,0.9403542876243591,0.9469382762908936,0.9480003118515015,0.9475760459899902,0.9549123644828796,0.9619694948196411,0.964579701423645,0.966927170753479,781
,,,,,,,,,,,,,,,,,,,,,,,,,,,,,,,,,,,,,,,,,,hanspaksha,left,0.26554998755455017,0.2882177233695984,0.29402080178260803,0.2898131310939789,0.2893480658531189,0.2776172459125519,0.2713862359523773,0.2693183720111847,0.26824599504470825,0.2620393931865692,0.25837409496307373,0.25802847743034363,0.2579718232154846,0.25036510825157166,0.24616952240467072,0.24543984234333038,0.24538066983222961,0.24286550283432007,0.23878903687000275,0.23731733858585358,0.2364606410264969,0.6207700967788696,0.591588020324707,0.5503130555152893,0.5132178068161011,0.4880368709564209,0.5496212244033813,0.5045490264892578,0.47861620783805847,0.45816701650619507,0.5559580326080322,0.5090006589889526,0.4799898564815521,0.4602186977863312,0.5628923773765564,0.5187841057777405,0.4900220036506653,0.4689657390117645,0.5688889622688293,0.5326226949691772,0.507279634475708,0.48660898208618164,782
,,,,,,,,,,,,,,,,,,,,,,,,,,,,,,,,,,,,,,,,,,hanspaksha,left,0.5662007331848145,0.5500058531761169,0.5281580090522766,0.5079421401023865,0.4936031103134155,0.5287281274795532,0.503546953201294,0.488726407289505,0.47728121280670166,0.5319502353668213,0.5060034990310669,0.48851171135902405,0.47579872608184814,0.5353347659111023,0.5105617642402649,0.49397537112236023,0.48090681433677673,0.538559079170227,0.5197110772132874,0.5057654976844788,0.49435392022132874,0.9195528030395508,0.8791123628616333,0.8682841658592224,0.8735803961753845,0.8737451434135437,0.8955795764923096,0.9041622877120972,0.9080623388290405,0.9102399349212646,0.9224164485931396,0.9274172186851501,0.9284123182296753,0.9287501573562622,0.9436786770820618,0.9506427049636841,0.9517198204994202,0.9516358375549316,0.9580385684967041,0.968981921672821,0.9733706116676331,0.9767539501190186,783
0.24186545610427856,0.2500355839729309,0.2471473664045334,0.232260599732399,0.21944403648376465,0.23990248143672943,0.2401161640882492,0.2386326640844345,0.23643556237220764,0.22725848853588104,0.21726666390895844,0.2213088572025299,0.226261705160141,0.2181704044342041,0.20950216054916382,0.21789762377738953,0.22485604882240295,0.21264401078224182,0.20719283819198608,0.2157192826271057,0.2243163287639618,0.5798972845077515,0.5512101054191589,0.5206846594810486,0.5071012377738953,0.504314661026001,0.48740655183792114,0.4499270021915436,0.4254112243652344,0.40620359778404236,0.4972240924835205,0.4703487157821655,0.48714587092399597,0.5023776888847351,0.5143287777900696,0.49354350566864014,0.509584903717041,0.5217090249061584,0.5366383790969849,0.5222353339195251,0.5303522348403931,0.5386486649513245,tamrachud,right,,,,,,,,,,,,,,,,,,,,,,,,,,,,,,,,,,,,,,,,,,,784
0.24186545610427856,0.2500355839729309,0.2471473664045334,0.232260599732399,0.21944403648376465,0.23990248143672943,0.2401161640882492,0.2386326640844345,0.23643556237220764,0.22725848853588104,0.21726666390895844,0.2213088572025299,0.226261705160141,0.2181704044342041,0.20950216054916382,0.21789762377738953,0.22485604882240295,0.21264401078224182,0.20719283819198608,0.2157192826271057,0.2243163287639618,0.5798972845077515,0.5512101054191589,0.5206846594810486,0.5071012377738953,0.504314661026001,0.48740655183792114,0.4499270021915436,0.4254112243652344,0.40620359778404236,0.4972240924835205,0.4703487157821655,0.48714587092399597,0.5023776888847351,0.5143287777900696,0.49354350566864014,0.509584903717041,0.5217090249061584,0.5366383790969849,0.5222353339195251,0.5303522348403931,0.5386486649513245,tamrachud,right,,,,,,,,,,,,,,,,,,,,,,,,,,,,,,,,,,,,,,,,,,,785
,,,,,,,,,,,,,,,,,,,,,,,,,,,,,,,,,,,,,,,,,,tamrachud,left,0.26180997490882874,0.2790970504283905,0.28588420152664185,0.2863031029701233,0.288847416639328,0.25909969210624695,0.2496778964996338,0.244833305478096,0.24120940268039703,0.2459956258535385,0.23683036863803864,0.23293547332286835,0.2292582094669342,0.2383269965648651,0.2298877239227295,0.22749213874340057,0.22614066302776337,0.23521369695663452,0.22754910588264465,0.22380036115646362,0.22092008590698242,0.6206812262535095,0.5909154415130615,0.5514676570892334,0.5153671503067017,0.48729631304740906,0.5350101590156555,0.49067068099975586,0.4650321304798126,0.44547662138938904,0.539591908454895,0.49591735005378723,0.4671801030635834,0.44807863235473633,0.5473272204399109,0.5082862973213196,0.4839695990085602,0.46597155928611755,0.5566478371620178,0.5270504951477051,0.5065397024154663,0.49111056327819824,786
,,,,,,,,,,,,,,,,,,,,,,,,,,,,,,,,,,,,,,,,,,tamrachud,left,0.5664143562316895,0.5511080026626587,0.5295370221138,0.509565532207489,0.49358534812927246,0.5221673846244812,0.49559757113456726,0.48009079694747925,0.4690816104412079,0.5245429277420044,0.49896326661109924,0.48413723707199097,0.47582733631134033,0.5284473299980164,0.5053107142448425,0.4919145703315735,0.4829556941986084,0.5322785377502441,0.5142312049865723,0.5026236176490784,0.4944462776184082,0.9251695275306702,0.8932883143424988,0.8805468082427979,0.8790414333343506,0.8758389949798584,0.9280644655227661,0.9463971853256226,0.9546858072280884,0.9603793025016785,0.9537125825881958,0.9700075387954712,0.9737323522567749,0.9770748019218445,0.9689883589744568,0.9835131764411926,0.9853429198265076,0.9857198596000671,0.9749298095703125,0.9875699877738953,0.9921952486038208,0.995391845703125,787
0.336325079202652,0.3519647717475891,0.3665659427642822,0.373275488615036,0.37413233518600464,0.3555346727371216,0.3585992753505707,0.359453409910202,0.35872602462768555,0.3450950086116791,0.348785936832428,0.34977832436561584,0.3497370481491089,0.33463284373283386,0.33540067076683044,0.3333681523799896,0.33185014128685,0.3252043128013611,0.3250979483127594,0.3250124156475067,0.3254174590110779,0.6955638527870178,0.6899867057800293,0.6761523485183716,0.66007000207901,0.6463274955749512,0.6232312917709351,0.5854765772819519,0.563453733921051,0.5435857772827148,0.6172081232070923,0.572544276714325,0.5461637377738953,0.5260838866233826,0.6183234453201294,0.5934165120124817,0.5968722701072693,0.6007216572761536,0.6232576370239258,0.5922003984451294,0.5737385749816895,0.5591745972633362,tripataka,right,,,,,,,,,,,,,,,,,,,,,,,,,,,,,,,,,,,,,,,,,,,788
0.34304702281951904,0.3589356243610382,0.3719509541988373,0.3775550425052643,0.37708428502082825,0.361769437789917,0.3641290068626404,0.3644365668296814,0.3642972707748413,0.3505960702896118,0.3538861870765686,0.3549722135066986,0.3557586371898651,0.33981016278266907,0.34184756875038147,0.34412065148353577,0.34656068682670593,0.3293335735797882,0.3298453688621521,0.33035776019096375,0.33151811361312866,0.692216694355011,0.6851009726524353,0.6709842681884766,0.6546196937561035,0.644348680973053,0.6193251609802246,0.5854581594467163,0.5647664070129395,0.5461246967315674,0.6132826805114746,0.5738097429275513,0.5475772023200989,0.5269088745117188,0.6135913133621216,0.5778701305389404,0.5546041131019592,0.5361204743385315,0.6194217801094055,0.5911398530006409,0.5726194977760315,0.5564357042312622,tripataka,right,,,,,,,,,,,,,,,,,,,,,,,,,,,,,,,,,,,,,,,,,,,789
0.3413201868534088,0.35766178369522095,0.37237945199012756,0.37902578711509705,0.379391610622406,0.36294519901275635,0.3660810887813568,0.36671581864356995,0.3661031424999237,0.35151949524879456,0.3546946048736572,0.3560982346534729,0.35643061995506287,0.3402394652366638,0.3395508825778961,0.33740147948265076,0.33588260412216187,0.33006542921066284,0.329791784286499,0.3296454846858978,0.3300219178199768,0.6880882382392883,0.685724139213562,0.6727477312088013,0.6557384729385376,0.6451135873794556,0.6194319128990173,0.5834080576896667,0.5616683959960938,0.5420854687690735,0.6131625771522522,0.571249783039093,0.5452165603637695,0.5249046087265015,0.614138662815094,0.5866823196411133,0.5808159708976746,0.5767655372619629,0.619851291179657,0.5910627245903015,0.5743337869644165,0.5608840584754944,tripataka,right,,,,,,,,,,,,,,,,,,,,,,,,,,,,,,,,,,,,,,,,,,,790
,,,,,,,,,,,,,,,,,,,,,,,,,,,,,,,,,,,,,,,,,,tripataka,left,0.6482886672019958,0.6396790146827698,0.6329628825187683,0.6273530125617981,0.6208832859992981,0.6433420181274414,0.6458919644355774,0.6464444994926453,0.6473079323768616,0.6494691371917725,0.6495167016983032,0.6488713026046753,0.6492297053337097,0.6551224589347839,0.6552186012268066,0.6539838314056396,0.6535803079605103,0.6609772443771362,0.6607480049133301,0.6591602563858032,0.6577565670013428,0.7978924512863159,0.7839509844779968,0.7569916248321533,0.7345590591430664,0.7191759943962097,0.7266345024108887,0.6949918866157532,0.6759881973266602,0.6617540717124939,0.7265421152114868,0.6957529187202454,0.6861208081245422,0.6807556748390198,0.729961633682251,0.6997379064559937,0.6852403283119202,0.674705982208252,0.736248254776001,0.7120109796524048,0.6984090805053711,0.6887145042419434,791
,,,,,,,,,,,,,,,,,,,,,,,,,,,,,,,,,,,,,,,,,,tripataka,left,0.6482886672019958,0.6396790146827698,0.6329628825187683,0.6273530125617981,0.6208832859992981,0.6433420181274414,0.6458919644355774,0.6464444994926453,0.6473079323768616,0.6494691371917725,0.6495167016983032,0.6488713026046753,0.6492297053337097,0.6551224589347839,0.6552186012268066,0.6539838314056396,0.6535803079605103,0.6609772443771362,0.6607480049133301,0.6591602563858032,0.6577565670013428,0.7978924512863159,0.7839509844779968,0.7569916248321533,0.7345590591430664,0.7191759943962097,0.7266345024108887,0.6949918866157532,0.6759881973266602,0.6617540717124939,0.7265421152114868,0.6957529187202454,0.6861208081245422,0.6807556748390198,0.729961633682251,0.6997379064559937,0.6852403283119202,0.674705982208252,0.736248254776001,0.7120109796524048,0.6984090805053711,0.6887145042419434,792
,,,,,,,,,,,,,,,,,,,,,,,,,,,,,,,,,,,,,,,,,,tripataka,left,0.6663013100624084,0.6730456352233887,0.6850208640098572,0.6936951279640198,0.6998298764228821,0.7053186297416687,0.7168568968772888,0.7188799381256104,0.717964231967926,0.708734929561615,0.7248507142066956,0.7359108328819275,0.7442350387573242,0.7094378471374512,0.7241271138191223,0.7332932949066162,0.7399136424064636,0.7081629633903503,0.7207159996032715,0.7279539108276367,0.7341273427009583,0.7555107474327087,0.7360531091690063,0.7303518652915955,0.7299647331237793,0.7306753993034363,0.7545097470283508,0.7504369020462036,0.7435518503189087,0.7370892763137817,0.7636674642562866,0.7681100964546204,0.7704755663871765,0.7725698351860046,0.7705724239349365,0.7772666811943054,0.7807004451751709,0.7824506163597107,0.774705708026886,0.7808734178543091,0.7852329611778259,0.7881384491920471,793
,,,,,,,,,,,,,,,,,,,,,,,,,,,,,,,,,,,,,,,,,,tripataka,left,0.6436506509780884,0.6328593492507935,0.6293874979019165,0.6290026903152466,0.6290620565414429,0.6417256593704224,0.641369104385376,0.6370386481285095,0.6323927044868469,0.6467965245246887,0.6507828831672668,0.6522322297096252,0.6535717248916626,0.6506941318511963,0.6554903984069824,0.6572950482368469,0.6582427620887756,0.6535979509353638,0.6572317481040955,0.6593842506408691,0.6606850624084473,0.2064768671989441,0.19382941722869873,0.17192751169204712,0.15695512294769287,0.1470382660627365,0.13765819370746613,0.11472323536872864,0.11023959517478943,0.11312517523765564,0.13325266540050507,0.10384752601385117,0.08224418759346008,0.06608486920595169,0.13339775800704956,0.10749953985214233,0.09212659299373627,0.0817590057849884,0.13652892410755157,0.11489041149616241,0.1010509580373764,0.08918772637844086,794
,,,,,,,,,,,,,,,,,,,,,,,,,,,,,,,,,,,,,,,,,,tripataka,left,0.46890461444854736,0.47849419713020325,0.48992472887039185,0.498840868473053,0.5041481256484985,0.5052112340927124,0.5177608728408813,0.5146840214729309,0.5094296932220459,0.505607008934021,0.517132043838501,0.5142809748649597,0.5095660090446472,0.5045326948165894,0.5140685439109802,0.5107054114341736,0.5060673952102661,0.5022252798080444,0.5103561878204346,0.5090191960334778,0.5059001445770264,0.6572082042694092,0.6468359231948853,0.6350448727607727,0.6217512488365173,0.610892117023468,0.6544898748397827,0.6358279585838318,0.6251147985458374,0.6217495799064636,0.6547370553016663,0.6341204643249512,0.625752866268158,0.6237581372261047,0.652531087398529,0.632948100566864,0.6269129514694214,0.6269997358322144,0.6482366323471069,0.6330251693725586,0.6272265315055847,0.6267001628875732,795
,,,,,,,,,,,,,,,,,,,,,,,,,,,,,,,,,,,,,,,,,,tripataka,left,0.7297667264938354,0.7182163596153259,0.7196876406669617,0.7307971715927124,0.7420610785484314,0.7510250210762024,0.7676997184753418,0.7772693634033203,0.7845078110694885,0.7593199610710144,0.7766237854957581,0.7842493653297424,0.7877547740936279,0.7637252807617188,0.7805304527282715,0.7846584916114807,0.7838079929351807,0.7651813626289368,0.7687382102012634,0.7648158073425293,0.7593620419502258,0.22435271739959717,0.19147145748138428,0.14967048168182373,0.12434349954128265,0.12487130612134933,0.12387681752443314,0.1016654297709465,0.0953952893614769,0.09283427894115448,0.140362948179245,0.11600634455680847,0.10658758133649826,0.1052379310131073,0.15984050929546356,0.13716648519039154,0.12990139424800873,0.13236050307750702,0.18103088438510895,0.16176801919937134,0.15609726309776306,0.15712112188339233,796
,,,,,,,,,,,,,,,,,,,,,,,,,,,,,,,,,,,,,,,,,,tripataka,left,0.7297667264938354,0.7182163596153259,0.7196876406669617,0.7307971715927124,0.7420610785484314,0.7510250210762024,0.7676997184753418,0.7772693634033203,0.7845078110694885,0.7593199610710144,0.7766237854957581,0.7842493653297424,0.7877547740936279,0.7637252807617188,0.7805304527282715,0.7846584916114807,0.7838079929351807,0.7651813626289368,0.7687382102012634,0.7648158073425293,0.7593620419502258,0.22435271739959717,0.19147145748138428,0.14967048168182373,0.12434349954128265,0.12487130612134933,0.12387681752443314,0.1016654297709465,0.0953952893614769,0.09283427894115448,0.140362948179245,0.11600634455680847,0.10658758133649826,0.1052379310131073,0.15984050929546356,0.13716648519039154,0.12990139424800873,0.13236050307750702,0.18103088438510895,0.16176801919937134,0.15609726309776306,0.15712112188339233,797
,,,,,,,,,,,,,,,,,,,,,,,,,,,,,,,,,,,,,,,,,,tripataka,left,0.738804817199707,0.7286266684532166,0.7283594608306885,0.7370495200157166,0.7486254572868347,0.7572495937347412,0.7706294059753418,0.7784175276756287,0.7851991057395935,0.7667469382286072,0.7821306586265564,0.7900505661964417,0.7954229712486267,0.7735923528671265,0.7868189215660095,0.7873932719230652,0.7856693863868713,0.7786216735839844,0.7897240519523621,0.7947710752487183,0.7985976934432983,0.24537217617034912,0.21673382818698883,0.17563731968402863,0.15046510100364685,0.15145163238048553,0.15104036033153534,0.12576866149902344,0.1186785101890564,0.11524756252765656,0.1614668369293213,0.13031470775604248,0.11873259395360947,0.113529734313488,0.176235169172287,0.1494269222021103,0.14634959399700165,0.1492862105369568,0.19594280421733856,0.17600861191749573,0.16630101203918457,0.15922977030277252,798
,,,,,,,,,,,,,,,,,,,,,,,,,,,,,,,,,,,,,,,,,,tripataka,left,0.738804817199707,0.7286266684532166,0.7283594608306885,0.7370495200157166,0.7486254572868347,0.7572495937347412,0.7706294059753418,0.7784175276756287,0.7851991057395935,0.7667469382286072,0.7821306586265564,0.7900505661964417,0.7954229712486267,0.7735923528671265,0.7868189215660095,0.7873932719230652,0.7856693863868713,0.7786216735839844,0.7897240519523621,0.7947710752487183,0.7985976934432983,0.24537217617034912,0.21673382818698883,0.17563731968402863,0.15046510100364685,0.15145163238048553,0.15104036033153534,0.12576866149902344,0.1186785101890564,0.11524756252765656,0.1614668369293213,0.13031470775604248,0.11873259395360947,0.113529734313488,0.176235169172287,0.1494269222021103,0.14634959399700165,0.1492862105369568,0.19594280421733856,0.17600861191749573,0.16630101203918457,0.15922977030277252,799
0.33775216341018677,0.3457653820514679,0.34682828187942505,0.34526142477989197,0.346216082572937,0.3214692175388336,0.3079882264137268,0.2990763187408447,0.29064035415649414,0.3121546506881714,0.2981233298778534,0.2887485921382904,0.28103217482566833,0.3053874969482422,0.29358160495758057,0.2978785037994385,0.30376380681991577,0.3001953959465027,0.28799888491630554,0.2817823886871338,0.2775959074497223,0.44598817825317383,0.4234466552734375,0.3946402370929718,0.3755432069301605,0.3679549992084503,0.3552597165107727,0.3216581344604492,0.30466383695602417,0.2925773561000824,0.3649246096611023,0.33065497875213623,0.30871284008026123,0.2937377989292145,0.3800160586833954,0.35526400804519653,0.35065212845802307,0.3523029685020447,0.3993093967437744,0.37366485595703125,0.35551926493644714,0.3415406346321106,tripataka,right,,,,,,,,,,,,,,,,,,,,,,,,,,,,,,,,,,,,,,,,,,,800
0.33775216341018677,0.3457653820514679,0.34682828187942505,0.34526142477989197,0.346216082572937,0.3214692175388336,0.3079882264137268,0.2990763187408447,0.29064035415649414,0.3121546506881714,0.2981233298778534,0.2887485921382904,0.28103217482566833,0.3053874969482422,0.29358160495758057,0.2978785037994385,0.30376380681991577,0.3001953959465027,0.28799888491630554,0.2817823886871338,0.2775959074497223,0.44598817825317383,0.4234466552734375,0.3946402370929718,0.3755432069301605,0.3679549992084503,0.3552597165107727,0.3216581344604492,0.30466383695602417,0.2925773561000824,0.3649246096611023,0.33065497875213623,0.30871284008026123,0.2937377989292145,0.3800160586833954,0.35526400804519653,0.35065212845802307,0.3523029685020447,0.3993093967437744,0.37366485595703125,0.35551926493644714,0.3415406346321106,tripataka,right,,,,,,,,,,,,,,,,,,,,,,,,,,,,,,,,,,,,,,,,,,,801
0.338200181722641,0.3482271730899811,0.3516676127910614,0.35024118423461914,0.35002195835113525,0.33014899492263794,0.3205648362636566,0.31342366337776184,0.3054879903793335,0.32081839442253113,0.31202763319015503,0.3057568669319153,0.29904988408088684,0.31313076615333557,0.30579209327697754,0.3045676648616791,0.30344754457473755,0.3059234321117401,0.2967020869255066,0.29189151525497437,0.2873513102531433,0.3377872407436371,0.30553555488586426,0.27230605483055115,0.25248953700065613,0.24526354670524597,0.23195737600326538,0.1956261843442917,0.1778838038444519,0.16587141156196594,0.23879410326480865,0.19742372632026672,0.17520233988761902,0.1610344648361206,0.2520158588886261,0.2147342711687088,0.19665442407131195,0.1847483217716217,0.27095192670822144,0.24189065396785736,0.22197909653186798,0.20457789301872253,tripataka,right,,,,,,,,,,,,,,,,,,,,,,,,,,,,,,,,,,,,,,,,,,,802
0.338200181722641,0.3482271730899811,0.3516676127910614,0.35024118423461914,0.35002195835113525,0.33014899492263794,0.3205648362636566,0.31342366337776184,0.3054879903793335,0.32081839442253113,0.31202763319015503,0.3057568669319153,0.29904988408088684,0.31313076615333557,0.30579209327697754,0.3045676648616791,0.30344754457473755,0.3059234321117401,0.2967020869255066,0.29189151525497437,0.2873513102531433,0.3377872407436371,0.30553555488586426,0.27230605483055115,0.25248953700065613,0.24526354670524597,0.23195737600326538,0.1956261843442917,0.1778838038444519,0.16587141156196594,0.23879410326480865,0.19742372632026672,0.17520233988761902,0.1610344648361206,0.2520158588886261,0.2147342711687088,0.19665442407131195,0.1847483217716217,0.27095192670822144,0.24189065396785736,0.22197909653186798,0.20457789301872253,tripataka,right,,,,,,,,,,,,,,,,,,,,,,,,,,,,,,,,,,,,,,,,,,,803
0.43069255352020264,0.41358259320259094,0.39719530940055847,0.3867497742176056,0.3819265365600586,0.37333422899246216,0.3559424877166748,0.34616604447364807,0.33901771903038025,0.37766367197036743,0.35794588923454285,0.3451685309410095,0.336795836687088,0.38518908619880676,0.3681624233722687,0.36035576462745667,0.35695919394493103,0.39568331837654114,0.38052892684936523,0.369402140378952,0.36140620708465576,0.7903552055358887,0.7742527723312378,0.7720015048980713,0.7735143303871155,0.7735724449157715,0.8131300806999207,0.8360627293586731,0.8512181043624878,0.8662295341491699,0.8272330164909363,0.8473154306411743,0.8588032126426697,0.8690290451049805,0.8378030061721802,0.8533935546875,0.8487497568130493,0.8425855040550232,0.8458108305931091,0.8647022247314453,0.8738793730735779,0.8812386393547058,tripataka,right,,,,,,,,,,,,,,,,,,,,,,,,,,,,,,,,,,,,,,,,,,,804
0.3338835537433624,0.3438051640987396,0.3461320996284485,0.3456837832927704,0.34575286507606506,0.32216858863830566,0.3116057515144348,0.30456382036209106,0.296360045671463,0.31472888588905334,0.304462194442749,0.29838138818740845,0.2919226288795471,0.3087531328201294,0.3007615804672241,0.30207276344299316,0.30318865180015564,0.3038872182369232,0.2936474680900574,0.2887495458126068,0.28423362970352173,0.37623465061187744,0.34472212195396423,0.31847524642944336,0.30048736929893494,0.29092130064964294,0.2745877802371979,0.24295637011528015,0.22703376412391663,0.21541061997413635,0.28084856271743774,0.24383951723575592,0.2236633002758026,0.2096022665500641,0.2931400239467621,0.2600673735141754,0.24858690798282623,0.2426728755235672,0.3109472990036011,0.28498557209968567,0.26625603437423706,0.2507542371749878,tripataka,right,,,,,,,,,,,,,,,,,,,,,,,,,,,,,,,,,,,,,,,,,,,805
,,,,,,,,,,,,,,,,,,,,,,,,,,,,,,,,,,,,,,,,,,tripataka,left,0.3844045400619507,0.38454368710517883,0.37961241602897644,0.37133166193962097,0.36419832706451416,0.35651907324790955,0.3456409275531769,0.3392646908760071,0.3329581916332245,0.3485615849494934,0.3344213664531708,0.32543593645095825,0.3180234134197235,0.34375059604644775,0.33262574672698975,0.3284812271595001,0.32582318782806396,0.34166011214256287,0.3322133421897888,0.3270251452922821,0.3230723440647125,0.2412908375263214,0.27114084362983704,0.2990836203098297,0.3115749955177307,0.3142305314540863,0.315422922372818,0.3358917236328125,0.3466438055038452,0.35421988368034363,0.30433928966522217,0.3281857371330261,0.34310466051101685,0.35488954186439514,0.28865692019462585,0.30833831429481506,0.31949979066848755,0.3287679851055145,0.26933637261390686,0.2845863103866577,0.2958066761493683,0.30560243129730225,806
,,,,,,,,,,,,,,,,,,,,,,,,,,,,,,,,,,,,,,,,,,tripataka,left,0.6482449769973755,0.6305127739906311,0.6135644912719727,0.6057418584823608,0.6035951972007751,0.6041954755783081,0.5916306972503662,0.5848569869995117,0.5797999501228333,0.6111722588539124,0.596359133720398,0.5872356295585632,0.5801218748092651,0.6206645369529724,0.6100556254386902,0.6042488217353821,0.5993900895118713,0.6321475505828857,0.6230344176292419,0.6165527105331421,0.610710859298706,0.29481041431427,0.2963421642780304,0.2907947301864624,0.27820566296577454,0.265131413936615,0.24689234793186188,0.22720909118652344,0.21600954234600067,0.20458701252937317,0.23136462271213531,0.2031461000442505,0.1851183921098709,0.17115624248981476,0.22241517901420593,0.20378251373767853,0.19697676599025726,0.19341470301151276,0.21889489889144897,0.2020297646522522,0.19382506608963013,0.18861757218837738,807
0.4156770706176758,0.4368630051612854,0.4573966860771179,0.4674016237258911,0.462284117937088,0.45433536171913147,0.4592244327068329,0.45293372869491577,0.44677114486694336,0.4422732889652252,0.4474651515483856,0.44233766198158264,0.43665188550949097,0.4304749369621277,0.43495625257492065,0.43239468336105347,0.4286256432533264,0.4190262258052826,0.4220642149448395,0.4207487404346466,0.41873157024383545,0.09633567929267883,0.10035774111747742,0.09004892408847809,0.06763726472854614,0.04624548181891441,0.04418594390153885,0.02386133186519146,0.03795959800481796,0.05085144191980362,0.032721828669309616,0.015167759731411934,0.031070653349161148,0.04530581459403038,0.02498207613825798,0.00823126919567585,0.02209440991282463,0.034569621086120605,0.02014058828353882,0.0022335276007652283,0.008962970227003098,0.01657838560640812,tripataka,right,,,,,,,,,,,,,,,,,,,,,,,,,,,,,,,,,,,,,,,,,,,808
0.27490609884262085,0.27554965019226074,0.2670224905014038,0.2553534209728241,0.24573536217212677,0.23595502972602844,0.2140594720840454,0.19901961088180542,0.18574769794940948,0.22909122705459595,0.20630714297294617,0.18879267573356628,0.17357449233531952,0.22629399597644806,0.2083757072687149,0.20434287190437317,0.2016906440258026,0.22680942714214325,0.210664302110672,0.19938001036643982,0.18923626840114594,0.6489397287368774,0.6116150617599487,0.5748528838157654,0.5588185787200928,0.566382110118866,0.5739758610725403,0.5580836534500122,0.5486547946929932,0.5422084927558899,0.5936259627342224,0.5754647850990295,0.5618615746498108,0.5525455474853516,0.6175433993339539,0.6025952100753784,0.5923424363136292,0.5838453769683838,0.6437333822250366,0.6298149228096008,0.6179749965667725,0.6075101494789124,tripataka,right,,,,,,,,,,,,,,,,,,,,,,,,,,,,,,,,,,,,,,,,,,,809
0.2747616469860077,0.27535948157310486,0.26775047183036804,0.2569047510623932,0.24536320567131042,0.23389194905757904,0.21013738214969635,0.19434092938899994,0.18049989640712738,0.22810404002666473,0.20524942874908447,0.18745294213294983,0.17239797115325928,0.22667603194713593,0.2116628885269165,0.21163436770439148,0.21302859485149384,0.22833646833896637,0.2119610607624054,0.20051974058151245,0.19109134376049042,0.6490790843963623,0.6134420037269592,0.5804450511932373,0.5632966756820679,0.5659288167953491,0.575933039188385,0.5615455508232117,0.5524662733078003,0.5467717051506042,0.5958189964294434,0.5799605250358582,0.5676870942115784,0.5594409108161926,0.6204412579536438,0.6106598377227783,0.607680082321167,0.6058943271636963,0.6474486589431763,0.6354992985725403,0.6245864033699036,0.6159993410110474,tripataka,right,,,,,,,,,,,,,,,,,,,,,,,,,,,,,,,,,,,,,,,,,,,810
0.41658785939216614,0.43579742312431335,0.4547083079814911,0.4653935432434082,0.46216490864753723,0.4511064291000366,0.45605793595314026,0.4507436752319336,0.4454358220100403,0.4396791160106659,0.4442346394062042,0.44110289216041565,0.4378267824649811,0.42799970507621765,0.4319238066673279,0.43055298924446106,0.42886799573898315,0.41650786995887756,0.41812071204185486,0.4170433282852173,0.4160803258419037,0.09453246742486954,0.0991336852312088,0.08798789232969284,0.0670846551656723,0.04613032937049866,0.04352835193276405,0.02490212582051754,0.034611813724040985,0.04480046033859253,0.032939694821834564,0.013455171138048172,0.022035112604498863,0.03207364305853844,0.026646677404642105,0.008131172508001328,0.013782555237412453,0.02062053419649601,0.023718636482954025,0.005186829715967178,0.006686266511678696,0.01024886779487133,tripataka,right,,,,,,,,,,,,,,,,,,,,,,,,,,,,,,,,,,,,,,,,,,,811
0.2976216971874237,0.29522860050201416,0.28421953320503235,0.27334660291671753,0.2659206986427307,0.2591745853424072,0.24188850820064545,0.22966553270816803,0.21856790781021118,0.2550608217716217,0.23660849034786224,0.2215753197669983,0.20810729265213013,0.25395655632019043,0.23751483857631683,0.2260311245918274,0.2161647379398346,0.25562185049057007,0.24231743812561035,0.23344896733760834,0.22596293687820435,0.6361047625541687,0.6011151075363159,0.5745128393173218,0.5614854693412781,0.5618063807487488,0.5721362233161926,0.5596215128898621,0.5511963963508606,0.5457464456558228,0.5839522480964661,0.5675637125968933,0.5561748743057251,0.5486783385276794,0.5988748073577881,0.5802193880081177,0.5683981776237488,0.5593364834785461,0.6169034838676453,0.6019744277000427,0.5913499593734741,0.583465576171875,tripataka,right,,,,,,,,,,,,,,,,,,,,,,,,,,,,,,,,,,,,,,,,,,,812
0.4231102168560028,0.44101205468177795,0.4569067358970642,0.465839684009552,0.467866986989975,0.46084195375442505,0.4680138826370239,0.47107845544815063,0.4719785153865814,0.45453283190727234,0.4645216464996338,0.46953171491622925,0.4723590612411499,0.4465443789958954,0.45708173513412476,0.46328437328338623,0.4680890738964081,0.4362036883831024,0.4450744688510895,0.4508209228515625,0.45549827814102173,0.13177810609340668,0.1345670074224472,0.11692790687084198,0.09582109749317169,0.07986237108707428,0.07666928321123123,0.048302389681339264,0.030679520219564438,0.01477973535656929,0.06673286855220795,0.03768794611096382,0.015400100499391556,-0.004214666783809662,0.06131745129823685,0.03292430192232132,0.013478972017765045,-0.0020833536982536316,0.05939047783613205,0.035283539444208145,0.02031589299440384,0.007873602211475372,tripataka,right,,,,,,,,,,,,,,,,,,,,,,,,,,,,,,,,,,,,,,,,,,,813
0.7410333156585693,0.6901681423187256,0.5830985903739929,0.47823917865753174,0.43896666169166565,0.4102424383163452,0.2818062901496887,0.22102414071559906,0.19095571339130402,0.41572147607803345,0.278216153383255,0.2215358316898346,0.19664444029331207,0.44079557061195374,0.3133559226989746,0.24855610728263855,0.2248857468366623,0.48332589864730835,0.37579622864723206,0.30721500515937805,0.2632104754447937,0.6672722101211548,0.489309161901474,0.37307804822921753,0.3833528161048889,0.5339658260345459,0.5431014895439148,0.5954512357711792,0.6556570529937744,0.7192993760108948,0.6791616082191467,0.7262533903121948,0.7806097865104675,0.8313659429550171,0.801056981086731,0.8473948240280151,0.8904910683631897,0.9306238889694214,0.9199941158294678,0.9575643539428711,0.9943581819534302,1.0305830240249634,sarpasheesh,right,,,,,,,,,,,,,,,,,,,,,,,,,,,,,,,,,,,,,,,,,,,814
0.2693985104560852,0.31611698865890503,0.4148397445678711,0.5124738216400146,0.557213544845581,0.588965117931366,0.711472749710083,0.7641453146934509,0.7746960520744324,0.5840834975242615,0.7141978144645691,0.7642088532447815,0.7743005752563477,0.5585277080535889,0.6771473288536072,0.7371395826339722,0.7552261352539062,0.5156317949295044,0.6142256855964661,0.6722230911254883,0.7057294845581055,0.33094897866249084,0.510749340057373,0.6289712190628052,0.6214797496795654,0.48108920454978943,0.46013978123664856,0.40953806042671204,0.3467405140399933,0.27574118971824646,0.3220765292644501,0.27382656931877136,0.20720511674880981,0.14244836568832397,0.2032005786895752,0.15606066584587097,0.1075901985168457,0.05839413404464722,0.08359822630882263,0.04648369550704956,0.012363612651824951,-0.021657675504684448,sarpasheesh,right,,,,,,,,,,,,,,,,,,,,,,,,,,,,,,,,,,,,,,,,,,,815
0.31279292702674866,0.3498637080192566,0.423234224319458,0.4975980818271637,0.5550326108932495,0.5739661455154419,0.6611557602882385,0.7112889289855957,0.7255354523658752,0.5710455179214478,0.6736921668052673,0.7153006792068481,0.7207071781158447,0.5537014603614807,0.647316575050354,0.6941666007041931,0.7048745155334473,0.5220966935157776,0.6059202551841736,0.6639760136604309,0.7004550099372864,0.3394351899623871,0.5007188320159912,0.5968326926231384,0.5957865118980408,0.49325817823410034,0.46794480085372925,0.43150514364242554,0.38708382844924927,0.3278047740459442,0.35099583864212036,0.3098191022872925,0.2703652083873749,0.22507116198539734,0.2471049278974533,0.205706387758255,0.18371599912643433,0.15608376264572144,0.14561982452869415,0.11375482380390167,0.09689399600028992,0.08339065313339233,sarpasheesh,right,,,,,,,,,,,,,,,,,,,,,,,,,,,,,,,,,,,,,,,,,,,816
0.28634458780288696,0.30419424176216125,0.3161616325378418,0.32066941261291504,0.3193279802799225,0.3058687746524811,0.30518415570259094,0.30558234453201294,0.30557599663734436,0.2944447994232178,0.29353922605514526,0.29423436522483826,0.2959614396095276,0.28342026472091675,0.2828185260295868,0.2833375334739685,0.2846619784832001,0.27253013849258423,0.2715032994747162,0.2720169723033905,0.27328380942344666,0.6405959725379944,0.6324490904808044,0.6145097613334656,0.5937613844871521,0.5778470635414124,0.567250669002533,0.537054717540741,0.5224558711051941,0.5082789659500122,0.5651776194572449,0.5323979258537292,0.5163843035697937,0.5024979710578918,0.5700339674949646,0.5395189523696899,0.5241920948028564,0.5110301971435547,0.5800727605819702,0.5540711283683777,0.53978031873703,0.5267893075942993,sarpasheesh,right,,,,,,,,,,,,,,,,,,,,,,,,,,,,,,,,,,,,,,,,,,,817
0.2854391932487488,0.30399176478385925,0.3155179023742676,0.32009443640708923,0.3198564648628235,0.30545955896377563,0.3049049377441406,0.3052254915237427,0.30528950691223145,0.29382893443107605,0.2931094765663147,0.2938908040523529,0.29556238651275635,0.2829177975654602,0.2822990119457245,0.2826380729675293,0.2837480306625366,0.27230304479599,0.271176815032959,0.27144497632980347,0.2726272940635681,0.6420432329177856,0.6336999535560608,0.6137928366661072,0.5920637845993042,0.5760840773582458,0.5645108222961426,0.5332561731338501,0.5193318724632263,0.506069004535675,0.5627272129058838,0.52912437915802,0.5139514207839966,0.5012785196304321,0.5683008432388306,0.5376392006874084,0.5224466919898987,0.5098705291748047,0.5792161822319031,0.552689254283905,0.5372626185417175,0.5233893990516663,sarpasheesh,right,,,,,,,,,,,,,,,,,,,,,,,,,,,,,,,,,,,,,,,,,,,818
,,,,,,,,,,,,,,,,,,,,,,,,,,,,,,,,,,,,,,,,,,sarpasheesh,left,0.4581073224544525,0.4593963027000427,0.4656597673892975,0.4713226556777954,0.47741350531578064,0.48903992772102356,0.497987300157547,0.5019214153289795,0.5047106742858887,0.49314630031585693,0.5043696165084839,0.5098422169685364,0.51323401927948,0.49431872367858887,0.5040608048439026,0.5085211992263794,0.5114696025848389,0.4930213391780853,0.5000335574150085,0.5026604533195496,0.5039812326431274,0.19378694891929626,0.17393770813941956,0.14637687802314758,0.11849004030227661,0.0986030101776123,0.15373016893863678,0.128956601023674,0.11023581773042679,0.09461735934019089,0.15788985788822174,0.13108795881271362,0.11082695424556732,0.09321338683366776,0.16173270344734192,0.13485367596149445,0.11546185612678528,0.09932542592287064,0.16594114899635315,0.14322751760482788,0.12690794467926025,0.11317841708660126,819
,,,,,,,,,,,,,,,,,,,,,,,,,,,,,,,,,,,,,,,,,,sarpasheesh,left,0.4581073224544525,0.4593963027000427,0.4656597673892975,0.4713226556777954,0.47741350531578064,0.48903992772102356,0.497987300157547,0.5019214153289795,0.5047106742858887,0.49314630031585693,0.5043696165084839,0.5098422169685364,0.51323401927948,0.49431872367858887,0.5040608048439026,0.5085211992263794,0.5114696025848389,0.4930213391780853,0.5000335574150085,0.5026604533195496,0.5039812326431274,0.19378694891929626,0.17393770813941956,0.14637687802314758,0.11849004030227661,0.0986030101776123,0.15373016893863678,0.128956601023674,0.11023581773042679,0.09461735934019089,0.15788985788822174,0.13108795881271362,0.11082695424556732,0.09321338683366776,0.16173270344734192,0.13485367596149445,0.11546185612678528,0.09932542592287064,0.16594114899635315,0.14322751760482788,0.12690794467926025,0.11317841708660126,820
0.5809831023216248,0.5713106393814087,0.554008960723877,0.5443928241729736,0.539412260055542,0.5363418459892273,0.521092414855957,0.509952187538147,0.5017353296279907,0.54192054271698,0.5327425003051758,0.5400723218917847,0.546345055103302,0.5509830117225647,0.5432982444763184,0.5495015978813171,0.5545316934585571,0.562096357345581,0.5549542903900146,0.5588196516036987,0.5629739761352539,0.8298084139823914,0.8133972883224487,0.809760570526123,0.8188906311988831,0.8340583443641663,0.8352984189987183,0.8419004082679749,0.8410517573356628,0.8405337929725647,0.8516174554824829,0.8571348190307617,0.841890811920166,0.8327149152755737,0.8646941781044006,0.8663168549537659,0.8510226011276245,0.8446705341339111,0.8758131861686707,0.8719459772109985,0.8587379455566406,0.8531025052070618,tamrachud,right,,,,,,,,,,,,,,,,,,,,,,,,,,,,,,,,,,,,,,,,,,,821
0.5965526103973389,0.5825815200805664,0.5670613646507263,0.556941568851471,0.552061140537262,0.5409486889839172,0.5248628258705139,0.5162395238876343,0.5114608407020569,0.5475862622261047,0.5487568378448486,0.559663712978363,0.5629529356956482,0.5583192110061646,0.5634286403656006,0.5706173777580261,0.5707653760910034,0.5705472230911255,0.5752726793289185,0.5798947215080261,0.5788862109184265,0.8625637888908386,0.8511017560958862,0.8472617268562317,0.8536593317985535,0.8700911402702332,0.8750187158584595,0.8828761577606201,0.8863852620124817,0.8851534128189087,0.8971458077430725,0.8974313735961914,0.8816662430763245,0.8744673132896423,0.9122640490531921,0.9056587815284729,0.8895712494850159,0.8856012225151062,0.9217014312744141,0.9120649099349976,0.8970995545387268,0.8934274315834045,tamrachud,right,,,,,,,,,,,,,,,,,,,,,,,,,,,,,,,,,,,,,,,,,,,822
0.2156207263469696,0.2192443162202835,0.2141145020723343,0.1979076862335205,0.1826813817024231,0.21089449524879456,0.20365458726882935,0.19836874306201935,0.19326147437095642,0.19920341670513153,0.18950244784355164,0.18209847807884216,0.176544651389122,0.19006580114364624,0.17875517904758453,0.17055262625217438,0.1651112586259842,0.1841433048248291,0.17833596467971802,0.180205300450325,0.18489837646484375,0.5065433979034424,0.5110193490982056,0.5068270564079285,0.5044088363647461,0.49668097496032715,0.44217950105667114,0.40334999561309814,0.3796793222427368,0.35920998454093933,0.4399266839027405,0.39914971590042114,0.37595483660697937,0.3537675738334656,0.4492756128311157,0.4198601245880127,0.4004465937614441,0.3805360198020935,0.46691542863845825,0.4666360318660736,0.480114609003067,0.49178755283355713,trishool,right,,,,,,,,,,,,,,,,,,,,,,,,,,,,,,,,,,,,,,,,,,,823
0.2156207263469696,0.2192443162202835,0.2141145020723343,0.1979076862335205,0.1826813817024231,0.21089449524879456,0.20365458726882935,0.19836874306201935,0.19326147437095642,0.19920341670513153,0.18950244784355164,0.18209847807884216,0.176544651389122,0.19006580114364624,0.17875517904758453,0.17055262625217438,0.1651112586259842,0.1841433048248291,0.17833596467971802,0.180205300450325,0.18489837646484375,0.5065433979034424,0.5110193490982056,0.5068270564079285,0.5044088363647461,0.49668097496032715,0.44217950105667114,0.40334999561309814,0.3796793222427368,0.35920998454093933,0.4399266839027405,0.39914971590042114,0.37595483660697937,0.3537675738334656,0.4492756128311157,0.4198601245880127,0.4004465937614441,0.3805360198020935,0.46691542863845825,0.4666360318660736,0.480114609003067,0.49178755283355713,trishool,right,,,,,,,,,,,,,,,,,,,,,,,,,,,,,,,,,,,,,,,,,,,824
0.20996442437171936,0.2141467034816742,0.20965519547462463,0.19508293271064758,0.1799091100692749,0.2063962072134018,0.20023562014102936,0.19563470780849457,0.19068185985088348,0.19513770937919617,0.18748363852500916,0.1807936429977417,0.17518764734268188,0.18641740083694458,0.17517197132110596,0.16612361371517181,0.1592700332403183,0.18039251863956451,0.17452414333820343,0.1770782321691513,0.1822284609079361,0.5662647485733032,0.5708539485931396,0.5652918219566345,0.5606989860534668,0.5520598292350769,0.49752163887023926,0.4602792263031006,0.43651720881462097,0.41551896929740906,0.4933091998100281,0.45161354541778564,0.42707449197769165,0.4038071930408478,0.5020203590393066,0.47076737880706787,0.4523508548736572,0.433138906955719,0.5195102691650391,0.5157598257064819,0.530683159828186,0.5416995882987976,trishool,right,,,,,,,,,,,,,,,,,,,,,,,,,,,,,,,,,,,,,,,,,,,825
0.20996442437171936,0.2141467034816742,0.20965519547462463,0.19508293271064758,0.1799091100692749,0.2063962072134018,0.20023562014102936,0.19563470780849457,0.19068185985088348,0.19513770937919617,0.18748363852500916,0.1807936429977417,0.17518764734268188,0.18641740083694458,0.17517197132110596,0.16612361371517181,0.1592700332403183,0.18039251863956451,0.17452414333820343,0.1770782321691513,0.1822284609079361,0.5662647485733032,0.5708539485931396,0.5652918219566345,0.5606989860534668,0.5520598292350769,0.49752163887023926,0.4602792263031006,0.43651720881462097,0.41551896929740906,0.4933091998100281,0.45161354541778564,0.42707449197769165,0.4038071930408478,0.5020203590393066,0.47076737880706787,0.4523508548736572,0.433138906955719,0.5195102691650391,0.5157598257064819,0.530683159828186,0.5416995882987976,trishool,right,,,,,,,,,,,,,,,,,,,,,,,,,,,,,,,,,,,,,,,,,,,826
0.21902725100517273,0.22038736939430237,0.21342234313488007,0.19908882677555084,0.1846924126148224,0.21161746978759766,0.2058981955051422,0.20095999538898468,0.19565999507904053,0.20155689120292664,0.1937815099954605,0.1871923953294754,0.1817556470632553,0.19344699382781982,0.18139363825321198,0.1726127713918686,0.1658792495727539,0.18820534646511078,0.18144869804382324,0.18378107249736786,0.1882653832435608,0.5732377767562866,0.5744864344596863,0.5667701959609985,0.5613144636154175,0.5526094436645508,0.4982219338417053,0.46234703063964844,0.43943077325820923,0.4190570116043091,0.49635574221611023,0.45609819889068604,0.43045639991760254,0.4064614772796631,0.5048535466194153,0.4742054045200348,0.4575420916080475,0.43979835510253906,0.520151674747467,0.5146357417106628,0.5315065383911133,0.5446767807006836,trishool,right,,,,,,,,,,,,,,,,,,,,,,,,,,,,,,,,,,,,,,,,,,,827
0.22171439230442047,0.22278492152690887,0.21356695890426636,0.19823035597801208,0.18427400290966034,0.21460403501987457,0.20606067776679993,0.19976390898227692,0.19465330243110657,0.20368213951587677,0.19485220313072205,0.18749018013477325,0.1821911334991455,0.19554534554481506,0.18439984321594238,0.17704802751541138,0.17144203186035156,0.18984277546405792,0.1830737441778183,0.17937420308589935,0.17645268142223358,0.5602989792823792,0.5639085173606873,0.5593185424804688,0.5543081164360046,0.5483445525169373,0.4983978867530823,0.47822266817092896,0.4728604257106781,0.4653072655200958,0.49077367782592773,0.45041072368621826,0.4251549243927002,0.39886075258255005,0.49399179220199585,0.46128368377685547,0.4387372136116028,0.41519230604171753,0.5042164921760559,0.4800865948200226,0.4664253294467926,0.45284348726272583,trishool,right,,,,,,,,,,,,,,,,,,,,,,,,,,,,,,,,,,,,,,,,,,,828
0.23029881715774536,0.2253248393535614,0.2114831954240799,0.1976880133152008,0.18557830154895782,0.2097579836845398,0.1977243721485138,0.19619666039943695,0.19825492799282074,0.20563380420207977,0.1960446834564209,0.1903357207775116,0.18671059608459473,0.20291000604629517,0.19235777854919434,0.18634511530399323,0.18144410848617554,0.20114578306674957,0.1918523609638214,0.18605847656726837,0.18119092285633087,0.5570342540740967,0.5703807473182678,0.5722536444664001,0.5650864243507385,0.5565115213394165,0.5120580196380615,0.4952104091644287,0.4969247877597809,0.49522510170936584,0.49516332149505615,0.4549444615840912,0.4299564063549042,0.40340185165405273,0.4911344349384308,0.4571380615234375,0.43373987078666687,0.4100150465965271,0.4958145022392273,0.46894019842147827,0.45111513137817383,0.43349868059158325,trishool,right,,,,,,,,,,,,,,,,,,,,,,,,,,,,,,,,,,,,,,,,,,,829
0.23029881715774536,0.2253248393535614,0.2114831954240799,0.1976880133152008,0.18557830154895782,0.2097579836845398,0.1977243721485138,0.19619666039943695,0.19825492799282074,0.20563380420207977,0.1960446834564209,0.1903357207775116,0.18671059608459473,0.20291000604629517,0.19235777854919434,0.18634511530399323,0.18144410848617554,0.20114578306674957,0.1918523609638214,0.18605847656726837,0.18119092285633087,0.5570342540740967,0.5703807473182678,0.5722536444664001,0.5650864243507385,0.5565115213394165,0.5120580196380615,0.4952104091644287,0.4969247877597809,0.49522510170936584,0.49516332149505615,0.4549444615840912,0.4299564063549042,0.40340185165405273,0.4911344349384308,0.4571380615234375,0.43373987078666687,0.4100150465965271,0.4958145022392273,0.46894019842147827,0.45111513137817383,0.43349868059158325,trishool,right,,,,,,,,,,,,,,,,,,,,,,,,,,,,,,,,,,,,,,,,,,,830
,,,,,,,,,,,,,,,,,,,,,,,,,,,,,,,,,,,,,,,,,,tamrachud,left,0.3768463730812073,0.363350510597229,0.3468307554721832,0.3358120918273926,0.3297151029109955,0.3315059244632721,0.31466031074523926,0.32221412658691406,0.3307461738586426,0.32938113808631897,0.31295448541641235,0.31929564476013184,0.3265250623226166,0.3304804861545563,0.3149624168872833,0.3200797140598297,0.3265608549118042,0.3334404230117798,0.3188384175300598,0.3217935860157013,0.3271944522857666,0.8584885001182556,0.8248082995414734,0.810878336429596,0.8160253763198853,0.8271577954292297,0.8198341727256775,0.8070217967033386,0.8074389100074768,0.8124151229858398,0.8429226279258728,0.8306414484977722,0.8273418545722961,0.8299201130867004,0.8639021515846252,0.8517429828643799,0.8463473320007324,0.8472023010253906,0.8807186484336853,0.8675093054771423,0.8620399236679077,0.8628844022750854,831
,,,,,,,,,,,,,,,,,,,,,,,,,,,,,,,,,,,,,,,,,,tamrachud,left,0.29714348912239075,0.31627240777015686,0.32558080554008484,0.32628268003463745,0.32296207547187805,0.3174588084220886,0.32588261365890503,0.32746225595474243,0.32558396458625793,0.3057021498680115,0.3147285282611847,0.3179165720939636,0.3164970576763153,0.2952808737754822,0.30453237891197205,0.30842602252960205,0.3075174391269684,0.2874455153942108,0.2964451014995575,0.300398588180542,0.2997385859489441,0.27508413791656494,0.2558037340641022,0.2286437451839447,0.20762419700622559,0.19373555481433868,0.19972966611385345,0.17120163142681122,0.18420471251010895,0.19834916293621063,0.1947222650051117,0.16756510734558105,0.17902307212352753,0.19129426777362823,0.19495242834091187,0.16800472140312195,0.17794255912303925,0.18956123292446136,0.1989058554172516,0.17463383078575134,0.18108031153678894,0.19128017127513885,832
0.3733566999435425,0.39032262563705444,0.40531444549560547,0.4165140986442566,0.42489635944366455,0.40155574679374695,0.41898196935653687,0.4298723042011261,0.4375665485858917,0.3982628583908081,0.41644924879074097,0.42733103036880493,0.43587660789489746,0.3961445689201355,0.41335418820381165,0.4236871302127838,0.4315910041332245,0.3948221802711487,0.40666431188583374,0.414695680141449,0.4208453893661499,0.531524121761322,0.5360432267189026,0.525134801864624,0.5103048086166382,0.49659499526023865,0.4926006495952606,0.48781293630599976,0.4881207048892975,0.4884662330150604,0.4901132881641388,0.48696696758270264,0.4885103404521942,0.4905853867530823,0.49450740218162537,0.49192070960998535,0.49271294474601746,0.49442023038864136,0.5021109580993652,0.5004376769065857,0.5010190010070801,0.502067506313324,mukul,right,,,,,,,,,,,,,,,,,,,,,,,,,,,,,,,,,,,,,,,,,,,833
0.5188104510307312,0.5251947641372681,0.5224893093109131,0.5172502994537354,0.510690450668335,0.5012996792793274,0.497567743062973,0.49717485904693604,0.4970715343952179,0.49674686789512634,0.494072824716568,0.49451667070388794,0.49507829546928406,0.4953712522983551,0.49198126792907715,0.49177849292755127,0.49210411310195923,0.49512213468551636,0.49153760075569153,0.49038180708885193,0.4904452860355377,0.726055383682251,0.701632022857666,0.6802496314048767,0.6636766791343689,0.6504231095314026,0.6810293197631836,0.651934802532196,0.6314495205879211,0.6158111691474915,0.6833004951477051,0.6527827978134155,0.6310312747955322,0.6130166053771973,0.6829831600189209,0.6539524793624878,0.6333010792732239,0.6170588135719299,0.681097149848938,0.658340334892273,0.6411561369895935,0.6276702880859375,mukul,right,,,,,,,,,,,,,,,,,,,,,,,,,,,,,,,,,,,,,,,,,,,834
0.320203572511673,0.3392719626426697,0.34473130106925964,0.33869469165802,0.32753095030784607,0.3327813446521759,0.3273300230503082,0.32699060440063477,0.3270242512226105,0.3219641149044037,0.3192821145057678,0.3263123631477356,0.3311586081981659,0.3118230700492859,0.3115615248680115,0.31877732276916504,0.3223153352737427,0.30227580666542053,0.3043462336063385,0.3104172945022583,0.31319206953048706,0.2837715148925781,0.2515873908996582,0.21198968589305878,0.1829850822687149,0.1694432497024536,0.18978966772556305,0.1503702998161316,0.13008084893226624,0.11810339242219925,0.19838549196720123,0.17702805995941162,0.19572779536247253,0.21339063346385956,0.21112431585788727,0.19720973074436188,0.21740660071372986,0.23273663222789764,0.22661840915679932,0.21399396657943726,0.2287091314792633,0.2412523776292801,tamrachud,right,,,,,,,,,,,,,,,,,,,,,,,,,,,,,,,,,,,,,,,,,,,835
0.6157693862915039,0.6364941000938416,0.6601275205612183,0.6778780221939087,0.6836447715759277,0.6728823184967041,0.6952290534973145,0.706973135471344,0.7152460217475891,0.6678674221038818,0.6773088574409485,0.665409505367279,0.6564766764640808,0.6610257029533386,0.668286144733429,0.6567130088806152,0.6493180990219116,0.6516557335853577,0.6593726277351379,0.6527012586593628,0.6467124223709106,0.1723131537437439,0.21437691152095795,0.22737115621566772,0.21823520958423615,0.19529856741428375,0.2030722051858902,0.19093574583530426,0.19180651009082794,0.19290797412395477,0.18558213114738464,0.1787145733833313,0.18826548755168915,0.19463267922401428,0.1683715581893921,0.16349801421165466,0.17607739567756653,0.1835198849439621,0.15144102275371552,0.15067638456821442,0.16360929608345032,0.17058773338794708,tamrachud,right,,,,,,,,,,,,,,,,,,,,,,,,,,,,,,,,,,,,,,,,,,,836
0.3080959916114807,0.32034146785736084,0.3272671699523926,0.3180558383464813,0.3076196312904358,0.3290520906448364,0.3261699974536896,0.32314392924308777,0.31961485743522644,0.3163663148880005,0.31307709217071533,0.30934810638427734,0.30694299936294556,0.3043377697467804,0.299893856048584,0.2979316711425781,0.2972581088542938,0.2925197184085846,0.29471367597579956,0.29923081398010254,0.3037410378456116,0.5105728507041931,0.5037212371826172,0.48637038469314575,0.47105199098587036,0.4600156843662262,0.4185163080692291,0.37888404726982117,0.3533672094345093,0.33211833238601685,0.41576069593429565,0.36692169308662415,0.3383522629737854,0.3159615993499756,0.4250876307487488,0.38189810514450073,0.3539237976074219,0.33084675669670105,0.44261887669563293,0.42789095640182495,0.4339979588985443,0.4414142966270447,trishool,right,,,,,,,,,,,,,,,,,,,,,,,,,,,,,,,,,,,,,,,,,,,837
0.5020818114280701,0.5003775358200073,0.4920150637626648,0.483695924282074,0.4764564633369446,0.4545023441314697,0.43079039454460144,0.4161606729030609,0.4041784107685089,0.4523411989212036,0.42566633224487305,0.4100164473056793,0.3977852761745453,0.4563975930213928,0.43364351987838745,0.4177241027355194,0.40452927350997925,0.46501806378364563,0.45797884464263916,0.4628494083881378,0.4691378176212311,0.8440413475036621,0.8229706287384033,0.8129050135612488,0.8273939490318298,0.8431124687194824,0.8064403533935547,0.8106576800346375,0.8169885873794556,0.824288547039032,0.8282464146614075,0.8328370451927185,0.839005708694458,0.8421851396560669,0.849026620388031,0.8562013506889343,0.8598176836967468,0.8608231544494629,0.8693873882293701,0.8648988604545593,0.8568344116210938,0.8490284085273743,trishool,right,,,,,,,,,,,,,,,,,,,,,,,,,,,,,,,,,,,,,,,,,,,838
0.2928527891635895,0.3044709861278534,0.3073747754096985,0.29383349418640137,0.28096964955329895,0.3104715049266815,0.3098735511302948,0.3072078227996826,0.30503717064857483,0.2965872585773468,0.29631540179252625,0.29354149103164673,0.29279983043670654,0.2841559946537018,0.28150638937950134,0.27979129552841187,0.28049910068511963,0.2730330526828766,0.269930362701416,0.27116063237190247,0.2744719386100769,0.560731828212738,0.5550702810287476,0.5421475172042847,0.5423586368560791,0.5472949147224426,0.5011018514633179,0.4586036801338196,0.4349139630794525,0.41480767726898193,0.49756601452827454,0.4486934244632721,0.42408666014671326,0.40455251932144165,0.5051159858703613,0.4688602089881897,0.44484102725982666,0.4231199324131012,0.5200539231300354,0.5186683535575867,0.5330349206924438,0.5467621684074402,trishool,right,,,,,,,,,,,,,,,,,,,,,,,,,,,,,,,,,,,,,,,,,,,839
0.4580569565296173,0.4748882055282593,0.49008336663246155,0.4989338517189026,0.5032342076301575,0.5063366889953613,0.5124362707138062,0.5092316269874573,0.5047439932823181,0.5030884742736816,0.5078391432762146,0.503818929195404,0.49955686926841736,0.49751222133636475,0.5030600428581238,0.49954187870025635,0.4948307275772095,0.4910685122013092,0.4961513876914978,0.4937126040458679,0.4903735816478729,0.810293972492218,0.7818529605865479,0.757956862449646,0.7376434206962585,0.7201533317565918,0.7939720153808594,0.774950385093689,0.761123776435852,0.7522420287132263,0.8090702295303345,0.7833767533302307,0.7706943154335022,0.7650193572044373,0.8207107782363892,0.8039277195930481,0.7991565465927124,0.7976105809211731,0.8287932276725769,0.8225064873695374,0.8201925158500671,0.8195515275001526,mukul,right,,,,,,,,,,,,,,,,,,,,,,,,,,,,,,,,,,,,,,,,,,,840
0.4580569565296173,0.4748882055282593,0.49008336663246155,0.4989338517189026,0.5032342076301575,0.5063366889953613,0.5124362707138062,0.5092316269874573,0.5047439932823181,0.5030884742736816,0.5078391432762146,0.503818929195404,0.49955686926841736,0.49751222133636475,0.5030600428581238,0.49954187870025635,0.4948307275772095,0.4910685122013092,0.4961513876914978,0.4937126040458679,0.4903735816478729,0.810293972492218,0.7818529605865479,0.757956862449646,0.7376434206962585,0.7201533317565918,0.7939720153808594,0.774950385093689,0.761123776435852,0.7522420287132263,0.8090702295303345,0.7833767533302307,0.7706943154335022,0.7650193572044373,0.8207107782363892,0.8039277195930481,0.7991565465927124,0.7976105809211731,0.8287932276725769,0.8225064873695374,0.8201925158500671,0.8195515275001526,mukul,right,,,,,,,,,,,,,,,,,,,,,,,,,,,,,,,,,,,,,,,,,,,841
0.2928527891635895,0.3044709861278534,0.3073747754096985,0.29383349418640137,0.28096964955329895,0.3104715049266815,0.3098735511302948,0.3072078227996826,0.30503717064857483,0.2965872585773468,0.29631540179252625,0.29354149103164673,0.29279983043670654,0.2841559946537018,0.28150638937950134,0.27979129552841187,0.28049910068511963,0.2730330526828766,0.269930362701416,0.27116063237190247,0.2744719386100769,0.560731828212738,0.5550702810287476,0.5421475172042847,0.5423586368560791,0.5472949147224426,0.5011018514633179,0.4586036801338196,0.4349139630794525,0.41480767726898193,0.49756601452827454,0.4486934244632721,0.42408666014671326,0.40455251932144165,0.5051159858703613,0.4688602089881897,0.44484102725982666,0.4231199324131012,0.5200539231300354,0.5186683535575867,0.5330349206924438,0.5467621684074402,trishool,right,,,,,,,,,,,,,,,,,,,,,,,,,,,,,,,,,,,,,,,,,,,842
0.2656611204147339,0.2742467522621155,0.27739113569259644,0.2692277133464813,0.26048555970191956,0.2838907241821289,0.28529468178749084,0.2831660211086273,0.2803279161453247,0.27284422516822815,0.27315524220466614,0.271331250667572,0.2699624001979828,0.2617599368095398,0.26041194796562195,0.258928120136261,0.2582693099975586,0.25046855211257935,0.2474815845489502,0.24605099856853485,0.24695228040218353,0.5849828720092773,0.5911602973937988,0.5893666744232178,0.5915378928184509,0.5911729335784912,0.5380651950836182,0.5043531060218811,0.4828844368457794,0.4635554254055023,0.5252200365066528,0.48343998193740845,0.4573547840118408,0.43476927280426025,0.5256096720695496,0.48852089047431946,0.4664904773235321,0.4462934732437134,0.5356910824775696,0.5282149314880371,0.5368812084197998,0.5460728406906128,trishool,right,,,,,,,,,,,,,,,,,,,,,,,,,,,,,,,,,,,,,,,,,,,843
0.555395781993866,0.5580765008926392,0.5533764958381653,0.5508893728256226,0.5464003682136536,0.5234992504119873,0.5006946921348572,0.48631125688552856,0.47355762124061584,0.5173416137695312,0.492011159658432,0.47645190358161926,0.46342629194259644,0.5181979537010193,0.49735891819000244,0.4836746156215668,0.47100502252578735,0.5246126651763916,0.5255012512207031,0.5357574224472046,0.5440436005592346,0.9173996448516846,0.8962730765342712,0.8878802061080933,0.908523678779602,0.9320999979972839,0.8821716904640198,0.8811610341072083,0.8858441710472107,0.8902124166488647,0.9034615159034729,0.9034597277641296,0.9074017405509949,0.9091970920562744,0.9234441518783569,0.9254242181777954,0.9305689930915833,0.932876467704773,0.9418824911117554,0.9450169205665588,0.9454877972602844,0.9413619637489319,trishool,right,,,,,,,,,,,,,,,,,,,,,,,,,,,,,,,,,,,,,,,,,,,844
0.2674921751022339,0.2769978642463684,0.28174862265586853,0.27229222655296326,0.2630779445171356,0.28908029198646545,0.28988829255104065,0.28894129395484924,0.2874568700790405,0.27695006132125854,0.27729564905166626,0.2761376202106476,0.27591776847839355,0.26577579975128174,0.2647680640220642,0.2630588114261627,0.26294490694999695,0.25591036677360535,0.2542884945869446,0.25329482555389404,0.25485771894454956,0.5926861763000488,0.5974034667015076,0.5901858806610107,0.5856108069419861,0.5753680467605591,0.5374463200569153,0.49473336338996887,0.46972790360450745,0.4473450779914856,0.5277566909790039,0.4798146188259125,0.4517001509666443,0.42756834626197815,0.5284998416900635,0.491542786359787,0.4666861891746521,0.44373831152915955,0.5370182394981384,0.5350199937820435,0.5524157881736755,0.568243682384491,trishool,right,,,,,,,,,,,,,,,,,,,,,,,,,,,,,,,,,,,,,,,,,,,845
0.45081520080566406,0.4482311010360718,0.4507121443748474,0.45049843192100525,0.45169007778167725,0.48115989565849304,0.5033596158027649,0.5178276896476746,0.5301108360290527,0.48661306500434875,0.5125418901443481,0.527824342250824,0.5402390360832214,0.48459774255752563,0.5053468346595764,0.5181822776794434,0.5303936004638672,0.4770563542842865,0.4782177209854126,0.47117310762405396,0.46515917778015137,0.08517126739025116,0.10204195976257324,0.11118839681148529,0.09962397068738937,0.082215815782547,0.12248364835977554,0.12815681099891663,0.12714305520057678,0.12422333657741547,0.10220450162887573,0.10431898385286331,0.1032373383641243,0.10304337739944458,0.08325693756341934,0.07982230186462402,0.07813909649848938,0.07901635766029358,0.06439253687858582,0.05981499329209328,0.06013479083776474,0.06640847772359848,trishool,right,,,,,,,,,,,,,,,,,,,,,,,,,,,,,,,,,,,,,,,,,,,846
0.4214787185192108,0.4333486557006836,0.44907668232917786,0.4627408981323242,0.47183364629745483,0.4401400089263916,0.4639354348182678,0.47173482179641724,0.4732823371887207,0.43644410371780396,0.46158450841903687,0.46915146708488464,0.47167491912841797,0.435450941324234,0.4578232169151306,0.46542254090309143,0.46872445940971375,0.43657755851745605,0.4540650248527527,0.4607991576194763,0.4642787277698517,0.34710395336151123,0.33883270621299744,0.34536606073379517,0.3566887080669403,0.36636850237846375,0.379606693983078,0.38864508271217346,0.3818701207637787,0.3759193420410156,0.38961488008499146,0.39546284079551697,0.3878646790981293,0.3815479576587677,0.39405325055122375,0.3966531455516815,0.3916458487510681,0.387690931558609,0.3937148153781891,0.3970179259777069,0.39390233159065247,0.39109694957733154,mukul,right,,,,,,,,,,,,,,,,,,,,,,,,,,,,,,,,,,,,,,,,,,,847
,,,,,,,,,,,,,,,,,,,,,,,,,,,,,,,,,,,,,,,,,,mukul,left,0.41098552942276,0.4139646291732788,0.4206182658672333,0.42510294914245605,0.42776790261268616,0.43769708275794983,0.4425169825553894,0.4383842945098877,0.43493589758872986,0.43676474690437317,0.44091689586639404,0.43642836809158325,0.4331362843513489,0.4334143102169037,0.43334028124809265,0.4288886487483978,0.42669010162353516,0.4281346797943115,0.42850515246391296,0.42486852407455444,0.422532320022583,0.6479555368423462,0.628422200679779,0.5986071825027466,0.5706868767738342,0.5520522594451904,0.611483633518219,0.5659850239753723,0.5501272678375244,0.5451635122299194,0.6147840023040771,0.5665359497070312,0.554034948348999,0.5504326224327087,0.6133424639701843,0.5694981217384338,0.5639657378196716,0.5661174058914185,0.6086387038230896,0.5740230083465576,0.5702664256095886,0.5720927119255066,848
0.2539224326610565,0.2635360062122345,0.2642437219619751,0.24984243512153625,0.23527806997299194,0.2467338889837265,0.2333824187517166,0.22343599796295166,0.2143886685371399,0.234122633934021,0.21681225299835205,0.20417346060276031,0.1942916214466095,0.22641697525978088,0.2097911536693573,0.19834469258785248,0.18996819853782654,0.2224423587322235,0.21838611364364624,0.22341875731945038,0.22958780825138092,0.449719101190567,0.44271788001060486,0.43531081080436707,0.4427083134651184,0.4476972818374634,0.37476781010627747,0.3430249094963074,0.3224102258682251,0.3046902120113373,0.38107240200042725,0.3451770544052124,0.3248572051525116,0.3077806234359741,0.39800652861595154,0.3762661814689636,0.3616667687892914,0.3467938303947449,0.4211556613445282,0.4222699999809265,0.43326535820961,0.4433979392051697,trishool,right,,,,,,,,,,,,,,,,,,,,,,,,,,,,,,,,,,,,,,,,,,,849
0.2539224326610565,0.2635360062122345,0.2642437219619751,0.24984243512153625,0.23527806997299194,0.2467338889837265,0.2333824187517166,0.22343599796295166,0.2143886685371399,0.234122633934021,0.21681225299835205,0.20417346060276031,0.1942916214466095,0.22641697525978088,0.2097911536693573,0.19834469258785248,0.18996819853782654,0.2224423587322235,0.21838611364364624,0.22341875731945038,0.22958780825138092,0.449719101190567,0.44271788001060486,0.43531081080436707,0.4427083134651184,0.4476972818374634,0.37476781010627747,0.3430249094963074,0.3224102258682251,0.3046902120113373,0.38107240200042725,0.3451770544052124,0.3248572051525116,0.3077806234359741,0.39800652861595154,0.3762661814689636,0.3616667687892914,0.3467938303947449,0.4211556613445282,0.4222699999809265,0.43326535820961,0.4433979392051697,trishool,right,,,,,,,,,,,,,,,,,,,,,,,,,,,,,,,,,,,,,,,,,,,850
0.2441851794719696,0.2423265129327774,0.23091904819011688,0.21630863845348358,0.20304609835147858,0.23210790753364563,0.22416488826274872,0.21977731585502625,0.21561944484710693,0.2246188223361969,0.21638478338718414,0.20962126553058624,0.20467644929885864,0.2191171795129776,0.20811906456947327,0.20077571272850037,0.19538870453834534,0.21564343571662903,0.20900243520736694,0.2053324431180954,0.2030494660139084,0.533004879951477,0.5467294454574585,0.5466902852058411,0.5386766195297241,0.531062662601471,0.483723908662796,0.4598902761936188,0.44912877678871155,0.43695777654647827,0.4716698229312897,0.43100735545158386,0.40428417921066284,0.377219021320343,0.4707825481891632,0.437785804271698,0.4174078702926636,0.3957369923591614,0.47726115584373474,0.45237502455711365,0.43925049901008606,0.4261806607246399,trishool,right,,,,,,,,,,,,,,,,,,,,,,,,,,,,,,,,,,,,,,,,,,,851
0.23633746802806854,0.23518727719783783,0.22662681341171265,0.21217575669288635,0.19843554496765137,0.22808930277824402,0.2217690348625183,0.21771496534347534,0.21394868195056915,0.21923063695430756,0.2116323858499527,0.20508214831352234,0.20029790699481964,0.21174725890159607,0.20012167096138,0.19013261795043945,0.18366649746894836,0.2063993662595749,0.19771958887577057,0.19774585962295532,0.20154240727424622,0.5463202595710754,0.5555433034896851,0.5494499802589417,0.5421426892280579,0.5354766249656677,0.48397600650787354,0.44368812441825867,0.4197848439216614,0.399184912443161,0.47880786657333374,0.43382835388183594,0.40802329778671265,0.38444051146507263,0.4840872585773468,0.45097801089286804,0.43474137783050537,0.41752198338508606,0.49764224886894226,0.4904031753540039,0.5080206990242004,0.5222946405410767,trishool,right,,,,,,,,,,,,,,,,,,,,,,,,,,,,,,,,,,,,,,,,,,,852
0.23633746802806854,0.23518727719783783,0.22662681341171265,0.21217575669288635,0.19843554496765137,0.22808930277824402,0.2217690348625183,0.21771496534347534,0.21394868195056915,0.21923063695430756,0.2116323858499527,0.20508214831352234,0.20029790699481964,0.21174725890159607,0.20012167096138,0.19013261795043945,0.18366649746894836,0.2063993662595749,0.19771958887577057,0.19774585962295532,0.20154240727424622,0.5463202595710754,0.5555433034896851,0.5494499802589417,0.5421426892280579,0.5354766249656677,0.48397600650787354,0.44368812441825867,0.4197848439216614,0.399184912443161,0.47880786657333374,0.43382835388183594,0.40802329778671265,0.38444051146507263,0.4840872585773468,0.45097801089286804,0.43474137783050537,0.41752198338508606,0.49764224886894226,0.4904031753540039,0.5080206990242004,0.5222946405410767,trishool,right,,,,,,,,,,,,,,,,,,,,,,,,,,,,,,,,,,,,,,,,,,,853
0.3382958173751831,0.32633259892463684,0.31480327248573303,0.30853208899497986,0.304501473903656,0.295632541179657,0.2910432815551758,0.292751669883728,0.2953284978866577,0.2994771897792816,0.29928579926490784,0.30745309591293335,0.31441932916641235,0.3064495623111725,0.3109757900238037,0.3204839527606964,0.32678213715553284,0.3149804472923279,0.3185429871082306,0.3248269557952881,0.3292088508605957,0.6140666604042053,0.5935105085372925,0.5778713226318359,0.5662908554077148,0.5580313205718994,0.5998910069465637,0.5737031698226929,0.556610643863678,0.5460680723190308,0.6070600748062134,0.576066255569458,0.5666831135749817,0.5663538575172424,0.61091548204422,0.579647421836853,0.5772374868392944,0.5820844769477844,0.6121562719345093,0.5873363614082336,0.5853714346885681,0.5896193981170654,katakamukh_1,right,,,,,,,,,,,,,,,,,,,,,,,,,,,,,,,,,,,,,,,,,,,854
0.4425373673439026,0.4446730315685272,0.45414814352989197,0.465215265750885,0.4732418358325958,0.44817420840263367,0.45495936274528503,0.4605948030948639,0.46479958295822144,0.44921448826789856,0.45585939288139343,0.45836538076400757,0.4588492512702942,0.45145270228385925,0.457870751619339,0.4557301104068756,0.45253491401672363,0.45328518748283386,0.46008560061454773,0.458118200302124,0.45528846979141235,0.17986485362052917,0.16138747334480286,0.14627745747566223,0.13708165287971497,0.13260118663311005,0.15751349925994873,0.1585928052663803,0.16060897707939148,0.16256722807884216,0.17403073608875275,0.1746220886707306,0.17969582974910736,0.18624438345432281,0.1885610967874527,0.20111720263957977,0.2118590921163559,0.22020529210567474,0.20191548764705658,0.21442654728889465,0.22294747829437256,0.23068852722644806,katakamukh_1,right,,,,,,,,,,,,,,,,,,,,,,,,,,,,,,,,,,,,,,,,,,,855
,,,,,,,,,,,,,,,,,,,,,,,,,,,,,,,,,,,,,,,,,,katakamukh_1,left,0.6366247534751892,0.6391844153404236,0.6484439373016357,0.6591553688049316,0.6702483296394348,0.6769258379936218,0.6881064176559448,0.6841180324554443,0.6802952885627747,0.6827273964881897,0.7009044885635376,0.7097651958465576,0.7177309393882751,0.6839532852172852,0.6996874213218689,0.7070079445838928,0.713715136051178,0.682218611240387,0.6979213356971741,0.7080423831939697,0.718511700630188,0.829161524772644,0.8139994144439697,0.8042604923248291,0.7989453077316284,0.790895402431488,0.8103349804878235,0.7974408268928528,0.7938868403434753,0.7910165190696716,0.8237813115119934,0.8153456449508667,0.8153769373893738,0.8133446574211121,0.8381226062774658,0.8330403566360474,0.829449474811554,0.8243612051010132,0.8541369438171387,0.8654897809028625,0.8709586262702942,0.8734874129295349,856
0.33298975229263306,0.3486849367618561,0.3554080128669739,0.3552201986312866,0.3535820245742798,0.3483228087425232,0.35095933079719543,0.35434672236442566,0.3576123118400574,0.3385773301124573,0.3401855230331421,0.34517061710357666,0.3504633605480194,0.32761794328689575,0.3218798041343689,0.3184050917625427,0.31697726249694824,0.3162747919559479,0.30836859345436096,0.30225250124931335,0.29832616448402405,0.3527102470397949,0.32409945130348206,0.28754791617393494,0.26073676347732544,0.2431599646806717,0.26586928963661194,0.24094851315021515,0.23338404297828674,0.2272280901670456,0.2624722421169281,0.2450217753648758,0.24104762077331543,0.23656781017780304,0.2650853991508484,0.2341882437467575,0.21224342286586761,0.19247400760650635,0.27506962418556213,0.24834008514881134,0.23202762007713318,0.2163645625114441,katakamukh_1,right,,,,,,,,,,,,,,,,,,,,,,,,,,,,,,,,,,,,,,,,,,,857
0.41639775037765503,0.39983832836151123,0.3777458071708679,0.36128970980644226,0.34964853525161743,0.36867207288742065,0.3548496961593628,0.3497329354286194,0.34460222721099854,0.36656197905540466,0.3564858138561249,0.35287708044052124,0.34833118319511414,0.3672935962677002,0.3492068648338318,0.33706092834472656,0.3257065415382385,0.3719977140426636,0.3575710952281952,0.3486580550670624,0.3399651348590851,0.7984610199928284,0.7683835625648499,0.756104052066803,0.7564157843589783,0.7577926516532898,0.772685706615448,0.7685211896896362,0.762965202331543,0.7570200562477112,0.7903989553451538,0.7890685200691223,0.7828327417373657,0.7754112482070923,0.8095961809158325,0.8178245425224304,0.823593020439148,0.82586669921875,0.8279144167900085,0.840944230556488,0.8507407903671265,0.8574339747428894,katakamukh_1,right,,,,,,,,,,,,,,,,,,,,,,,,,,,,,,,,,,,,,,,,,,,858
,,,,,,,,,,,,,,,,,,,,,,,,,,,,,,,,,,,,,,,,,,katakamukh_1,left,0.5711930990219116,0.5523432493209839,0.5349677205085754,0.5210003852844238,0.5099341869354248,0.5340790152549744,0.5201975107192993,0.5106070041656494,0.502998411655426,0.5364930629730225,0.5210866332054138,0.5132651329040527,0.5077757835388184,0.5424376726150513,0.5300273299217224,0.519731879234314,0.5113383531570435,0.5489643216133118,0.5506342053413391,0.551828920841217,0.5517184734344482,0.7023817300796509,0.7014830708503723,0.6903706192970276,0.6845129728317261,0.6849961876869202,0.6565196514129639,0.6537954807281494,0.6640376448631287,0.6732161045074463,0.6460732221603394,0.6466726064682007,0.657474160194397,0.6665045022964478,0.6396567225456238,0.6230959892272949,0.6164132952690125,0.6108438968658447,0.6378470659255981,0.6157073378562927,0.6006085276603699,0.5866206288337708,859
,,,,,,,,,,,,,,,,,,,,,,,,,,,,,,,,,,,,,,,,,,katakamukh_1,left,0.5711930990219116,0.5523432493209839,0.5349677205085754,0.5210003852844238,0.5099341869354248,0.5340790152549744,0.5201975107192993,0.5106070041656494,0.502998411655426,0.5364930629730225,0.5210866332054138,0.5132651329040527,0.5077757835388184,0.5424376726150513,0.5300273299217224,0.519731879234314,0.5113383531570435,0.5489643216133118,0.5506342053413391,0.551828920841217,0.5517184734344482,0.7023817300796509,0.7014830708503723,0.6903706192970276,0.6845129728317261,0.6849961876869202,0.6565196514129639,0.6537954807281494,0.6640376448631287,0.6732161045074463,0.6460732221603394,0.6466726064682007,0.657474160194397,0.6665045022964478,0.6396567225456238,0.6230959892272949,0.6164132952690125,0.6108438968658447,0.6378470659255981,0.6157073378562927,0.6006085276603699,0.5866206288337708,860
,,,,,,,,,,,,,,,,,,,,,,,,,,,,,,,,,,,,,,,,,,mushti,left,0.3631450831890106,0.3754655420780182,0.3896605968475342,0.3970719873905182,0.395859956741333,0.3985971212387085,0.4114997088909149,0.4103734493255615,0.40507829189300537,0.4013577401638031,0.4173046946525574,0.4147738218307495,0.40830621123313904,0.4016142189502716,0.4138129651546478,0.4099694490432739,0.404556006193161,0.39913201332092285,0.4052017331123352,0.4006900191307068,0.395297646522522,0.6504485607147217,0.6778460741043091,0.6828802227973938,0.6682838797569275,0.6437632441520691,0.6857129335403442,0.6691628694534302,0.6544718742370605,0.6471125483512878,0.6686589121818542,0.6496114134788513,0.6413213014602661,0.6394703388214111,0.6524757742881775,0.6354178786277771,0.6302423477172852,0.628524661064148,0.6407212615013123,0.6302381157875061,0.6271297335624695,0.6256332993507385,861
0.38587504625320435,0.4017885625362396,0.41744333505630493,0.4286278486251831,0.43512505292892456,0.4216395616531372,0.4442410469055176,0.4537273645401001,0.46080565452575684,0.4211762845516205,0.4465655982494354,0.45863038301467896,0.4678996503353119,0.420080304145813,0.4410524070262909,0.4500086307525635,0.45653486251831055,0.4185681641101837,0.432781457901001,0.4375736117362976,0.44000959396362305,0.6729563474655151,0.6581606864929199,0.6558285355567932,0.6645529866218567,0.6710569858551025,0.6620655655860901,0.6607043743133545,0.6635832190513611,0.6675018668174744,0.6834198832511902,0.6832135319709778,0.683020293712616,0.6830137372016907,0.7010136246681213,0.7036264538764954,0.7019481062889099,0.7006268501281738,0.7143747806549072,0.716335117816925,0.7131404280662537,0.7104631662368774,mushti,right,,,,,,,,,,,,,,,,,,,,,,,,,,,,,,,,,,,,,,,,,,,862
0.5060403347015381,0.49187925457954407,0.48424091935157776,0.48391470313072205,0.4866124093532562,0.4754626750946045,0.4769538342952728,0.482115238904953,0.48536714911460876,0.4859192669391632,0.4866139888763428,0.4908072352409363,0.4937119781970978,0.49850159883499146,0.49904191493988037,0.502519965171814,0.5044554471969604,0.5121839642524719,0.5122691988945007,0.5130959749221802,0.5135493874549866,0.6463691592216492,0.6231778264045715,0.5926356315612793,0.5651504397392273,0.5464297533035278,0.5892351865768433,0.550103485584259,0.53431636095047,0.5277812480926514,0.5887836813926697,0.5499250888824463,0.5343932509422302,0.5267356038093567,0.5904539823532104,0.5568404793739319,0.5479574799537659,0.5455136299133301,0.5932824611663818,0.5751505494117737,0.5713303685188293,0.5711003541946411,katakamukh_1,right,,,,,,,,,,,,,,,,,,,,,,,,,,,,,,,,,,,,,,,,,,,863
0.4156705141067505,0.42996397614479065,0.4489266872406006,0.4656550884246826,0.476737916469574,0.45223090052604675,0.47715625166893005,0.4832645654678345,0.48178157210350037,0.45162224769592285,0.4769342541694641,0.4800787568092346,0.4765048027038574,0.45049017667770386,0.47332850098609924,0.47252902388572693,0.4664379954338074,0.4488585889339447,0.4634215533733368,0.462674617767334,0.4575433135032654,0.5132870078086853,0.48455750942230225,0.4690411388874054,0.4674779176712036,0.47248026728630066,0.4571302831172943,0.45852985978126526,0.4667661786079407,0.4715672731399536,0.47460630536079407,0.47571733593940735,0.48385801911354065,0.4881541132926941,0.4965539872646332,0.49917352199554443,0.5057277083396912,0.5079807639122009,0.5202741026878357,0.521391749382019,0.5245565176010132,0.5258646607398987,katakamukh_1,right,,,,,,,,,,,,,,,,,,,,,,,,,,,,,,,,,,,,,,,,,,,864
0.45678701996803284,0.4730759263038635,0.48893892765045166,0.4990958571434021,0.5083174109458923,0.4812503159046173,0.49161648750305176,0.4988057613372803,0.5045120716094971,0.4763545095920563,0.4872533977031708,0.4941607713699341,0.5000681281089783,0.47092825174331665,0.4808717966079712,0.4869735538959503,0.49231457710266113,0.46508410573005676,0.47085896134376526,0.47380056977272034,0.47636833786964417,0.15146300196647644,0.14445695281028748,0.13374961912631989,0.1263781189918518,0.12137290835380554,0.11076430976390839,0.12430357187986374,0.12891654670238495,0.13246160745620728,0.11552716791629791,0.13217274844646454,0.13808508217334747,0.14045289158821106,0.12438298761844635,0.13854637742042542,0.1447032243013382,0.14707468450069427,0.13549871742725372,0.1435939073562622,0.14830033481121063,0.15114426612854004,katakamukh_1,right,,,,,,,,,,,,,,,,,,,,,,,,,,,,,,,,,,,,,,,,,,,865
0.30791109800338745,0.3046131134033203,0.2985582947731018,0.2936097979545593,0.2887137234210968,0.2736150622367859,0.28652316331863403,0.2948130667209625,0.2983567416667938,0.275081068277359,0.2895181477069855,0.29765599966049194,0.2998531758785248,0.2797727584838867,0.2917701005935669,0.2996329963207245,0.30251267552375793,0.2865520417690277,0.2938830256462097,0.3002890944480896,0.3035306930541992,0.5736101865768433,0.5458636283874512,0.5210539698600769,0.5037879943847656,0.48632457852363586,0.5398584008216858,0.5196632742881775,0.5116127729415894,0.5085674524307251,0.5541037321090698,0.5280820727348328,0.5227067470550537,0.5232880711555481,0.5675625801086426,0.541693389415741,0.5369251370429993,0.5386958122253418,0.5803659558296204,0.5580576062202454,0.5508346557617188,0.5499762892723083,katakamukh_1,right,,,,,,,,,,,,,,,,,,,,,,,,,,,,,,,,,,,,,,,,,,,866
0.3079589009284973,0.30187392234802246,0.29604753851890564,0.2915279269218445,0.28763547539711,0.27818426489830017,0.28588441014289856,0.2917565107345581,0.2955361306667328,0.28041133284568787,0.28963226079940796,0.29634523391723633,0.29978233575820923,0.2849970757961273,0.2927881181240082,0.29960691928863525,0.3038647174835205,0.2908918857574463,0.2950858473777771,0.3003813326358795,0.3044787049293518,0.5808981657028198,0.5563744902610779,0.5364100933074951,0.5219867825508118,0.5073347687721252,0.5563002824783325,0.5376276969909668,0.5270320177078247,0.5206829309463501,0.5708698034286499,0.5456509590148926,0.5358781814575195,0.5317187905311584,0.5832523703575134,0.5573421716690063,0.5489166975021362,0.5463464260101318,0.5936172604560852,0.5736656188964844,0.563531756401062,0.5586873888969421,katakamukh_1,right,,,,,,,,,,,,,,,,,,,,,,,,,,,,,,,,,,,,,,,,,,,867
0.5516771078109741,0.5366212129592896,0.5209670662879944,0.5105539560317993,0.5001845955848694,0.5328161120414734,0.522407591342926,0.5141934156417847,0.5072594881057739,0.5409231185913086,0.5270373821258545,0.518923282623291,0.51250159740448,0.5476968288421631,0.5337913036346436,0.526866614818573,0.5218061804771423,0.5533208847045898,0.5429303646087646,0.5373671650886536,0.5334293842315674,0.8460204601287842,0.8556540608406067,0.8686212301254272,0.8758681416511536,0.8796074390411377,0.8889238834381104,0.874769389629364,0.8694920539855957,0.8667826652526855,0.8833768963813782,0.8673879504203796,0.8612949848175049,0.8592823147773743,0.873877227306366,0.8604328632354736,0.8541867136955261,0.852119505405426,0.8622680306434631,0.8572080135345459,0.8524379730224609,0.8488684892654419,katakamukh_1,right,,,,,,,,,,,,,,,,,,,,,,,,,,,,,,,,,,,,,,,,,,,868
0.2977345585823059,0.29547977447509766,0.2941451370716095,0.2932017743587494,0.2921924889087677,0.2818392813205719,0.2892991006374359,0.29501059651374817,0.29833367466926575,0.2842825949192047,0.2922948896884918,0.2982625663280487,0.30071181058883667,0.28782689571380615,0.29458674788475037,0.3001936376094818,0.3029906153678894,0.29206523299217224,0.2965281903743744,0.30066370964050293,0.3034226894378662,0.5867785811424255,0.5644626021385193,0.5434034466743469,0.5291395783424377,0.5157009959220886,0.563970685005188,0.5449517965316772,0.5368564128875732,0.5323917865753174,0.5823388695716858,0.5574941039085388,0.5486224293708801,0.5449802875518799,0.5980308651924133,0.5748758316040039,0.5657509565353394,0.5620157718658447,0.6109432578086853,0.5941935777664185,0.5842633247375488,0.5788993835449219,katakamukh_1,right,,,,,,,,,,,,,,,,,,,,,,,,,,,,,,,,,,,,,,,,,,,869
0.2925221920013428,0.29094862937927246,0.29261744022369385,0.2947787344455719,0.2964891791343689,0.28758203983306885,0.2913929224014282,0.2948947250843048,0.2972886562347412,0.2898038923740387,0.2929804027080536,0.2968907356262207,0.2996251583099365,0.29185545444488525,0.2946005165576935,0.29836946725845337,0.30163368582725525,0.2941998839378357,0.2973455786705017,0.3008776307106018,0.304411381483078,0.5876016616821289,0.56780606508255,0.5483301877975464,0.5347257852554321,0.5240852236747742,0.5711972713470459,0.5582842230796814,0.546416699886322,0.5355067849159241,0.5877450108528137,0.5682386755943298,0.5533657073974609,0.5415358543395996,0.6015695333480835,0.581609845161438,0.5657395124435425,0.5533380508422852,0.613034188747406,0.5986312627792358,0.5859476327896118,0.5761510133743286,katakamukh_1,right,,,,,,,,,,,,,,,,,,,,,,,,,,,,,,,,,,,,,,,,,,,870
0.551518976688385,0.5381766557693481,0.5268739461898804,0.5197889804840088,0.5131701231002808,0.5385026335716248,0.5289443135261536,0.5225645303726196,0.5170980095863342,0.5475306510925293,0.5356466770172119,0.5298658609390259,0.5256863832473755,0.5558273792266846,0.5439417362213135,0.5379788279533386,0.5341701507568359,0.5633509159088135,0.5546687841415405,0.5494909882545471,0.5465192794799805,0.8596333265304565,0.8666475415229797,0.8677799105644226,0.869221031665802,0.8703532218933105,0.8796582221984863,0.8711076974868774,0.8662155866622925,0.8628433346748352,0.8758838772773743,0.8664335608482361,0.8595750331878662,0.8559660911560059,0.8723005652427673,0.8636927604675293,0.8569076061248779,0.8527021408081055,0.8681429624557495,0.8609930872917175,0.8539760708808899,0.8489112257957458,katakamukh_1,right,,,,,,,,,,,,,,,,,,,,,,,,,,,,,,,,,,,,,,,,,,,871
0.45880556106567383,0.4751046895980835,0.49096420407295227,0.5034341216087341,0.5126364231109619,0.4859806299209595,0.5038103461265564,0.5130066275596619,0.5191287398338318,0.4831972122192383,0.5022361278533936,0.5133570432662964,0.5209984183311462,0.48139190673828125,0.49831652641296387,0.5083645582199097,0.5154577493667603,0.4806845486164093,0.4942461848258972,0.5029179453849792,0.5096267461776733,0.46392691135406494,0.4560476541519165,0.4636879861354828,0.476022869348526,0.48184844851493835,0.4926929175853729,0.5046318173408508,0.5077716112136841,0.5104725360870361,0.5067954063415527,0.5206196904182434,0.5232617855072021,0.5243676900863647,0.5143589973449707,0.5267091989517212,0.5279145836830139,0.5273243188858032,0.516720175743103,0.5274839997291565,0.5294837951660156,0.5293871760368347,padmakosh,right,,,,,,,,,,,,,,,,,,,,,,,,,,,,,,,,,,,,,,,,,,,872
0.47808536887168884,0.4759030044078827,0.4805459678173065,0.4871473014354706,0.4912068545818329,0.4960058033466339,0.503089964389801,0.5062989592552185,0.5092207193374634,0.5036066770553589,0.5110524892807007,0.5137414336204529,0.5154079794883728,0.5076910853385925,0.5148155689239502,0.516984760761261,0.5176032185554504,0.5088796615600586,0.5154595375061035,0.5176950097084045,0.5182517170906067,0.5739625096321106,0.5435725450515747,0.5172607898712158,0.4959229826927185,0.479947566986084,0.5258881449699402,0.49458131194114685,0.4768728017807007,0.46308350563049316,0.530685544013977,0.49689942598342896,0.4770728051662445,0.46218010783195496,0.5335180163383484,0.5024733543395996,0.4841688275337219,0.4704433083534241,0.5333642363548279,0.5089516043663025,0.4925287365913391,0.4792754650115967,padmakosh,right,,,,,,,,,,,,,,,,,,,,,,,,,,,,,,,,,,,,,,,,,,,873
0.5644804239273071,0.5527215600013733,0.5450983047485352,0.5449899435043335,0.5484309196472168,0.5494231581687927,0.5527969598770142,0.55312180519104,0.5530039072036743,0.5590594410896301,0.5647276043891907,0.5652945041656494,0.5647251605987549,0.5683681964874268,0.5721563696861267,0.5708535313606262,0.5690655708312988,0.5761047005653381,0.5780702829360962,0.5771834254264832,0.5758342742919922,0.8173877000808716,0.8028165698051453,0.7883868217468262,0.7751930356025696,0.7659270167350769,0.8161183595657349,0.8145040273666382,0.8101102709770203,0.8036310076713562,0.8246304988861084,0.8119703531265259,0.8015473484992981,0.792622447013855,0.8302993178367615,0.8204787373542786,0.8124836087226868,0.8057209253311157,0.8334323167800903,0.8273200392723083,0.8206378221511841,0.8145047426223755,kangul,right,,,,,,,,,,,,,,,,,,,,,,,,,,,,,,,,,,,,,,,,,,,874
,,,,,,,,,,,,,,,,,,,,,,,,,,,,,,,,,,,,,,,,,,kangul,left,0.33850616216659546,0.32909873127937317,0.3251698613166809,0.33427664637565613,0.3448506295681,0.3136381506919861,0.3131202757358551,0.31837624311447144,0.32553526759147644,0.3224579095840454,0.3304990231990814,0.33791860938072205,0.34533461928367615,0.33224719762802124,0.34299179911613464,0.34889012575149536,0.35328274965286255,0.34135857224464417,0.34905824065208435,0.3524523377418518,0.3550311326980591,0.642876148223877,0.6524760723114014,0.6502799391746521,0.6378721594810486,0.6258376836776733,0.6119547486305237,0.5981350541114807,0.5891190767288208,0.5796367526054382,0.5943614840507507,0.5832852721214294,0.5783195495605469,0.5764847993850708,0.5851511359214783,0.5833398103713989,0.5959956049919128,0.6089568734169006,0.5812238454818726,0.5774446129798889,0.5856522917747498,0.5952243804931641,875
,,,,,,,,,,,,,,,,,,,,,,,,,,,,,,,,,,,,,,,,,,kangul,left,0.33694973587989807,0.33459916710853577,0.33454999327659607,0.3413023352622986,0.34690961241722107,0.32206055521965027,0.32886186242103577,0.3371664583683014,0.3450428247451782,0.32153141498565674,0.32687950134277344,0.33508774638175964,0.3431181311607361,0.32288870215415955,0.33409255743026733,0.34087878465652466,0.3450838625431061,0.32548806071281433,0.336069256067276,0.34181439876556396,0.3457781970500946,0.640296220779419,0.6354902982711792,0.6245079040527344,0.6116085052490234,0.5993322730064392,0.601028561592102,0.59542316198349,0.5893436670303345,0.5816013216972351,0.5934574604034424,0.587926983833313,0.5873959064483643,0.5880854725837708,0.5908005833625793,0.5908889174461365,0.6069660782814026,0.621346116065979,0.5927201509475708,0.5942219495773315,0.6074432134628296,0.6183419823646545,876
,,,,,,,,,,,,,,,,,,,,,,,,,,,,,,,,,,,,,,,,,,kangul,left,0.33694973587989807,0.33459916710853577,0.33454999327659607,0.3413023352622986,0.34690961241722107,0.32206055521965027,0.32886186242103577,0.3371664583683014,0.3450428247451782,0.32153141498565674,0.32687950134277344,0.33508774638175964,0.3431181311607361,0.32288870215415955,0.33409255743026733,0.34087878465652466,0.3450838625431061,0.32548806071281433,0.336069256067276,0.34181439876556396,0.3457781970500946,0.640296220779419,0.6354902982711792,0.6245079040527344,0.6116085052490234,0.5993322730064392,0.601028561592102,0.59542316198349,0.5893436670303345,0.5816013216972351,0.5934574604034424,0.587926983833313,0.5873959064483643,0.5880854725837708,0.5908005833625793,0.5908889174461365,0.6069660782814026,0.621346116065979,0.5927201509475708,0.5942219495773315,0.6074432134628296,0.6183419823646545,877
,,,,,,,,,,,,,,,,,,,,,,,,,,,,,,,,,,,,,,,,,,kangul,left,0.3379538357257843,0.33760908246040344,0.3357875347137451,0.33878621459007263,0.3426191806793213,0.3207605183124542,0.315932035446167,0.3196636438369751,0.3253183364868164,0.3199666738510132,0.3258051574230194,0.3340643644332886,0.34161797165870667,0.32049381732940674,0.3298226594924927,0.33766618371009827,0.34315526485443115,0.3210873007774353,0.32785719633102417,0.33344006538391113,0.33817097544670105,0.6391781568527222,0.6271563172340393,0.6100868582725525,0.5960122346878052,0.5859541296958923,0.6017194986343384,0.5942890048027039,0.5877834558486938,0.5805568695068359,0.600483775138855,0.5901747345924377,0.5898693799972534,0.5921229124069214,0.6016925573348999,0.595116138458252,0.6068999171257019,0.6190351247787476,0.6061452031135559,0.5979629158973694,0.6037380695343018,0.6114438772201538,878
,,,,,,,,,,,,,,,,,,,,,,,,,,,,,,,,,,,,,,,,,,kangul,left,0.3379538357257843,0.33760908246040344,0.3357875347137451,0.33878621459007263,0.3426191806793213,0.3207605183124542,0.315932035446167,0.3196636438369751,0.3253183364868164,0.3199666738510132,0.3258051574230194,0.3340643644332886,0.34161797165870667,0.32049381732940674,0.3298226594924927,0.33766618371009827,0.34315526485443115,0.3210873007774353,0.32785719633102417,0.33344006538391113,0.33817097544670105,0.6391781568527222,0.6271563172340393,0.6100868582725525,0.5960122346878052,0.5859541296958923,0.6017194986343384,0.5942890048027039,0.5877834558486938,0.5805568695068359,0.600483775138855,0.5901747345924377,0.5898693799972534,0.5921229124069214,0.6016925573348999,0.595116138458252,0.6068999171257019,0.6190351247787476,0.6061452031135559,0.5979629158973694,0.6037380695343018,0.6114438772201538,879
0.6539146304130554,0.6649556159973145,0.6738528609275818,0.6722689270973206,0.6705045700073242,0.6777786612510681,0.6807379722595215,0.6814122796058655,0.6821991801261902,0.6688928604125977,0.6667553782463074,0.6635878682136536,0.663870096206665,0.6599242091178894,0.6570378541946411,0.6562038064002991,0.6577704548835754,0.6511523127555847,0.6494095921516418,0.6494666934013367,0.649982750415802,0.41667136549949646,0.40889203548431396,0.3893892765045166,0.3668100833892822,0.35215842723846436,0.3707042932510376,0.34272897243499756,0.32157325744628906,0.30473271012306213,0.3638838231563568,0.3407467007637024,0.3526557981967926,0.36510831117630005,0.36105597019195557,0.3447827994823456,0.3581465482711792,0.36890116333961487,0.36234092712402344,0.34849104285240173,0.3570857048034668,0.3656374514102936,kangul,right,,,,,,,,,,,,,,,,,,,,,,,,,,,,,,,,,,,,,,,,,,,880
0.6393176317214966,0.6531001329421997,0.6623852252960205,0.6671071648597717,0.6692830920219421,0.6498234272003174,0.6497477293014526,0.6519365310668945,0.6536238789558411,0.6427281498908997,0.6414415836334229,0.6455870270729065,0.6496517658233643,0.6370858550071716,0.6365593075752258,0.6445373296737671,0.651493489742279,0.6331979036331177,0.6347284317016602,0.6403285264968872,0.6450808644294739,0.7365859746932983,0.7169617414474487,0.691731870174408,0.6735754609107971,0.6601267457008362,0.6675357818603516,0.6412688493728638,0.6228521466255188,0.6105143427848816,0.6720007658004761,0.6406280398368835,0.6250360012054443,0.6166171431541443,0.6819908022880554,0.6560745239257812,0.6539655327796936,0.6586940884590149,0.6968609094619751,0.6789107322692871,0.6781423091888428,0.683367133140564,kangul,right,,,,,,,,,,,,,,,,,,,,,,,,,,,,,,,,,,,,,,,,,,,881
,,,,,,,,,,,,,,,,,,,,,,,,,,,,,,,,,,,,,,,,,,kangul,left,0.6835382580757141,0.667330801486969,0.655545175075531,0.6501630544662476,0.6511719822883606,0.6785002946853638,0.6552938222885132,0.6538913249969482,0.6579078435897827,0.6831563115119934,0.6585767865180969,0.6569995284080505,0.6613267064094543,0.6836133599281311,0.6614929437637329,0.6605977416038513,0.6645269989967346,0.6818058490753174,0.6647281646728516,0.6629706621170044,0.6654653549194336,0.3480696976184845,0.3494125008583069,0.36648184061050415,0.3877120912075043,0.40741103887557983,0.401416540145874,0.4236796200275421,0.41063055396080017,0.40216368436813354,0.4137386381626129,0.4377298653125763,0.4242766499519348,0.41544458270072937,0.4227433204650879,0.44137123227119446,0.42733827233314514,0.4182289242744446,0.4293396770954132,0.4422335922718048,0.4316624701023102,0.42405080795288086,882
,,,,,,,,,,,,,,,,,,,,,,,,,,,,,,,,,,,,,,,,,,kangul,left,0.5865868926048279,0.5824234485626221,0.5706671476364136,0.5576905012130737,0.5488347411155701,0.5560923218727112,0.5411415100097656,0.5463878512382507,0.5494997501373291,0.5497050285339355,0.533182680606842,0.5292344093322754,0.5254886150360107,0.5458163619041443,0.5333772301673889,0.5387826561927795,0.5432721972465515,0.5436432361602783,0.5349340438842773,0.539271354675293,0.5432332158088684,0.8278059363365173,0.7975343465805054,0.7743957042694092,0.7669442296028137,0.7741815447807312,0.8164159655570984,0.7744554281234741,0.7678089141845703,0.7715954780578613,0.8264681696891785,0.7849642038345337,0.7675474882125854,0.758956253528595,0.8299437165260315,0.7880150079727173,0.7828866839408875,0.7865828275680542,0.8272029757499695,0.7945994734764099,0.7890687584877014,0.7909044623374939,883
0.3422107994556427,0.35386934876441956,0.35787782073020935,0.3456066846847534,0.3331037759780884,0.35201922059059143,0.3452360928058624,0.3382960557937622,0.3341495096683502,0.33746838569641113,0.32646098732948303,0.32244035601615906,0.3219448924064636,0.3256821632385254,0.31580811738967896,0.31966644525527954,0.32610052824020386,0.31782466173171997,0.30824804306030273,0.3081311583518982,0.3119828701019287,0.42727112770080566,0.41719770431518555,0.41123202443122864,0.4175916612148285,0.4245580732822418,0.34927883744239807,0.34802472591400146,0.3576065003871918,0.36910608410835266,0.34865373373031616,0.35960936546325684,0.37430623173713684,0.38676944375038147,0.355764240026474,0.3762664794921875,0.3996524214744568,0.4154895544052124,0.36739930510520935,0.3743259608745575,0.38686633110046387,0.3953406810760498,kangul,right,,,,,,,,,,,,,,,,,,,,,,,,,,,,,,,,,,,,,,,,,,,884
0.543139636516571,0.5476776957511902,0.5498844981193542,0.5466348528862,0.5440354943275452,0.586669921875,0.5861552953720093,0.5810750126838684,0.5747827887535095,0.5872473120689392,0.5778365731239319,0.5684540271759033,0.5609807372093201,0.5831772685050964,0.5683250427246094,0.5534835457801819,0.5432906150817871,0.5766537189483643,0.5718873739242554,0.5641142725944519,0.5588334798812866,0.22021572291851044,0.2390371412038803,0.245785653591156,0.2263062447309494,0.20528684556484222,0.2366953343153,0.22291003167629242,0.21144859492778778,0.20518894493579865,0.21115973591804504,0.19221346080303192,0.18580415844917297,0.1855946183204651,0.18985721468925476,0.17500191926956177,0.1828206330537796,0.19417309761047363,0.17563018202781677,0.15993419289588928,0.15786369144916534,0.1619390845298767,kangul,right,,,,,,,,,,,,,,,,,,,,,,,,,,,,,,,,,,,,,,,,,,,885
0.2915802299976349,0.2849884331226349,0.28667891025543213,0.29835379123687744,0.30980485677719116,0.27384594082832336,0.28667014837265015,0.2916892468929291,0.2947486639022827,0.28409016132354736,0.2996600270271301,0.30264657735824585,0.30414727330207825,0.2949511408805847,0.3090684413909912,0.3107806146144867,0.3108481168746948,0.3045957088470459,0.3153676390647888,0.31609755754470825,0.3152819573879242,0.8250423073768616,0.797794759273529,0.7753018140792847,0.7568381428718567,0.749578058719635,0.8164613246917725,0.7923464775085449,0.7795934677124023,0.7704902291297913,0.8339875340461731,0.8082895874977112,0.7919966578483582,0.7793728113174438,0.8459441661834717,0.8214629888534546,0.8034356832504272,0.7902610898017883,0.8518490791320801,0.836709201335907,0.8252749443054199,0.8154854774475098,kangul,right,,,,,,,,,,,,,,,,,,,,,,,,,,,,,,,,,,,,,,,,,,,886
0.2915802299976349,0.2849884331226349,0.28667891025543213,0.29835379123687744,0.30980485677719116,0.27384594082832336,0.28667014837265015,0.2916892468929291,0.2947486639022827,0.28409016132354736,0.2996600270271301,0.30264657735824585,0.30414727330207825,0.2949511408805847,0.3090684413909912,0.3107806146144867,0.3108481168746948,0.3045957088470459,0.3153676390647888,0.31609755754470825,0.3152819573879242,0.8250423073768616,0.797794759273529,0.7753018140792847,0.7568381428718567,0.749578058719635,0.8164613246917725,0.7923464775085449,0.7795934677124023,0.7704902291297913,0.8339875340461731,0.8082895874977112,0.7919966578483582,0.7793728113174438,0.8459441661834717,0.8214629888534546,0.8034356832504272,0.7902610898017883,0.8518490791320801,0.836709201335907,0.8252749443054199,0.8154854774475098,kangul,right,,,,,,,,,,,,,,,,,,,,,,,,,,,,,,,,,,,,,,,,,,,887
,,,,,,,,,,,,,,,,,,,,,,,,,,,,,,,,,,,,,,,,,,kangul,left,0.4497845470905304,0.4388042688369751,0.4195352792739868,0.4037601053714752,0.3927921652793884,0.4198729395866394,0.4083084166049957,0.4017501771450043,0.3960990607738495,0.42232581973075867,0.41014713048934937,0.40250298380851746,0.39676734805107117,0.42563050985336304,0.41424456238746643,0.40624216198921204,0.4000088572502136,0.4295773506164551,0.4193338453769684,0.41217929124832153,0.4064267575740814,0.7952430248260498,0.8250789642333984,0.8442546129226685,0.858376681804657,0.8739030361175537,0.8146497011184692,0.8114467859268188,0.8095603585243225,0.8088528513908386,0.801738440990448,0.7991622686386108,0.799522340297699,0.8002460598945618,0.7924321889877319,0.7898662090301514,0.7911131381988525,0.7919244170188904,0.7866610288619995,0.784186601638794,0.783768355846405,0.7831982374191284,888
,,,,,,,,,,,,,,,,,,,,,,,,,,,,,,,,,,,,,,,,,,kangul,left,0.3538588285446167,0.3399672508239746,0.3258306682109833,0.31760773062705994,0.3113018870353699,0.3198273181915283,0.30749261379241943,0.30206969380378723,0.2978513538837433,0.3263155519962311,0.32092368602752686,0.3219901919364929,0.32374563813209534,0.3331122398376465,0.32881227135658264,0.3300342559814453,0.33173608779907227,0.33958059549331665,0.3366680443286896,0.3370582163333893,0.3377760648727417,0.4277825653553009,0.4031327962875366,0.3742767572402954,0.3466426134109497,0.32625025510787964,0.3764706552028656,0.34731024503707886,0.32717281579971313,0.31091737747192383,0.37271785736083984,0.34340232610702515,0.3274717926979065,0.3167616128921509,0.3711085915565491,0.34268292784690857,0.32800745964050293,0.3186860978603363,0.372049480676651,0.3481889069080353,0.3343534469604492,0.3257831037044525,889
0.39550817012786865,0.40394970774650574,0.40558922290802,0.3935694098472595,0.38150468468666077,0.38672488927841187,0.38169190287590027,0.3797616958618164,0.378967821598053,0.37530308961868286,0.3694092929363251,0.3701918125152588,0.37219780683517456,0.3667411208152771,0.36049652099609375,0.36458420753479004,0.3691212236881256,0.3615756630897522,0.35168707370758057,0.3468681573867798,0.34399616718292236,0.16623777151107788,0.14942336082458496,0.14172673225402832,0.14625059068202972,0.15509402751922607,0.08383834362030029,0.09011924266815186,0.10184678435325623,0.11119116842746735,0.09363118559122086,0.1059577465057373,0.11622273921966553,0.12458860874176025,0.10930576920509338,0.12210643291473389,0.13209430873394012,0.13810423016548157,0.12751279771327972,0.1272066980600357,0.12730124592781067,0.12336952239274979,kangul,right,,,,,,,,,,,,,,,,,,,,,,,,,,,,,,,,,,,,,,,,,,,890
0.6896473169326782,0.6971925497055054,0.7009440064430237,0.7003249526023865,0.6977909207344055,0.734869658946991,0.7279556393623352,0.7209349870681763,0.7168956398963928,0.7308757305145264,0.7201887369155884,0.7147426009178162,0.7109819650650024,0.7223230004310608,0.7132270932197571,0.7094680070877075,0.7072822451591492,0.7116546034812927,0.7083795666694641,0.706303060054779,0.7064611911773682,0.31109747290611267,0.3278484344482422,0.32994621992111206,0.3150177597999573,0.29520320892333984,0.3030783534049988,0.2897121012210846,0.2834725081920624,0.27988874912261963,0.28167206048965454,0.26586270332336426,0.2622049152851105,0.26112350821495056,0.2646135091781616,0.25028958916664124,0.25356143712997437,0.25781452655792236,0.25473055243492126,0.23796232044696808,0.232925146818161,0.23114845156669617,kangul,right,,,,,,,,,,,,,,,,,,,,,,,,,,,,,,,,,,,,,,,,,,,891
0.3226746916770935,0.3350450098514557,0.3452000319957733,0.3479209244251251,0.34403473138809204,0.3361934423446655,0.34258103370666504,0.3454253375530243,0.34666240215301514,0.3266414999961853,0.33288493752479553,0.335717111825943,0.3387506604194641,0.31748348474502563,0.3244324028491974,0.3273260295391083,0.32925739884376526,0.309243768453598,0.3116995692253113,0.3148249387741089,0.3183049261569977,0.6452294588088989,0.6414966583251953,0.6272805333137512,0.617901623249054,0.615297794342041,0.6004781723022461,0.5843146443367004,0.5759915113449097,0.5659613609313965,0.5998691916465759,0.5827001333236694,0.573224663734436,0.5637220740318298,0.6035424470901489,0.5946495532989502,0.6100229620933533,0.6218960285186768,0.608923077583313,0.5902718901634216,0.576064944267273,0.5630515813827515,kangul,right,,,,,,,,,,,,,,,,,,,,,,,,,,,,,,,,,,,,,,,,,,,892
,,,,,,,,,,,,,,,,,,,,,,,,,,,,,,,,,,,,,,,,,,kangul,left,0.42699164152145386,0.4315696358680725,0.43970048427581787,0.44909343123435974,0.45765823125839233,0.44063013792037964,0.4488503038883209,0.45419222116470337,0.46062594652175903,0.439810574054718,0.4454137980937958,0.44668328762054443,0.4491550624370575,0.43977171182632446,0.44576603174209595,0.4470098316669464,0.44860130548477173,0.440005362033844,0.4473150968551636,0.4511834681034088,0.45421111583709717,0.19222235679626465,0.18327288329601288,0.1779373288154602,0.18070760369300842,0.18964645266532898,0.17668013274669647,0.17283833026885986,0.17828652262687683,0.18385595083236694,0.18075239658355713,0.1903315931558609,0.19742223620414734,0.20321129262447357,0.1834091693162918,0.19266027212142944,0.19931434094905853,0.2052353471517563,0.18376699090003967,0.1886838674545288,0.1938396394252777,0.19968600571155548,893
,,,,,,,,,,,,,,,,,,,,,,,,,,,,,,,,,,,,,,,,,,kangul,left,0.3364112675189972,0.3363233804702759,0.3396538197994232,0.34755975008010864,0.3524116277694702,0.3294926881790161,0.3303496241569519,0.33348673582077026,0.3364904820919037,0.33178243041038513,0.3379717767238617,0.3425159752368927,0.34703367948532104,0.3337600827217102,0.34093594551086426,0.34462133049964905,0.34782323241233826,0.3348618149757385,0.3403262197971344,0.343755304813385,0.3469018340110779,0.637076735496521,0.6294850707054138,0.6181228756904602,0.6060760021209717,0.5968500971794128,0.5966547131538391,0.578504741191864,0.5699920654296875,0.5595116019248962,0.5959523916244507,0.5827087163925171,0.5775163173675537,0.57204669713974,0.5965723991394043,0.5851123929023743,0.5851922631263733,0.5859448909759521,0.5974989533424377,0.5821767449378967,0.5740422010421753,0.5672717690467834,894
,,,,,,,,,,,,,,,,,,,,,,,,,,,,,,,,,,,,,,,,,,kangul,left,0.3364112675189972,0.3363233804702759,0.3396538197994232,0.34755975008010864,0.3524116277694702,0.3294926881790161,0.3303496241569519,0.33348673582077026,0.3364904820919037,0.33178243041038513,0.3379717767238617,0.3425159752368927,0.34703367948532104,0.3337600827217102,0.34093594551086426,0.34462133049964905,0.34782323241233826,0.3348618149757385,0.3403262197971344,0.343755304813385,0.3469018340110779,0.637076735496521,0.6294850707054138,0.6181228756904602,0.6060760021209717,0.5968500971794128,0.5966547131538391,0.578504741191864,0.5699920654296875,0.5595116019248962,0.5959523916244507,0.5827087163925171,0.5775163173675537,0.57204669713974,0.5965723991394043,0.5851123929023743,0.5851922631263733,0.5859448909759521,0.5974989533424377,0.5821767449378967,0.5740422010421753,0.5672717690467834,895
,,,,,,,,,,,,,,,,,,,,,,,,,,,,,,,,,,,,,,,,,,hansasya,left,0.45268046855926514,0.45147350430488586,0.45253056287765503,0.4550924599170685,0.4564651548862457,0.4493829905986786,0.4459846019744873,0.44369739294052124,0.44112738966941833,0.45317456126213074,0.45096686482429504,0.4488079845905304,0.4470632076263428,0.45743969082832336,0.464312344789505,0.47188735008239746,0.4781501889228821,0.46114397048950195,0.4670144319534302,0.47270143032073975,0.4778815507888794,0.2940126657485962,0.31478244066238403,0.33293062448501587,0.34512874484062195,0.3527987003326416,0.33816367387771606,0.3661869466304779,0.3797242343425751,0.39101535081863403,0.3309243321418762,0.352997750043869,0.3654932677745819,0.37652432918548584,0.3166278302669525,0.3245197534561157,0.32890135049819946,0.3347787857055664,0.2997422218322754,0.2904585301876068,0.28407520055770874,0.2815454304218292,896
0.45851457118988037,0.45158159732818604,0.44922351837158203,0.4508746862411499,0.4524330198764801,0.45163798332214355,0.45033547282218933,0.4475965201854706,0.4441449046134949,0.4598349630832672,0.45964646339416504,0.45834535360336304,0.4566515386104584,0.4668145477771759,0.4748545289039612,0.4818493723869324,0.4867655336856842,0.4724719822406769,0.4785144031047821,0.4834102392196655,0.4877447187900543,0.29144904017448425,0.3091573715209961,0.323851078748703,0.332918256521225,0.33910784125328064,0.33119478821754456,0.3589189052581787,0.37304210662841797,0.3854900300502777,0.323810875415802,0.34300827980041504,0.35299673676490784,0.361599326133728,0.30877628922462463,0.3149632513523102,0.3163966238498688,0.31809496879577637,0.29047292470932007,0.28287065029144287,0.27704930305480957,0.2739737033843994,hansasya,right,,,,,,,,,,,,,,,,,,,,,,,,,,,,,,,,,,,,,,,,,,,897
0.4440594017505646,0.43957674503326416,0.44221973419189453,0.44879305362701416,0.45447829365730286,0.4525357484817505,0.45509862899780273,0.45387861132621765,0.4513617753982544,0.4582643508911133,0.46332666277885437,0.4639557898044586,0.464029461145401,0.46228453516960144,0.4749831557273865,0.48396021127700806,0.4908447563648224,0.4647037386894226,0.4734741151332855,0.47895142436027527,0.48349758982658386,0.2799176871776581,0.3062334656715393,0.3266812264919281,0.33536478877067566,0.3392764925956726,0.33730649948120117,0.3615435063838959,0.37379854917526245,0.3843379616737366,0.32779234647750854,0.34684836864471436,0.3568277060985565,0.3655533492565155,0.31016236543655396,0.3154139220714569,0.31795868277549744,0.3212416470050812,0.28884339332580566,0.280075341463089,0.2747505009174347,0.2714858055114746,hansasya,right,,,,,,,,,,,,,,,,,,,,,,,,,,,,,,,,,,,,,,,,,,,898
,,,,,,,,,,,,,,,,,,,,,,,,,,,,,,,,,,,,,,,,,,hansasya,left,0.4768005907535553,0.48076966404914856,0.49073848128318787,0.5018766522407532,0.5104825496673584,0.5047669410705566,0.5203298926353455,0.5290882587432861,0.5374276041984558,0.5069631934165955,0.522214949131012,0.5315897464752197,0.5400133728981018,0.5065009593963623,0.5198656916618347,0.5293447375297546,0.5373042821884155,0.5041163563728333,0.515175461769104,0.5225680470466614,0.5289267301559448,0.4312532842159271,0.45638465881347656,0.47030314803123474,0.47410035133361816,0.4699023365974426,0.46306654810905457,0.46425190567970276,0.4622231423854828,0.46004465222358704,0.4475788176059723,0.4454575479030609,0.4412686228752136,0.4387667179107666,0.43406227231025696,0.4315778613090515,0.4287407398223877,0.4271785616874695,0.42250218987464905,0.4182199239730835,0.41512203216552734,0.41287961602211,899
0.5243778228759766,0.5194047689437866,0.5104482769966125,0.5025639533996582,0.498958557844162,0.49293631315231323,0.48875224590301514,0.4882461726665497,0.4885600805282593,0.4909244477748871,0.48381292819976807,0.48185163736343384,0.4803135395050049,0.4918755888938904,0.47826117277145386,0.4693174362182617,0.4625765085220337,0.49597904086112976,0.4869699776172638,0.48034965991973877,0.4749021828174591,0.6408926844596863,0.6129873394966125,0.5960153341293335,0.5861162543296814,0.5831040143966675,0.5938189625740051,0.5698444247245789,0.5533784627914429,0.5394172668457031,0.597967267036438,0.5743870735168457,0.5564996004104614,0.5427213311195374,0.6067522764205933,0.5956068634986877,0.5879735946655273,0.5840373635292053,0.6184751987457275,0.6180964708328247,0.6186930537223816,0.6210697293281555,hansasya,right,,,,,,,,,,,,,,,,,,,,,,,,,,,,,,,,,,,,,,,,,,,900
,,,,,,,,,,,,,,,,,,,,,,,,,,,,,,,,,,,,,,,,,,hansasya,left,0.39430901408195496,0.40932372212409973,0.4202371835708618,0.4272257685661316,0.43326887488365173,0.4336244463920593,0.44104015827178955,0.43981483578681946,0.43603765964508057,0.4279753565788269,0.4311005473136902,0.4277265965938568,0.4235847294330597,0.41955694556236267,0.41999226808547974,0.4165205657482147,0.41263216733932495,0.40931594371795654,0.4103926420211792,0.41034358739852905,0.4098030924797058,0.5991736054420471,0.5721593499183655,0.550993800163269,0.5344130992889404,0.5215675830841064,0.5803611278533936,0.5642533898353577,0.5464613437652588,0.5314024686813354,0.5886489748954773,0.5578692555427551,0.5341591835021973,0.5163085460662842,0.5930978059768677,0.5584101676940918,0.5338199138641357,0.5156871676445007,0.5938417315483093,0.5664542317390442,0.5467522740364075,0.5300905704498291,901
0.5507108569145203,0.5488104224205017,0.5398321151733398,0.5281323790550232,0.5191808342933655,0.5181944370269775,0.5079299211502075,0.503331184387207,0.500455915927887,0.5137723088264465,0.49802911281585693,0.48935556411743164,0.4821094274520874,0.5135861039161682,0.4949326813220978,0.4826403856277466,0.4733286499977112,0.518185555934906,0.5060151815414429,0.49817198514938354,0.4918663799762726,0.6662557125091553,0.6281973123550415,0.6075511574745178,0.5991020798683167,0.6058895587921143,0.6163564920425415,0.6000770330429077,0.5869066715240479,0.5750485062599182,0.623286783695221,0.6117379069328308,0.5971217155456543,0.5857822299003601,0.6335325837135315,0.6324969530105591,0.626824140548706,0.6229879260063171,0.644873857498169,0.64840167760849,0.6469858884811401,0.6474215984344482,hansasya,right,,,,,,,,,,,,,,,,,,,,,,,,,,,,,,,,,,,,,,,,,,,902
0.4114568829536438,0.43043243885040283,0.4410673975944519,0.4430840015411377,0.4377777576446533,0.4429871737957001,0.45606347918510437,0.4642442464828491,0.4720293879508972,0.4371185302734375,0.4490785300731659,0.45997703075408936,0.4697909653186798,0.4273722767829895,0.43004176020622253,0.4347340762615204,0.43976685404777527,0.41617193818092346,0.4122107923030853,0.41131892800331116,0.41057389974594116,0.485730916261673,0.4861561954021454,0.4755667746067047,0.4619680345058441,0.4486195743083954,0.44062891602516174,0.4324060380458832,0.42957860231399536,0.42923402786254883,0.43148547410964966,0.41467607021331787,0.4081672430038452,0.40512514114379883,0.4306066930294037,0.40252411365509033,0.38470396399497986,0.37231045961380005,0.4364519417285919,0.4212757349014282,0.4090716242790222,0.39862868189811707,hansasya,right,,,,,,,,,,,,,,,,,,,,,,,,,,,,,,,,,,,,,,,,,,,903
0.49511444568634033,0.48558247089385986,0.4719102382659912,0.46067121624946594,0.4536481499671936,0.46063974499702454,0.4511112868785858,0.4475320875644684,0.4464452266693115,0.46029162406921387,0.4424764811992645,0.4312411844730377,0.42311978340148926,0.4657992720603943,0.4489361345767975,0.43748921155929565,0.4287208914756775,0.47461721301078796,0.4662686884403229,0.45848655700683594,0.45219677686691284,0.6382396817207336,0.608208954334259,0.5912418961524963,0.5861522555351257,0.5830650925636292,0.6104974746704102,0.5904862880706787,0.5741398930549622,0.5589278936386108,0.624636173248291,0.6172208786010742,0.6084405779838562,0.600795567035675,0.6408730745315552,0.648222804069519,0.6523993015289307,0.6544834971427917,0.656276524066925,0.6700589060783386,0.6763311624526978,0.6813690662384033,hansasya,right,,,,,,,,,,,,,,,,,,,,,,,,,,,,,,,,,,,,,,,,,,,904
0.3340155780315399,0.31600627303123474,0.299251914024353,0.28673624992370605,0.27896848320961,0.2834320366382599,0.26262128353118896,0.24991153180599213,0.24002206325531006,0.2894771993160248,0.26858970522880554,0.2564699351787567,0.24613653123378754,0.2993878722190857,0.2821218967437744,0.26915714144706726,0.25773152709007263,0.3118743598461151,0.3013538122177124,0.2926989495754242,0.2847314178943634,0.611940324306488,0.5823819041252136,0.567542552947998,0.5608611702919006,0.5616516470909119,0.5919488668441772,0.5931670069694519,0.5923120975494385,0.5916352868080139,0.5927486419677734,0.6008085608482361,0.6053709983825684,0.6094695329666138,0.5909555554389954,0.6022026538848877,0.6117798089981079,0.6211615204811096,0.5880170464515686,0.5967798233032227,0.6062300801277161,0.6168593764305115,hansasya,right,,,,,,,,,,,,,,,,,,,,,,,,,,,,,,,,,,,,,,,,,,,905
,,,,,,,,,,,,,,,,,,,,,,,,,,,,,,,,,,,,,,,,,,hansasya,left,0.43911436200141907,0.45044103264808655,0.4582999646663666,0.46311527490615845,0.46320828795433044,0.45323288440704346,0.4530220627784729,0.4535135328769684,0.4553855061531067,0.4548526406288147,0.45032772421836853,0.44872575998306274,0.4479128122329712,0.45581161975860596,0.4463967978954315,0.4393143653869629,0.43329739570617676,0.4556799530982971,0.44919300079345703,0.44199898838996887,0.4347836673259735,0.19522321224212646,0.16040536761283875,0.12922772765159607,0.10595567524433136,0.08911518007516861,0.11268331855535507,0.08036880195140839,0.06040088087320328,0.04443933069705963,0.12639765441417694,0.09027658402919769,0.06851895153522491,0.048609547317028046,0.14679282903671265,0.11720292270183563,0.09372145682573318,0.07286723703145981,0.17108134925365448,0.15427064895629883,0.1417456567287445,0.13019882142543793,906
,,,,,,,,,,,,,,,,,,,,,,,,,,,,,,,,,,,,,,,,,,hansasya,left,0.40396711230278015,0.3925091624259949,0.3764471411705017,0.36549854278564453,0.35861736536026,0.3571140170097351,0.3495533764362335,0.3474902808666229,0.3467278778553009,0.3549220860004425,0.33450013399124146,0.32146045565605164,0.31107884645462036,0.358100950717926,0.34043776988983154,0.33061641454696655,0.3223457634449005,0.3659035265445709,0.3542422354221344,0.3473071753978729,0.34105682373046875,0.26856550574302673,0.2921202778816223,0.30417558550834656,0.30571305751800537,0.3039942979812622,0.28077083826065063,0.2867988348007202,0.29014119505882263,0.2923397421836853,0.2606639564037323,0.2553498446941376,0.25082871317863464,0.2471441924571991,0.24298793077468872,0.23118191957473755,0.22399678826332092,0.21929673850536346,0.22750510275363922,0.21205934882164001,0.20291456580162048,0.196699857711792,907
,,,,,,,,,,,,,,,,,,,,,,,,,,,,,,,,,,,,,,,,,,hansasya,left,0.6298998594284058,0.617070198059082,0.6110444664955139,0.6110448837280273,0.6120783090591431,0.6236298680305481,0.6192994713783264,0.6164258122444153,0.6146575808525085,0.6348301768302917,0.6380337476730347,0.639818012714386,0.6413595676422119,0.6448470950126648,0.651520848274231,0.6551492214202881,0.6577749252319336,0.6531760692596436,0.6614009737968445,0.6660071015357971,0.6691429615020752,0.32826006412506104,0.30769598484039307,0.2781737744808197,0.25793972611427307,0.2443094551563263,0.24523016810417175,0.2289041429758072,0.22736141085624695,0.22973282635211945,0.24145428836345673,0.2070784568786621,0.18401959538459778,0.16508997976779938,0.24733087420463562,0.2163899540901184,0.19901299476623535,0.18403512239456177,0.2607150673866272,0.24076886475086212,0.22893504798412323,0.21844540536403656,908
,,,,,,,,,,,,,,,,,,,,,,,,,,,,,,,,,,,,,,,,,,hansasya,left,0.5924118757247925,0.6078476905822754,0.626110315322876,0.6393725275993347,0.6487872004508972,0.6383578181266785,0.648540735244751,0.6525430083274841,0.6542604565620422,0.637703537940979,0.6554746031761169,0.6651167869567871,0.6718432903289795,0.6319083571434021,0.6463433504104614,0.654147744178772,0.6601890921592712,0.621837317943573,0.6285983920097351,0.6321524977684021,0.6355819702148438,0.7583320140838623,0.7456349730491638,0.7440122365951538,0.7445179224014282,0.7446039915084839,0.7750859260559082,0.7723654508590698,0.7621852159500122,0.7513360977172852,0.7924474477767944,0.8101587891578674,0.8171066641807556,0.8211630582809448,0.8057602643966675,0.8305280208587646,0.8418232798576355,0.8491787314414978,0.8136972188949585,0.8346756100654602,0.8471391201019287,0.8562631607055664,909
,,,,,,,,,,,,,,,,,,,,,,,,,,,,,,,,,,,,,,,,,,hansasya,left,0.6442689299583435,0.6372615098953247,0.6367106437683105,0.6378995180130005,0.6379954814910889,0.6539998650550842,0.6532456278800964,0.6478001475334167,0.6413383483886719,0.6643469333648682,0.6748690605163574,0.6788705587387085,0.6808515787124634,0.6723012924194336,0.6862654685974121,0.6926841139793396,0.696755588054657,0.6770207285881042,0.6885497570037842,0.6949283480644226,0.6991562247276306,0.3340953290462494,0.3084625005722046,0.27615177631378174,0.25391685962677,0.23774705827236176,0.2525559365749359,0.2337501496076584,0.22661972045898438,0.22332412004470825,0.253957599401474,0.22224436700344086,0.20398041605949402,0.1904873251914978,0.26483064889907837,0.24075016379356384,0.2270852029323578,0.21601659059524536,0.2833784520626068,0.27300024032592773,0.26758691668510437,0.2626694142818451,910
0.46353358030319214,0.6414544582366943,0.7496398091316223,0.7759679555892944,0.6897223591804504,0.6086961627006531,0.6104110479354858,0.6070432662963867,0.604698657989502,0.5013615489006042,0.49623626470565796,0.5068737864494324,0.5201162695884705,0.40238019824028015,0.3881336748600006,0.4023147523403168,0.40363866090774536,0.294509619474411,0.2767689526081085,0.29844534397125244,0.3153321444988251,0.6273581385612488,0.570052444934845,0.4787912666797638,0.38024967908859253,0.3226258158683777,0.3364708721637726,0.22747644782066345,0.15924294292926788,0.10619232058525085,0.33151644468307495,0.20473326742649078,0.12718091905117035,0.07218807935714722,0.35355451703071594,0.2349284589290619,0.25370386242866516,0.3016785979270935,0.3884311318397522,0.2995595633983612,0.30309435725212097,0.33904191851615906,ardhapataka,right,,,,,,,,,,,,,,,,,,,,,,,,,,,,,,,,,,,,,,,,,,,911
0.4501208961009979,0.6167969703674316,0.729690432548523,0.7862865328788757,0.6947919726371765,0.6068933010101318,0.617530345916748,0.6077139377593994,0.6099056005477905,0.5059195160865784,0.4983522593975067,0.5112666487693787,0.5329169034957886,0.40831291675567627,0.3969576954841614,0.40118545293807983,0.4062582552433014,0.308529257774353,0.27331551909446716,0.2790094316005707,0.29602980613708496,0.6524324417114258,0.5723129510879517,0.5007272958755493,0.3919569253921509,0.33393895626068115,0.3320629596710205,0.20652005076408386,0.14608259499073029,0.09956997632980347,0.327779620885849,0.19217129051685333,0.11815661191940308,0.07442997395992279,0.3516058921813965,0.2434755563735962,0.2499806135892868,0.302827924489975,0.38667386770248413,0.30913224816322327,0.3015666604042053,0.340162068605423,ardhapataka,right,,,,,,,,,,,,,,,,,,,,,,,,,,,,,,,,,,,,,,,,,,,912
0.4767228364944458,0.6210174560546875,0.7381172180175781,0.7535003423690796,0.678919792175293,0.5931563973426819,0.6031156182289124,0.6085712313652039,0.6078044176101685,0.49947646260261536,0.5062196850776672,0.5097938179969788,0.5173399448394775,0.40655386447906494,0.3916679620742798,0.3842272162437439,0.39160895347595215,0.3005557656288147,0.26755404472351074,0.2768229842185974,0.30471813678741455,0.6406965851783752,0.5685735940933228,0.4900304079055786,0.383039653301239,0.3311028480529785,0.3464397192001343,0.2261900156736374,0.16984087228775024,0.11876043677330017,0.34331321716308594,0.2046930193901062,0.13516943156719208,0.09374000132083893,0.3713151216506958,0.263606458902359,0.27641820907592773,0.3158165216445923,0.4217349886894226,0.32824623584747314,0.32452189922332764,0.34867092967033386,ardhapataka,right,,,,,,,,,,,,,,,,,,,,,,,,,,,,,,,,,,,,,,,,,,,913
0.4708688259124756,0.6505735516548157,0.7534146308898926,0.7768981456756592,0.689826488494873,0.613858699798584,0.6123966574668884,0.6075507998466492,0.6027478575706482,0.5075510144233704,0.499009907245636,0.5067684650421143,0.5174775123596191,0.4093036651611328,0.3928442895412445,0.40308764576911926,0.40256571769714355,0.30188530683517456,0.2750098705291748,0.2954894006252289,0.31361329555511475,0.6342453956604004,0.5767825841903687,0.4874029755592346,0.3890301287174225,0.33159947395324707,0.3481300473213196,0.24039649963378906,0.17129826545715332,0.11792647838592529,0.34240642189979553,0.21501605212688446,0.1363970786333084,0.0793905258178711,0.36320996284484863,0.2439088672399521,0.2717870771884918,0.3244428038597107,0.3977881371974945,0.31030818819999695,0.32266008853912354,0.36434152722358704,ardhapataka,right,,,,,,,,,,,,,,,,,,,,,,,,,,,,,,,,,,,,,,,,,,,914
0.47894611954689026,0.5869505405426025,0.6062180399894714,0.4861340820789337,0.37477266788482666,0.5885238647460938,0.5707092881202698,0.5523422956466675,0.5386716723442078,0.49289941787719727,0.4962957203388214,0.5158779621124268,0.5382178425788879,0.39908367395401,0.36953073740005493,0.4051167666912079,0.4392511248588562,0.3089250326156616,0.28459349274635315,0.32837221026420593,0.3764314651489258,0.6823841333389282,0.5690186023712158,0.4483170509338379,0.37555015087127686,0.3638036251068115,0.3443129062652588,0.23582272231578827,0.17148125171661377,0.11233577132225037,0.34181296825408936,0.21412056684494019,0.14229963719844818,0.07721602916717529,0.3700415790081024,0.31019774079322815,0.3964219093322754,0.4591229557991028,0.4164634943008423,0.361672043800354,0.4090403914451599,0.45548728108406067,kartarimukh,right,,,,,,,,,,,,,,,,,,,,,,,,,,,,,,,,,,,,,,,,,,,915
0.4473479390144348,0.5563288927078247,0.5608652234077454,0.42979615926742554,0.30692964792251587,0.5524847507476807,0.5093429684638977,0.47440099716186523,0.44321462512016296,0.44345998764038086,0.4236428439617157,0.4246996343135834,0.4206569790840149,0.3428729772567749,0.29144448041915894,0.3383103907108307,0.374930739402771,0.2528517246246338,0.2332497239112854,0.28961122035980225,0.3350364565849304,0.6363412141799927,0.5751343965530396,0.47575247287750244,0.42386528849601746,0.3958211839199066,0.36902397871017456,0.27172666788101196,0.20838046073913574,0.15335911512374878,0.37658458948135376,0.254110723733902,0.1761699765920639,0.1058618426322937,0.40747031569480896,0.34772390127182007,0.42846840620040894,0.47755908966064453,0.4546020030975342,0.40707919001579285,0.46199095249176025,0.5024182796478271,kartarimukh,right,,,,,,,,,,,,,,,,,,,,,,,,,,,,,,,,,,,,,,,,,,,916
0.48515623807907104,0.5951833724975586,0.6050392985343933,0.4901883900165558,0.3669620156288147,0.5905128717422485,0.5549570322036743,0.5223529934883118,0.491277277469635,0.4816695749759674,0.4572899639606476,0.44832906126976013,0.4351503849029541,0.3794610798358917,0.32524436712265015,0.3790014088153839,0.42079606652259827,0.2902158200740814,0.2708873450756073,0.32914090156555176,0.38056743144989014,0.6716909408569336,0.6049168705940247,0.5067997574806213,0.44771116971969604,0.41318103671073914,0.38705140352249146,0.2843995690345764,0.21762977540493011,0.1590113639831543,0.39418840408325195,0.2701541781425476,0.1901118904352188,0.12074542045593262,0.4280032515525818,0.3666297495365143,0.44349879026412964,0.4963286519050598,0.47832512855529785,0.43024981021881104,0.482535719871521,0.5250980257987976,kartarimukh,right,,,,,,,,,,,,,,,,,,,,,,,,,,,,,,,,,,,,,,,,,,,917
0.49835291504859924,0.6147365570068359,0.6363584399223328,0.5058515071868896,0.37593355774879456,0.6014412641525269,0.5898540019989014,0.5778428912162781,0.5639879703521729,0.4937427341938019,0.46754491329193115,0.4675414562225342,0.46248018741607666,0.3952447772026062,0.3749033808708191,0.39029812812805176,0.3978145718574524,0.30788978934288025,0.2697582244873047,0.25214606523513794,0.2362583875656128,0.6800563335418701,0.6210066080093384,0.5190265774726868,0.45728132128715515,0.44070667028427124,0.392241895198822,0.27779415249824524,0.2144501656293869,0.1611502766609192,0.387838214635849,0.26377758383750916,0.1835537999868393,0.11895820498466492,0.40890923142433167,0.30895259976387024,0.3754687011241913,0.42882198095321655,0.4470980167388916,0.37250393629074097,0.32783809304237366,0.2746538519859314,mayur,right,,,,,,,,,,,,,,,,,,,,,,,,,,,,,,,,,,,,,,,,,,,918
0.5482776165008545,0.6138822436332703,0.6634508371353149,0.6475852727890015,0.5969642400741577,0.6092162132263184,0.6048707962036133,0.6015943288803101,0.5986872911453247,0.5531570315361023,0.5513261556625366,0.5492475032806396,0.551010012626648,0.5054393410682678,0.5054154396057129,0.5079240202903748,0.5122895240783691,0.45842719078063965,0.4586993455886841,0.4611195921897888,0.4665583670139313,0.7797982692718506,0.7629454135894775,0.6883677244186401,0.6073423624038696,0.566183865070343,0.49036458134651184,0.3520044684410095,0.26392871141433716,0.1876276731491089,0.47660383582115173,0.3262636065483093,0.22423091530799866,0.14100512862205505,0.4906880259513855,0.34774768352508545,0.25688713788986206,0.18377593159675598,0.5263999104499817,0.4181017279624939,0.348863422870636,0.2866118252277374,pataka,right,,,,,,,,,,,,,,,,,,,,,,,,,,,,,,,,,,,,,,,,,,,919
0.4481971263885498,0.458895206451416,0.473556250333786,0.488085001707077,0.49748438596725464,0.4758355915546417,0.4982987344264984,0.5095567107200623,0.5174006819725037,0.4784761369228363,0.5027148723602295,0.5146105289459229,0.5225496888160706,0.48009729385375977,0.5034831166267395,0.513220489025116,0.5189025402069092,0.4810241758823395,0.498213529586792,0.5033681392669678,0.5049041509628296,0.5925177931785583,0.5602513551712036,0.5405104160308838,0.5349339246749878,0.535523533821106,0.5486876368522644,0.5401813983917236,0.5374586582183838,0.536220133304596,0.5701391696929932,0.560888946056366,0.5567415356636047,0.5551571846008301,0.5897711515426636,0.5828515887260437,0.5776016116142273,0.5748499035835266,0.6062259674072266,0.6001738905906677,0.5945645570755005,0.5915790796279907,chatur,right,,,,,,,,,,,,,,,,,,,,,,,,,,,,,,,,,,,,,,,,,,,920
0.451352596282959,0.4621579349040985,0.47654518485069275,0.4908902049064636,0.5007678270339966,0.4867013692855835,0.5036568641662598,0.507620096206665,0.508791983127594,0.4861415922641754,0.5017268061637878,0.49896830320358276,0.49446532130241394,0.4839078485965729,0.49847501516342163,0.4945325255393982,0.4892856478691101,0.48097339272499084,0.49361494183540344,0.4901433289051056,0.48469066619873047,0.7490615248680115,0.7671586871147156,0.7737336754798889,0.769210159778595,0.7612572312355042,0.7800917029380798,0.7769805192947388,0.7774319052696228,0.7794383764266968,0.7647042274475098,0.7572336792945862,0.7567117214202881,0.7585612535476685,0.7498313188552856,0.7409069538116455,0.7406514883041382,0.7427842617034912,0.7356018424034119,0.727324366569519,0.7296266555786133,0.7346934676170349,mushti,right,,,,,,,,,,,,,,,,,,,,,,,,,,,,,,,,,,,,,,,,,,,921
,,,,,,,,,,,,,,,,,,,,,,,,,,,,,,,,,,,,,,,,,,chandrakala,left,0.6472565531730652,0.6312944889068604,0.6194493770599365,0.6107897758483887,0.6035844087600708,0.6300718784332275,0.6314162015914917,0.6323938965797424,0.6330918073654175,0.639461100101471,0.6374967098236084,0.6359358429908752,0.635562002658844,0.648522138595581,0.6456705927848816,0.6434199213981628,0.6427615880966187,0.6577709317207336,0.6549772620201111,0.6515160799026489,0.6500211358070374,0.23100262880325317,0.21346834301948547,0.19380658864974976,0.1771468222141266,0.16520407795906067,0.16728954017162323,0.1407393217086792,0.12514731287956238,0.11454091966152191,0.168752059340477,0.1475682258605957,0.1631331890821457,0.1779007464647293,0.1733786016702652,0.15817324817180634,0.17390254139900208,0.18676942586898804,0.18128356337547302,0.16695979237556458,0.17599992454051971,0.18557216227054596,922
0.33861786127090454,0.3560607433319092,0.36384087800979614,0.3611971139907837,0.35366371273994446,0.3600481450557709,0.363518625497818,0.36065539717674255,0.35676220059394836,0.349949449300766,0.3485652804374695,0.3459012508392334,0.3435900807380676,0.3403000235557556,0.3384671211242676,0.3377678096294403,0.33655139803886414,0.33116933703422546,0.3304974138736725,0.329952597618103,0.3295924961566925,0.3512565493583679,0.3313354551792145,0.31213483214378357,0.2971566319465637,0.28690439462661743,0.26573121547698975,0.2506527900695801,0.26721927523612976,0.28129905462265015,0.26337796449661255,0.25111275911331177,0.264345645904541,0.27136948704719543,0.26512154936790466,0.24672424793243408,0.2330179065465927,0.21876074373722076,0.2713334858417511,0.2499062716960907,0.23622876405715942,0.22106631100177765,bhramara,right,,,,,,,,,,,,,,,,,,,,,,,,,,,,,,,,,,,,,,,,,,,923
0.2903008460998535,0.2998746931552887,0.3035460114479065,0.2959374785423279,0.28266850113868713,0.29915258288383484,0.30124932527542114,0.30136603116989136,0.30108124017715454,0.2879052460193634,0.27867284417152405,0.28265827894210815,0.2875559329986572,0.27735909819602966,0.2660800516605377,0.2723769247531891,0.2783782482147217,0.26912108063697815,0.25640881061553955,0.2484036087989807,0.2416917085647583,0.33181825280189514,0.3295157551765442,0.32583433389663696,0.32215172052383423,0.31922322511672974,0.2588006258010864,0.22836820781230927,0.21176482737064362,0.1961737871170044,0.2538827359676361,0.26351165771484375,0.2913411259651184,0.30569159984588623,0.2558352053165436,0.2603724002838135,0.282736599445343,0.298031747341156,0.2600932717323303,0.23812751471996307,0.2269444316625595,0.21547481417655945,chandrakala,right,,,,,,,,,,,,,,,,,,,,,,,,,,,,,,,,,,,,,,,,,,,924
0.26978734135627747,0.2630821168422699,0.25233393907546997,0.24517196416854858,0.24241454899311066,0.23705759644508362,0.2190096527338028,0.22384653985500336,0.23116089403629303,0.23766042292118073,0.22255268692970276,0.2328214794397354,0.24410943686962128,0.24098922312259674,0.22966308891773224,0.24084532260894775,0.25171804428100586,0.24627596139907837,0.23976492881774902,0.24820823967456818,0.25678011775016785,0.6180504560470581,0.5801626443862915,0.5458064079284668,0.5180360674858093,0.49282631278038025,0.5618407130241394,0.5604182481765747,0.5500423312187195,0.543274462223053,0.5754212141036987,0.575184166431427,0.5643295049667358,0.561030387878418,0.5889037251472473,0.5867390036582947,0.5758047699928284,0.5723547339439392,0.6030164361000061,0.5971093773841858,0.5870655179023743,0.5823144912719727,chandrakala,right,,,,,,,,,,,,,,,,,,,,,,,,,,,,,,,,,,,,,,,,,,,925
0.43906086683273315,0.44662007689476013,0.45679017901420593,0.46253567934036255,0.4635748565196991,0.47928541898727417,0.5028907656669617,0.5168319940567017,0.5274409651756287,0.4826708734035492,0.5078840851783752,0.5235061645507812,0.5358356237411499,0.4831141531467438,0.5071285367012024,0.5215017795562744,0.5321924090385437,0.4811846613883972,0.49905622005462646,0.5102267861366272,0.5194253325462341,0.6510493159294128,0.6196423172950745,0.5931673049926758,0.5713375806808472,0.5539343357086182,0.6054705381393433,0.596883237361908,0.5943263173103333,0.5931651592254639,0.6251615881919861,0.6144344806671143,0.6100262999534607,0.6075642704963684,0.6454026103019714,0.6340091824531555,0.6298373341560364,0.6271403431892395,0.666134774684906,0.6580709218978882,0.6532461047172546,0.6495649814605713,ardhachandra,right,,,,,,,,,,,,,,,,,,,,,,,,,,,,,,,,,,,,,,,,,,,926
,,,,,,,,,,,,,,,,,,,,,,,,,,,,,,,,,,,,,,,,,,bhramara,left,0.2730831801891327,0.2606472671031952,0.25029245018959045,0.2483658343553543,0.24974967539310455,0.23735079169273376,0.2369680553674698,0.2395610362291336,0.24105633795261383,0.24575042724609375,0.238301083445549,0.23540405929088593,0.23210203647613525,0.25556814670562744,0.2554846405982971,0.25840938091278076,0.2586743235588074,0.2672540247440338,0.2670839726924896,0.26759088039398193,0.2658279538154602,0.5490557551383972,0.5567620992660522,0.5519490838050842,0.5339202880859375,0.5181321501731873,0.5059797763824463,0.47907930612564087,0.4593682289123535,0.43933117389678955,0.4934665560722351,0.46942421793937683,0.4545937180519104,0.4396370053291321,0.4888308644294739,0.47860342264175415,0.4979754090309143,0.5116654634475708,0.4887540638446808,0.4822738468647003,0.4976450800895691,0.5092971920967102,927
,,,,,,,,,,,,,,,,,,,,,,,,,,,,,,,,,,,,,,,,,,bhramara,left,0.27282848954200745,0.2585342526435852,0.24882763624191284,0.24854503571987152,0.2515673339366913,0.2367321252822876,0.23694832623004913,0.2393733561038971,0.24064099788665771,0.2455529123544693,0.23883463442325592,0.23545141518115997,0.23160935938358307,0.2557598650455475,0.2546994090080261,0.25612422823905945,0.2557264566421509,0.26795417070388794,0.26735177636146545,0.26651617884635925,0.26394009590148926,0.5432698726654053,0.5502510666847229,0.5461375713348389,0.530519425868988,0.5167787671089172,0.5003877282142639,0.4747445583343506,0.45505085587501526,0.43474674224853516,0.488467276096344,0.46875718235969543,0.45677968859672546,0.4442082643508911,0.48444852232933044,0.47583404183387756,0.49275168776512146,0.505657970905304,0.4849834442138672,0.48033422231674194,0.4940529763698578,0.5056015253067017,928
,,,,,,,,,,,,,,,,,,,,,,,,,,,,,,,,,,,,,,,,,,kapitth,left,0.42722946405410767,0.4320984482765198,0.44142547249794006,0.448116272687912,0.45070353150367737,0.43992796540260315,0.4528932571411133,0.4431207776069641,0.4338268041610718,0.4388216733932495,0.454556941986084,0.443586140871048,0.43192651867866516,0.4381798207759857,0.4519525468349457,0.4414694905281067,0.4304355978965759,0.4376624524593353,0.4449394643306732,0.43927183747291565,0.4327671229839325,0.7191937565803528,0.7140364646911621,0.6970027089118958,0.6766911149024963,0.6631715893745422,0.7038410305976868,0.7023249268531799,0.698647141456604,0.6957224011421204,0.7141136527061462,0.709923505783081,0.7043826580047607,0.6982764005661011,0.7241511940956116,0.7227455973625183,0.7185625433921814,0.7133464813232422,0.7336344718933105,0.7341432571411133,0.7296351790428162,0.7249714136123657,929
,,,,,,,,,,,,,,,,,,,,,,,,,,,,,,,,,,,,,,,,,,kartarimukh,left,0.4468703269958496,0.44612663984298706,0.4340459704399109,0.4213807284832001,0.41060948371887207,0.41445714235305786,0.39178362488746643,0.3764398694038391,0.36439454555511475,0.4088172912597656,0.3863740563392639,0.37376463413238525,0.3643236756324768,0.40701043605804443,0.3969089686870575,0.40375816822052,0.4104314148426056,0.4071442484855652,0.3994334042072296,0.40514329075813293,0.41164860129356384,0.5091925859451294,0.46610069274902344,0.4418608248233795,0.43237802386283875,0.43425971269607544,0.45501577854156494,0.4530259966850281,0.451433926820755,0.448373943567276,0.47170495986938477,0.4593665599822998,0.4432224631309509,0.4324951469898224,0.48251259326934814,0.45960214734077454,0.4533156156539917,0.4546012580394745,0.48932740092277527,0.46786031126976013,0.4611404836177826,0.46226680278778076,930
0.30148282647132874,0.3150353729724884,0.3219110071659088,0.31733545660972595,0.30727607011795044,0.3105852007865906,0.3057258129119873,0.3013463318347931,0.297310471534729,0.3002716600894928,0.2967953383922577,0.29417338967323303,0.29182007908821106,0.29082226753234863,0.28994500637054443,0.2970965802669525,0.3024304211139679,0.28198492527008057,0.2763752043247223,0.28043895959854126,0.2856863737106323,0.5841821432113647,0.571834921836853,0.5512373447418213,0.5376532673835754,0.5283783674240112,0.49694493412971497,0.4646991491317749,0.44555991888046265,0.42916440963745117,0.5000564455986023,0.4671594202518463,0.4464987516403198,0.42858433723449707,0.5108435153961182,0.49332430958747864,0.5115041732788086,0.5272340178489685,0.5251691341400146,0.5045948624610901,0.5076770782470703,0.5147736072540283,kartarimukh,right,,,,,,,,,,,,,,,,,,,,,,,,,,,,,,,,,,,,,,,,,,,931
0.2814550995826721,0.2768424451351166,0.2659676671028137,0.2559583783149719,0.2511746287345886,0.2396911382675171,0.2203008234500885,0.20916888117790222,0.19943565130233765,0.2369958460330963,0.21510905027389526,0.20196111500263214,0.19121649861335754,0.23823411762714386,0.21784329414367676,0.205606609582901,0.19582676887512207,0.24267365038394928,0.2272331267595291,0.21772123873233795,0.209549680352211,0.6686775088310242,0.6394992470741272,0.6174489259719849,0.6005386710166931,0.5830233097076416,0.6416245698928833,0.639818012714386,0.6394557356834412,0.6389077305793762,0.6613649129867554,0.6598231196403503,0.6582843065261841,0.6561547517776489,0.6791381239891052,0.6782798767089844,0.6759560108184814,0.6730993390083313,0.6956881284713745,0.6972533464431763,0.696906328201294,0.6953856348991394,ardhachandra,right,,,,,,,,,,,,,,,,,,,,,,,,,,,,,,,,,,,,,,,,,,,932
,,,,,,,,,,,,,,,,,,,,,,,,,,,,,,,,,,,,,,,,,,kartarimukh,left,0.4563743770122528,0.46292969584465027,0.4652697443962097,0.4629533588886261,0.462111234664917,0.46757763624191284,0.466677725315094,0.4661250114440918,0.46599993109703064,0.46186235547065735,0.46075665950775146,0.46056169271469116,0.46089377999305725,0.45525452494621277,0.45383235812187195,0.45389142632484436,0.45448726415634155,0.4473816752433777,0.44574686884880066,0.4465286135673523,0.4477427303791046,0.4499613046646118,0.4327179193496704,0.4055512547492981,0.38417232036590576,0.3671954274177551,0.40390443801879883,0.37714865803718567,0.35817191004753113,0.34442245960235596,0.4074242115020752,0.3790781497955322,0.35895031690597534,0.344186931848526,0.41138535737991333,0.38475456833839417,0.3636060655117035,0.3483582139015198,0.4150903522968292,0.39234116673469543,0.37578269839286804,0.3639887571334839,933
0.4918898940086365,0.6140987873077393,0.6914916634559631,0.7071055173873901,0.6656408905982971,0.5902073383331299,0.5977451205253601,0.6037243008613586,0.6081878542900085,0.5093442797660828,0.5202369689941406,0.5317679643630981,0.5428673028945923,0.43577972054481506,0.44592493772506714,0.4633485674858093,0.4788709282875061,0.3636893332004547,0.3671099841594696,0.37532150745391846,0.38450807332992554,0.6547203063964844,0.6101224422454834,0.5328468084335327,0.4639005959033966,0.4141252338886261,0.40061408281326294,0.2975256145000458,0.23411178588867188,0.17786094546318054,0.39233872294425964,0.2801716923713684,0.2042446732521057,0.1412581503391266,0.40487638115882874,0.30317890644073486,0.23690985143184662,0.18262717127799988,0.435310423374176,0.35549184679985046,0.3033510744571686,0.2562177777290344,pataka,right,,,,,,,,,,,,,,,,,,,,,,,,,,,,,,,,,,,,,,,,,,,934
0.2778726816177368,0.28859633207321167,0.29223155975341797,0.28395840525627136,0.27322903275489807,0.29517391324043274,0.2930627465248108,0.2913891673088074,0.2889936566352844,0.2819961607456207,0.26941990852355957,0.2684556543827057,0.269153892993927,0.2686079740524292,0.25416961312294006,0.2553043067455292,0.2572941482067108,0.25674593448638916,0.24104581773281097,0.23196549713611603,0.22473473846912384,0.5829017162322998,0.5816905498504639,0.5743204951286316,0.5730687975883484,0.5753153562545776,0.5365318059921265,0.5088647603988647,0.48767054080963135,0.4701100289821625,0.5291361808776855,0.5306533575057983,0.5492023825645447,0.5627083778381348,0.527224600315094,0.5353042483329773,0.5576260685920715,0.57483971118927,0.5273523926734924,0.5188058018684387,0.51627516746521,0.512427806854248,chandrakala,right,,,,,,,,,,,,,,,,,,,,,,,,,,,,,,,,,,,,,,,,,,,935
,,,,,,,,,,,,,,,,,,,,,,,,,,,,,,,,,,,,,,,,,,chatur,left,0.3346083164215088,0.34030216932296753,0.33953285217285156,0.3339211642742157,0.32603955268859863,0.31054288148880005,0.30339697003364563,0.3023446500301361,0.30304691195487976,0.3018077313899994,0.295822411775589,0.2974999248981476,0.3012552559375763,0.29785242676734924,0.2913428843021393,0.29216980934143066,0.29565873742103577,0.29716411232948303,0.2910032868385315,0.29053211212158203,0.2920056879520416,0.6354106664657593,0.6478433609008789,0.6529901027679443,0.6446835398674011,0.6387624144554138,0.6708434224128723,0.6709582805633545,0.662817656993866,0.6517148613929749,0.6570234894752502,0.6564600467681885,0.6491513848304749,0.639294445514679,0.6415141820907593,0.6376358866691589,0.629877507686615,0.6207466125488281,0.6254253387451172,0.6176313161849976,0.6088916063308716,0.599894106388092,936
,,,,,,,,,,,,,,,,,,,,,,,,,,,,,,,,,,,,,,,,,,chandrakala,left,0.5538840293884277,0.5575248003005981,0.5563621520996094,0.5618067979812622,0.5684976577758789,0.5259201526641846,0.5084740519523621,0.4964842200279236,0.4871796667575836,0.5186219215393066,0.5141878724098206,0.5211383104324341,0.527600884437561,0.5150296688079834,0.5122396945953369,0.5177115201950073,0.5239778757095337,0.5126815438270569,0.5101146697998047,0.5152519941329956,0.5209963321685791,0.3010125756263733,0.2698114812374115,0.2421381175518036,0.22265097498893738,0.2091931402683258,0.2364959567785263,0.22344593703746796,0.21530988812446594,0.20926012098789215,0.2503410279750824,0.2624132037162781,0.2710655927658081,0.2746739387512207,0.2707447111606598,0.2813534736633301,0.2875785231590271,0.29037317633628845,0.28988203406333923,0.29937371611595154,0.3055954575538635,0.3090810775756836,937
0.42704471945762634,0.4520309269428253,0.4765792787075043,0.491719126701355,0.49716365337371826,0.48012644052505493,0.5015363097190857,0.5120415687561035,0.5197855234146118,0.4715072214603424,0.49286046624183655,0.500377893447876,0.5045256614685059,0.46333345770835876,0.48220592737197876,0.48588842153549194,0.48580366373062134,0.4572473168373108,0.47371119260787964,0.4774472117424011,0.47767895460128784,0.8719627857208252,0.8506771326065063,0.8555405139923096,0.8730704188346863,0.8861173987388611,0.8900513052940369,0.9127424359321594,0.926033616065979,0.9379895329475403,0.9151211380958557,0.9204436540603638,0.9182584881782532,0.9209615588188171,0.9299384355545044,0.928831934928894,0.9239985346794128,0.9229969382286072,0.9371941089630127,0.9343195557594299,0.9292647838592529,0.9261476993560791,kapitth,right,,,,,,,,,,,,,,,,,,,,,,,,,,,,,,,,,,,,,,,,,,,938
,,,,,,,,,,,,,,,,,,,,,,,,,,,,,,,,,,,,,,,,,,chandrakala,left,0.5772721171379089,0.5695325136184692,0.5582769513130188,0.553597092628479,0.5525074005126953,0.5300764441490173,0.5135318636894226,0.5027114748954773,0.4927654266357422,0.5292119979858398,0.527637779712677,0.5363016724586487,0.5421177744865417,0.5337821841239929,0.5317386984825134,0.5381555557250977,0.543613076210022,0.5388667583465576,0.536797046661377,0.5425264239311218,0.5476841330528259,0.5670228004455566,0.5292487144470215,0.5042749047279358,0.4864838123321533,0.4718599021434784,0.525676429271698,0.5304442048072815,0.5340073108673096,0.5367879867553711,0.5459738969802856,0.547464907169342,0.5469584465026855,0.5468668341636658,0.5661983489990234,0.5642781257629395,0.5625566244125366,0.5625178813934326,0.5835689902305603,0.5819365978240967,0.5785424113273621,0.5774597525596619,939
,,,,,,,,,,,,,,,,,,,,,,,,,,,,,,,,,,,,,,,,,,chandrakala,left,0.5642980933189392,0.45694929361343384,0.35591739416122437,0.25555264949798584,0.1758168637752533,0.4311700165271759,0.3897957503795624,0.3665396571159363,0.35541069507598877,0.49813854694366455,0.5018438696861267,0.49452340602874756,0.49299949407577515,0.5616806149482727,0.5671651363372803,0.5456883907318115,0.5309256315231323,0.6198173761367798,0.6258060336112976,0.5952484011650085,0.5741199254989624,0.9711872935295105,0.8984683752059937,0.8114584684371948,0.7645004391670227,0.7495723962783813,0.539784848690033,0.35317566990852356,0.24991092085838318,0.16228431463241577,0.5369218587875366,0.4005168080329895,0.5505963563919067,0.6847391128540039,0.5745795369148254,0.4812864363193512,0.6347265243530273,0.7481623291969299,0.6324425339698792,0.5493571758270264,0.6405730843544006,0.7230014801025391,940
,,,,,,,,,,,,,,,,,,,,,,,,,,,,,,,,,,,,,,,,,,chandrakala,left,0.469793438911438,0.543562114238739,0.5356550216674805,0.5202929973602295,0.5269112586975098,0.38568684458732605,0.29437291622161865,0.2419237494468689,0.2015564888715744,0.3370269536972046,0.2652284502983093,0.23581384122371674,0.205792635679245,0.31249693036079407,0.3053552806377411,0.36582818627357483,0.4049108326435089,0.30305856466293335,0.31329742074012756,0.3601527512073517,0.3920421898365021,0.9305595755577087,0.6901870369911194,0.49954426288604736,0.350751668214798,0.231170192360878,0.44376638531684875,0.3253699839115143,0.26665520668029785,0.21640419960021973,0.53327476978302,0.41745176911354065,0.32695162296295166,0.2610517740249634,0.6400322914123535,0.5820494890213013,0.6082381010055542,0.6267518997192383,0.7254612445831299,0.6934791803359985,0.7074085474014282,0.7300146818161011,941
0.7218459844589233,0.5805440545082092,0.4417780637741089,0.3152827024459839,0.2157403826713562,0.5282763838768005,0.3304283320903778,0.2552970051765442,0.19959166646003723,0.5711490511894226,0.35777193307876587,0.380864679813385,0.4326362907886505,0.588952898979187,0.41995272040367126,0.43700867891311646,0.48368722200393677,0.5973653197288513,0.5073822736740112,0.4730550944805145,0.45437130331993103,0.6003643274307251,0.6139237880706787,0.5817926526069641,0.5546342730522156,0.5346903204917908,0.4525850713253021,0.4434114992618561,0.4504495859146118,0.4404411315917969,0.44385501742362976,0.477683961391449,0.5428720712661743,0.572372555732727,0.44674578309059143,0.48280590772628784,0.5359382629394531,0.554907500743866,0.4489265978336334,0.40459027886390686,0.37464627623558044,0.3440241515636444,bhramara,right,,,,,,,,,,,,,,,,,,,,,,,,,,,,,,,,,,,,,,,,,,,942
0.8563588857650757,0.7556116580963135,0.5985267758369446,0.46225887537002563,0.35468852519989014,0.5673591494560242,0.41591089963912964,0.36614522337913513,0.3228175640106201,0.5779908299446106,0.4581911265850067,0.4768851697444916,0.5009937882423401,0.5819931030273438,0.4754701852798462,0.4814031720161438,0.49192193150520325,0.583729088306427,0.481071799993515,0.4151622951030731,0.35834115743637085,0.5251993536949158,0.5542801022529602,0.5621306300163269,0.5713874101638794,0.5864751935005188,0.43320992588996887,0.4884890019893646,0.5384595394134521,0.5710290670394897,0.4192808270454407,0.49347540736198425,0.5499529838562012,0.5841004252433777,0.4240744709968567,0.4814317226409912,0.5219614505767822,0.5437593460083008,0.4341457188129425,0.4272255301475525,0.4148523807525635,0.4087694585323334,bhramara,right,,,,,,,,,,,,,,,,,,,,,,,,,,,,,,,,,,,,,,,,,,,943
0.9570915102958679,0.8199849724769592,0.6672468185424805,0.5366654396057129,0.44398969411849976,0.6292338967323303,0.5253502130508423,0.581281840801239,0.6192975640296936,0.6607983708381653,0.5014025568962097,0.5184031128883362,0.5390190482139587,0.6907768249511719,0.5624063014984131,0.61748868227005,0.6759445071220398,0.7130714654922485,0.6122626662254333,0.565474808216095,0.5257749557495117,0.5288689732551575,0.5918768048286438,0.599598228931427,0.5968784689903259,0.585252046585083,0.45911890268325806,0.5201054811477661,0.5575768351554871,0.5699081420898438,0.43318045139312744,0.4882940948009491,0.5446526408195496,0.5794990062713623,0.42019546031951904,0.4803333580493927,0.5334529280662537,0.54994136095047,0.41199249029159546,0.3737708330154419,0.3449326157569885,0.31054094433784485,bhramara,right,,,,,,,,,,,,,,,,,,,,,,,,,,,,,,,,,,,,,,,,,,,944
,,,,,,,,,,,,,,,,,,,,,,,,,,,,,,,,,,,,,,,,,,hanspaksha,left,0.9422719478607178,0.8238468170166016,0.7058731913566589,0.5995813608169556,0.5225436687469482,0.6334592700004578,0.5183674693107605,0.45292556285858154,0.39288872480392456,0.6025559902191162,0.48760658502578735,0.42785683274269104,0.39489585161209106,0.598038911819458,0.47865501046180725,0.4297219514846802,0.40081101655960083,0.610874354839325,0.49674171209335327,0.4174383878707886,0.3561363220214844,0.6301314234733582,0.5289236307144165,0.4893033802509308,0.48232945799827576,0.4944516718387604,0.5416666865348816,0.5391278862953186,0.5315936207771301,0.5180531740188599,0.5904431939125061,0.5858075022697449,0.561048150062561,0.5300654768943787,0.6409785151481628,0.6342626810073853,0.6018508672714233,0.5650497674942017,0.6948937773704529,0.7061586380004883,0.7109087109565735,0.7057594060897827,945
,,,,,,,,,,,,,,,,,,,,,,,,,,,,,,,,,,,,,,,,,,soochi,left,0.6338935494422913,0.5647448897361755,0.4725533723831177,0.4204404056072235,0.43516892194747925,0.3974180221557617,0.29310691356658936,0.23244579136371613,0.180954247713089,0.42866581678390503,0.3795507252216339,0.4530784487724304,0.49988487362861633,0.4675523340702057,0.43059641122817993,0.49539366364479065,0.5407841801643372,0.5136103630065918,0.4812315106391907,0.5201898813247681,0.5526374578475952,0.6582490801811218,0.7322311997413635,0.7446478605270386,0.6418160200119019,0.5280203819274902,0.6468693017959595,0.6267799139022827,0.6208826303482056,0.6026852130889893,0.5565870404243469,0.5349200367927551,0.5851865410804749,0.6121240854263306,0.48503249883651733,0.4726198613643646,0.5541386604309082,0.5948647260665894,0.4207678437232971,0.4209448993206024,0.49221646785736084,0.5309751033782959,946
,,,,,,,,,,,,,,,,,,,,,,,,,,,,,,,,,,,,,,,,,,soochi,left,0.5280985236167908,0.43875831365585327,0.3651668429374695,0.3558034300804138,0.4177809953689575,0.38442543148994446,0.3437076807022095,0.3626185357570648,0.3896642327308655,0.4312719702720642,0.39407628774642944,0.41685914993286133,0.43360257148742676,0.47534385323524475,0.44309693574905396,0.4559367597103119,0.47238606214523315,0.5254888534545898,0.5004512071609497,0.49774596095085144,0.5022839903831482,0.889376163482666,0.8283585906028748,0.7414608597755432,0.5994017720222473,0.5393919944763184,0.5947175621986389,0.4925990104675293,0.5985552072525024,0.6682413816452026,0.5689112544059753,0.46850937604904175,0.6100510358810425,0.6779640316963196,0.5585483312606812,0.4595186412334442,0.6027688384056091,0.6916590929031372,0.5734430551528931,0.48534297943115234,0.5732975602149963,0.6458311676979065,947
,,,,,,,,,,,,,,,,,,,,,,,,,,,,,,,,,,,,,,,,,,soochi,left,0.6253474354743958,0.5545809268951416,0.49271348118782043,0.4830068349838257,0.5237255692481995,0.4833739697933197,0.4312204122543335,0.4069741666316986,0.39640167355537415,0.5209425687789917,0.499712198972702,0.5214738845825195,0.5400388240814209,0.56080162525177,0.5473893880844116,0.5592638850212097,0.5746331810951233,0.6055437326431274,0.5890273451805115,0.5927061438560486,0.6021314859390259,0.6574984788894653,0.6516067981719971,0.5700472593307495,0.4470270574092865,0.37122300267219543,0.4803289771080017,0.39388978481292725,0.35786065459251404,0.33630168437957764,0.4464316964149475,0.35480797290802,0.4311535060405731,0.49958330392837524,0.43158969283103943,0.35045140981674194,0.44858232140541077,0.5265985131263733,0.43087249994277954,0.3755587935447693,0.4387008547782898,0.4961082935333252,948
,,,,,,,,,,,,,,,,,,,,,,,,,,,,,,,,,,,,,,,,,,soochi,left,0.6769065856933594,0.6191316843032837,0.580744206905365,0.5916579365730286,0.6318315267562866,0.5369941592216492,0.5288419127464294,0.5498764514923096,0.5590731501579285,0.5796580910682678,0.5864404439926147,0.6148377060890198,0.621350884437561,0.6269581317901611,0.6329811215400696,0.6508927941322327,0.652536153793335,0.6734412312507629,0.6767629384994507,0.6826581954956055,0.6812881827354431,0.7703267335891724,0.7114784121513367,0.6078602075576782,0.48650383949279785,0.43572166562080383,0.5547400712966919,0.44779425859451294,0.4965343475341797,0.5499675273895264,0.5301962494850159,0.42939725518226624,0.5032796859741211,0.5534385442733765,0.5211803913116455,0.4349208176136017,0.522014319896698,0.5784710645675659,0.5315843820571899,0.4591396152973175,0.5192954540252686,0.5688443183898926,949
,,,,,,,,,,,,,,,,,,,,,,,,,,,,,,,,,,,,,,,,,,soochi,left,0.5963050723075867,0.5380518436431885,0.5002265572547913,0.515529990196228,0.5504093766212463,0.42692506313323975,0.4168722629547119,0.4272838830947876,0.4223034083843231,0.4732988476753235,0.4994053840637207,0.5299304127693176,0.5279033780097961,0.5224096775054932,0.5460211038589478,0.570961594581604,0.5661448836326599,0.5654457807540894,0.581845760345459,0.5961117744445801,0.5934836268424988,0.8877832889556885,0.8149484992027283,0.6999752521514893,0.5755946636199951,0.5258606672286987,0.6562171578407288,0.5426530838012695,0.5700867772102356,0.6061908006668091,0.6330548524856567,0.5145113468170166,0.5905749201774597,0.6473193764686584,0.6221215128898621,0.5214477777481079,0.6126136183738708,0.668610692024231,0.6317183375358582,0.5426420569419861,0.6128031611442566,0.6681240797042847,950
,,,,,,,,,,,,,,,,,,,,,,,,,,,,,,,,,,,,,,,,,,aral,left,0.6614972949028015,0.5567144751548767,0.4533586800098419,0.3911072313785553,0.4062134325504303,0.46529340744018555,0.4077337980270386,0.39013993740081787,0.3863442540168762,0.49103301763534546,0.41329848766326904,0.36139410734176636,0.3171558976173401,0.5282453298568726,0.45537567138671875,0.402752161026001,0.357327401638031,0.5822815299034119,0.5267155766487122,0.486209511756897,0.4489707946777344,0.8905901908874512,0.942023515701294,0.9066289663314819,0.8049886226654053,0.6981041431427002,0.6936013698577881,0.5919855237007141,0.622678816318512,0.6666176915168762,0.6214529275894165,0.4887430965900421,0.4170326292514801,0.3542073965072632,0.5778852105140686,0.4557498097419739,0.3893035650253296,0.3376309275627136,0.5482693910598755,0.44902878999710083,0.3990316390991211,0.3590582609176636,951
,,,,,,,,,,,,,,,,,,,,,,,,,,,,,,,,,,,,,,,,,,aral,left,0.620470404624939,0.48621082305908203,0.4036296010017395,0.36346256732940674,0.36965954303741455,0.4357988238334656,0.3895719051361084,0.36246591806411743,0.34013187885284424,0.46447089314460754,0.3955138325691223,0.3462069034576416,0.30067625641822815,0.5027435421943665,0.4310491681098938,0.37977880239486694,0.33339279890060425,0.5601229667663574,0.5026354789733887,0.4602985084056854,0.4157421886920929,0.8822019696235657,0.9067002534866333,0.868432343006134,0.7642737030982971,0.6619214415550232,0.7207520604133606,0.6378726959228516,0.6087711453437805,0.5911721587181091,0.6411982178688049,0.5072701573371887,0.4254230260848999,0.360850065946579,0.5813758969306946,0.47097712755203247,0.39937978982925415,0.34315186738967896,0.5316461324691772,0.43554872274398804,0.39186355471611023,0.35373520851135254,952
,,,,,,,,,,,,,,,,,,,,,,,,,,,,,,,,,,,,,,,,,,kapitth,left,0.6674937605857849,0.565191388130188,0.45268484950065613,0.39136767387390137,0.376088410615921,0.42258593440055847,0.35243654251098633,0.33720195293426514,0.3491079807281494,0.48886555433273315,0.46467265486717224,0.5087292194366455,0.5410687923431396,0.5643897652626038,0.5437180399894714,0.5806256532669067,0.6037733554840088,0.6408780813217163,0.6239900588989258,0.6367444396018982,0.6463021039962769,0.767095685005188,0.7959342002868652,0.7597379684448242,0.6920316219329834,0.5918561816215515,0.5104986429214478,0.3573482036590576,0.39796745777130127,0.4943848252296448,0.4239710569381714,0.5899679064750671,0.7279162406921387,0.7486216425895691,0.4049975872039795,0.6147174835205078,0.7200607061386108,0.7069157361984253,0.4072868824005127,0.5776844024658203,0.6796658039093018,0.6854425668716431,953
0.6167771220207214,0.5022011399269104,0.3846994936466217,0.2942807078361511,0.2352832704782486,0.4439478814601898,0.3284837603569031,0.27183079719543457,0.2422577142715454,0.5021145939826965,0.401897132396698,0.4022907614707947,0.42853131890296936,0.5445550084114075,0.4615928828716278,0.46209946274757385,0.4842276871204376,0.5731731653213501,0.5060480237007141,0.5012601613998413,0.5206609964370728,0.8587679862976074,0.8888489007949829,0.7919024229049683,0.6488932371139526,0.5368764996528625,0.6440023183822632,0.5116147994995117,0.47179165482521057,0.4465198218822479,0.5569560527801514,0.4263722896575928,0.4820367991924286,0.5414025783538818,0.5141158699989319,0.39549320936203003,0.4685900807380676,0.5339542031288147,0.49409615993499756,0.40592190623283386,0.45916974544525146,0.5154786109924316,kapitth,right,,,,,,,,,,,,,,,,,,,,,,,,,,,,,,,,,,,,,,,,,,,954
0.506460964679718,0.5613155961036682,0.6034957766532898,0.6269153952598572,0.6337634921073914,0.5741773247718811,0.6023417115211487,0.5946231484413147,0.5809696316719055,0.5498735904693604,0.580598771572113,0.5692046880722046,0.5531350374221802,0.5205171704292297,0.5533907413482666,0.5442695021629333,0.5276868939399719,0.484178364276886,0.5108460187911987,0.5055766701698303,0.4933449923992157,0.7813844680786133,0.7701989412307739,0.7395226359367371,0.7179213166236877,0.6987909078598022,0.551337718963623,0.5718441605567932,0.6489483118057251,0.6660760641098022,0.5087125301361084,0.5554149746894836,0.6397542953491211,0.6463423371315002,0.4904511272907257,0.5236806869506836,0.6129521131515503,0.6173667311668396,0.4885748624801636,0.5156592130661011,0.5852896571159363,0.5940424799919128,shikhar,right,,,,,,,,,,,,,,,,,,,,,,,,,,,,,,,,,,,,,,,,,,,955
,,,,,,,,,,,,,,,,,,,,,,,,,,,,,,,,,,,,,,,,,,shikhar,left,0.6099686622619629,0.5049103498458862,0.4083675146102905,0.3371446430683136,0.3022646903991699,0.4486139416694641,0.45225268602371216,0.4692569673061371,0.46652162075042725,0.5258203148841858,0.5256701111793518,0.5258979201316833,0.51821368932724,0.6008377075195312,0.6030790209770203,0.5931563973426819,0.5853796005249023,0.6658493876457214,0.6649645566940308,0.6518211364746094,0.6502370834350586,0.7763570547103882,0.7523974180221558,0.655452311038971,0.5727373957633972,0.530385434627533,0.3882041275501251,0.35613274574279785,0.5129124522209167,0.5222567319869995,0.3685101270675659,0.3287389576435089,0.5362092852592468,0.5159175395965576,0.3783542513847351,0.3602815866470337,0.5451709628105164,0.5323957204818726,0.4052030146121979,0.42421990633010864,0.5415915846824646,0.5297003388404846,956
,,,,,,,,,,,,,,,,,,,,,,,,,,,,,,,,,,,,,,,,,,singhamukh,left,0.541619062423706,0.4818423390388489,0.4396458864212036,0.4418230354785919,0.477042555809021,0.31998157501220703,0.24561947584152222,0.19994063675403595,0.16268905997276306,0.37412750720977783,0.35827314853668213,0.41048210859298706,0.43960294127464294,0.42844870686531067,0.421514630317688,0.44931814074516296,0.45519912242889404,0.4733941853046417,0.4711107611656189,0.48839396238327026,0.4906684160232544,0.8829809427261353,0.8102821111679077,0.6755647659301758,0.48475927114486694,0.34767597913742065,0.6358746886253357,0.47344350814819336,0.3597490191459656,0.25431087613105774,0.5733234286308289,0.45255017280578613,0.5267078280448914,0.5806071758270264,0.5248871445655823,0.4256519377231598,0.5296911597251892,0.5928074717521667,0.48857763409614563,0.40645432472229004,0.4142255187034607,0.41533130407333374,957
0.5473110675811768,0.5201226472854614,0.47384655475616455,0.44168591499328613,0.4139377176761627,0.39004892110824585,0.3103187382221222,0.26599767804145813,0.22972069680690765,0.4085938334465027,0.3241182565689087,0.28771570324897766,0.2529829740524292,0.43767136335372925,0.40099668502807617,0.43095532059669495,0.4447045624256134,0.4729445278644562,0.44678908586502075,0.4618973731994629,0.4743505120277405,0.8764358758926392,0.7877974510192871,0.6336796283721924,0.4706040620803833,0.3628254532814026,0.6433849930763245,0.43854591250419617,0.3145439922809601,0.21168363094329834,0.6319530606269836,0.42939430475234985,0.31360453367233276,0.23617053031921387,0.629402756690979,0.4501286745071411,0.46751320362091064,0.5168474316596985,0.6099413633346558,0.4592457413673401,0.4443681240081787,0.4597288966178894,singhamukh,right,,,,,,,,,,,,,,,,,,,,,,,,,,,,,,,,,,,,,,,,,,,958
,,,,,,,,,,,,,,,,,,,,,,,,,,,,,,,,,,,,,,,,,,singhamukh,left,0.6094579696655273,0.6238833665847778,0.5900759696960449,0.5387539267539978,0.4944506585597992,0.5127636790275574,0.4317728281021118,0.3745015859603882,0.3305124342441559,0.4807341694831848,0.3819628357887268,0.32001209259033203,0.2797805070877075,0.46556490659713745,0.3942347764968872,0.38816845417022705,0.391939252614975,0.45771506428718567,0.38662904500961304,0.3533422350883484,0.334833562374115,0.7531645894050598,0.6113027930259705,0.4725191295146942,0.3778764605522156,0.32974886894226074,0.5050047039985657,0.38236725330352783,0.30530375242233276,0.24064400792121887,0.5596842765808105,0.4375605881214142,0.3382972180843353,0.2727133333683014,0.6249762773513794,0.5021803379058838,0.4482695758342743,0.428213894367218,0.6809783577919006,0.6180172562599182,0.5892972946166992,0.5611885786056519,959
0.697927713394165,0.6375854015350342,0.5476914048194885,0.470572829246521,0.4138067960739136,0.47176438570022583,0.34374722838401794,0.2715967893600464,0.21212773025035858,0.4681473970413208,0.39237499237060547,0.40487879514694214,0.4240197241306305,0.47962403297424316,0.39952415227890015,0.40501993894577026,0.4167991876602173,0.4929964542388916,0.40310144424438477,0.3611583709716797,0.3341214060783386,0.7594751715660095,0.5736687779426575,0.493148535490036,0.4500004053115845,0.4230346083641052,0.6374987363815308,0.5959675312042236,0.5691379308700562,0.5474806427955627,0.7106228470802307,0.604098916053772,0.5191872119903564,0.47098228335380554,0.7636280059814453,0.6653334498405457,0.5761546492576599,0.5244286060333252,0.8023556470870972,0.8091380596160889,0.7872523069381714,0.7818883061408997,singhamukh,right,,,,,,,,,,,,,,,,,,,,,,,,,,,,,,,,,,,,,,,,,,,960
0.6155672669410706,0.664279043674469,0.6948671936988831,0.70539790391922,0.7041590809822083,0.6729069352149963,0.6779865622520447,0.6777724027633667,0.6759371757507324,0.6461496353149414,0.6507266163825989,0.6544869542121887,0.6549967527389526,0.620635986328125,0.627479076385498,0.6365434527397156,0.6416862607002258,0.5934861302375793,0.5961650609970093,0.6076016426086426,0.6204379200935364,0.6150296926498413,0.5869300365447998,0.5080365538597107,0.4299362003803253,0.36882802844047546,0.3892350494861603,0.29445773363113403,0.23941965401172638,0.19060273468494415,0.37776434421539307,0.2731911242008209,0.20266324281692505,0.14776133000850677,0.3876321315765381,0.30276983976364136,0.29511186480522156,0.30226442217826843,0.40807121992111206,0.3328832685947418,0.3121653199195862,0.3071245551109314,ardhapataka,right,,,,,,,,,,,,,,,,,,,,,,,,,,,,,,,,,,,,,,,,,,,961
0.6222242116928101,0.6795719861984253,0.7065576314926147,0.7131679058074951,0.7189010977745056,0.6846797466278076,0.6863301396369934,0.6840322017669678,0.6770177483558655,0.6583021283149719,0.6586148738861084,0.6582505702972412,0.6545155048370361,0.6302434802055359,0.6330744028091431,0.6357589364051819,0.6393299102783203,0.5996582508087158,0.6018397212028503,0.6139663457870483,0.6275977492332458,0.6378509402275085,0.6051859855651855,0.5321379899978638,0.4741387963294983,0.4274914264678955,0.4254800081253052,0.33883655071258545,0.2801722586154938,0.2310810089111328,0.4230397641658783,0.31817758083343506,0.24802547693252563,0.1933310627937317,0.4377489387989044,0.34426552057266235,0.29445451498031616,0.2562254071235657,0.4668152630329132,0.40255647897720337,0.3715696334838867,0.34974879026412964,ardhapataka,right,,,,,,,,,,,,,,,,,,,,,,,,,,,,,,,,,,,,,,,,,,,962
0.6036363244056702,0.642337441444397,0.6656064391136169,0.6576476693153381,0.6483730673789978,0.6642106175422668,0.6720514893531799,0.6710505485534668,0.6676815152168274,0.6373403668403625,0.6418359875679016,0.6452186703681946,0.6428395509719849,0.6109354496002197,0.6215177774429321,0.6323255896568298,0.6352596282958984,0.5842965841293335,0.5910377502441406,0.5957832336425781,0.5988019704818726,0.6548076868057251,0.6222026348114014,0.5418782234191895,0.467536985874176,0.40902188420295715,0.43679189682006836,0.3343319296836853,0.27384093403816223,0.22186732292175293,0.4239659607410431,0.31379950046539307,0.23825392127037048,0.18151110410690308,0.42894572019577026,0.3532758355140686,0.3948323130607605,0.4361538887023926,0.442585289478302,0.36484915018081665,0.31926125288009644,0.27601563930511475,mayur,right,,,,,,,,,,,,,,,,,,,,,,,,,,,,,,,,,,,,,,,,,,,963
,,,,,,,,,,,,,,,,,,,,,,,,,,,,,,,,,,,,,,,,,,pataka,left,0.5240129232406616,0.3875706195831299,0.29265373945236206,0.27077919244766235,0.30340227484703064,0.4099104702472687,0.4165666699409485,0.4347684979438782,0.459176629781723,0.5082394480705261,0.5174010992050171,0.5262399911880493,0.5375093817710876,0.5963480472564697,0.6070035696029663,0.6079705357551575,0.6051732301712036,0.6872926354408264,0.7016361951828003,0.6956867575645447,0.6842049956321716,0.8662247657775879,0.7845097780227661,0.6782203912734985,0.5786750912666321,0.5002976655960083,0.45722219347953796,0.30170702934265137,0.21046188473701477,0.1313781440258026,0.45002374053001404,0.2774566411972046,0.1740308701992035,0.08311143517494202,0.47346290946006775,0.31452038884162903,0.2154855728149414,0.12927350401878357,0.526272177696228,0.40238967537879944,0.32256942987442017,0.24875791370868683,964
,,,,,,,,,,,,,,,,,,,,,,,,,,,,,,,,,,,,,,,,,,pataka,left,0.5293904542922974,0.4769366681575775,0.43724873661994934,0.4301588833332062,0.4486047625541687,0.480184942483902,0.4562094211578369,0.44591641426086426,0.44037187099456787,0.5238139033317566,0.5028666257858276,0.49035194516181946,0.47880497574806213,0.5639792084693909,0.5459394454956055,0.5313635468482971,0.5182891488075256,0.6049745082855225,0.5996320247650146,0.5876531600952148,0.5748376250267029,0.8161455392837524,0.7852689027786255,0.732040524482727,0.679381251335144,0.6289140582084656,0.6153470873832703,0.5312665700912476,0.4824371039867401,0.4392850399017334,0.6046443581581116,0.5081110000610352,0.4492669701576233,0.4008588492870331,0.6137431859970093,0.5237670540809631,0.4686065912246704,0.4197956919670105,0.6396520137786865,0.5686235427856445,0.5234125256538391,0.4810584783554077,965
0.49531400203704834,0.6411620378494263,0.7466398477554321,0.7532162666320801,0.6608076095581055,0.5778023600578308,0.5618531107902527,0.5606786012649536,0.5573408603668213,0.46953603625297546,0.4350893199443817,0.4260449707508087,0.4195747375488281,0.38278788328170776,0.34092462062835693,0.34247153997421265,0.35082748532295227,0.3075314164161682,0.28472062945365906,0.28540802001953125,0.29984769225120544,0.8450875282287598,0.811613142490387,0.6860877871513367,0.587922215461731,0.5809234380722046,0.46972936391830444,0.31346410512924194,0.3517415225505829,0.41936689615249634,0.4636068344116211,0.28619974851608276,0.16524823009967804,0.06546851992607117,0.49310919642448425,0.36375683546066284,0.3450425863265991,0.3420557975769043,0.53949373960495,0.41292616724967957,0.33550649881362915,0.2692157030105591,shuktund,right,,,,,,,,,,,,,,,,,,,,,,,,,,,,,,,,,,,,,,,,,,,966
0.7982175350189209,0.7167059183120728,0.6030207872390747,0.5604194402694702,0.535669207572937,0.4170498549938202,0.26199960708618164,0.22497263550758362,0.2243463695049286,0.44241586327552795,0.2576568126678467,0.2328162044286728,0.2541170120239258,0.5017567873001099,0.3454248011112213,0.32907575368881226,0.34024304151535034,0.5877107977867126,0.5019279718399048,0.4847954213619232,0.480180948972702,0.7763421535491943,0.6428091526031494,0.5544652342796326,0.46636712551116943,0.38835322856903076,0.6833649277687073,0.6080313324928284,0.514843225479126,0.43840640783309937,0.7168605327606201,0.6281458139419556,0.5204775333404541,0.43969547748565674,0.7264193892478943,0.6452942490577698,0.5408970713615417,0.46687793731689453,0.7094146013259888,0.6171892881393433,0.5392130613327026,0.4803653359413147,padmakosh,right,,,,,,,,,,,,,,,,,,,,,,,,,,,,,,,,,,,,,,,,,,,967
,,,,,,,,,,,,,,,,,,,,,,,,,,,,,,,,,,,,,,,,,,padmakosh,left,0.5018104314804077,0.4749627113342285,0.488482266664505,0.5095726847648621,0.5167815089225769,0.558781623840332,0.574299693107605,0.5801400542259216,0.5832520723342896,0.5846836566925049,0.6039936542510986,0.6094103455543518,0.6110125780105591,0.6066306829452515,0.6250215172767639,0.6264578700065613,0.622775137424469,0.6269971132278442,0.6441998481750488,0.6454097628593445,0.6432532072067261,0.7125675082206726,0.6025627851486206,0.48658740520477295,0.3977174162864685,0.32313287258148193,0.5008031129837036,0.4105945825576782,0.348640501499176,0.2957330346107483,0.5155614018440247,0.4152334928512573,0.34634920954704285,0.28634440898895264,0.5435104370117188,0.4434901475906372,0.37351012229919434,0.31108352541923523,0.5858287811279297,0.4878362715244293,0.4202996790409088,0.361253023147583,968
,,,,,,,,,,,,,,,,,,,,,,,,,,,,,,,,,,,,,,,,,,mayur,left,0.5154359340667725,0.40185660123825073,0.3519315719604492,0.41694098711013794,0.4977174997329712,0.3456663489341736,0.32635498046875,0.3365534543991089,0.35846567153930664,0.4644995331764221,0.44719910621643066,0.4603903889656067,0.4691869914531708,0.5696111917495728,0.5839707255363464,0.560565710067749,0.5320214033126831,0.6631685495376587,0.6870636940002441,0.6949057579040527,0.6979971528053284,0.9396306872367859,0.8679766654968262,0.751800537109375,0.6444368958473206,0.5458619594573975,0.5240731835365295,0.34580138325691223,0.245566725730896,0.1554906964302063,0.507048487663269,0.30866479873657227,0.18846139311790466,0.08496871590614319,0.5305335521697998,0.3759342133998871,0.45883268117904663,0.5267740488052368,0.5793721675872803,0.44216328859329224,0.3597540855407715,0.2752376198768616,969
0.6279425024986267,0.6755326986312866,0.6774798631668091,0.6200262308120728,0.557640790939331,0.6900267601013184,0.6751227378845215,0.6575673222541809,0.6361344456672668,0.6321150660514832,0.6207103133201599,0.5947840213775635,0.5711668729782104,0.5805213451385498,0.5559439659118652,0.5356771349906921,0.5213833451271057,0.5349094271659851,0.5116590261459351,0.5038917064666748,0.5052179098129272,0.7802015542984009,0.7618741989135742,0.6733881235122681,0.5822910666465759,0.5046261548995972,0.487970232963562,0.3311007618904114,0.2368684560060501,0.15725423395633698,0.46751868724823,0.30353665351867676,0.19852516055107117,0.11893004179000854,0.4812866151332855,0.3742094337940216,0.40274861454963684,0.4307997226715088,0.5122756958007812,0.4053899049758911,0.35110798478126526,0.305973082780838,mayur,right,,,,,,,,,,,,,,,,,,,,,,,,,,,,,,,,,,,,,,,,,,,970
,,,,,,,,,,,,,,,,,,,,,,,,,,,,,,,,,,,,,,,,,,mayur,left,0.5415740609169006,0.4940590262413025,0.4699326753616333,0.49550119042396545,0.5428575277328491,0.4818774461746216,0.4872959852218628,0.4946761429309845,0.5032214522361755,0.52750563621521,0.523676335811615,0.5269937515258789,0.5284754037857056,0.5695143342018127,0.5735362768173218,0.567051112651825,0.5573179721832275,0.6106994152069092,0.6145785450935364,0.6117276549339294,0.605559766292572,0.8232506513595581,0.754756510257721,0.6376413106918335,0.5360356569290161,0.47647884488105774,0.4577395021915436,0.312031090259552,0.22972646355628967,0.15849709510803223,0.4501393437385559,0.28771519660949707,0.1882338523864746,0.10469943284988403,0.47582679986953735,0.3529665172100067,0.39929836988449097,0.4413120448589325,0.517232358455658,0.39566540718078613,0.31478187441825867,0.23876772820949554,971
0.4540262520313263,0.500296413898468,0.4922163188457489,0.4004099667072296,0.30121204257011414,0.48221880197525024,0.4932643175125122,0.49809324741363525,0.5002644062042236,0.4050580561161041,0.42629119753837585,0.4307525157928467,0.44176143407821655,0.33280742168426514,0.31880104541778564,0.29772984981536865,0.28755590319633484,0.27048707008361816,0.23324616253376007,0.2251695841550827,0.2294279783964157,0.7937341928482056,0.782738208770752,0.6962630748748779,0.6271218657493591,0.5696001648902893,0.516606330871582,0.36055678129196167,0.2709586024284363,0.1940729320049286,0.5000990033149719,0.339779257774353,0.23896488547325134,0.15142130851745605,0.5145725011825562,0.39264562726020813,0.4647604823112488,0.5213110446929932,0.5465348362922668,0.4514443278312683,0.3955354690551758,0.33870694041252136,mayur,right,,,,,,,,,,,,,,,,,,,,,,,,,,,,,,,,,,,,,,,,,,,972
0.38064953684806824,0.5172532200813293,0.6376338005065918,0.746877908706665,0.8360159397125244,0.5163570642471313,0.5222389101982117,0.516518771648407,0.5047536492347717,0.42714476585388184,0.43050628900527954,0.4296059012413025,0.4283835291862488,0.3390481472015381,0.3400106430053711,0.34299054741859436,0.35015660524368286,0.25476789474487305,0.25576353073120117,0.25986534357070923,0.2712835669517517,0.7936713695526123,0.7335543036460876,0.6451340317726135,0.5825812816619873,0.5357878804206848,0.47040656208992004,0.3349449038505554,0.2542478144168854,0.18459227681159973,0.4695080518722534,0.32174158096313477,0.23147276043891907,0.15733680129051208,0.4967503547668457,0.36017173528671265,0.2772577404975891,0.2041882872581482,0.5421186685562134,0.4386323094367981,0.3723408281803131,0.30788886547088623,ardhachandra,right,,,,,,,,,,,,,,,,,,,,,,,,,,,,,,,,,,,,,,,,,,,973
0.3264111280441284,0.4657728374004364,0.5810576677322388,0.7033333778381348,0.8040444850921631,0.45413678884506226,0.44641298055648804,0.43088337779045105,0.41223815083503723,0.37401068210601807,0.3592301905155182,0.34616076946258545,0.33117908239364624,0.2959897518157959,0.2798059284687042,0.2670363187789917,0.25550377368927,0.22380182147026062,0.21493631601333618,0.20837122201919556,0.20453158020973206,0.8286396265029907,0.7706332802772522,0.6911145448684692,0.644137442111969,0.6336574554443359,0.48323389887809753,0.34763485193252563,0.2671552300453186,0.19314727187156677,0.48329293727874756,0.332522988319397,0.2393241822719574,0.15551096200942993,0.5108493566513062,0.38181400299072266,0.2946283221244812,0.21888887882232666,0.5629598498344421,0.4570472240447998,0.3895445466041565,0.3241305351257324,ardhachandra,right,,,,,,,,,,,,,,,,,,,,,,,,,,,,,,,,,,,,,,,,,,,974
0.6356837749481201,0.7304326295852661,0.7523329257965088,0.7663241624832153,0.8052363395690918,0.6036860346794128,0.45866304636001587,0.3867931067943573,0.32485246658325195,0.48454394936561584,0.34101638197898865,0.25470805168151855,0.1884954273700714,0.39911583065986633,0.2752224802970886,0.19706997275352478,0.13174837827682495,0.3374389410018921,0.23138540983200073,0.1616216003894806,0.10122492909431458,0.5300685167312622,0.5403587222099304,0.4727744460105896,0.34895920753479004,0.23076540231704712,0.3350382149219513,0.46881935000419617,0.5823940634727478,0.6651095747947693,0.3196288049221039,0.4780484735965729,0.6079729795455933,0.7124994397163391,0.3350844085216522,0.4624595642089844,0.5769120454788208,0.6655153036117554,0.3696415424346924,0.30693861842155457,0.22780093550682068,0.15643568336963654,mrigasheesh,right,,,,,,,,,,,,,,,,,,,,,,,,,,,,,,,,,,,,,,,,,,,975
0.4987048804759979,0.5585050582885742,0.612918496131897,0.6589321494102478,0.7018199563026428,0.5449799299240112,0.5353261232376099,0.5093586444854736,0.48652634024620056,0.49991533160209656,0.48629534244537354,0.46886730194091797,0.4565986394882202,0.46013426780700684,0.4441675543785095,0.4360384941101074,0.43411803245544434,0.4226842522621155,0.41829487681388855,0.41401124000549316,0.4130093455314636,0.6680984497070312,0.637303352355957,0.568347692489624,0.5050479769706726,0.4647290110588074,0.46828100085258484,0.4364393353462219,0.4661542475223541,0.49714478850364685,0.45557764172554016,0.435895711183548,0.47241103649139404,0.5048771500587463,0.4563332796096802,0.42833074927330017,0.46295663714408875,0.49514544010162354,0.46592751145362854,0.379743367433548,0.3200252056121826,0.2683553099632263,mrigasheesh,right,,,,,,,,,,,,,,,,,,,,,,,,,,,,,,,,,,,,,,,,,,,976
0.47469350695610046,0.6374697685241699,0.7206118106842041,0.7405270338058472,0.7807289361953735,0.6069136261940002,0.5959190130233765,0.5762445330619812,0.5532013773918152,0.49762609601020813,0.478161096572876,0.46527019143104553,0.4478811025619507,0.3924824297428131,0.36284470558166504,0.3698091208934784,0.37729543447494507,0.29011303186416626,0.25246700644493103,0.23011338710784912,0.22302263975143433,0.8367946147918701,0.7634613513946533,0.6109403371810913,0.48725995421409607,0.4029095470905304,0.5290380716323853,0.46013662219047546,0.4560982882976532,0.468333899974823,0.5228395462036133,0.44080984592437744,0.4390833079814911,0.45897239446640015,0.5306441783905029,0.4508654475212097,0.44665125012397766,0.4585568904876709,0.5485821962356567,0.4432952404022217,0.3674328029155731,0.30499422550201416,mrigasheesh,right,,,,,,,,,,,,,,,,,,,,,,,,,,,,,,,,,,,,,,,,,,,977
0.5395004153251648,0.580806314945221,0.5480372905731201,0.4218107759952545,0.29726642370224,0.601046621799469,0.6813510656356812,0.7265734076499939,0.7641834020614624,0.495819091796875,0.5092755556106567,0.517558753490448,0.5348311066627502,0.40620824694633484,0.31659334897994995,0.25313377380371094,0.222182035446167,0.3400404155254364,0.2924472987651825,0.3127610683441162,0.3666224777698517,0.8609613180160522,0.86894690990448,0.8474621176719666,0.8259019255638123,0.7924530506134033,0.6173548102378845,0.48146387934684753,0.38674479722976685,0.30178102850914,0.5945064425468445,0.43485814332962036,0.3266536593437195,0.226536363363266,0.6244486570358276,0.5266979336738586,0.452654629945755,0.3682125210762024,0.6917433142662048,0.6831827163696289,0.7426432371139526,0.7862887382507324,trishool,right,,,,,,,,,,,,,,,,,,,,,,,,,,,,,,,,,,,,,,,,,,,978
0.4931357204914093,0.5444775223731995,0.5475261807441711,0.4521399736404419,0.38559988141059875,0.5728605389595032,0.6140450835227966,0.6362498998641968,0.6498444080352783,0.4810534119606018,0.507672905921936,0.5213432908058167,0.5362333059310913,0.40441104769706726,0.3560858368873596,0.32890284061431885,0.3183773159980774,0.3364713788032532,0.31558021903038025,0.3358026444911957,0.36204057931900024,0.8002182245254517,0.7802844047546387,0.7353131175041199,0.6949163675308228,0.6571658253669739,0.5230394005775452,0.3747224807739258,0.28076720237731934,0.19292116165161133,0.5119865536689758,0.3427404463291168,0.23925620317459106,0.1474742889404297,0.5384114980697632,0.41159144043922424,0.3310900926589966,0.255612313747406,0.5932440161705017,0.5384926199913025,0.582512617111206,0.6355021595954895,trishool,right,,,,,,,,,,,,,,,,,,,,,,,,,,,,,,,,,,,,,,,,,,,979
0.26092565059661865,0.26739218831062317,0.26694580912590027,0.26128053665161133,0.254390686750412,0.26189589500427246,0.26047760248184204,0.25825035572052,0.2563338875770569,0.2513355314731598,0.2515673041343689,0.25422757863998413,0.25783050060272217,0.24113143980503082,0.23924270272254944,0.24314318597316742,0.24736665189266205,0.23226135969161987,0.22824417054653168,0.22974753379821777,0.23214057087898254,0.653715968132019,0.6452468633651733,0.6300326585769653,0.6152978539466858,0.6024491190910339,0.5795115232467651,0.5461826920509338,0.5232350826263428,0.5041107535362244,0.5811699032783508,0.5737285614013672,0.5958561897277832,0.613652229309082,0.5894952416419983,0.5823025703430176,0.5982112288475037,0.6114068627357483,0.6010634899139404,0.5856996774673462,0.5865699648857117,0.5904243588447571,soochi,right,,,,,,,,,,,,,,,,,,,,,,,,,,,,,,,,,,,,,,,,,,,980
,,,,,,,,,,,,,,,,,,,,,,,,,,,,,,,,,,,,,,,,,,tamrachud,left,0.6219489574432373,0.589762806892395,0.5426363945007324,0.506967306137085,0.4972039461135864,0.4065028131008148,0.29130956530570984,0.3045012950897217,0.3380414843559265,0.43441101908683777,0.4160248041152954,0.4607452154159546,0.48565974831581116,0.467279314994812,0.4637482166290283,0.49811455607414246,0.510844349861145,0.49571263790130615,0.4841729998588562,0.5162780284881592,0.534146785736084,0.8319405913352966,0.7068194150924683,0.55865079164505,0.4264270067214966,0.3477727770805359,0.5974674224853516,0.49865835905075073,0.41994911432266235,0.37296468019485474,0.5783443450927734,0.4487549066543579,0.46815845370292664,0.5021152496337891,0.5553171634674072,0.44046106934547424,0.4769715666770935,0.5128955245018005,0.5305624008178711,0.43841230869293213,0.4604874551296234,0.5092198848724365,981
,,,,,,,,,,,,,,,,,,,,,,,,,,,,,,,,,,,,,,,,,,tamrachud,left,0.6179001331329346,0.5322218537330627,0.42594432830810547,0.3911893963813782,0.4137984812259674,0.38211899995803833,0.3274106979370117,0.30218616127967834,0.2906203269958496,0.4369474947452545,0.4153488874435425,0.4719673693180084,0.5119112133979797,0.49497485160827637,0.47620904445648193,0.5220112204551697,0.553117573261261,0.556887149810791,0.5402923226356506,0.5646447539329529,0.5843330025672913,0.743354856967926,0.7954273223876953,0.7443764805793762,0.6055458188056946,0.4791530668735504,0.5115906000137329,0.3596668839454651,0.33001992106437683,0.3707001805305481,0.4425009787082672,0.4400612413883209,0.566697359085083,0.6610878705978394,0.39750710129737854,0.4089391231536865,0.5473171472549438,0.6381744742393494,0.36898553371429443,0.4089801013469696,0.51136314868927,0.5677454471588135,982
0.5969756841659546,0.532570481300354,0.49116256833076477,0.47335028648376465,0.4790777862071991,0.4035337567329407,0.30704206228256226,0.30811381340026855,0.3280344605445862,0.44272640347480774,0.44674891233444214,0.49881625175476074,0.5198339223861694,0.49170830845832825,0.4881995916366577,0.534870445728302,0.5430294871330261,0.5374653339385986,0.5227089524269104,0.5577191114425659,0.5653715133666992,0.9731912612915039,0.885118842124939,0.7655060887336731,0.638110876083374,0.5505542159080505,0.7665800452232361,0.6430001258850098,0.5539818406105042,0.5140073895454407,0.7347140908241272,0.5442291498184204,0.5795549154281616,0.658659040927887,0.7137122750282288,0.5323536992073059,0.5899839997291565,0.6604110598564148,0.7072344422340393,0.5555436611175537,0.5896429419517517,0.6585046052932739,tamrachud,right,,,,,,,,,,,,,,,,,,,,,,,,,,,,,,,,,,,,,,,,,,,983
0.49267205595970154,0.6703602075576782,0.7641128897666931,0.7711193561553955,0.6863477230072021,0.6357357501983643,0.6195812821388245,0.6031147837638855,0.5786154270172119,0.5236331224441528,0.5101000070571899,0.5042734146118164,0.49159902334213257,0.4318467080593109,0.42754480242729187,0.4535716474056244,0.4640588164329529,0.3455701768398285,0.33740144968032837,0.35028666257858276,0.3669942617416382,0.853412926197052,0.7540589570999146,0.6367039680480957,0.5309159755706787,0.4600943326950073,0.46393606066703796,0.3290495276451111,0.24182721972465515,0.17239022254943848,0.47030335664749146,0.31070148944854736,0.211750328540802,0.1337990164756775,0.4981471598148346,0.36995524168014526,0.3154734969139099,0.2759098410606384,0.5294138193130493,0.42156875133514404,0.3625812530517578,0.31266283988952637,tripataka,right,,,,,,,,,,,,,,,,,,,,,,,,,,,,,,,,,,,,,,,,,,,984
0.5860680937767029,0.6610631346702576,0.7119851112365723,0.7134304642677307,0.7011162042617798,0.667091965675354,0.665492057800293,0.6586575508117676,0.6533514261245728,0.6089259386062622,0.6049171686172485,0.5999371409416199,0.5954822897911072,0.5576738119125366,0.5502966642379761,0.5387195944786072,0.5225160121917725,0.5100249648094177,0.5186561942100525,0.519863486289978,0.5108362436294556,0.8169428110122681,0.7769194841384888,0.6826145648956299,0.5788463950157166,0.48602232336997986,0.4864093065261841,0.34589582681655884,0.2596990466117859,0.18518826365470886,0.4682692289352417,0.3056985139846802,0.20079147815704346,0.12285801768302917,0.4831349551677704,0.3606487512588501,0.33607402443885803,0.33369433879852295,0.5209601521492004,0.4204322397708893,0.38217711448669434,0.364478200674057,ardhapataka,right,,,,,,,,,,,,,,,,,,,,,,,,,,,,,,,,,,,,,,,,,,,985
0.5331951975822449,0.6839282512664795,0.7504864931106567,0.756822407245636,0.8168280124664307,0.6348167657852173,0.5811867713928223,0.5119349360466003,0.4647022783756256,0.5181938409805298,0.4525812268257141,0.3924769163131714,0.35460612177848816,0.4210326671600342,0.3482751250267029,0.2915249764919281,0.2624151110649109,0.3275870680809021,0.2833547592163086,0.24696281552314758,0.2232568860054016,0.731795072555542,0.6607101559638977,0.5405620336532593,0.4337928295135498,0.3771335780620575,0.47397568821907043,0.42800456285476685,0.468321293592453,0.5022918581962585,0.47648853063583374,0.43217724561691284,0.46589773893356323,0.5034195184707642,0.48621147871017456,0.4422849416732788,0.47440487146377563,0.5104770064353943,0.5012537240982056,0.41798681020736694,0.3657369315624237,0.3235662579536438,mrigasheesh,right,,,,,,,,,,,,,,,,,,,,,,,,,,,,,,,,,,,,,,,,,,,986
0.6145377159118652,0.5181323885917664,0.4119732975959778,0.35308438539505005,0.3188853859901428,0.1906374990940094,0.17249350249767303,0.2130364179611206,0.2543874979019165,0.19313570857048035,0.18108680844306946,0.2232634425163269,0.2706308662891388,0.225302591919899,0.23443640768527985,0.265983521938324,0.297386109828949,0.2860028147697449,0.3160705864429474,0.3311408758163452,0.340058833360672,0.5974198579788208,0.4519714117050171,0.39516663551330566,0.3256702423095703,0.26262274384498596,0.5514091849327087,0.39468416571617126,0.30677884817123413,0.2455982267856598,0.5516548752784729,0.3700104355812073,0.28513383865356445,0.22346925735473633,0.5326892137527466,0.3511342704296112,0.2694913148880005,0.21333768963813782,0.4972253739833832,0.362600713968277,0.2961537837982178,0.24656736850738525,mukul,right,,,,,,,,,,,,,,,,,,,,,,,,,,,,,,,,,,,,,,,,,,,987
0.6195399761199951,0.5206572413444519,0.41695359349250793,0.36224424839019775,0.3277878165245056,0.19597351551055908,0.17858241498470306,0.22037073969841003,0.2603584825992584,0.20121875405311584,0.19084873795509338,0.2349500060081482,0.2819879651069641,0.23328551650047302,0.24977552890777588,0.28359267115592957,0.31396546959877014,0.28930479288101196,0.32996657490730286,0.3486987352371216,0.35794612765312195,0.5828521251678467,0.4345199167728424,0.3802734315395355,0.3115667402744293,0.2505694627761841,0.541815996170044,0.372965931892395,0.289630651473999,0.23317080736160278,0.543273389339447,0.35305342078208923,0.26994162797927856,0.2082362025976181,0.5229967832565308,0.3379165232181549,0.26341086626052856,0.2134116291999817,0.48427262902259827,0.35044804215431213,0.2915514409542084,0.24919721484184265,mukul,right,,,,,,,,,,,,,,,,,,,,,,,,,,,,,,,,,,,,,,,,,,,988
0.6758166551589966,0.5963622331619263,0.46031516790390015,0.3863879144191742,0.35006025433540344,0.19174060225486755,0.1950547695159912,0.2361099123954773,0.2846398651599884,0.1861175000667572,0.18592476844787598,0.23510783910751343,0.28950774669647217,0.21749714016914368,0.22522886097431183,0.26938396692276,0.31034013628959656,0.2839958667755127,0.31443339586257935,0.3300033211708069,0.3392312824726105,0.5793850421905518,0.4413028061389923,0.38744261860847473,0.33653613924980164,0.28288033604621887,0.5153826475143433,0.3879193663597107,0.30388006567955017,0.23525404930114746,0.5269649028778076,0.3716319501399994,0.285288006067276,0.2163286656141281,0.520857036113739,0.36260244250297546,0.2759656310081482,0.21158021688461304,0.5012061595916748,0.37980881333351135,0.3073323369026184,0.24994637072086334,mukul,right,,,,,,,,,,,,,,,,,,,,,,,,,,,,,,,,,,,,,,,,,,,989
0.7833042740821838,0.7567857503890991,0.6530433893203735,0.6210751533508301,0.6517960429191589,0.4405031204223633,0.267759770154953,0.15600693225860596,0.07576459646224976,0.4530904293060303,0.3439493775367737,0.43684452772140503,0.5284945964813232,0.48862797021865845,0.4437239170074463,0.5593721270561218,0.6433528065681458,0.5347700715065002,0.49568971991539,0.5826331973075867,0.6554518938064575,0.5603164434432983,0.44421321153640747,0.34236961603164673,0.253839373588562,0.2254948914051056,0.4474319815635681,0.46889999508857727,0.4810645580291748,0.4835851192474365,0.5232279300689697,0.5570816993713379,0.5614817142486572,0.5563797354698181,0.5903297662734985,0.6109592318534851,0.5854932069778442,0.5558498501777649,0.6422460079193115,0.660161554813385,0.6336084604263306,0.597907543182373,chandrakala,right,,,,,,,,,,,,,,,,,,,,,,,,,,,,,,,,,,,,,,,,,,,990
0.8375382423400879,0.7914414405822754,0.6468428373336792,0.5330185294151306,0.46558451652526855,0.501143217086792,0.376703679561615,0.2946571707725525,0.23175999522209167,0.4723195433616638,0.3671208322048187,0.29070305824279785,0.22178176045417786,0.44791701436042786,0.34512561559677124,0.3100457787513733,0.27746352553367615,0.43264830112457275,0.29021841287612915,0.1935018002986908,0.11099287867546082,0.5246483087539673,0.44426292181015015,0.40197256207466125,0.386133074760437,0.39189669489860535,0.4127114713191986,0.35947003960609436,0.3092036545276642,0.272552490234375,0.42409518361091614,0.3532605767250061,0.2938893437385559,0.2514241337776184,0.4509351849555969,0.3730323612689972,0.2932886481285095,0.23678630590438843,0.4933061897754669,0.5029420852661133,0.5103315114974976,0.5162183046340942,chatur,right,,,,,,,,,,,,,,,,,,,,,,,,,,,,,,,,,,,,,,,,,,,991
,,,,,,,,,,,,,,,,,,,,,,,,,,,,,,,,,,,,,,,,,,mushti,left,0.6643421649932861,0.5878627300262451,0.4605877697467804,0.3512279689311981,0.2736915349960327,0.44849395751953125,0.3272927403450012,0.2593686282634735,0.20198160409927368,0.44645071029663086,0.3237893581390381,0.23902839422225952,0.17373991012573242,0.45098090171813965,0.3496103584766388,0.2729842960834503,0.21336719393730164,0.46495822072029114,0.39145898818969727,0.3362923562526703,0.289883017539978,0.5269270539283752,0.39539414644241333,0.331473708152771,0.3199259042739868,0.33419039845466614,0.30782023072242737,0.3047967851161957,0.31281644105911255,0.31737491488456726,0.369824081659317,0.3909689486026764,0.4074035882949829,0.41910508275032043,0.4405785799026489,0.4638461470603943,0.47759586572647095,0.47779208421707153,0.5183297991752625,0.5281060338020325,0.5404693484306335,0.5395011305809021,992
,,,,,,,,,,,,,,,,,,,,,,,,,,,,,,,,,,,,,,,,,,mushti,left,0.6676724553108215,0.5804963707923889,0.44295403361320496,0.3194478452205658,0.23422017693519592,0.4553220272064209,0.3334512710571289,0.2672255337238312,0.20512986183166504,0.4517800211906433,0.32751792669296265,0.2420695573091507,0.17015233635902405,0.4530084729194641,0.35500502586364746,0.28398412466049194,0.22333669662475586,0.4649730622768402,0.3948419690132141,0.34481537342071533,0.29928749799728394,0.5352048873901367,0.3843858540058136,0.3218809962272644,0.3121871054172516,0.3224608302116394,0.30727794766426086,0.30452054738998413,0.3114835321903229,0.3155456483364105,0.3818597197532654,0.4033362567424774,0.4167770743370056,0.4247642159461975,0.4613461494445801,0.4825632870197296,0.48960214853286743,0.4891585409641266,0.5404630899429321,0.540242075920105,0.5456658601760864,0.5442646741867065,993
,,,,,,,,,,,,,,,,,,,,,,,,,,,,,,,,,,,,,,,,,,mrigasheesh,left,0.36071479320526123,0.28313395380973816,0.2498212456703186,0.2199796438217163,0.15904587507247925,0.3644510805606842,0.36369189620018005,0.35077884793281555,0.33677148818969727,0.43241560459136963,0.4197632670402527,0.4064578115940094,0.39318978786468506,0.4943847954273224,0.4874503016471863,0.4640096426010132,0.44100087881088257,0.5517063140869141,0.5973414182662964,0.6232605576515198,0.6414467096328735,0.5102710723876953,0.4683297872543335,0.4104256331920624,0.3697200417518616,0.35373830795288086,0.40128734707832336,0.3769962787628174,0.3744300305843353,0.3679478168487549,0.40538185834884644,0.3773634731769562,0.3701697289943695,0.36108824610710144,0.4123252034187317,0.3852476477622986,0.37635523080825806,0.3642861247062683,0.42204076051712036,0.3778267800807953,0.3494279682636261,0.3218747675418854,994
0.39722776412963867,0.387394517660141,0.37740960717201233,0.33569449186325073,0.2894304394721985,0.5218745470046997,0.6091040968894958,0.6743485927581787,0.7278915047645569,0.538972020149231,0.6417962312698364,0.7140532732009888,0.7744035124778748,0.533582866191864,0.6225932240486145,0.6837934851646423,0.7281380295753479,0.5144659876823425,0.5430227518081665,0.5626823902130127,0.573495626449585,0.4305376708507538,0.432058185338974,0.42787158489227295,0.41119492053985596,0.3971860706806183,0.4065494239330292,0.40668487548828125,0.40093570947647095,0.39408034086227417,0.40216925740242004,0.40664175152778625,0.40244054794311523,0.39510971307754517,0.39726367592811584,0.3925122618675232,0.385357141494751,0.3772326409816742,0.3891822397708893,0.3639029264450073,0.3420392870903015,0.3230789005756378,mrigasheesh,right,,,,,,,,,,,,,,,,,,,,,,,,,,,,,,,,,,,,,,,,,,,995
0.6391417384147644,0.6861057877540588,0.7123525738716125,0.722676157951355,0.7278366684913635,0.6902155876159668,0.6925643086433411,0.6953200101852417,0.6931019425392151,0.6668624877929688,0.6684545278549194,0.6702725887298584,0.6673727035522461,0.6426500678062439,0.6458979249000549,0.6489529013633728,0.6499261856079102,0.6157227158546448,0.6159251928329468,0.6212742328643799,0.6267776489257812,0.6471012830734253,0.6114927530288696,0.5319849848747253,0.46778708696365356,0.41734081506729126,0.427445650100708,0.33680349588394165,0.2773734927177429,0.22597414255142212,0.422696590423584,0.320873498916626,0.25096824765205383,0.1914246380329132,0.4338182508945465,0.3385877311229706,0.2763087749481201,0.2218204289674759,0.4591020941734314,0.38480302691459656,0.3350405693054199,0.2891163229942322,pataka,right,,,,,,,,,,,,,,,,,,,,,,,,,,,,,,,,,,,,,,,,,,,996
0.45118242502212524,0.6349777579307556,0.7469519972801208,0.7919427752494812,0.6996825337409973,0.613326907157898,0.6304135322570801,0.6344857811927795,0.6416612863540649,0.5084047913551331,0.514183759689331,0.5345219969749451,0.5615197420120239,0.41312986612319946,0.41123324632644653,0.4364384412765503,0.4781038165092468,0.310100793838501,0.29577186703681946,0.30996617674827576,0.3372674584388733,0.637418806552887,0.5373767614364624,0.4537472128868103,0.35099396109580994,0.29782626032829285,0.29962173104286194,0.16879843175411224,0.1200220137834549,0.082998126745224,0.2978748679161072,0.16197887063026428,0.09500938653945923,0.06047767400741577,0.3079836368560791,0.1888786256313324,0.12736110389232635,0.09896235167980194,0.33570247888565063,0.24966569244861603,0.19638600945472717,0.17021141946315765,pataka,right,,,,,,,,,,,,,,,,,,,,,,,,,,,,,,,,,,,,,,,,,,,997
0.4393051862716675,0.6097403764724731,0.7144544124603271,0.7660030126571655,0.6970362663269043,0.5650657415390015,0.5703315138816833,0.5604676008224487,0.5449954271316528,0.45890212059020996,0.4574447274208069,0.46867501735687256,0.47670361399650574,0.36058738827705383,0.34656673669815063,0.3522052466869354,0.36365118622779846,0.2504046559333801,0.2445468306541443,0.24026823043823242,0.2516312003135681,0.681247353553772,0.5947320461273193,0.5224476456642151,0.4123227000236511,0.34163230657577515,0.383148729801178,0.27724578976631165,0.2674780488014221,0.27853327989578247,0.37666982412338257,0.25139328837394714,0.1585739552974701,0.09775558114051819,0.3927418887615204,0.2870113253593445,0.2741888463497162,0.29943251609802246,0.41977107524871826,0.3302013874053955,0.2675992250442505,0.2325652837753296,shuktund,right,,,,,,,,,,,,,,,,,,,,,,,,,,,,,,,,,,,,,,,,,,,998
0.47651082277297974,0.6447826623916626,0.7497950792312622,0.7976606488227844,0.7374743223190308,0.5999552011489868,0.6067498326301575,0.602834939956665,0.595773458480835,0.4949021339416504,0.4945048689842224,0.5120497941970825,0.5289797782897949,0.3968017101287842,0.38029879331588745,0.40257856249809265,0.43138498067855835,0.2862919270992279,0.2861529290676117,0.2909408211708069,0.31339412927627563,0.6762892007827759,0.5972106456756592,0.5215563178062439,0.412570059299469,0.333913117647171,0.3854536712169647,0.29224205017089844,0.2617588937282562,0.248622864484787,0.37929031252861023,0.2524946928024292,0.16814568638801575,0.11586466431617737,0.39564669132232666,0.2851579785346985,0.2598545551300049,0.2738380432128906,0.42561963200569153,0.331969290971756,0.2693723142147064,0.23357462882995605,shuktund,right,,,,,,,,,,,,,,,,,,,,,,,,,,,,,,,,,,,,,,,,,,,999
,,,,,,,,,,,,,,,,,,,,,,,,,,,,,,,,,,,,,,,,,,trishool,left,0.44989311695098877,0.4321969747543335,0.47756433486938477,0.5925997495651245,0.6964882016181946,0.4663904905319214,0.521267831325531,0.5455430746078491,0.5590340495109558,0.5476235747337341,0.6039819121360779,0.6323160529136658,0.649115800857544,0.6127617359161377,0.6648931503295898,0.6915080547332764,0.7146484851837158,0.662385106086731,0.6883720755577087,0.6785222291946411,0.6593238711357117,0.5959053039550781,0.5665735602378845,0.5165450572967529,0.47825512290000916,0.4379439651966095,0.4218597412109375,0.3460615873336792,0.30105501413345337,0.2612221837043762,0.4300510883331299,0.3436095714569092,0.2930689752101898,0.24718955159187317,0.4483272433280945,0.3767275810241699,0.3306500315666199,0.28436005115509033,0.4720761775970459,0.4381750524044037,0.44821327924728394,0.45968759059906006,1000
0.5960787534713745,0.7117007970809937,0.7284181118011475,0.5955044627189636,0.4771341383457184,0.6481873989105225,0.6082842946052551,0.5688052773475647,0.5356899499893188,0.5426174998283386,0.4972172975540161,0.47148650884628296,0.45241934061050415,0.4606932997703552,0.39937806129455566,0.3817221224308014,0.36668533086776733,0.3937442898750305,0.3882617950439453,0.4252098798751831,0.45613783597946167,0.6580974459648132,0.5919829607009888,0.46856921911239624,0.407101571559906,0.3982616364955902,0.31970348954200745,0.18794918060302734,0.1169319599866867,0.06901915371417999,0.32493963837623596,0.18026232719421387,0.10333764553070068,0.05578097701072693,0.3650938868522644,0.22609111666679382,0.16853800415992737,0.1347741186618805,0.4257814884185791,0.3436392843723297,0.3565121293067932,0.3855134844779968,trishool,right,,,,,,,,,,,,,,,,,,,,,,,,,,,,,,,,,,,,,,,,,,,1001
0.3162764012813568,0.32940229773521423,0.3374061584472656,0.33941927552223206,0.33754774928092957,0.32824087142944336,0.3267894983291626,0.3254100978374481,0.32387691736221313,0.3189114034175873,0.3174322247505188,0.3163348138332367,0.3156431317329407,0.3105689585208893,0.3087936043739319,0.30840665102005005,0.3086155951023102,0.3026529848575592,0.30166512727737427,0.3014449179172516,0.3016554117202759,0.6370185017585754,0.6306006908416748,0.6128348112106323,0.5931342244148254,0.5777586698532104,0.5709342956542969,0.539891242980957,0.5212873816490173,0.5055099725723267,0.5676243901252747,0.5339469909667969,0.5132655501365662,0.49629825353622437,0.569673478603363,0.5389658212661743,0.5195513367652893,0.5038803815841675,0.5763888359069824,0.5522233843803406,0.5369226932525635,0.5234195590019226,pataka,right,,,,,,,,,,,,,,,,,,,,,,,,,,,,,,,,,,,,,,,,,,,1002
,,,,,,,,,,,,,,,,,,,,,,,,,,,,,,,,,,,,,,,,,,hanspaksha,left,0.26533326506614685,0.2561108469963074,0.24503210186958313,0.23754221200942993,0.23225411772727966,0.24407871067523956,0.24335001409053802,0.2411128729581833,0.23957063257694244,0.25309374928474426,0.25174200534820557,0.2501015365123749,0.2500874996185303,0.26279470324516296,0.2691446542739868,0.27276918292045593,0.2755829691886902,0.2723645865917206,0.27996760606765747,0.28306758403778076,0.28540369868278503,0.6505907773971558,0.6335034370422363,0.611134946346283,0.589770495891571,0.5763225555419922,0.6407229900360107,0.6398531198501587,0.6340024471282959,0.6247408390045166,0.6527997851371765,0.6458616256713867,0.6373695135116577,0.6288281083106995,0.6608459949493408,0.6454026103019714,0.6377348899841309,0.6325585842132568,0.6661114692687988,0.6494045853614807,0.6417869925498962,0.6377003192901611,1003
,,,,,,,,,,,,,,,,,,,,,,,,,,,,,,,,,,,,,,,,,,hanspaksha,left,0.2551393210887909,0.26718518137931824,0.2714526653289795,0.26824644207954407,0.2612028419971466,0.24531690776348114,0.23890948295593262,0.23278485238552094,0.22800251841545105,0.23251225054264069,0.22552023828029633,0.22180567681789398,0.21950440108776093,0.22549477219581604,0.21738281846046448,0.21374142169952393,0.21161572635173798,0.22286458313465118,0.21488741040229797,0.21159878373146057,0.20921148359775543,0.649601399898529,0.646388590335846,0.6410391926765442,0.6301426291465759,0.6203903555870056,0.6689966320991516,0.6644477844238281,0.6545122861862183,0.6420598030090332,0.6646265983581543,0.6545332074165344,0.6417382955551147,0.6272128224372864,0.6550149321556091,0.6386465430259705,0.6224511861801147,0.6061901450157166,0.6430718898773193,0.6239979863166809,0.6093551516532898,0.5957286357879639,1004
0.2846743166446686,0.30192890763282776,0.3127421438694,0.3156428933143616,0.3127298951148987,0.2987903952598572,0.2965749204158783,0.29547733068466187,0.29480642080307007,0.28740835189819336,0.2829001247882843,0.27972179651260376,0.2772262692451477,0.2777649760246277,0.27284637093544006,0.27038073539733887,0.268828421831131,0.26917460560798645,0.2656145989894867,0.2639915645122528,0.2634288966655731,0.580295205116272,0.5733838081359863,0.5528976321220398,0.5306885242462158,0.5126701593399048,0.5059229135513306,0.4719110131263733,0.46549418568611145,0.4683650732040405,0.5026223063468933,0.4629017114639282,0.43858304619789124,0.420132040977478,0.507034420967102,0.4714173376560211,0.44813090562820435,0.429512083530426,0.5176941156387329,0.48883745074272156,0.46988362073898315,0.45340433716773987,aral,right,,,,,,,,,,,,,,,,,,,,,,,,,,,,,,,,,,,,,,,,,,,1005
0.2863985300064087,0.3039192855358124,0.3159921169281006,0.3205259144306183,0.317547082901001,0.30304279923439026,0.302823543548584,0.3012583255767822,0.2985451817512512,0.29203280806541443,0.28901928663253784,0.286472886800766,0.28398850560188293,0.28222960233688354,0.2785972058773041,0.2771878242492676,0.27615243196487427,0.2728371024131775,0.2699821889400482,0.2692967653274536,0.2691788673400879,0.5839242339134216,0.5758026838302612,0.5543350577354431,0.5314158797264099,0.5147177577018738,0.5091522932052612,0.4776688814163208,0.4689273238182068,0.46708884835243225,0.5048266649246216,0.46606358885765076,0.4415048360824585,0.4224849343299866,0.5082541108131409,0.47362250089645386,0.4512530267238617,0.4328947067260742,0.5177887082099915,0.4895872473716736,0.47165098786354065,0.4555337727069855,aral,right,,,,,,,,,,,,,,,,,,,,,,,,,,,,,,,,,,,,,,,,,,,1006
0.30975401401519775,0.325925350189209,0.34124070405960083,0.3492286801338196,0.35170918703079224,0.33622246980667114,0.3384803533554077,0.3355160355567932,0.33007049560546875,0.3271706700325012,0.3329266309738159,0.3335503935813904,0.3326711058616638,0.3167437016963959,0.32115256786346436,0.32395461201667786,0.32699698209762573,0.30525559186935425,0.30181142687797546,0.30119234323501587,0.301922470331192,0.6354206204414368,0.6321142315864563,0.6189442276954651,0.6069808602333069,0.5961530208587646,0.5604407787322998,0.5275226831436157,0.532134473323822,0.540802538394928,0.5518747568130493,0.5075907707214355,0.4880908727645874,0.4733472466468811,0.5506973266601562,0.5067171454429626,0.48075437545776367,0.45948487520217896,0.557025671005249,0.5243045091629028,0.5061812400817871,0.49017709493637085,shuktund,right,,,,,,,,,,,,,,,,,,,,,,,,,,,,,,,,,,,,,,,,,,,1007
,,,,,,,,,,,,,,,,,,,,,,,,,,,,,,,,,,,,,,,,,,aral,left,0.7652775049209595,0.7826251983642578,0.8022230863571167,0.8151025176048279,0.8269532322883606,0.8191014528274536,0.8407032489776611,0.8421974182128906,0.8389350175857544,0.8148642182350159,0.83913254737854,0.8518571257591248,0.8603089451789856,0.8052387833595276,0.8282225728034973,0.8421310186386108,0.8531420826911926,0.7923955917358398,0.8071537017822266,0.8184377551078796,0.8289787769317627,0.761465311050415,0.7390323877334595,0.7303099632263184,0.7228162288665771,0.715279757976532,0.7630629539489746,0.7614306807518005,0.7420220375061035,0.7236863970756531,0.7723582983016968,0.7822815775871277,0.7788795828819275,0.7757272720336914,0.7796856760978699,0.7897877097129822,0.7900197505950928,0.7906329035758972,0.7834981083869934,0.7896340489387512,0.7904509902000427,0.791663646697998,1008
0.332126259803772,0.3438641428947449,0.35532617568969727,0.36283451318740845,0.36685845255851746,0.35222408175468445,0.355856716632843,0.35372307896614075,0.34979137778282166,0.34128934144973755,0.34586265683174133,0.34602540731430054,0.345325231552124,0.3303857445716858,0.33114346861839294,0.3292751610279083,0.3280794620513916,0.31969666481018066,0.3183819055557251,0.3179202377796173,0.3184140920639038,0.5796211957931519,0.5870019197463989,0.5870900750160217,0.5862749814987183,0.587738037109375,0.5371696949005127,0.5185014009475708,0.520521879196167,0.5262343883514404,0.5262367129325867,0.4892343282699585,0.4743906259536743,0.4650155007839203,0.5233103632926941,0.49832576513290405,0.49677717685699463,0.4979754686355591,0.527423620223999,0.5039027333259583,0.497472882270813,0.4947199821472168,shuktund,right,,,,,,,,,,,,,,,,,,,,,,,,,,,,,,,,,,,,,,,,,,,1009
0.31994155049324036,0.33720704913139343,0.35494011640548706,0.36327704787254333,0.3614923357963562,0.35039231181144714,0.3557789921760559,0.35324108600616455,0.34863191843032837,0.33948662877082825,0.34471452236175537,0.3463713228702545,0.34664586186408997,0.3287205696105957,0.329791784286499,0.3313826322555542,0.3335205018520355,0.3175971210002899,0.31540924310684204,0.3141075372695923,0.3138297498226166,0.6256265044212341,0.623551070690155,0.6083203554153442,0.5915513634681702,0.5766412615776062,0.549194872379303,0.5105903744697571,0.5122270584106445,0.5211527943611145,0.5401433110237122,0.49563872814178467,0.4726133942604065,0.4552527666091919,0.5400642156600952,0.5032054781913757,0.4860183000564575,0.4735961854457855,0.5468736290931702,0.5161888003349304,0.4973212778568268,0.4807102680206299,shuktund,right,,,,,,,,,,,,,,,,,,,,,,,,,,,,,,,,,,,,,,,,,,,1010
0.4474317133426666,0.4669061005115509,0.4854113757610321,0.497273713350296,0.5060300827026367,0.4935527443885803,0.5057673454284668,0.49444493651390076,0.482566237449646,0.49044567346572876,0.5029526948928833,0.48953893780708313,0.4769808053970337,0.48563840985298157,0.49925532937049866,0.4872611463069916,0.47543179988861084,0.4793106019496918,0.49099287390708923,0.4848449230194092,0.47659561038017273,0.5162594318389893,0.5376197099685669,0.5483967065811157,0.5585755109786987,0.5661449432373047,0.5137259364128113,0.5090038180351257,0.5180700421333313,0.5222101807594299,0.49697428941726685,0.495063841342926,0.5057924389839172,0.5100632309913635,0.48122304677963257,0.4788289964199066,0.4904744625091553,0.4956282079219818,0.46497243642807007,0.46325933933258057,0.4754347503185272,0.48262250423431396,shikhar,right,,,,,,,,,,,,,,,,,,,,,,,,,,,,,,,,,,,,,,,,,,,1011
,,,,,,,,,,,,,,,,,,,,,,,,,,,,,,,,,,,,,,,,,,tripataka,left,0.5765722393989563,0.5580847263336182,0.5358659625053406,0.5162816643714905,0.5019853711128235,0.5306684970855713,0.5030194520950317,0.48914381861686707,0.47943082451820374,0.5327453017234802,0.5079984068870544,0.49662894010543823,0.4906037151813507,0.5370835661888123,0.5156641602516174,0.50484699010849,0.4984875023365021,0.5415107011795044,0.5274752378463745,0.5203604102134705,0.5161057710647583,0.9071018695831299,0.8734824657440186,0.8710776567459106,0.8862358927726746,0.8950921297073364,0.9074443578720093,0.9211974143981934,0.9241593480110168,0.9250532984733582,0.9336533546447754,0.9432859420776367,0.9391680359840393,0.9338264465332031,0.9507911205291748,0.9626783132553101,0.95981764793396,0.9550297260284424,0.9609062671661377,0.9784883260726929,0.9822114706039429,0.9825200438499451,1012
,,,,,,,,,,,,,,,,,,,,,,,,,,,,,,,,,,,,,,,,,,kapitth,left,0.5811875462532043,0.5633098483085632,0.5415729284286499,0.5214283466339111,0.5066397786140442,0.5336113572120667,0.5060598850250244,0.49159005284309387,0.48088228702545166,0.5355353355407715,0.506410539150238,0.49018144607543945,0.47932738065719604,0.538850724697113,0.5132741332054138,0.4993534982204437,0.4893779754638672,0.5421102046966553,0.5228205919265747,0.5121943354606628,0.5043643116950989,0.8871307969093323,0.8539172410964966,0.846074640750885,0.8539343476295471,0.8530359864234924,0.8860569000244141,0.8970315456390381,0.9004502296447754,0.9019266366958618,0.9126234650611877,0.9218390583992004,0.9217389822006226,0.9203302264213562,0.9302065372467041,0.9411203265190125,0.9401165246963501,0.9373219609260559,0.9392649531364441,0.9483756422996521,0.949273943901062,0.947380781173706,1013
,,,,,,,,,,,,,,,,,,,,,,,,,,,,,,,,,,,,,,,,,,kangul,left,0.5793885588645935,0.5619906783103943,0.5411275625228882,0.5216505527496338,0.5069089531898499,0.534841775894165,0.5088136792182922,0.4942413568496704,0.48368486762046814,0.5385871529579163,0.5112841725349426,0.496040403842926,0.48574623465538025,0.5435561537742615,0.5193052887916565,0.5051923990249634,0.49502065777778625,0.5480892062187195,0.529768705368042,0.5180178880691528,0.509100079536438,0.901343047618866,0.8705630302429199,0.8641547560691833,0.869308590888977,0.8662492632865906,0.9026580452919006,0.9164379239082336,0.9222990870475769,0.926563560962677,0.9290838837623596,0.9373884201049805,0.9379323720932007,0.9373798966407776,0.9467659592628479,0.9532397389411926,0.9511240720748901,0.9480570554733276,0.9572741985321045,0.9642360210418701,0.9630447626113892,0.9598137736320496,1014
,,,,,,,,,,,,,,,,,,,,,,,,,,,,,,,,,,,,,,,,,,chatur,left,0.5650755167007446,0.5483872890472412,0.5254383087158203,0.5047673583030701,0.4901552200317383,0.5266463160514832,0.5007820725440979,0.48616766929626465,0.47460001707077026,0.5286296606063843,0.5017411112785339,0.4846573770046234,0.4724230468273163,0.5306279063224792,0.5038719177246094,0.4873878061771393,0.47545620799064636,0.5319452285766602,0.5085596442222595,0.49328649044036865,0.4811679422855377,0.9155687689781189,0.8756840229034424,0.86488276720047,0.8713272213935852,0.8731423616409302,0.8842700719833374,0.8981649875640869,0.9034761786460876,0.9073649644851685,0.9091361165046692,0.9170840382575989,0.9192834496498108,0.9214978218078613,0.9305376410484314,0.9348018765449524,0.9341896176338196,0.9332790970802307,0.9475113749504089,0.9514913558959961,0.952414870262146,0.9529445171356201,1015
,,,,,,,,,,,,,,,,,,,,,,,,,,,,,,,,,,,,,,,,,,mukul,left,0.5662838220596313,0.5512287616729736,0.5292314291000366,0.5090938210487366,0.4927707612514496,0.5223974585533142,0.4965769946575165,0.480766236782074,0.469514399766922,0.5253930687904358,0.5011658072471619,0.48795947432518005,0.4805811643600464,0.5300396084785461,0.5077768564224243,0.4947344958782196,0.48552650213241577,0.5344597697257996,0.5173751711845398,0.5059490203857422,0.4974430203437805,0.9242041707038879,0.8928741216659546,0.8809622526168823,0.8795603513717651,0.8740983009338379,0.9286518692970276,0.9441922307014465,0.9509460926055908,0.9553414583206177,0.9549294710159302,0.9714561700820923,0.9734877943992615,0.9738284349441528,0.9710296988487244,0.9870411157608032,0.9889833331108093,0.9888335466384888,0.9781460165977478,0.994479775428772,1.0005056858062744,1.00345778465271,1016
0.34310388565063477,0.3591632544994354,0.3723828196525574,0.3783192038536072,0.3806421160697937,0.3629087805747986,0.3656933009624481,0.36638492345809937,0.36586081981658936,0.35190489888191223,0.35541099309921265,0.3563866913318634,0.35645154118537903,0.3410453498363495,0.3403349220752716,0.33713388442993164,0.3350428640842438,0.33104854822158813,0.33131492137908936,0.33135995268821716,0.331885427236557,0.6938483119010925,0.6865529417991638,0.6714958548545837,0.6549420356750488,0.6441601514816284,0.6188337206840515,0.5832853317260742,0.5617355108261108,0.5422147512435913,0.6138269901275635,0.5728884339332581,0.5467296838760376,0.5264033079147339,0.615013837814331,0.588614284992218,0.5834859609603882,0.5800458788871765,0.6205301284790039,0.5910428166389465,0.5729842185974121,0.5585301518440247,tripataka,right,,,,,,,,,,,,,,,,,,,,,,,,,,,,,,,,,,,,,,,,,,,1017
0.2731925845146179,0.27500784397125244,0.2677538990974426,0.2565910220146179,0.24741432070732117,0.2331128716468811,0.20824119448661804,0.1918908953666687,0.1776975393295288,0.22544486820697784,0.20245423913002014,0.1852467954158783,0.17063555121421814,0.22213061153888702,0.2083437740802765,0.21614885330200195,0.2240029126405716,0.22238582372665405,0.2061379849910736,0.19629400968551636,0.1878344714641571,0.6496505737304688,0.6142343878746033,0.5803847908973694,0.5649089217185974,0.5633816719055176,0.5739724040031433,0.5583796501159668,0.5498614311218262,0.5437522530555725,0.5947835445404053,0.5808754563331604,0.5681700706481934,0.5581750273704529,0.6196142435073853,0.6083146929740906,0.6085999011993408,0.6096987724304199,0.6454505324363708,0.6321033835411072,0.6204949617385864,0.6103695034980774,tripataka,right,,,,,,,,,,,,,,,,,,,,,,,,,,,,,,,,,,,,,,,,,,,1018
,,,,,,,,,,,,,,,,,,,,,,,,,,,,,,,,,,,,,,,,,,mukul,left,0.3675778806209564,0.37983232736587524,0.3916979432106018,0.3978555500507355,0.39733827114105225,0.3971134424209595,0.4032880961894989,0.40229761600494385,0.40165770053863525,0.38749954104423523,0.3950808048248291,0.39647114276885986,0.39728549122810364,0.3771073520183563,0.38504040241241455,0.3890124559402466,0.3924553096294403,0.36741048097610474,0.3755461275577545,0.380289763212204,0.38456991314888,0.6636474132537842,0.6571986675262451,0.6348180174827576,0.6071722507476807,0.5854912400245667,0.6418697834014893,0.5998875498771667,0.5814119577407837,0.5719661116600037,0.6393216252326965,0.595836341381073,0.5770116448402405,0.566500723361969,0.6334454417228699,0.5933897495269775,0.573353111743927,0.5615938901901245,0.6245173811912537,0.5931497812271118,0.5790258646011353,0.5695174336433411,1019
,,,,,,,,,,,,,,,,,,,,,,,,,,,,,,,,,,,,,,,,,,tamrachud,left,0.3777148723602295,0.3523920178413391,0.3305220901966095,0.31668904423713684,0.30681291222572327,0.313823938369751,0.2950062155723572,0.28616324067115784,0.27984994649887085,0.3198290467262268,0.3006461262702942,0.2916334867477417,0.2850801944732666,0.3295944035053253,0.31296733021736145,0.3046760857105255,0.29852062463760376,0.341962069272995,0.3313780725002289,0.32436904311180115,0.31868767738342285,0.7017548680305481,0.7193211317062378,0.7376715540885925,0.7576471567153931,0.7737342119216919,0.7084869742393494,0.735270619392395,0.7571183443069458,0.7760935425758362,0.7087785601615906,0.7380655407905579,0.7612894773483276,0.7804653644561768,0.7134682536125183,0.7405529022216797,0.7633073925971985,0.7818344235420227,0.7214395999908447,0.7403334379196167,0.7552382946014404,0.7691026329994202,1020
0.2374805212020874,0.23904678225517273,0.23065803945064545,0.216411292552948,0.20289254188537598,0.23102419078350067,0.2260054647922516,0.2223649024963379,0.21790793538093567,0.2214253693819046,0.2161037027835846,0.21063627302646637,0.20603325963020325,0.21290558576583862,0.20333024859428406,0.19656509160995483,0.19204069674015045,0.20652590692043304,0.19902749359607697,0.1989164799451828,0.20159399509429932,0.5393016934394836,0.5456124544143677,0.5393266081809998,0.5324718952178955,0.5243585109710693,0.47188904881477356,0.4394397437572479,0.4213632345199585,0.40506717562675476,0.46787336468696594,0.42529305815696716,0.3997604250907898,0.3746030926704407,0.475674033164978,0.4413539171218872,0.4214799702167511,0.40007907152175903,0.4912482798099518,0.48178842663764954,0.4919261932373047,0.4995071589946747,trishool,right,,,,,,,,,,,,,,,,,,,,,,,,,,,,,,,,,,,,,,,,,,,1021
,,,,,,,,,,,,,,,,,,,,,,,,,,,,,,,,,,,,,,,,,,katakamukh_1,left,0.66325843334198,0.6520359516143799,0.6473446488380432,0.6440428495407104,0.6379880905151367,0.6584019064903259,0.6558801531791687,0.6492606997489929,0.6430793404579163,0.6674102544784546,0.6621032357215881,0.653971254825592,0.6489492654800415,0.6773019433021545,0.6810302138328552,0.6799916625022888,0.6798566579818726,0.6870136857032776,0.7008404731750488,0.7097182273864746,0.7174761891365051,0.34753042459487915,0.3260197341442108,0.3005291521549225,0.28477463126182556,0.27573177218437195,0.2694922089576721,0.24982769787311554,0.2440643012523651,0.2401435524225235,0.2675149738788605,0.24753791093826294,0.250214546918869,0.2531309425830841,0.27091026306152344,0.2391679435968399,0.21659594774246216,0.19749924540519714,0.2784425616264343,0.25589877367019653,0.24426867067813873,0.2315315157175064,1022
0.4178210496902466,0.4264964163303375,0.4402097463607788,0.45519858598709106,0.46457594633102417,0.43418338894844055,0.4528885781764984,0.4562297761440277,0.4564208984375,0.43768310546875,0.45726478099823,0.46123436093330383,0.4608922600746155,0.4408041834831238,0.45983731746673584,0.4659835696220398,0.46811720728874207,0.4436569809913635,0.454689621925354,0.4598424434661865,0.4626307189464569,0.6802554726600647,0.6556586027145386,0.6442938446998596,0.6488034725189209,0.6590234041213989,0.6809020638465881,0.6762867569923401,0.666921854019165,0.6621854901313782,0.7004043459892273,0.6947892904281616,0.6866230964660645,0.6828614473342896,0.7141128182411194,0.7181644439697266,0.7155709862709045,0.7139124870300293,0.7206619381904602,0.7323039174079895,0.741330623626709,0.7492507696151733,katakamukh_1,right,,,,,,,,,,,,,,,,,,,,,,,,,,,,,,,,,,,,,,,,,,,1023
0.5810971260070801,0.5648923516273499,0.5444190502166748,0.5286293625831604,0.5183635354042053,0.5424439907073975,0.5333008766174316,0.5303761959075928,0.5277937650680542,0.5423995852470398,0.5290890336036682,0.522426426410675,0.5182266235351562,0.5424553155899048,0.5287197232246399,0.5211188793182373,0.516522228717804,0.5441532135009766,0.5320472717285156,0.5246194005012512,0.5196771025657654,0.1370726227760315,0.1131817102432251,0.10662268847227097,0.10647138953208923,0.10538332909345627,0.09951260685920715,0.09086979180574417,0.08208027482032776,0.07387182116508484,0.10747303068637848,0.10581325739622116,0.10486529022455215,0.10295508801937103,0.11536987125873566,0.11507774144411087,0.11107918620109558,0.10810230672359467,0.12366354465484619,0.12240369617938995,0.1199670061469078,0.1172797903418541,padmakosh,right,,,,,,,,,,,,,,,,,,,,,,,,,,,,,,,,,,,,,,,,,,,1024
0.5909536480903625,0.5839166641235352,0.5695956945419312,0.5560248494148254,0.5477318167686462,0.5520899295806885,0.5367252826690674,0.5293395519256592,0.5225622653961182,0.5500897169113159,0.5321348905563354,0.5236154794692993,0.5159865617752075,0.5493970513343811,0.5295597314834595,0.5179054737091064,0.5083473920822144,0.5510643124580383,0.5351353287696838,0.5252363681793213,0.5164816975593567,0.16773466765880585,0.1314580738544464,0.11884498596191406,0.11672786623239517,0.12080194801092148,0.1277722716331482,0.12333449721336365,0.11630816757678986,0.10657541453838348,0.13383319973945618,0.1367756724357605,0.13504958152770996,0.13101768493652344,0.13962045311927795,0.14081671833992004,0.13623963296413422,0.13322731852531433,0.14403565227985382,0.14297190308570862,0.1406661570072174,0.13895536959171295,padmakosh,right,,,,,,,,,,,,,,,,,,,,,,,,,,,,,,,,,,,,,,,,,,,1025
,,,,,,,,,,,,,,,,,,,,,,,,,,,,,,,,,,,,,,,,,,kangul,left,0.33078545331954956,0.3327459990978241,0.33806782960891724,0.34770601987838745,0.35351431369781494,0.328329861164093,0.3300185799598694,0.3341641128063202,0.33778539299964905,0.3294178247451782,0.3365270495414734,0.3415752053260803,0.345905601978302,0.33013829588890076,0.3357231020927429,0.34024372696876526,0.3440059721469879,0.3300912380218506,0.33405548334121704,0.33762669563293457,0.3405989706516266,0.6351945996284485,0.631223201751709,0.6188489198684692,0.6069958209991455,0.5997051000595093,0.5823301672935486,0.5633781552314758,0.5535599589347839,0.5418270230293274,0.5788715481758118,0.5604445934295654,0.5485326647758484,0.5359116792678833,0.5782902836799622,0.5627131462097168,0.5558616518974304,0.5481769442558289,0.5786966681480408,0.5614110231399536,0.5509169101715088,0.5398315787315369,1026
,,,,,,,,,,,,,,,,,,,,,,,,,,,,,,,,,,,,,,,,,,kangul,left,0.33725813031196594,0.3335912823677063,0.3319743871688843,0.34000545740127563,0.34900790452957153,0.31614920496940613,0.3119078278541565,0.3165276050567627,0.32339033484458923,0.32112154364585876,0.3299740254878998,0.3387042284011841,0.34610292315483093,0.32821664214134216,0.34148839116096497,0.34908807277679443,0.35424190759658813,0.3353457748889923,0.3454396426677704,0.35077226161956787,0.35482367873191833,0.6388202905654907,0.6477676033973694,0.6470677852630615,0.6383520364761353,0.6289271116256714,0.6168030500411987,0.6045858860015869,0.5931485891342163,0.5816578269004822,0.5988740921020508,0.5851994752883911,0.583773136138916,0.5863648653030396,0.5876945853233337,0.5795853137969971,0.590143084526062,0.6030619144439697,0.5816436409950256,0.5728496313095093,0.5797024369239807,0.5892780423164368,1027
0.32382118701934814,0.3101450502872467,0.3037301301956177,0.3084142804145813,0.31377848982810974,0.28784704208374023,0.2868785262107849,0.2879873514175415,0.28744471073150635,0.2968267500400543,0.2926129102706909,0.29225265979766846,0.2907230257987976,0.3088041841983795,0.30882638692855835,0.31471192836761475,0.31699180603027344,0.321489542722702,0.31713569164276123,0.316000759601593,0.313936710357666,0.2541959881782532,0.23315124213695526,0.19571685791015625,0.1568731814622879,0.12902960181236267,0.20636117458343506,0.15231050550937653,0.12586963176727295,0.1066436767578125,0.20855712890625,0.15221497416496277,0.12413780391216278,0.10443973541259766,0.2087906002998352,0.15892663598060608,0.155206099152565,0.15835797786712646,0.20679135620594025,0.16764646768569946,0.15069159865379333,0.1402580291032791,kangul,right,,,,,,,,,,,,,,,,,,,,,,,,,,,,,,,,,,,,,,,,,,,1028
,,,,,,,,,,,,,,,,,,,,,,,,,,,,,,,,,,,,,,,,,,kangul,left,0.5948013067245483,0.5882015228271484,0.5789455771446228,0.5703598260879517,0.565285325050354,0.5601832270622253,0.5459922552108765,0.5372527837753296,0.5297397971153259,0.5581656694412231,0.5434662699699402,0.5344883799552917,0.5269732475280762,0.5575887560844421,0.5438336133956909,0.535372257232666,0.5287736654281616,0.5581896305084229,0.5464680194854736,0.5385659337043762,0.5329792499542236,0.9106854796409607,0.8903242349624634,0.8814020156860352,0.8829813599586487,0.8937913775444031,0.9029874205589294,0.8952547311782837,0.8917949199676514,0.8896245956420898,0.9137380123138428,0.9039345383644104,0.8971664905548096,0.8921632170677185,0.9217918515205383,0.9132601022720337,0.9065061807632446,0.9011982679367065,0.9273685812950134,0.9212974905967712,0.9159774780273438,0.9114042520523071,1029
,,,,,,,,,,,,,,,,,,,,,,,,,,,,,,,,,,,,,,,,,,kangul,left,0.3308211863040924,0.3344241976737976,0.33854714035987854,0.3429543972015381,0.34382760524749756,0.32655519247055054,0.3252002000808716,0.3286535143852234,0.3320196270942688,0.3258041739463806,0.3317803144454956,0.3366086781024933,0.3403050899505615,0.32475343346595764,0.33016183972358704,0.3344689905643463,0.33735769987106323,0.32286566495895386,0.32446160912513733,0.32652729749679565,0.32839152216911316,0.6298973560333252,0.6224784255027771,0.6138232350349426,0.6087668538093567,0.6073761582374573,0.598055362701416,0.5836437344551086,0.5755703449249268,0.5657290816307068,0.5975366234779358,0.5873256921768188,0.5848674178123474,0.5809626579284668,0.5975845456123352,0.589378297328949,0.5909536480903625,0.5914934277534485,0.597470223903656,0.5835303664207458,0.574444591999054,0.5664523839950562,1030
,,,,,,,,,,,,,,,,,,,,,,,,,,,,,,,,,,,,,,,,,,kangul,left,0.3333851099014282,0.341321736574173,0.3491310775279999,0.35456711053848267,0.3567231297492981,0.33331814408302307,0.33465901017189026,0.3383384943008423,0.34087327122688293,0.32861632108688354,0.33487823605537415,0.3389699161052704,0.34139007329940796,0.32378172874450684,0.32947009801864624,0.3334839940071106,0.33583134412765503,0.3190700113773346,0.31988751888275146,0.3217391073703766,0.3239823281764984,0.6390531659126282,0.6187920570373535,0.5967659950256348,0.5803396701812744,0.5668569207191467,0.5939751267433167,0.581443727016449,0.5735587477684021,0.5644586682319641,0.597714364528656,0.5864151120185852,0.5861074328422546,0.5846936702728271,0.5999934673309326,0.5904588103294373,0.5981639623641968,0.604982316493988,0.601844847202301,0.5832380056381226,0.5695613622665405,0.5579184293746948,1031
,,,,,,,,,,,,,,,,,,,,,,,,,,,,,,,,,,,,,,,,,,hansasya,left,0.4617079496383667,0.4729939103126526,0.48720332980155945,0.49800437688827515,0.5033854246139526,0.4841982424259186,0.4897177517414093,0.49092116951942444,0.4926265776157379,0.4803490936756134,0.4849254786968231,0.4869749844074249,0.4891345500946045,0.47759902477264404,0.4811391532421112,0.48363444209098816,0.4858795702457428,0.475753515958786,0.4798416793346405,0.48165756464004517,0.4831988513469696,0.5201859474182129,0.5311247706413269,0.5360058546066284,0.5368438363075256,0.5357621908187866,0.5094884037971497,0.4951685070991516,0.48507291078567505,0.47407495975494385,0.4939841032028198,0.4702010750770569,0.45502594113349915,0.4408922791481018,0.48393240571022034,0.46209651231765747,0.4472186863422394,0.4337688088417053,0.47973141074180603,0.46388739347457886,0.45252394676208496,0.4422203004360199,1032
,,,,,,,,,,,,,,,,,,,,,,,,,,,,,,,,,,,,,,,,,,hansasya,left,0.4511004090309143,0.45814913511276245,0.4683029055595398,0.47733771800994873,0.4832044243812561,0.4785822629928589,0.48845160007476807,0.49311548471450806,0.49608248472213745,0.4800797700881958,0.48770225048065186,0.4885845482349396,0.4884739816188812,0.4795699715614319,0.4865945875644684,0.4873998463153839,0.48682504892349243,0.47781991958618164,0.4845779240131378,0.486764520406723,0.4877660870552063,0.6618083715438843,0.6339508295059204,0.6098310947418213,0.593174159526825,0.5782244205474854,0.6251283884048462,0.6125668883323669,0.6017712950706482,0.5921311378479004,0.639798641204834,0.6251636743545532,0.6129460334777832,0.6036289930343628,0.6542497277259827,0.640815019607544,0.6293948292732239,0.6198179125785828,0.6680991053581238,0.6585445404052734,0.6494470834732056,0.6406930088996887,1033
,,,,,,,,,,,,,,,,,,,,,,,,,,,,,,,,,,,,,,,,,,hansasya,left,0.47158822417259216,0.4801042079925537,0.4911978840827942,0.49835696816444397,0.5010270476341248,0.5038366913795471,0.5123715400695801,0.5176370143890381,0.5212772488594055,0.5045048594474792,0.5048714876174927,0.5007876753807068,0.49731817841529846,0.5021159052848816,0.49864423274993896,0.49080565571784973,0.48446041345596313,0.4975731074810028,0.49664416909217834,0.4912375509738922,0.4857964515686035,0.5775869488716125,0.5497995615005493,0.5209375023841858,0.4970511496067047,0.4789751172065735,0.5194522738456726,0.48610877990722656,0.46237897872924805,0.4422769546508789,0.5281907916069031,0.4904713034629822,0.46351468563079834,0.443081259727478,0.5390447974205017,0.5086097121238708,0.4951622486114502,0.4883189797401428,0.5515004992485046,0.5276012420654297,0.5158977508544922,0.5091241598129272,1034
0.4664323925971985,0.6479564905166626,0.7535631656646729,0.7785608172416687,0.6898012757301331,0.6114163398742676,0.612031102180481,0.6093491911888123,0.6069735288619995,0.503023087978363,0.49707818031311035,0.5079739093780518,0.521960973739624,0.40418505668640137,0.3889475464820862,0.4011029899120331,0.4014089107513428,0.2971268594264984,0.2748304307460785,0.2951439619064331,0.3130664825439453,0.6221754550933838,0.564513623714447,0.47548067569732666,0.3773832619190216,0.31932178139686584,0.33142635226249695,0.22263553738594055,0.15373414754867554,0.10123252868652344,0.32617032527923584,0.19870609045028687,0.12043558061122894,0.06429195404052734,0.3470621705055237,0.22924897074699402,0.2566002607345581,0.3095097839832306,0.38009828329086304,0.29465290904045105,0.3057089149951935,0.34664788842201233,ardhapataka,right,,,,,,,,,,,,,,,,,,,,,,,,,,,,,,,,,,,,,,,,,,,1035
0.4721183478832245,0.6271564364433289,0.7427220940589905,0.7567110061645508,0.6766201853752136,0.5968921184539795,0.6057044267654419,0.6087966561317444,0.6066640615463257,0.5016623735427856,0.5077633857727051,0.509939968585968,0.5155195593833923,0.40661925077438354,0.3896099328994751,0.38171643018722534,0.389701783657074,0.29669255018234253,0.27190887928009033,0.2784575819969177,0.3022941052913666,0.6415082216262817,0.5651441812515259,0.48729562759399414,0.3733314573764801,0.3249884247779846,0.3416687846183777,0.21708443760871887,0.15852367877960205,0.10809145867824554,0.33959969878196716,0.19558356702327728,0.12409252673387527,0.08248531818389893,0.36943042278289795,0.2538469135761261,0.2638794481754303,0.30783388018608093,0.4213300347328186,0.31947800517082214,0.3190159201622009,0.35202640295028687,ardhapataka,right,,,,,,,,,,,,,,,,,,,,,,,,,,,,,,,,,,,,,,,,,,,1036
0.45262399315834045,0.5599871873855591,0.5677458047866821,0.4406169354915619,0.3210432529449463,0.5631985664367676,0.5245056748390198,0.49177125096321106,0.46239960193634033,0.4545596241950989,0.44305431842803955,0.4477550983428955,0.44522982835769653,0.35481321811676025,0.30311405658721924,0.3517640233039856,0.38714730739593506,0.2634836435317993,0.24770522117614746,0.3033507764339447,0.3490391969680786,0.636863112449646,0.5750444531440735,0.47237035632133484,0.4104086756706238,0.3725118041038513,0.3642398715019226,0.2613832354545593,0.1923026144504547,0.13406530022621155,0.370601624250412,0.24787437915802002,0.17089322209358215,0.10227099061012268,0.4021809995174408,0.3373348116874695,0.4163151979446411,0.46920400857925415,0.44952908158302307,0.3966122269630432,0.4486842751502991,0.4895263910293579,kartarimukh,right,,,,,,,,,,,,,,,,,,,,,,,,,,,,,,,,,,,,,,,,,,,1037
0.4531392455101013,0.5580164194107056,0.5633532404899597,0.44004178047180176,0.3191366195678711,0.5567014217376709,0.516493558883667,0.4795353412628174,0.44657963514328003,0.44655704498291016,0.42953991889953613,0.4318337142467499,0.42982590198516846,0.3463706970214844,0.2987235486507416,0.3444826602935791,0.3790731430053711,0.25757017731666565,0.24482449889183044,0.30157485604286194,0.3490423560142517,0.6416870951652527,0.5814732313156128,0.48086491227149963,0.4267233610153198,0.3953072130680084,0.37348929047584534,0.2795182466506958,0.21813347935676575,0.1655825674533844,0.37854722142219543,0.2578781247138977,0.1789936125278473,0.11103582382202148,0.4094802141189575,0.34752461314201355,0.42431527376174927,0.4777294397354126,0.4576355516910553,0.4102117419242859,0.4625895917415619,0.5049521923065186,kartarimukh,right,,,,,,,,,,,,,,,,,,,,,,,,,,,,,,,,,,,,,,,,,,,1038
,,,,,,,,,,,,,,,,,,,,,,,,,,,,,,,,,,,,,,,,,,chandrakala,left,0.5904712677001953,0.5786761045455933,0.5671513080596924,0.5656366348266602,0.5664771199226379,0.5527259707450867,0.535860002040863,0.5278043746948242,0.5203914642333984,0.5526911616325378,0.5358247756958008,0.5400519967079163,0.545656681060791,0.5559361577033997,0.5420474410057068,0.5473275184631348,0.5541206002235413,0.5602547526359558,0.5508078336715698,0.5566712617874146,0.5635097026824951,0.6694590449333191,0.6309680938720703,0.6045767664909363,0.5837103724479675,0.5661321878433228,0.6242746114730835,0.6286699771881104,0.6276487708091736,0.6261318922042847,0.6476612091064453,0.6506140828132629,0.6498448848724365,0.6495044231414795,0.6685469746589661,0.6704642176628113,0.6676976084709167,0.6654605865478516,0.6867815256118774,0.6884481310844421,0.6851611137390137,0.6833150386810303,1039
0.4772507846355438,0.4917701780796051,0.5098799467086792,0.525774359703064,0.5371085405349731,0.5004553198814392,0.5200772881507874,0.5311065912246704,0.5362256169319153,0.49904897809028625,0.5327767729759216,0.5269946455955505,0.5149444937705994,0.4997963309288025,0.5300917625427246,0.5228960514068604,0.5130065679550171,0.5018866658210754,0.5248288512229919,0.5190527439117432,0.5106013417243958,0.784873902797699,0.7570914030075073,0.7370652556419373,0.7293099164962769,0.73502516746521,0.7256103157997131,0.7026177048683167,0.7105324268341064,0.719627320766449,0.7421405911445618,0.751356840133667,0.762870192527771,0.7618681788444519,0.7665441036224365,0.77726811170578,0.7853295803070068,0.782428503036499,0.7911667823791504,0.8001149892807007,0.804011881351471,0.8011308312416077,kapitth,right,,,,,,,,,,,,,,,,,,,,,,,,,,,,,,,,,,,,,,,,,,,1040
0.6813873648643494,0.6725161075592041,0.6573017835617065,0.6414918303489685,0.6296423077583313,0.6478191614151001,0.6197288632392883,0.6055546402931213,0.5961205959320068,0.6449539065361023,0.6164814829826355,0.6031064987182617,0.5948219299316406,0.6426133513450623,0.6184911727905273,0.6115159392356873,0.6087498068809509,0.6417047381401062,0.6249847412109375,0.6184688210487366,0.6154887080192566,0.2957971394062042,0.300777792930603,0.30458852648735046,0.3137612044811249,0.3209448754787445,0.2593821883201599,0.2793090045452118,0.29760169982910156,0.31298017501831055,0.2572568356990814,0.28600215911865234,0.3135264813899994,0.33744651079177856,0.26129287481307983,0.2911107540130615,0.3192976117134094,0.34235936403274536,0.27065253257751465,0.29326584935188293,0.3147473931312561,0.3342704176902771,kartarimukh,right,,,,,,,,,,,,,,,,,,,,,,,,,,,,,,,,,,,,,,,,,,,1041
0.41871532797813416,0.42611634731292725,0.4388430714607239,0.4489858150482178,0.45437949895858765,0.4650628864765167,0.48182570934295654,0.49279606342315674,0.5018787384033203,0.46523675322532654,0.47108331322669983,0.46601250767707825,0.4606828987598419,0.4612720012664795,0.46670565009117126,0.4615646004676819,0.4560949504375458,0.4557721018791199,0.4608825147151947,0.45790958404541016,0.4536166787147522,0.6756912469863892,0.6449006199836731,0.6259797811508179,0.6228075623512268,0.6288759708404541,0.6461504101753235,0.6430339813232422,0.642063319683075,0.6437689661979675,0.6636154651641846,0.6500581502914429,0.6430755257606506,0.6439685821533203,0.6771761775016785,0.6640547513961792,0.6566243767738342,0.6554068326950073,0.6868700981140137,0.6758895516395569,0.6698502898216248,0.6682411432266235,chandrakala,right,,,,,,,,,,,,,,,,,,,,,,,,,,,,,,,,,,,,,,,,,,,1042
0.34037071466445923,0.35532715916633606,0.3662533462047577,0.36904212832450867,0.36179831624031067,0.3619365990161896,0.36376869678497314,0.36259782314300537,0.3604333996772766,0.35300055146217346,0.35684484243392944,0.35636234283447266,0.35510510206222534,0.34303951263427734,0.345479279756546,0.34819161891937256,0.3505232036113739,0.3325222432613373,0.332174688577652,0.3313404321670532,0.33156877756118774,0.2961885333061218,0.28617510199546814,0.271443247795105,0.2568807601928711,0.24978724122047424,0.22959069907665253,0.21123942732810974,0.2285262793302536,0.24474653601646423,0.2249736338853836,0.20815348625183105,0.2236100733280182,0.23565225303173065,0.2220035195350647,0.1985630989074707,0.18809570372104645,0.17893201112747192,0.22240139544010162,0.1937672197818756,0.17543965578079224,0.15799136459827423,bhramara,right,,,,,,,,,,,,,,,,,,,,,,,,,,,,,,,,,,,,,,,,,,,1043
0.3391488492488861,0.3510492742061615,0.3541058301925659,0.34804263710975647,0.3381219208240509,0.33517634868621826,0.3347048759460449,0.33447355031967163,0.3331070840358734,0.32587024569511414,0.32571715116500854,0.32589685916900635,0.3251641094684601,0.31946414709091187,0.31919077038764954,0.3195306062698364,0.3193069100379944,0.3151169717311859,0.3140939474105835,0.31428757309913635,0.3145677149295807,0.645659863948822,0.6343798041343689,0.6185643672943115,0.6089823246002197,0.6086137294769287,0.60526043176651,0.5725330114364624,0.5581006407737732,0.5496726036071777,0.6058750152587891,0.5681954622268677,0.5504836440086365,0.5418112277984619,0.6058415174484253,0.5699512958526611,0.5521713495254517,0.5413540005683899,0.6053018569946289,0.5775176286697388,0.5618410110473633,0.5512754917144775,chatur,right,,,,,,,,,,,,,,,,,,,,,,,,,,,,,,,,,,,,,,,,,,,1044
,,,,,,,,,,,,,,,,,,,,,,,,,,,,,,,,,,,,,,,,,,chandrakala,left,0.46483179926872253,0.4652079641819,0.4691928029060364,0.47864046692848206,0.48493993282318115,0.48277702927589417,0.4898296594619751,0.4883297085762024,0.48499158024787903,0.4882010817527771,0.49407824873924255,0.49079373478889465,0.4856525957584381,0.49229294061660767,0.49745482206344604,0.49415767192840576,0.4887655973434448,0.4948687255382538,0.5011658072471619,0.49997398257255554,0.4968823492527008,0.2185143232345581,0.18468798696994781,0.15745624899864197,0.14203740656375885,0.1286601424217224,0.1543731838464737,0.14061343669891357,0.15154369175434113,0.16232357919216156,0.1671590805053711,0.15229414403438568,0.16398373246192932,0.17485161125659943,0.18090762197971344,0.16673751175403595,0.17688331007957458,0.1868828535079956,0.1965661644935608,0.18658827245235443,0.188845694065094,0.19311891496181488,1045
,,,,,,,,,,,,,,,,,,,,,,,,,,,,,,,,,,,,,,,,,,bhramara,left,0.3335646092891693,0.33004528284072876,0.3320334553718567,0.3415537178516388,0.34871020913124084,0.3214879333972931,0.32550597190856934,0.3310336470603943,0.3351627588272095,0.3293943405151367,0.33038264513015747,0.33268362283706665,0.33320435881614685,0.33813586831092834,0.3415752947330475,0.33955544233322144,0.3358137607574463,0.3477424383163452,0.3532845973968506,0.3521329164505005,0.35013318061828613,0.558229923248291,0.5503590106964111,0.5309462547302246,0.5139495134353638,0.5013058185577393,0.4880002439022064,0.4644515812397003,0.45323511958122253,0.440024733543396,0.4813554883003235,0.4601532220840454,0.44637492299079895,0.4322403371334076,0.4806842803955078,0.4677943289279938,0.4773656129837036,0.48378872871398926,0.48352307081222534,0.47475889325141907,0.49067825078964233,0.5047684907913208,1046
0.4404510259628296,0.45030859112739563,0.4610671103000641,0.46609607338905334,0.4669332206249237,0.4807143807411194,0.50248783826828,0.51494961977005,0.5243309736251831,0.4834805428981781,0.5059977769851685,0.5190131664276123,0.529197096824646,0.4839446544647217,0.5059574842453003,0.518165111541748,0.527249813079834,0.4826863408088684,0.4998578727245331,0.5102322101593018,0.5186924338340759,0.6290373802185059,0.6016693115234375,0.5791083574295044,0.5612221360206604,0.5462944507598877,0.5877715349197388,0.5829778909683228,0.5814005136489868,0.5794281363487244,0.6044601798057556,0.5977100729942322,0.5942525267601013,0.5910019278526306,0.6232053637504578,0.6155745387077332,0.6112916469573975,0.6080884337425232,0.6439164280891418,0.6380537152290344,0.6335049867630005,0.6299644708633423,ardhachandra,right,,,,,,,,,,,,,,,,,,,,,,,,,,,,,,,,,,,,,,,,,,,1047
,,,,,,,,,,,,,,,,,,,,,,,,,,,,,,,,,,,,,,,,,,bhramara,left,0.2648986279964447,0.24821479618549347,0.23960736393928528,0.2407742589712143,0.2428688406944275,0.23361317813396454,0.23354941606521606,0.23351642489433289,0.23340389132499695,0.24200814962387085,0.23410429060459137,0.22971513867378235,0.22551073133945465,0.25188854336738586,0.25159168243408203,0.2509072422981262,0.24884037673473358,0.26297464966773987,0.26340365409851074,0.2607264816761017,0.2565172016620636,0.5362770557403564,0.5313430428504944,0.5179513692855835,0.5006891489028931,0.49085623025894165,0.47906726598739624,0.456083208322525,0.4372929334640503,0.41837361454963684,0.46833691000938416,0.4467094838619232,0.4302590489387512,0.41354018449783325,0.46490952372550964,0.4614206850528717,0.4804389476776123,0.4946439862251282,0.46676215529441833,0.46671250462532043,0.48219606280326843,0.4938865602016449,1048
,,,,,,,,,,,,,,,,,,,,,,,,,,,,,,,,,,,,,,,,,,mrigasheesh,left,0.6127530336380005,0.6016910672187805,0.5987198352813721,0.597180187702179,0.5937729477882385,0.6083497405052185,0.6020167469978333,0.5947112441062927,0.5885905623435974,0.6119428277015686,0.6022144556045532,0.5972403287887573,0.594774603843689,0.6163881421089172,0.6086586713790894,0.6018801927566528,0.5980239510536194,0.621224045753479,0.6243757009506226,0.6256911754608154,0.6263113617897034,0.1860201060771942,0.1625770777463913,0.13468675315380096,0.11323611438274384,0.10314438492059708,0.11800497025251389,0.10028547048568726,0.09508614987134933,0.0925767794251442,0.11489251255989075,0.10198155045509338,0.10377886146306992,0.10479036718606949,0.11458121985197067,0.09844284504652023,0.09306283295154572,0.08898545056581497,0.11558158695697784,0.09234578907489777,0.0755910575389862,0.06032251566648483,1049
,,,,,,,,,,,,,,,,,,,,,,,,,,,,,,,,,,,,,,,,,,chatur,left,0.7032041549682617,0.7228997349739075,0.737363338470459,0.7482988238334656,0.7569949626922607,0.7550036311149597,0.7634174823760986,0.7658728957176208,0.7671903371810913,0.7516232132911682,0.7613182067871094,0.7634744048118591,0.7636142373085022,0.744460940361023,0.7547271251678467,0.7566640973091125,0.7566604614257812,0.7345282435417175,0.7390790581703186,0.7384926080703735,0.7368196845054626,0.7548678517341614,0.7320156693458557,0.7237003445625305,0.7216517329216003,0.7177861332893372,0.7427700757980347,0.7124143242835999,0.6885704398155212,0.6689755320549011,0.74627286195755,0.7113050222396851,0.6856985092163086,0.6674178242683411,0.7464926838874817,0.7149982452392578,0.6924909949302673,0.6773357391357422,0.7428483963012695,0.7153379917144775,0.7046598792076111,0.6984586119651794,1050
0.28157541155815125,0.2923935353755951,0.2943449914455414,0.287761926651001,0.2764985263347626,0.2928116023540497,0.28844085335731506,0.28263190388679504,0.2768995761871338,0.2814444303512573,0.2638418972492218,0.26075202226638794,0.26026856899261475,0.27017971873283386,0.25430238246917725,0.25224030017852783,0.251824289560318,0.2610223889350891,0.25054383277893066,0.24418587982654572,0.23844444751739502,0.5940321683883667,0.5940254330635071,0.5881573557853699,0.5882337689399719,0.5934431552886963,0.5602469444274902,0.5514017939567566,0.548814594745636,0.5426665544509888,0.5527056455612183,0.5556718707084656,0.5752056837081909,0.5903229713439941,0.544760525226593,0.5394512414932251,0.5501107573509216,0.5600716471672058,0.5377010703086853,0.52039635181427,0.5142815709114075,0.508680522441864,chandrakala,right,,,,,,,,,,,,,,,,,,,,,,,,,,,,,,,,,,,,,,,,,,,1051
0.3948710560798645,0.40545454621315,0.41840773820877075,0.4264666736125946,0.4259825348854065,0.420324444770813,0.43506184220314026,0.4414934813976288,0.44519320130348206,0.4210592806339264,0.43611934781074524,0.44405099749565125,0.4495531916618347,0.42056429386138916,0.43539491295814514,0.4431527853012085,0.4487074613571167,0.4192822575569153,0.4299629330635071,0.43596580624580383,0.4405282735824585,0.670653760433197,0.6461503505706787,0.6244943737983704,0.6077042818069458,0.5939472913742065,0.6294836401939392,0.6264829039573669,0.625697672367096,0.6246523857116699,0.6451133489608765,0.641632080078125,0.6418201923370361,0.6425321102142334,0.6619178056716919,0.6578381061553955,0.6576995253562927,0.6580207347869873,0.6788148283958435,0.6750416159629822,0.6738317608833313,0.6735540628433228,mrigasheesh,right,,,,,,,,,,,,,,,,,,,,,,,,,,,,,,,,,,,,,,,,,,,1052
,,,,,,,,,,,,,,,,,,,,,,,,,,,,,,,,,,,,,,,,,,kapitth,left,0.7303916811943054,0.7216494083404541,0.7095464468002319,0.6985345482826233,0.6873401403427124,0.7088049054145813,0.6869692206382751,0.6782026290893555,0.6755479574203491,0.7076191902160645,0.6843284964561462,0.6789914965629578,0.6801455616950989,0.7057576775550842,0.6839317083358765,0.679395318031311,0.6810846328735352,0.7038521766662598,0.6841073036193848,0.6814759373664856,0.6838643550872803,0.43562108278274536,0.403361052274704,0.36944982409477234,0.34731465578079224,0.33929643034935,0.34730011224746704,0.3337331712245941,0.34247079491615295,0.3490191400051117,0.36123543977737427,0.3542121350765228,0.36465486884117126,0.37111884355545044,0.38037508726119995,0.37434083223342896,0.38518908619880676,0.39121049642562866,0.4017658829689026,0.39784321188926697,0.4065086841583252,0.4123794138431549,1053
0.4217897653579712,0.4192518889904022,0.42329490184783936,0.4254703223705292,0.42336633801460266,0.4401957392692566,0.45715415477752686,0.4673736095428467,0.4751366078853607,0.4456029534339905,0.4643097519874573,0.475378155708313,0.48407697677612305,0.44891640543937683,0.4664651155471802,0.476500928401947,0.4840881824493408,0.4506327509880066,0.46234047412872314,0.46842530369758606,0.4731281101703644,0.44471415877342224,0.4166302978992462,0.3852481544017792,0.36208653450012207,0.3452976942062378,0.37831181287765503,0.36358726024627686,0.35811537504196167,0.35453182458877563,0.3907834589481354,0.3744351267814636,0.3662791848182678,0.36105719208717346,0.4076012074947357,0.39130815863609314,0.3832995891571045,0.3774821162223816,0.427705317735672,0.41644319891929626,0.41024351119995117,0.4051780104637146,ardhachandra,right,,,,,,,,,,,,,,,,,,,,,,,,,,,,,,,,,,,,,,,,,,,1054
0.42387962341308594,0.43533220887184143,0.44790908694267273,0.4585283696651459,0.4672492444515228,0.43843725323677063,0.46352922916412354,0.46401500701904297,0.45758140087127686,0.4357803165912628,0.4671781659126282,0.4629881978034973,0.45227864384651184,0.43460774421691895,0.46435773372650146,0.4582000970840454,0.44754669070243835,0.43435847759246826,0.45174017548561096,0.446779727935791,0.4392177164554596,0.7690980434417725,0.7455743551254272,0.7185041308403015,0.697806179523468,0.6952973008155823,0.7198324203491211,0.7165634632110596,0.7278743982315063,0.7332884669303894,0.7407676577568054,0.74820476770401,0.7596122622489929,0.7589848041534424,0.7657592296600342,0.774512529373169,0.7821171879768372,0.7790161967277527,0.7898460030555725,0.7975810170173645,0.8007349967956543,0.7978971600532532,kapitth,right,,,,,,,,,,,,,,,,,,,,,,,,,,,,,,,,,,,,,,,,,,,1055
0.3076404929161072,0.32166099548339844,0.3293359875679016,0.32804733514785767,0.3203849792480469,0.31864792108535767,0.3144396245479584,0.31032314896583557,0.30570903420448303,0.30853500962257385,0.3062610626220703,0.3043768107891083,0.30227184295654297,0.29891321063041687,0.298191100358963,0.3058798909187317,0.31150200963020325,0.2895832359790802,0.2844266891479492,0.28852057456970215,0.2935398817062378,0.5992249846458435,0.5882160067558289,0.5715677738189697,0.5607977509498596,0.5494804382324219,0.5121955871582031,0.4802813231945038,0.4627838134765625,0.4472193717956543,0.5145067572593689,0.47963201999664307,0.4585573673248291,0.4407498836517334,0.5245004296302795,0.5089000463485718,0.5292129516601562,0.5453436970710754,0.5382199287414551,0.5198455452919006,0.5240576863288879,0.530128538608551,kartarimukh,right,,,,,,,,,,,,,,,,,,,,,,,,,,,,,,,,,,,,,,,,,,,1056
0.3048801124095917,0.3194805681705475,0.3281940221786499,0.32622864842414856,0.31726405024528503,0.3180791139602661,0.31369873881340027,0.3088180720806122,0.30383291840553284,0.3078436255455017,0.30533862113952637,0.3033126890659332,0.30114293098449707,0.2978258430957794,0.2969442903995514,0.30400198698043823,0.30880314111709595,0.2877417802810669,0.28293299674987793,0.2868689000606537,0.29126864671707153,0.6073147058486938,0.5955817103385925,0.5760496854782104,0.5618276596069336,0.5510407090187073,0.5190418362617493,0.48527902364730835,0.46581849455833435,0.4489484429359436,0.5207900404930115,0.48437395691871643,0.46276620030403137,0.4449612498283386,0.530517578125,0.5105405449867249,0.5296823382377625,0.5461180806159973,0.5439529418945312,0.5225955843925476,0.5254044532775879,0.5317711234092712,kartarimukh,right,,,,,,,,,,,,,,,,,,,,,,,,,,,,,,,,,,,,,,,,,,,1057
,,,,,,,,,,,,,,,,,,,,,,,,,,,,,,,,,,,,,,,,,,chatur,left,0.3298433721065521,0.33450037240982056,0.33510664105415344,0.33320173621177673,0.328374445438385,0.3093092739582062,0.3033115863800049,0.3030909299850464,0.3039821684360504,0.30206769704818726,0.29594606161117554,0.2968352735042572,0.29911795258522034,0.2987213432788849,0.2925352156162262,0.2923078238964081,0.2938208281993866,0.2982371747493744,0.2922571897506714,0.2907825708389282,0.29011186957359314,0.6381082534790039,0.6514796614646912,0.6581121683120728,0.6500180959701538,0.639811635017395,0.6678943037986755,0.6739464998245239,0.6685999631881714,0.6588795185089111,0.6527703404426575,0.6538381576538086,0.6483880877494812,0.6396087408065796,0.6366124153137207,0.63229900598526,0.625791072845459,0.6171322464942932,0.6208446621894836,0.6113669872283936,0.6029796004295349,0.5933084487915039,1058
0.4936264753341675,0.49547699093818665,0.5044682025909424,0.5164270997047424,0.52472984790802,0.5126186609268188,0.5287271738052368,0.5253868699073792,0.5189694166183472,0.5196606516838074,0.5346470475196838,0.5304327607154846,0.5236101746559143,0.52451491355896,0.5367310643196106,0.533050537109375,0.5270112156867981,0.5280089974403381,0.5382552146911621,0.5352385640144348,0.5300061106681824,0.5437654256820679,0.5083266496658325,0.48289844393730164,0.4736851751804352,0.4731273651123047,0.4839925169944763,0.4645267128944397,0.4715527296066284,0.481038361787796,0.5027163028717041,0.48530933260917664,0.4905095100402832,0.497874915599823,0.5214332342147827,0.5048888921737671,0.5081943869590759,0.5153005719184875,0.5384339094161987,0.5229430198669434,0.5234507322311401,0.5291759967803955,mushti,right,,,,,,,,,,,,,,,,,,,,,,,,,,,,,,,,,,,,,,,,,,,1059
,,,,,,,,,,,,,,,,,,,,,,,,,,,,,,,,,,,,,,,,,,kapitth,left,0.659223198890686,0.6459395885467529,0.6374486684799194,0.6319199204444885,0.6285111308097839,0.649253785610199,0.6475091576576233,0.639051616191864,0.6326100826263428,0.6524574160575867,0.6349830627441406,0.6306419372558594,0.6315592527389526,0.6526365280151367,0.6330921649932861,0.6298846006393433,0.6319388747215271,0.6503803730010986,0.634734034538269,0.6304613947868347,0.630787193775177,0.7783817052841187,0.7459095120429993,0.7162020206451416,0.6952139139175415,0.682155966758728,0.7066007256507874,0.6784854531288147,0.6716527938842773,0.6719515323638916,0.7235709428787231,0.7100301384925842,0.7149831056594849,0.7189275622367859,0.7454126477241516,0.7375643849372864,0.7437871694564819,0.7476438879966736,0.7682187557220459,0.764209508895874,0.764280378818512,0.7648192048072815,1060
,,,,,,,,,,,,,,,,,,,,,,,,,,,,,,,,,,,,,,,,,,kapitth,left,0.6374089121818542,0.6382179856300354,0.6391753554344177,0.6435094475746155,0.6491661071777344,0.6311370134353638,0.6260164976119995,0.6171928644180298,0.6108412742614746,0.6285427808761597,0.613369345664978,0.6108009815216064,0.6123666763305664,0.6263717412948608,0.6130556464195251,0.6114662289619446,0.612906813621521,0.6252776384353638,0.6156159043312073,0.6153987646102905,0.6171063184738159,0.7198349833488464,0.69631427526474,0.6671871542930603,0.6463823318481445,0.6313206553459167,0.6520578265190125,0.622595489025116,0.6137096881866455,0.6138893961906433,0.6665589809417725,0.6526065468788147,0.6560077667236328,0.6593383550643921,0.6871351599693298,0.6815451979637146,0.6852967143058777,0.687258780002594,0.7097150087356567,0.706291675567627,0.7089822888374329,0.7106932997703552,1061
0.6277129054069519,0.5557400584220886,0.4613889157772064,0.39522722363471985,0.35448116064071655,0.3802381157875061,0.31290102005004883,0.3090234398841858,0.31536179780960083,0.3817776143550873,0.3149169087409973,0.30757424235343933,0.31387463212013245,0.3944914937019348,0.3304363489151001,0.3195451498031616,0.3270914852619171,0.41671884059906006,0.3672388195991516,0.35151955485343933,0.3508845865726471,0.6201823353767395,0.5348435640335083,0.47305306792259216,0.4169144034385681,0.3615453541278839,0.5078889727592468,0.39772912859916687,0.30419984459877014,0.2239808291196823,0.5365957021713257,0.42794376611709595,0.32568132877349854,0.22795367240905762,0.5625579357147217,0.46949952840805054,0.37161654233932495,0.2796284854412079,0.5856680274009705,0.5092479586601257,0.43926650285720825,0.3684224486351013,sarpasheesh,right,,,,,,,,,,,,,,,,,,,,,,,,,,,,,,,,,,,,,,,,,,,1062
,,,,,,,,,,,,,,,,,,,,,,,,,,,,,,,,,,,,,,,,,,sarpasheesh,left,0.5350530743598938,0.45290863513946533,0.365773469209671,0.3099558353424072,0.2890220284461975,0.32714176177978516,0.2724165916442871,0.24499228596687317,0.21982333064079285,0.3526599407196045,0.29367801547050476,0.26366671919822693,0.2356484830379486,0.38452601432800293,0.3308267295360565,0.2978140413761139,0.2698327302932739,0.43336498737335205,0.37996089458465576,0.3462313115596771,0.3141598105430603,0.6207811832427979,0.6984990835189819,0.6967979669570923,0.6117194890975952,0.5125682353973389,0.5260477662086487,0.42251455783843994,0.3561568260192871,0.28495392203330994,0.45320844650268555,0.3446069657802582,0.274588406085968,0.20486915111541748,0.40890344977378845,0.3155354857444763,0.25681114196777344,0.2011280655860901,0.3734845221042633,0.30502116680145264,0.2677558958530426,0.2285093069076538,1063
0.8022682070732117,0.7475261688232422,0.6693578958511353,0.6011886596679688,0.5728495121002197,0.5292873382568359,0.52125084400177,0.5538235902786255,0.591248631477356,0.5150776505470276,0.38357487320899963,0.29565170407295227,0.23078489303588867,0.5265184044837952,0.4015389382839203,0.3145621418952942,0.2528934180736542,0.555383026599884,0.470848023891449,0.4175988733768463,0.37130364775657654,0.3330421447753906,0.6049062609672546,0.7204224467277527,0.8408635854721069,0.9366480112075806,0.565824031829834,0.7528730630874634,0.8499301671981812,0.8831825256347656,0.4675390124320984,0.6077534556388855,0.6841617822647095,0.735176146030426,0.39748188853263855,0.44193023443222046,0.4824351668357849,0.5057318210601807,0.3383795917034149,0.29694101214408875,0.25117984414100647,0.21641944348812103,hansasya,right,,,,,,,,,,,,,,,,,,,,,,,,,,,,,,,,,,,,,,,,,,,1064
,,,,,,,,,,,,,,,,,,,,,,,,,,,,,,,,,,,,,,,,,,hanspaksha,left,0.4515938460826874,0.5173795223236084,0.5348913073539734,0.5088133811950684,0.47412604093551636,0.41740524768829346,0.43483614921569824,0.45525825023651123,0.4701768755912781,0.37503883242607117,0.3973958194255829,0.4334332048892975,0.4614696502685547,0.35369518399238586,0.37028253078460693,0.40850523114204407,0.438152939081192,0.34180229902267456,0.29077017307281494,0.26616954803466797,0.24869892001152039,0.9452294111251831,0.8086555600166321,0.6813254356384277,0.5580121278762817,0.48825275897979736,0.622532308101654,0.47176113724708557,0.41415393352508545,0.37650758028030396,0.633256733417511,0.47791749238967896,0.4175092577934265,0.3795512020587921,0.6651886701583862,0.5149537324905396,0.46482211351394653,0.4371989369392395,0.7006120681762695,0.6178745031356812,0.5627797245979309,0.5199406743049622,1065
,,,,,,,,,,,,,,,,,,,,,,,,,,,,,,,,,,,,,,,,,,soochi,left,0.6671016812324524,0.6028082370758057,0.5156275629997253,0.47234100103378296,0.49851298332214355,0.45645657181739807,0.36612460017204285,0.31162360310554504,0.2698045074939728,0.4897392988204956,0.44500863552093506,0.5014616847038269,0.5372282266616821,0.5309656858444214,0.49897560477256775,0.5497094988822937,0.582439661026001,0.5775213241577148,0.551430881023407,0.5809485912322998,0.6039976477622986,0.7319660782814026,0.7892211675643921,0.7760399580001831,0.6649380326271057,0.5632663369178772,0.6831758618354797,0.6277087926864624,0.5958740711212158,0.5665693879127502,0.6090158820152283,0.5526177287101746,0.6106401681900024,0.6555354595184326,0.5586072206497192,0.5127647519111633,0.5981159210205078,0.6536235809326172,0.5207599401473999,0.4943290650844574,0.5561953783035278,0.5989262461662292,1066
,,,,,,,,,,,,,,,,,,,,,,,,,,,,,,,,,,,,,,,,,,aral,left,0.5924841165542603,0.5317160487174988,0.4407954216003418,0.3695523738861084,0.34193870425224304,0.3531217575073242,0.27172571420669556,0.3086812496185303,0.35100460052490234,0.35622793436050415,0.2441367208957672,0.17343813180923462,0.10103490948677063,0.3801792860031128,0.2779337167739868,0.21120937168598175,0.14603197574615479,0.42512956261634827,0.3477036952972412,0.2983810007572174,0.25206702947616577,0.7164512872695923,0.8509007692337036,0.9290760159492493,0.9101114869117737,0.8096102476119995,0.753974974155426,0.7301164269447327,0.7713554501533508,0.7904382348060608,0.6616066694259644,0.6183899641036987,0.5964275002479553,0.5681501030921936,0.5889695286750793,0.5500368475914001,0.5304770469665527,0.5078491568565369,0.5214126706123352,0.4916987121105194,0.48569387197494507,0.4781253933906555,1067
0.47506725788116455,0.5227319002151489,0.5489144325256348,0.5659417510032654,0.5808505415916443,0.5048449039459229,0.4794614613056183,0.45835644006729126,0.4357014298439026,0.47515034675598145,0.41851508617401123,0.37586498260498047,0.3410085439682007,0.45193031430244446,0.4136470556259155,0.39562809467315674,0.3857629597187042,0.44634976983070374,0.4425152838230133,0.4622403383255005,0.4763804078102112,0.7948411703109741,0.6578550338745117,0.5832992196083069,0.5433041453361511,0.5518255829811096,0.5114285349845886,0.4066276252269745,0.36293408274650574,0.3213864266872406,0.5593427419662476,0.4352058470249176,0.3753889799118042,0.31936267018318176,0.637195348739624,0.5486612319946289,0.4766213893890381,0.41384357213974,0.726016640663147,0.6690545678138733,0.6557744145393372,0.6469889879226685,aral,right,,,,,,,,,,,,,,,,,,,,,,,,,,,,,,,,,,,,,,,,,,,1068
,,,,,,,,,,,,,,,,,,,,,,,,,,,,,,,,,,,,,,,,,,kapitth,left,0.6139601469039917,0.6644667387008667,0.640052080154419,0.591632604598999,0.5473966598510742,0.5386970639228821,0.46972087025642395,0.455252081155777,0.44792741537094116,0.4959867596626282,0.5019406676292419,0.5479745268821716,0.5781052112579346,0.4788556396961212,0.49610635638237,0.537275493144989,0.5591097474098206,0.47635674476623535,0.4928593635559082,0.5299730896949768,0.5496019721031189,0.9248125553131104,0.7532893419265747,0.5985054969787598,0.5009692907333374,0.46482762694358826,0.6216395497322083,0.5121203660964966,0.46922290325164795,0.4655827283859253,0.6770291328430176,0.5421714782714844,0.528957188129425,0.5583114624023438,0.7175507545471191,0.5812786221504211,0.5786398649215698,0.6020014882087708,0.7436854243278503,0.6361083984375,0.6224175095558167,0.6394054889678955,1069
,,,,,,,,,,,,,,,,,,,,,,,,,,,,,,,,,,,,,,,,,,shikhar,left,0.6228486895561218,0.5216770768165588,0.42134323716163635,0.3380182385444641,0.26775237917900085,0.4171102046966553,0.40838831663131714,0.44988855719566345,0.47077465057373047,0.5022252202033997,0.5018452405929565,0.5220847725868225,0.5245518088340759,0.5886944532394409,0.5970450043678284,0.5963132977485657,0.5887961387634277,0.6667790412902832,0.6783316731452942,0.6628644466400146,0.6450554132461548,0.717205822467804,0.7386013269424438,0.6800380945205688,0.6360553503036499,0.5946967601776123,0.32093551754951477,0.4840407073497772,0.606194794178009,0.5982330441474915,0.26377493143081665,0.486148476600647,0.6301407814025879,0.5949821472167969,0.2724943161010742,0.5023391842842102,0.6424553394317627,0.6218910217285156,0.31743723154067993,0.4862281084060669,0.6020521521568298,0.6042425036430359,1070
,,,,,,,,,,,,,,,,,,,,,,,,,,,,,,,,,,,,,,,,,,shikhar,left,0.670100748538971,0.5891586542129517,0.5046356320381165,0.4207850694656372,0.3500705063343048,0.5350201725959778,0.5867435932159424,0.5913782119750977,0.5654661059379578,0.5891486406326294,0.6343514919281006,0.6302396059036255,0.5993244647979736,0.6398360133171082,0.6763032674789429,0.6646729111671448,0.6297741532325745,0.6774595975875854,0.7048851251602173,0.6906539797782898,0.6589714884757996,0.8052821755409241,0.7626358270645142,0.6811214685440063,0.6211098432540894,0.6223706007003784,0.45612895488739014,0.36622104048728943,0.49513494968414307,0.5425722002983093,0.4585462212562561,0.37035465240478516,0.5197470188140869,0.5349726676940918,0.46860647201538086,0.3974735140800476,0.536572277545929,0.562512993812561,0.484129935503006,0.44181180000305176,0.5385774374008179,0.5693259835243225,1071
,,,,,,,,,,,,,,,,,,,,,,,,,,,,,,,,,,,,,,,,,,shikhar,left,0.699074387550354,0.5957216024398804,0.5096901059150696,0.45542997121810913,0.42497384548187256,0.5479459166526794,0.5588060021400452,0.5715627074241638,0.5634781122207642,0.6042279005050659,0.6092803478240967,0.6190534234046936,0.6123315691947937,0.6594813466072083,0.6628581881523132,0.663345992565155,0.6519419550895691,0.7071062922477722,0.7089985609054565,0.7008981704711914,0.6907343864440918,0.8127559423446655,0.7612210512161255,0.6886627674102783,0.6205753684043884,0.5899422764778137,0.5120103359222412,0.3973562717437744,0.5089818835258484,0.5856863260269165,0.5014853477478027,0.38643157482147217,0.5305148959159851,0.5965794920921326,0.5101344585418701,0.4045899212360382,0.5468724966049194,0.6132842302322388,0.5457465648651123,0.4557857811450958,0.5565404891967773,0.6121163368225098,1072
,,,,,,,,,,,,,,,,,,,,,,,,,,,,,,,,,,,,,,,,,,singhamukh,left,0.7331507802009583,0.6500954627990723,0.5496733784675598,0.47602319717407227,0.41014230251312256,0.46720319986343384,0.36346665024757385,0.3020695745944977,0.24641215801239014,0.5035637617111206,0.41378331184387207,0.41724976897239685,0.43072736263275146,0.5519048571586609,0.46840137243270874,0.4683765172958374,0.4741458594799042,0.6048304438591003,0.5459980368614197,0.5020195841789246,0.458107054233551,0.7492917776107788,0.7875455617904663,0.770031213760376,0.7667388916015625,0.7765130996704102,0.5841453075408936,0.47945860028266907,0.4289127588272095,0.379491925239563,0.5284340977668762,0.48266535997390747,0.6159443855285645,0.7274975180625916,0.491705983877182,0.45674270391464233,0.5998042821884155,0.7085112929344177,0.46364301443099976,0.3514673709869385,0.28118422627449036,0.2102651596069336,1073
,,,,,,,,,,,,,,,,,,,,,,,,,,,,,,,,,,,,,,,,,,chandrakala,left,0.7672159075737,0.6773216128349304,0.6292190551757812,0.6650680303573608,0.7243295311927795,0.6270946264266968,0.6315433979034424,0.6499882936477661,0.6646382808685303,0.720365047454834,0.7678015828132629,0.7754684090614319,0.771562933921814,0.8131442070007324,0.8550282120704651,0.8412987589836121,0.8213672041893005,0.8923753499984741,0.9256417155265808,0.9028077125549316,0.8812652826309204,0.9011124968528748,0.7690355181694031,0.6197147369384766,0.5051484704017639,0.4495614171028137,0.4711916148662567,0.3722681403160095,0.481090784072876,0.5895556211471558,0.4757099151611328,0.3367627263069153,0.49436402320861816,0.6348915100097656,0.5025955438613892,0.37580785155296326,0.539739727973938,0.6740575432777405,0.5568088293075562,0.46143099665641785,0.5509012341499329,0.638089656829834,1074
,,,,,,,,,,,,,,,,,,,,,,,,,,,,,,,,,,,,,,,,,,hansasya,left,0.3424459993839264,0.30597227811813354,0.2548218369483948,0.17218917608261108,0.10485142469406128,0.29631659388542175,0.2005327194929123,0.1368495374917984,0.10675351321697235,0.2846986651420593,0.18744158744812012,0.14478854835033417,0.12256799638271332,0.27637413144111633,0.20654749870300293,0.1805965155363083,0.16448944807052612,0.27013272047042847,0.24509671330451965,0.24718666076660156,0.24580144882202148,0.6218979954719543,0.6136338710784912,0.5629062056541443,0.5231520533561707,0.503333330154419,0.40843313932418823,0.4017549157142639,0.43634817004203796,0.4585415720939636,0.36453959345817566,0.2721900939941406,0.2082560956478119,0.14496126770973206,0.3435460031032562,0.2458517998456955,0.17212148010730743,0.10287970304489136,0.34874191880226135,0.2606273889541626,0.19712600111961365,0.14209520816802979,1075
0.49305588006973267,0.6098503470420837,0.7092293500900269,0.746339738368988,0.6831970810890198,0.6297286748886108,0.6258178353309631,0.5993612408638,0.5492355823516846,0.524990439414978,0.5203649997711182,0.4936060905456543,0.4555702805519104,0.4392193555831909,0.4502421021461487,0.44995492696762085,0.4472174644470215,0.36214250326156616,0.3615371882915497,0.3482520878314972,0.34205755591392517,0.7343996167182922,0.6742979884147644,0.5884493589401245,0.5193619728088379,0.4628269076347351,0.4586336016654968,0.367727667093277,0.36957675218582153,0.3961178660392761,0.4493342339992523,0.3270438313484192,0.24018941819667816,0.16728904843330383,0.4644383490085602,0.36478328704833984,0.3014294505119324,0.2459900677204132,0.4885675013065338,0.4123998284339905,0.3568722903728485,0.30372676253318787,shuktund,right,,,,,,,,,,,,,,,,,,,,,,,,,,,,,,,,,,,,,,,,,,,1076
0.45314687490463257,0.5742560029029846,0.6439827084541321,0.6508761048316956,0.5914754867553711,0.6072599291801453,0.6142128109931946,0.6009655594825745,0.596733808517456,0.5380123853683472,0.5477645397186279,0.5400547385215759,0.5441704988479614,0.4711706042289734,0.48288393020629883,0.4822273850440979,0.48344147205352783,0.39903318881988525,0.416288286447525,0.4253474473953247,0.42053064703941345,0.5451682806015015,0.4646967947483063,0.3734670579433441,0.2905001640319824,0.2459893822669983,0.27994799613952637,0.20080247521400452,0.27763044834136963,0.30956825613975525,0.2746422588825226,0.21292799711227417,0.30945080518722534,0.31946897506713867,0.2810359597206116,0.22743159532546997,0.31365516781806946,0.31995493173599243,0.2909681797027588,0.2432531714439392,0.2961617112159729,0.30988019704818726,mushti,right,,,,,,,,,,,,,,,,,,,,,,,,,,,,,,,,,,,,,,,,,,,1077
0.7426900863647461,0.7098174095153809,0.6729403138160706,0.6278822422027588,0.5993643999099731,0.467840313911438,0.491895854473114,0.5559467077255249,0.5732187032699585,0.46314486861228943,0.5186493992805481,0.590347409248352,0.5998655557632446,0.48699522018432617,0.5412946343421936,0.606132984161377,0.6123390793800354,0.5218742489814758,0.5570088028907776,0.602819561958313,0.6075206398963928,0.5390473008155823,0.4389951229095459,0.3408592939376831,0.3670750856399536,0.4565388858318329,0.40867260098457336,0.41921594738960266,0.4234146475791931,0.4165903329849243,0.5095680356025696,0.5189447402954102,0.49989840388298035,0.4821857810020447,0.5984126925468445,0.6051161289215088,0.5745245814323425,0.5494725704193115,0.6771746873855591,0.6756424903869629,0.6466681957244873,0.6201972961425781,mushti,right,,,,,,,,,,,,,,,,,,,,,,,,,,,,,,,,,,,,,,,,,,,1078
0.7908122539520264,0.7069263458251953,0.5960270166397095,0.5545274019241333,0.5359914898872375,0.4132179617881775,0.2594710886478424,0.22097040712833405,0.21521484851837158,0.43816065788269043,0.257663369178772,0.23184530436992645,0.2510288953781128,0.49987632036209106,0.34562617540359497,0.3300955295562744,0.33462846279144287,0.5879577994346619,0.5018671154975891,0.48518991470336914,0.47601017355918884,0.7934713959693909,0.6542574763298035,0.5669137239456177,0.47850745916366577,0.3958916962146759,0.6991087198257446,0.6236872673034668,0.5321999788284302,0.45521053671836853,0.732503354549408,0.6453776359558105,0.5337694883346558,0.44988012313842773,0.7399871349334717,0.6563036441802979,0.5498428344726562,0.4752849042415619,0.7192513942718506,0.6242520213127136,0.5514765381813049,0.4997914731502533,padmakosh,right,,,,,,,,,,,,,,,,,,,,,,,,,,,,,,,,,,,,,,,,,,,1079
,,,,,,,,,,,,,,,,,,,,,,,,,,,,,,,,,,,,,,,,,,mukul,left,0.6644502282142639,0.5403769612312317,0.4570741653442383,0.38915306329727173,0.33711546659469604,0.5391620397567749,0.41574040055274963,0.35723692178726196,0.3123343586921692,0.550859808921814,0.40324121713638306,0.3478662371635437,0.3141138553619385,0.5501793026924133,0.4149562418460846,0.3712790906429291,0.34889042377471924,0.5373639464378357,0.43613266944885254,0.403361439704895,0.38631486892700195,0.6458377838134766,0.6411246657371521,0.5921489596366882,0.5699575543403625,0.5608929991722107,0.38416147232055664,0.4187289774417877,0.4807639420032501,0.5276426076889038,0.3661978244781494,0.40836575627326965,0.4885155260562897,0.5422940850257874,0.37806329131126404,0.428146630525589,0.49686089158058167,0.5463238954544067,0.4150579869747162,0.4710002541542053,0.517125129699707,0.5509354472160339,1080
,,,,,,,,,,,,,,,,,,,,,,,,,,,,,,,,,,,,,,,,,,mukul,left,0.3202465772628784,0.504875659942627,0.6150366067886353,0.6741166114807129,0.6751700639724731,0.380912184715271,0.401829332113266,0.4282861053943634,0.44162529706954956,0.24104127287864685,0.29158520698547363,0.3544798195362091,0.3943595588207245,0.15356603264808655,0.2274882197380066,0.31021106243133545,0.36306023597717285,0.11159294843673706,0.18069729208946228,0.24394626915454865,0.2896697521209717,0.6903927326202393,0.6972490549087524,0.6470474004745483,0.5700434446334839,0.46208328008651733,0.7660480737686157,0.528428316116333,0.3513033092021942,0.20161736011505127,0.7346938252449036,0.4744783043861389,0.2842913269996643,0.12738043069839478,0.6719599962234497,0.44248166680336,0.2601824104785919,0.11861693859100342,0.589962363243103,0.4056980013847351,0.27377262711524963,0.1612321138381958,1081
0.7605822682380676,0.6715075969696045,0.5507054328918457,0.47269749641418457,0.42139363288879395,0.3663754463195801,0.33712509274482727,0.3380911648273468,0.3449914753437042,0.3900403678417206,0.34718331694602966,0.3461354672908783,0.35138005018234253,0.44375237822532654,0.4062342941761017,0.38760048151016235,0.37425696849823,0.5141004323959351,0.48140883445739746,0.451440691947937,0.426510751247406,0.7957805395126343,0.6059826016426086,0.5158469080924988,0.44188693165779114,0.3804347515106201,0.7190971374511719,0.5036680698394775,0.369113028049469,0.26526588201522827,0.7285959720611572,0.4797719120979309,0.3375397026538849,0.22717562317848206,0.7025879621505737,0.4523499608039856,0.31192243099212646,0.21190515160560608,0.6486989855766296,0.4474809169769287,0.3295636773109436,0.23943689465522766,mukul,right,,,,,,,,,,,,,,,,,,,,,,,,,,,,,,,,,,,,,,,,,,,1082
0.7045099139213562,0.6635808348655701,0.6123965978622437,0.5552080869674683,0.5098535418510437,0.653100311756134,0.5660508275032043,0.5178161859512329,0.48956841230392456,0.6579875946044922,0.561955451965332,0.5159837603569031,0.4887074828147888,0.6530455946922302,0.5677685141563416,0.5311591625213623,0.5077367424964905,0.645186185836792,0.5746381282806396,0.5474050641059875,0.5261253118515015,0.5022121071815491,0.48074576258659363,0.4316575527191162,0.4087192118167877,0.3939756751060486,0.25987371802330017,0.292948454618454,0.32587510347366333,0.3508208096027374,0.2536368668079376,0.29490625858306885,0.33930516242980957,0.37421271204948425,0.2657218277454376,0.29420605301856995,0.3311300277709961,0.36255377531051636,0.29421308636665344,0.31482994556427,0.34134477376937866,0.3638477325439453,mukul,right,,,,,,,,,,,,,,,,,,,,,,,,,,,,,,,,,,,,,,,,,,,1083
0.3265443444252014,0.47303757071495056,0.5639601349830627,0.6273489594459534,0.6849028468132019,0.5047832727432251,0.6284921765327454,0.717003345489502,0.7772306203842163,0.4567227065563202,0.6167212724685669,0.7141562700271606,0.7697842121124268,0.41919904947280884,0.5658953785896301,0.6677333116531372,0.7266849279403687,0.39374539256095886,0.5322306156158447,0.6210874915122986,0.680133044719696,0.7323450446128845,0.6827830076217651,0.5599770545959473,0.4838011860847473,0.42689549922943115,0.23037081956863403,0.20220202207565308,0.2824643850326538,0.3771357834339142,0.20905247330665588,0.1628086119890213,0.2693837881088257,0.37956786155700684,0.248822420835495,0.1968723088502884,0.3012767732143402,0.39740025997161865,0.34611037373542786,0.33922651410102844,0.399307519197464,0.46069037914276123,mukul,right,,,,,,,,,,,,,,,,,,,,,,,,,,,,,,,,,,,,,,,,,,,1084
0.6499514579772949,0.6828207969665527,0.6759923696517944,0.6522915363311768,0.616996169090271,0.5693673491477966,0.4260309338569641,0.35043174028396606,0.28453895449638367,0.5178428292274475,0.38398075103759766,0.3098788559436798,0.23959171772003174,0.4722346067428589,0.360634982585907,0.2995511591434479,0.2483469843864441,0.43824052810668945,0.3648412823677063,0.32237133383750916,0.2843068540096283,0.7534717917442322,0.6869220733642578,0.5592155456542969,0.4496265649795532,0.35531631112098694,0.4719821810722351,0.42262324690818787,0.4082238972187042,0.3964596688747406,0.4982087314128876,0.5027660727500916,0.5403218865394592,0.5740960240364075,0.5304734706878662,0.5250906944274902,0.5375897288322449,0.5451659560203552,0.5615831613540649,0.5307414531707764,0.5291240215301514,0.5179754495620728,mrigasheesh,right,,,,,,,,,,,,,,,,,,,,,,,,,,,,,,,,,,,,,,,,,,,1085
0.4104030728340149,0.5534371733665466,0.6362814903259277,0.6547343730926514,0.6221047043800354,0.6066490411758423,0.6612229943275452,0.6768580079078674,0.6867340803146362,0.5155725479125977,0.5224181413650513,0.5192592740058899,0.5188995003700256,0.42933961749076843,0.3710947632789612,0.33782804012298584,0.3205704987049103,0.36237791180610657,0.336338609457016,0.32675063610076904,0.31595826148986816,0.6992051005363464,0.6898411512374878,0.6236948370933533,0.5516757965087891,0.4875999987125397,0.5438524484634399,0.3659088611602783,0.25157177448272705,0.15375953912734985,0.5392284393310547,0.3411608934402466,0.20219513773918152,0.09219804406166077,0.5487398505210876,0.42656421661376953,0.32685741782188416,0.24717319011688232,0.5803242921829224,0.5357653498649597,0.5589680671691895,0.5777005553245544,trishool,right,,,,,,,,,,,,,,,,,,,,,,,,,,,,,,,,,,,,,,,,,,,1086
,,,,,,,,,,,,,,,,,,,,,,,,,,,,,,,,,,,,,,,,,,chatur,left,0.24098539352416992,0.15328392386436462,0.21085333824157715,0.3546826243400574,0.4386385381221771,0.31662583351135254,0.3888769745826721,0.4448668956756592,0.49023687839508057,0.4036904573440552,0.48774954676628113,0.535853922367096,0.5804044604301453,0.47842270135879517,0.5464282035827637,0.5858794450759888,0.613843560218811,0.5592306852340698,0.6312530636787415,0.6623244881629944,0.6782070994377136,0.9019695520401001,0.6620596647262573,0.49672698974609375,0.44467565417289734,0.5160667300224304,0.512139081954956,0.3504706025123596,0.24655458331108093,0.167924702167511,0.5429593324661255,0.36304742097854614,0.24748656153678894,0.16675063967704773,0.5984589457511902,0.4387403726577759,0.30006805062294006,0.2122669219970703,0.6851454973220825,0.6043475270271301,0.555321216583252,0.5183927416801453,1087
0.4449368119239807,0.46465450525283813,0.4721743166446686,0.47931140661239624,0.4830515682697296,0.44968709349632263,0.4519311189651489,0.4559665620326996,0.45752230286598206,0.447392076253891,0.4654782712459564,0.4726659953594208,0.4719183146953583,0.4488256871700287,0.4676132798194885,0.4735732674598694,0.47171828150749207,0.453635573387146,0.46796199679374695,0.4728929400444031,0.4714869260787964,0.677410364151001,0.6580160856246948,0.6337090730667114,0.6170128583908081,0.6063493490219116,0.6027496457099915,0.5702340602874756,0.5520395040512085,0.5386581420898438,0.6062325239181519,0.5832319259643555,0.5961556434631348,0.6084243655204773,0.61351078748703,0.5921264290809631,0.605840265750885,0.6185417175292969,0.6228724122047424,0.6027699112892151,0.6111382246017456,0.6218386888504028,soochi,right,,,,,,,,,,,,,,,,,,,,,,,,,,,,,,,,,,,,,,,,,,,1088
,,,,,,,,,,,,,,,,,,,,,,,,,,,,,,,,,,,,,,,,,,tamrachud,left,0.5841151475906372,0.5019904971122742,0.4057340919971466,0.3343062698841095,0.3142579197883606,0.35041382908821106,0.278811514377594,0.24307678639888763,0.2358749955892563,0.378657728433609,0.31084269285202026,0.37131237983703613,0.4294589161872864,0.412084698677063,0.3546031713485718,0.4247676730155945,0.480003297328949,0.45236608386039734,0.4145839810371399,0.46167275309562683,0.4994482696056366,0.6869227290153503,0.7639378309249878,0.780219554901123,0.7380430102348328,0.6459865570068359,0.5371272563934326,0.4231192469596863,0.45567476749420166,0.5326699614524841,0.4676111340522766,0.542865514755249,0.6562155485153198,0.7102576494216919,0.4219757318496704,0.5617096424102783,0.6558557748794556,0.6901074647903442,0.39681994915008545,0.5519078969955444,0.6228011250495911,0.6357706189155579,1089
,,,,,,,,,,,,,,,,,,,,,,,,,,,,,,,,,,,,,,,,,,tamrachud,left,0.6228070259094238,0.5527533888816833,0.46838462352752686,0.4507629871368408,0.4810662865638733,0.4143919348716736,0.362081378698349,0.3477574586868286,0.34419846534729004,0.46761462092399597,0.45850399136543274,0.5056639909744263,0.5349032282829285,0.5287103056907654,0.5245122909545898,0.5633766055107117,0.5905100107192993,0.5950618386268616,0.5831054449081421,0.6032722592353821,0.6194950938224792,0.9120354652404785,0.9315831661224365,0.8614072203636169,0.7325432300567627,0.6160269379615784,0.6551464796066284,0.5159841775894165,0.47158676385879517,0.4882689118385315,0.5958279371261597,0.5870450139045715,0.7147648930549622,0.8103231191635132,0.5624406933784485,0.5895962715148926,0.7283568978309631,0.8127593994140625,0.5408465266227722,0.568290650844574,0.68189537525177,0.747047483921051,1090
0.4940502643585205,0.6120756268501282,0.7087821960449219,0.7162743806838989,0.6651814579963684,0.5787906050682068,0.5627202987670898,0.5472593307495117,0.5364447236061096,0.46306371688842773,0.44764024019241333,0.43444666266441345,0.43136918544769287,0.3680148124694824,0.3422185182571411,0.32278287410736084,0.3095943033695221,0.2839318811893463,0.27704566717147827,0.2624509036540985,0.24604454636573792,0.7577709555625916,0.7258287668228149,0.6431446075439453,0.5532147884368896,0.5029057264328003,0.4527130722999573,0.3317887783050537,0.25211429595947266,0.18268534541130066,0.4337584674358368,0.2843180000782013,0.18839797377586365,0.11214694380760193,0.44733548164367676,0.31786826252937317,0.2505033612251282,0.20471176505088806,0.48466214537620544,0.3788268566131592,0.32477402687072754,0.28545475006103516,tripataka,right,,,,,,,,,,,,,,,,,,,,,,,,,,,,,,,,,,,,,,,,,,,1091
0.4019533693790436,0.6159396767616272,0.7378074526786804,0.7854356169700623,0.8280239701271057,0.7015030384063721,0.7140408158302307,0.7023207545280457,0.6795287728309631,0.6165585517883301,0.6202541589736938,0.624131441116333,0.6197597980499268,0.5170252323150635,0.5422756671905518,0.5995384454727173,0.6473352313041687,0.42126554250717163,0.42446574568748474,0.4787827134132385,0.5325949788093567,0.7748451232910156,0.7368281483650208,0.6430714726448059,0.5603613257408142,0.4895159900188446,0.46139848232269287,0.33046770095825195,0.24872705340385437,0.16997522115707397,0.46376070380210876,0.30868470668792725,0.21401575207710266,0.13072773814201355,0.5031465291976929,0.3945702612400055,0.3537493944168091,0.3152126669883728,0.5666489601135254,0.4831498861312866,0.46217402815818787,0.44945454597473145,ardhapataka,right,,,,,,,,,,,,,,,,,,,,,,,,,,,,,,,,,,,,,,,,,,,1092
0.8012173175811768,0.6026253700256348,0.4230070114135742,0.27671635150909424,0.16259035468101501,0.4918692111968994,0.32688337564468384,0.22813254594802856,0.16380929946899414,0.5600976347923279,0.30349376797676086,0.15606489777565002,0.07175838947296143,0.6057003736495972,0.41460949182510376,0.28951147198677063,0.2152247130870819,0.6510381698608398,0.63019859790802,0.6570529937744141,0.6837331056594849,0.5691806077957153,0.5515571236610413,0.48952609300613403,0.45520591735839844,0.45490753650665283,0.32596227526664734,0.2659316956996918,0.21840888261795044,0.17731204628944397,0.32488349080085754,0.3792107105255127,0.4312008023262024,0.47330838441848755,0.3456415832042694,0.382647305727005,0.42175382375717163,0.45415061712265015,0.3701785206794739,0.3396179676055908,0.3037804663181305,0.27547088265419006,katakamukh_1,right,,,,,,,,,,,,,,,,,,,,,,,,,,,,,,,,,,,,,,,,,,,1093
0.3467192053794861,0.5051111578941345,0.6174716353416443,0.7397447824478149,0.8428277373313904,0.4694599211215973,0.4597296416759491,0.4508979320526123,0.4361346364021301,0.37906789779663086,0.368993878364563,0.39442121982574463,0.40829914808273315,0.2957875430583954,0.27907541394233704,0.3161389231681824,0.3348119258880615,0.21871230006217957,0.2001696527004242,0.2388472855091095,0.2741195261478424,0.7220768332481384,0.649945855140686,0.5759628415107727,0.5243083834648132,0.5019559860229492,0.43954265117645264,0.3233126997947693,0.2535288333892822,0.18651652336120605,0.4470394551753998,0.35322925448417664,0.4252588152885437,0.4886150360107422,0.4672068953514099,0.3626554012298584,0.4266209304332733,0.49146145582199097,0.493827223777771,0.41394123435020447,0.43864813446998596,0.47591546177864075,chandrakala,right,,,,,,,,,,,,,,,,,,,,,,,,,,,,,,,,,,,,,,,,,,,1094
,,,,,,,,,,,,,,,,,,,,,,,,,,,,,,,,,,,,,,,,,,chandrakala,left,0.20351040363311768,0.2257043719291687,0.28645262122154236,0.31472089886665344,0.30081412196159363,0.5212582945823669,0.6755957007408142,0.7773092985153198,0.8604555726051331,0.5303939580917358,0.49771520495414734,0.37656545639038086,0.33721208572387695,0.5055665969848633,0.4362717568874359,0.33419883251190186,0.3127822279930115,0.4634062647819519,0.4083341360092163,0.3277081847190857,0.3050609529018402,0.5364726185798645,0.4810054302215576,0.425986647605896,0.3784688413143158,0.3357202410697937,0.4711456894874573,0.4744676947593689,0.47745203971862793,0.4800555109977722,0.5101507306098938,0.5503209829330444,0.5353707075119019,0.5167859792709351,0.5465519428253174,0.5788933038711548,0.555068850517273,0.5311115384101868,0.5770862102508545,0.6006033420562744,0.5795488953590393,0.5565192103385925,1095
0.9216209650039673,0.9301006197929382,0.8294556736946106,0.7670761346817017,0.8051716089248657,0.551971435546875,0.37282466888427734,0.2607865333557129,0.1600688397884369,0.5087591409683228,0.31090930104255676,0.18627318739891052,0.08471333980560303,0.5042611956596375,0.31931376457214355,0.21161046624183655,0.12350720167160034,0.5274233818054199,0.3790726661682129,0.29048946499824524,0.21458715200424194,0.5703327059745789,0.46958914399147034,0.3619553744792938,0.2815503478050232,0.2209540754556656,0.3993771970272064,0.38818302750587463,0.3879041373729706,0.3867166340351105,0.45787107944488525,0.44459789991378784,0.4359356462955475,0.4261106848716736,0.5136162638664246,0.5026038885116577,0.49053460359573364,0.478314608335495,0.5683558583259583,0.5578752160072327,0.5494298338890076,0.5362021923065186,ardhachandra,right,,,,,,,,,,,,,,,,,,,,,,,,,,,,,,,,,,,,,,,,,,,1096
0.6777607202529907,0.5966439843177795,0.4585772752761841,0.38273537158966064,0.3428824543952942,0.18928095698356628,0.19118759036064148,0.2315795123577118,0.2793397009372711,0.18572640419006348,0.1825789213180542,0.2314770221710205,0.2863766551017761,0.21849757432937622,0.22465471923351288,0.2687734067440033,0.3093518316745758,0.28651607036590576,0.31325584650039673,0.3293282389640808,0.33916041254997253,0.5845116376876831,0.44639167189598083,0.3926275074481964,0.34266841411590576,0.2907964587211609,0.5194348692893982,0.391221284866333,0.30828747153282166,0.24109266698360443,0.5332895517349243,0.37597009539604187,0.2903951406478882,0.22246035933494568,0.5280447006225586,0.3678235411643982,0.2805823087692261,0.2160751223564148,0.5077587962150574,0.38508814573287964,0.31271934509277344,0.25574973225593567,mukul,right,,,,,,,,,,,,,,,,,,,,,,,,,,,,,,,,,,,,,,,,,,,1097
0.8439356088638306,0.8315192461013794,0.6935454607009888,0.6141400337219238,0.65617436170578,0.41838860511779785,0.16874989867210388,0.011793076992034912,-0.11824151873588562,0.4183036684989929,0.3433232307434082,0.4913179576396942,0.5917800664901733,0.44704917073249817,0.3986058533191681,0.5423964858055115,0.6348085403442383,0.48332151770591736,0.45408058166503906,0.5690476894378662,0.6543952822685242,0.5960687398910522,0.4974263608455658,0.3911011219024658,0.2908543646335602,0.2254595160484314,0.44173863530158997,0.46086886525154114,0.4832283854484558,0.4955260157585144,0.5030428767204285,0.5568358898162842,0.564082145690918,0.5491575002670288,0.5650241374969482,0.6146467328071594,0.5999723672866821,0.5672858953475952,0.6148300170898438,0.6511709094047546,0.6403143405914307,0.6101677417755127,chandrakala,right,,,,,,,,,,,,,,,,,,,,,,,,,,,,,,,,,,,,,,,,,,,1098
0.8139522075653076,0.7655506730079651,0.6229777336120605,0.5122076869010925,0.44731953740119934,0.48736298084259033,0.3616877496242523,0.2887129783630371,0.23071783781051636,0.4595901668071747,0.3411804437637329,0.26290494203567505,0.18893402814865112,0.4298721253871918,0.36486679315567017,0.4134254455566406,0.449024498462677,0.40695804357528687,0.2651175260543823,0.16941982507705688,0.09090501070022583,0.5313106775283813,0.4470258951187134,0.4119493365287781,0.4001742899417877,0.40373051166534424,0.4252418279647827,0.38206934928894043,0.34689122438430786,0.32462337613105774,0.4407024085521698,0.3767280876636505,0.31387266516685486,0.26658129692077637,0.469331830739975,0.3997107446193695,0.3564413785934448,0.3361477553844452,0.5073155164718628,0.5115962624549866,0.5161842107772827,0.5238978266716003,chatur,right,,,,,,,,,,,,,,,,,,,,,,,,,,,,,,,,,,,,,,,,,,,1099
0.8300317525863647,0.7832298278808594,0.6345943212509155,0.5263444781303406,0.4601736068725586,0.48456886410713196,0.3649780750274658,0.302334725856781,0.24967357516288757,0.46006080508232117,0.3644665479660034,0.3016865849494934,0.233384907245636,0.4348714351654053,0.33754289150238037,0.2830369770526886,0.22911889851093292,0.41595757007598877,0.27443867921829224,0.18015187978744507,0.0977461040019989,0.522402822971344,0.44282180070877075,0.40519094467163086,0.39237526059150696,0.3975946605205536,0.41229596734046936,0.36787399649620056,0.3211841583251953,0.2905365824699402,0.4282553791999817,0.36003974080085754,0.30323636531829834,0.2615414261817932,0.45706456899642944,0.384202241897583,0.30486083030700684,0.24632735550403595,0.4981691837310791,0.5022330284118652,0.5119096636772156,0.5208641290664673,chatur,right,,,,,,,,,,,,,,,,,,,,,,,,,,,,,,,,,,,,,,,,,,,1100
,,,,,,,,,,,,,,,,,,,,,,,,,,,,,,,,,,,,,,,,,,mukul,left,0.11358463764190674,0.31644463539123535,0.4565292298793793,0.5517740249633789,0.6362424492835999,0.5666512846946716,0.6357914209365845,0.6608477830886841,0.6897972226142883,0.5587429404258728,0.6506062746047974,0.672575831413269,0.692322850227356,0.5304413437843323,0.6202231049537659,0.6532855033874512,0.6783373355865479,0.4913959205150604,0.5546041131019592,0.5794558525085449,0.6035765409469604,0.5541294813156128,0.48925819993019104,0.4731058180332184,0.450890451669693,0.4260084629058838,0.571815013885498,0.4995534420013428,0.4483333230018616,0.406532883644104,0.5884478092193604,0.50364089012146,0.4431345462799072,0.39900684356689453,0.5906686186790466,0.5049450397491455,0.44671323895454407,0.40455591678619385,0.5806338787078857,0.5018177032470703,0.4591158628463745,0.42722395062446594,1101
0.4472684860229492,0.6308423280715942,0.7500898241996765,0.8079934120178223,0.7139946222305298,0.6305895447731018,0.652784526348114,0.6547455191612244,0.6638942360877991,0.5202276706695557,0.5279495716094971,0.5417399406433105,0.5641358494758606,0.4185663163661957,0.41868752241134644,0.43771880865097046,0.4709587097167969,0.3134254813194275,0.28645622730255127,0.294981986284256,0.3156501352787018,0.6315892934799194,0.551174521446228,0.47320306301116943,0.3676055073738098,0.31112173199653625,0.31096458435058594,0.1883569359779358,0.13906565308570862,0.10149970650672913,0.3031958043575287,0.17549388110637665,0.11172720789909363,0.07782681286334991,0.31182414293289185,0.19983506202697754,0.12772434949874878,0.08744733035564423,0.3423454165458679,0.2678278088569641,0.21214444935321808,0.18047258257865906,pataka,right,,,,,,,,,,,,,,,,,,,,,,,,,,,,,,,,,,,,,,,,,,,1102
0.31330054998397827,0.3266879916191101,0.33484095335006714,0.33728060126304626,0.33689671754837036,0.32509905099868774,0.323638379573822,0.32192978262901306,0.32000672817230225,0.31611335277557373,0.3145168125629425,0.3133181035518646,0.3123089075088501,0.30808213353157043,0.3062266707420349,0.30569326877593994,0.30545899271965027,0.3004908561706543,0.29947367310523987,0.2994959354400635,0.29997867345809937,0.6404050588607788,0.6330612301826477,0.6165516376495361,0.5974910855293274,0.5822656154632568,0.5733947157859802,0.5421983599662781,0.523166835308075,0.5067281723022461,0.5700350999832153,0.5362847447395325,0.515343427658081,0.4978497326374054,0.5722671151161194,0.5418393611907959,0.5228540897369385,0.5071454048156738,0.5792620778083801,0.5545246601104736,0.5385808944702148,0.5246192216873169,pataka,right,,,,,,,,,,,,,,,,,,,,,,,,,,,,,,,,,,,,,,,,,,,1103
,,,,,,,,,,,,,,,,,,,,,,,,,,,,,,,,,,,,,,,,,,hanspaksha,left,0.2682493031024933,0.27429306507110596,0.27567553520202637,0.2759851813316345,0.2748417854309082,0.2497636377811432,0.24456389248371124,0.24081647396087646,0.23675940930843353,0.24603155255317688,0.24096471071243286,0.23691241443157196,0.23344182968139648,0.2470388412475586,0.25414031744003296,0.2627784311771393,0.2678510844707489,0.2500690519809723,0.2581069767475128,0.2644438147544861,0.2684677541255951,0.6579450964927673,0.6532496809959412,0.644788920879364,0.6307476162910461,0.6239117383956909,0.6610044240951538,0.658685028553009,0.6511179804801941,0.639641284942627,0.6569930911064148,0.635750949382782,0.6174638271331787,0.6000518202781677,0.6545823812484741,0.6337805986404419,0.6340687274932861,0.6366176009178162,0.6516212821006775,0.6342540979385376,0.6326581239700317,0.6335113644599915,1104
,,,,,,,,,,,,,,,,,,,,,,,,,,,,,,,,,,,,,,,,,,hanspaksha,left,0.25925520062446594,0.2685924172401428,0.27115398645401,0.27304327487945557,0.2729363441467285,0.2439238280057907,0.23478752374649048,0.2311173528432846,0.22795237600803375,0.23687736690044403,0.2362775206565857,0.2415989190340042,0.24579760432243347,0.2345406413078308,0.2411111295223236,0.2536800503730774,0.26212501525878906,0.23375214636325836,0.23393464088439941,0.23715992271900177,0.23852574825286865,0.6222572326660156,0.6276088356971741,0.6232784986495972,0.6024352312088013,0.5869224667549133,0.6432201266288757,0.6349157691001892,0.6237697601318359,0.6116002798080444,0.6299468278884888,0.6142882704734802,0.6058152318000793,0.5993961691856384,0.61485356092453,0.5907554626464844,0.5864236950874329,0.5857933759689331,0.6002126932144165,0.5778486728668213,0.5692480802536011,0.5645129084587097,1105
0.2885369062423706,0.30566301941871643,0.3167330324649811,0.32044774293899536,0.31765246391296387,0.3042472302913666,0.30452409386634827,0.3038468658924103,0.30171632766723633,0.29392290115356445,0.29163143038749695,0.2896840274333954,0.28783026337623596,0.2845785319805145,0.28147947788238525,0.2798788547515869,0.27875956892967224,0.2755820155143738,0.27274081110954285,0.27189648151397705,0.2717982232570648,0.5789082646369934,0.5709342956542969,0.5492777228355408,0.5268651843070984,0.5095462799072266,0.5039470791816711,0.47158700227737427,0.46696993708610535,0.46931514143943787,0.5001871585845947,0.46148744225502014,0.4373663067817688,0.41807883977890015,0.5042319893836975,0.4687444865703583,0.44588884711265564,0.42671409249305725,0.5143852233886719,0.4858732521533966,0.4674031436443329,0.4503796398639679,aral,right,,,,,,,,,,,,,,,,,,,,,,,,,,,,,,,,,,,,,,,,,,,1106
,,,,,,,,,,,,,,,,,,,,,,,,,,,,,,,,,,,,,,,,,,ardhapataka,left,0.5812942385673523,0.5619274377822876,0.5400792360305786,0.5205718278884888,0.5072839856147766,0.5331583023071289,0.5066330432891846,0.4930495619773865,0.4829652011394501,0.5365283489227295,0.5118186473846436,0.49844667315483093,0.4899550676345825,0.5410239100456238,0.5192606449127197,0.5069236159324646,0.49855631589889526,0.5450854897499084,0.5284560322761536,0.5196002125740051,0.5138064026832581,0.9047953486442566,0.8710023760795593,0.8689723014831543,0.8843480944633484,0.8941826224327087,0.9068047404289246,0.9225492477416992,0.9274394512176514,0.9298347234725952,0.9333517551422119,0.9450697302818298,0.9454585313796997,0.9443486928939819,0.9489158987998962,0.9578864574432373,0.9569876790046692,0.9546023607254028,0.9557556509971619,0.964281439781189,0.9651691317558289,0.9640711545944214,1107
,,,,,,,,,,,,,,,,,,,,,,,,,,,,,,,,,,,,,,,,,,mayur,left,0.580706000328064,0.5613983869552612,0.5398153066635132,0.5199726819992065,0.506869375705719,0.5324870944023132,0.5067325234413147,0.49334993958473206,0.48357027769088745,0.5355088114738464,0.5118600130081177,0.4987581968307495,0.4898248612880707,0.5398303270339966,0.519071638584137,0.507262110710144,0.49887147545814514,0.5443193316459656,0.5289266705513,0.5204498171806335,0.5145571231842041,0.9066437482833862,0.8735157251358032,0.870441734790802,0.8862590789794922,0.8969258069992065,0.9080408811569214,0.9251405596733093,0.9325113296508789,0.9379873871803284,0.9343419075012207,0.946404755115509,0.949528694152832,0.9520915150642395,0.9512418508529663,0.9628364443778992,0.96532142162323,0.9669327139854431,0.9605445265769958,0.9739946126937866,0.9797228574752808,0.9833620190620422,1108
,,,,,,,,,,,,,,,,,,,,,,,,,,,,,,,,,,,,,,,,,,shuktund,left,0.5802283883094788,0.562417209148407,0.5403541922569275,0.5212074518203735,0.5078478455543518,0.5364108085632324,0.5091251134872437,0.4947478175163269,0.48423513770103455,0.5391979217529297,0.512637197971344,0.5001639127731323,0.4936385154724121,0.5433672070503235,0.5190615653991699,0.5076992511749268,0.5016990900039673,0.5471466183662415,0.5285657644271851,0.5193997025489807,0.5145693421363831,0.9069083333015442,0.8722326755523682,0.8714979290962219,0.8872170448303223,0.89496248960495,0.9067559242248535,0.9241087436676025,0.932472825050354,0.9405816197395325,0.933043897151947,0.9403204321861267,0.9395086169242859,0.9404817223548889,0.9477797746658325,0.9510190486907959,0.9462172985076904,0.9426764249801636,0.9542683362960815,0.9583602547645569,0.9540448784828186,0.9495481848716736,1109
,,,,,,,,,,,,,,,,,,,,,,,,,,,,,,,,,,,,,,,,,,mushti,left,0.5797995924949646,0.5621999502182007,0.5407766103744507,0.5215825438499451,0.5077672004699707,0.5353275537490845,0.5098275542259216,0.49578139185905457,0.48511987924575806,0.5380576848983765,0.5127536654472351,0.49961405992507935,0.4914238452911377,0.5420897006988525,0.5192239284515381,0.5072798132896423,0.4995497763156891,0.5459844470024109,0.5277188420295715,0.517416775226593,0.51047682762146,0.9073985815048218,0.8739771842956543,0.8715246915817261,0.8856196403503418,0.8929763436317444,0.9078772068023682,0.9229298830032349,0.9305755496025085,0.937217116355896,0.9332059025764465,0.939132034778595,0.9396182298660278,0.9407168030738831,0.9484289288520813,0.9513312578201294,0.9485626220703125,0.9460306167602539,0.956214189529419,0.9617798328399658,0.9603932499885559,0.9578747153282166,1110
,,,,,,,,,,,,,,,,,,,,,,,,,,,,,,,,,,,,,,,,,,soochi,left,0.5812498331069946,0.5639647841453552,0.542847216129303,0.5224350094795227,0.5073544383049011,0.5349395871162415,0.5080069303512573,0.49321046471595764,0.4817371368408203,0.5365986824035645,0.5080381035804749,0.49130138754844666,0.47979509830474854,0.5400866866111755,0.5150686502456665,0.5004786849021912,0.49005502462387085,0.5438246726989746,0.5254756212234497,0.5139109492301941,0.5052259564399719,0.8983168005943298,0.86358243227005,0.8540399074554443,0.8578088283538818,0.855426549911499,0.8945574760437012,0.9054879546165466,0.9101698398590088,0.9136877655982971,0.9211152791976929,0.927087664604187,0.9267784357070923,0.9261274933815002,0.9392043948173523,0.9451392292976379,0.9441236257553101,0.9422940015792847,0.9494262933731079,0.955040454864502,0.9550566673278809,0.9536780118942261,1111
,,,,,,,,,,,,,,,,,,,,,,,,,,,,,,,,,,,,,,,,,,chandrakala,left,0.5790627002716064,0.5621501207351685,0.541748583316803,0.5216702222824097,0.5074100494384766,0.5322515368461609,0.5054983496665955,0.49082669615745544,0.47957843542099,0.5341024994850159,0.5053600668907166,0.48867228627204895,0.4768497943878174,0.5377042889595032,0.5127565860748291,0.4984801411628723,0.48822659254074097,0.5417258143424988,0.5232313871383667,0.5125066637992859,0.504737913608551,0.891005277633667,0.8577058911323547,0.8470828533172607,0.8473011255264282,0.8417110443115234,0.8860225677490234,0.8980778455734253,0.9036263227462769,0.9080856442451477,0.9115095138549805,0.9192702770233154,0.9203168749809265,0.9203667044639587,0.9296063780784607,0.9375149607658386,0.9372067451477051,0.9356122612953186,0.9404363632202148,0.947054922580719,0.9480347633361816,0.9471506476402283,1112
,,,,,,,,,,,,,,,,,,,,,,,,,,,,,,,,,,,,,,,,,,mrigasheesh,left,0.5771156549453735,0.5598557591438293,0.5389617085456848,0.5191672444343567,0.5037956833839417,0.53285151720047,0.507481038570404,0.4932835102081299,0.4827272891998291,0.5364751219749451,0.509558379650116,0.49432995915412903,0.48391374945640564,0.5417143106460571,0.5183979868888855,0.5047071576118469,0.4946601688861847,0.546848714351654,0.5308426022529602,0.5204607844352722,0.5125054121017456,0.8983732461929321,0.8690946102142334,0.8632494807243347,0.8702383041381836,0.8674458265304565,0.9021331667900085,0.9167818427085876,0.9225218296051025,0.9263555407524109,0.9281359910964966,0.937768816947937,0.9386715292930603,0.9382991194725037,0.9462159276008606,0.9569607377052307,0.9565014243125916,0.9548835754394531,0.9574097990989685,0.9710431098937988,0.9744953513145447,0.9757031202316284,1113
,,,,,,,,,,,,,,,,,,,,,,,,,,,,,,,,,,,,,,,,,,hansasya,left,0.5688828825950623,0.5527395606040955,0.529862105846405,0.5089958906173706,0.49428364634513855,0.529204249382019,0.503727912902832,0.48957011103630066,0.47845128178596497,0.5313684344291687,0.5055840611457825,0.4888918399810791,0.4765746593475342,0.5339774489402771,0.5090168118476868,0.4927116930484772,0.48020508885383606,0.5360776782035828,0.5141503214836121,0.4990803897380829,0.4869244694709778,0.9104241132736206,0.8702462911605835,0.859550952911377,0.8655247092247009,0.8671904802322388,0.884876012802124,0.8949601054191589,0.8983920812606812,0.90077805519104,0.9106361269950867,0.9151189923286438,0.9153282046318054,0.9150398373603821,0.9313568472862244,0.9327437877655029,0.930067777633667,0.9268155694007874,0.9468823075294495,0.948820173740387,0.948384165763855,0.947774350643158,1114
,,,,,,,,,,,,,,,,,,,,,,,,,,,,,,,,,,,,,,,,,,trishool,left,0.5687163472175598,0.5523250699043274,0.5312412977218628,0.5114019513130188,0.49515071511268616,0.5230243802070618,0.4980815052986145,0.48309531807899475,0.471982479095459,0.5268309712409973,0.5029101967811584,0.4871825873851776,0.4766796827316284,0.5319463014602661,0.51056307554245,0.496950626373291,0.4867044687271118,0.5368140339851379,0.5207366347312927,0.5096077919006348,0.500500500202179,0.9189814329147339,0.8890194296836853,0.8772222399711609,0.8758838772773743,0.8717161417007446,0.9242129325866699,0.9427140951156616,0.9520980715751648,0.9588659405708313,0.9490790963172913,0.9673507809638977,0.9745864868164062,0.9803966283798218,0.9646274447441101,0.9832308292388916,0.9898695945739746,0.9938002228736877,0.9722774028778076,0.9901031255722046,0.9997186064720154,1.005732774734497,1115
0.6607623100280762,0.6593464612960815,0.6657809615135193,0.6716597080230713,0.6740283966064453,0.6818492412567139,0.6875342726707458,0.6909805536270142,0.6929831504821777,0.6925374269485474,0.7083365321159363,0.7174575924873352,0.7238737940788269,0.6985249519348145,0.7143876552581787,0.7245990037918091,0.7324244379997253,0.7007766366004944,0.7071235775947571,0.7078917026519775,0.7080336213111877,0.6342957019805908,0.605726420879364,0.5798795819282532,0.5592349171638489,0.5409902930259705,0.5712660551071167,0.5390952229499817,0.517979621887207,0.4993557929992676,0.5820519328117371,0.5528371334075928,0.531541109085083,0.5124870538711548,0.596984326839447,0.5753188729286194,0.5587116479873657,0.5453767776489258,0.6144296526908875,0.6030678749084473,0.5973227620124817,0.5955250263214111,tripataka,right,,,,,,,,,,,,,,,,,,,,,,,,,,,,,,,,,,,,,,,,,,,1116
0.4529125690460205,0.4705158770084381,0.48736441135406494,0.49756404757499695,0.5000945925712585,0.4903039038181305,0.4943845570087433,0.4956855773925781,0.49794915318489075,0.4822264015674591,0.4850780963897705,0.47920742630958557,0.47532469034194946,0.47340327501296997,0.47990551590919495,0.4841613173484802,0.4887673556804657,0.4643855690956116,0.46788379549980164,0.47062763571739197,0.4749390780925751,0.1721060574054718,0.1797427535057068,0.17205320298671722,0.15658080577850342,0.1404268890619278,0.14340175688266754,0.11948582530021667,0.10497201979160309,0.09318134188652039,0.13064710795879364,0.10979757457971573,0.11118241399526596,0.1163872480392456,0.12209009379148483,0.09727064520120621,0.08430574089288712,0.07482552528381348,0.11669731885194778,0.09228567779064178,0.07600107789039612,0.06244250386953354,sarpasheesh,right,,,,,,,,,,,,,,,,,,,,,,,,,,,,,,,,,,,,,,,,,,,1117
,,,,,,,,,,,,,,,,,,,,,,,,,,,,,,,,,,,,,,,,,,sarpasheesh,left,0.5774669051170349,0.5602941513061523,0.5435958504676819,0.5346393585205078,0.5363563895225525,0.5468993782997131,0.5432233214378357,0.5442643165588379,0.546558141708374,0.5562222003936768,0.5522382855415344,0.5518313646316528,0.5527523159980774,0.5653846859931946,0.5617401003837585,0.5597930550575256,0.5593384504318237,0.5753899812698364,0.5727875828742981,0.571212649345398,0.570064127445221,0.2698025405406952,0.2732040584087372,0.2657957077026367,0.25038549304008484,0.23888550698757172,0.21204650402069092,0.1857534497976303,0.17486092448234558,0.17089571058750153,0.20326101779937744,0.17767247557640076,0.16685542464256287,0.1617456078529358,0.19895917177200317,0.17390336096286774,0.16132527589797974,0.15289011597633362,0.19948087632656097,0.17828425765037537,0.16790752112865448,0.16034016013145447,1118
0.14619536697864532,0.14719951152801514,0.13810095191001892,0.12597569823265076,0.11491334438323975,0.1086021363735199,0.0903477892279625,0.07903541624546051,0.06879730522632599,0.10155422985553741,0.08165470510721207,0.06943394243717194,0.05919390171766281,0.09871260076761246,0.07988644391298294,0.06868641078472137,0.05945799499750137,0.09932422637939453,0.08503440022468567,0.07648669183254242,0.06905509531497955,0.5338601469993591,0.491560697555542,0.4574577808380127,0.4402012228965759,0.43478262424468994,0.4544889032840729,0.4387291371822357,0.42930322885513306,0.421433687210083,0.4703991413116455,0.4534679353237152,0.44301095604896545,0.43372514843940735,0.4887233376502991,0.47352954745292664,0.4630869925022125,0.4533954858779907,0.5103518962860107,0.49778369069099426,0.4897599220275879,0.4817613661289215,sarpasheesh,right,,,,,,,,,,,,,,,,,,,,,,,,,,,,,,,,,,,,,,,,,,,1119
0.3383530080318451,0.32729673385620117,0.31532058119773865,0.3077649474143982,0.30242571234703064,0.3083499073982239,0.3102198839187622,0.3119036853313446,0.31315091252326965,0.3168674111366272,0.3195781409740448,0.3246070146560669,0.3290689289569855,0.32678815722465515,0.33504223823547363,0.3449903428554535,0.3517232835292816,0.33720946311950684,0.3451516330242157,0.35081785917282104,0.354940801858902,0.6178801655769348,0.6072301864624023,0.6020589470863342,0.5950029492378235,0.5848353505134583,0.6295521259307861,0.6169817447662354,0.6065428853034973,0.598055362701416,0.6385685801506042,0.626472532749176,0.6154666543006897,0.6076074242591858,0.6445344686508179,0.6347449421882629,0.6232500076293945,0.6158157587051392,0.6479877829551697,0.638891875743866,0.6291749477386475,0.6230806112289429,katakamukh_1,right,,,,,,,,,,,,,,,,,,,,,,,,,,,,,,,,,,,,,,,,,,,1120
0.320509135723114,0.31139835715293884,0.30311015248298645,0.2986675202846527,0.2957889437675476,0.3072945773601532,0.3102739751338959,0.31104353070259094,0.31112462282180786,0.3169275224208832,0.3189491033554077,0.32143282890319824,0.3238251507282257,0.3261219561100006,0.3328939974308014,0.34084370732307434,0.3462812006473541,0.3343907594680786,0.3436538577079773,0.3503064215183258,0.35458284616470337,0.6347741484642029,0.6197788715362549,0.6033840179443359,0.5869091153144836,0.5696922540664673,0.6238551139831543,0.6114124655723572,0.6018496751785278,0.5919886827468872,0.6343578696250916,0.6229144930839539,0.6134734153747559,0.6049888730049133,0.6430540680885315,0.6342728734016418,0.6244519352912903,0.6163263916969299,0.6492071151733398,0.6399464011192322,0.6304384469985962,0.6219452023506165,katakamukh_1,right,,,,,,,,,,,,,,,,,,,,,,,,,,,,,,,,,,,,,,,,,,,1121
0.4353685677051544,0.45655879378318787,0.4771243929862976,0.49017882347106934,0.4976477026939392,0.48257380723953247,0.4953902065753937,0.488687127828598,0.4833047688007355,0.4714997410774231,0.48489663004875183,0.47902441024780273,0.4733651876449585,0.45974504947662354,0.4716607928276062,0.4663846492767334,0.46159061789512634,0.4479430317878723,0.4547572731971741,0.4510820209980011,0.4477272927761078,0.5428767204284668,0.5443694591522217,0.5599344372749329,0.5841718316078186,0.6038832068443298,0.5386679172515869,0.5867360234260559,0.5904930830001831,0.5808298587799072,0.548214852809906,0.5954340100288391,0.5975944399833679,0.588016152381897,0.5600355863571167,0.6032291054725647,0.6006855368614197,0.5880520939826965,0.5711334943771362,0.5982137322425842,0.5942011475563049,0.5837820768356323,katakamukh_1,right,,,,,,,,,,,,,,,,,,,,,,,,,,,,,,,,,,,,,,,,,,,1122
,,,,,,,,,,,,,,,,,,,,,,,,,,,,,,,,,,,,,,,,,,kangul,left,0.5562754273414612,0.5536078214645386,0.5458325147628784,0.5416792035102844,0.5402222275733948,0.5204730033874512,0.5121233463287354,0.509440004825592,0.5067718029022217,0.5185142755508423,0.5112459659576416,0.5072371959686279,0.5024545788764954,0.5195004343986511,0.5123399496078491,0.5100108981132507,0.5080909729003906,0.5221147537231445,0.515490710735321,0.5129297375679016,0.5110285878181458,0.8759555220603943,0.8445757627487183,0.8138715624809265,0.7935014963150024,0.7869156002998352,0.8333098888397217,0.8107361197471619,0.7941212058067322,0.7813004851341248,0.8392611145973206,0.8123535513877869,0.7927647829055786,0.7754828929901123,0.8419095873832703,0.8192923069000244,0.8034217953681946,0.7908731698989868,0.842083752155304,0.8209892511367798,0.8062816262245178,0.7952741384506226,1123
,,,,,,,,,,,,,,,,,,,,,,,,,,,,,,,,,,,,,,,,,,kangul,left,0.3257242441177368,0.3385935127735138,0.3495629131793976,0.35112178325653076,0.34545615315437317,0.3397497832775116,0.34553253650665283,0.3475175201892853,0.34800443053245544,0.3293924331665039,0.33536389470100403,0.3378012478351593,0.34050577878952026,0.3194451928138733,0.3240460157394409,0.3273724913597107,0.3304070830345154,0.309766948223114,0.3106801211833954,0.31304997205734253,0.31621184945106506,0.6416401863098145,0.6347081661224365,0.6209475994110107,0.6114529371261597,0.6079578995704651,0.5952495336532593,0.5814512968063354,0.5758236646652222,0.5669565796852112,0.5955396294593811,0.5805631875991821,0.5727943181991577,0.5630393624305725,0.5997612476348877,0.5879391431808472,0.5924111008644104,0.5947058796882629,0.6056694984436035,0.587642252445221,0.5740103721618652,0.5613223314285278,1124
,,,,,,,,,,,,,,,,,,,,,,,,,,,,,,,,,,,,,,,,,,hansasya,left,0.6300415396690369,0.620267927646637,0.6157399415969849,0.613377034664154,0.6119009256362915,0.6330572962760925,0.6297581791877747,0.6239601969718933,0.6179971694946289,0.6432700753211975,0.6491144895553589,0.6520002484321594,0.6542429327964783,0.6518732309341431,0.6628592014312744,0.6691130995750427,0.6733760237693787,0.6575353145599365,0.6688543558120728,0.6758633852005005,0.6806352734565735,0.3357175290584564,0.3140551745891571,0.286294549703598,0.2660069763660431,0.24997906386852264,0.25886401534080505,0.24325741827487946,0.2368898242712021,0.23506388068199158,0.2578337788581848,0.22278863191604614,0.20240071415901184,0.18647783994674683,0.26709407567977905,0.24074876308441162,0.22608168423175812,0.2129010111093521,0.28494182229042053,0.26988404989242554,0.2615371644496918,0.2536178529262543,1125
0.5395363569259644,0.5502060651779175,0.5622352957725525,0.5695760846138,0.5737344622612,0.5709907412528992,0.5802982449531555,0.5776904821395874,0.5733715891838074,0.5711201429367065,0.5781643390655518,0.5744057297706604,0.5700374841690063,0.5697789788246155,0.5761551260948181,0.5720712542533875,0.5678132176399231,0.5670212507247925,0.572807788848877,0.5690321922302246,0.5648840069770813,0.6697482466697693,0.6669567227363586,0.6714778542518616,0.6830931901931763,0.6949430704116821,0.6676232814788818,0.6857693195343018,0.6953887939453125,0.6971983909606934,0.6746141910552979,0.6941947937011719,0.7009981870651245,0.6995404362678528,0.6836218237876892,0.7016027569770813,0.7066249847412109,0.7045526504516602,0.69293212890625,0.7084181904792786,0.712560772895813,0.7116026878356934,hansasya,right,,,,,,,,,,,,,,,,,,,,,,,,,,,,,,,,,,,,,,,,,,,1126
