frame,timestamp_ms,angle_l_elbow,angle_r_elbow,angle_l_shoulder,angle_r_shoulder,angle_l_knee,angle_r_knee,angle_l_hip,angle_r_hip,torso_tilt_deg,head_tilt_deg,center_of_mass_x,center_of_mass_y,shoulder_level_diff,hip_level_diff,symmetry_elbow_diff,symmetry_shoulder_diff,symmetry_knee_diff,symmetry_hip_diff,symmetry_mean_diff,foot_separation,foot_height_diff,left_wrist_speed,left_wrist_accel,left_wrist_jerk,right_wrist_speed,right_wrist_accel,right_wrist_jerk,left_ankle_speed,left_ankle_accel,left_ankle_jerk,right_ankle_speed,right_ankle_accel,right_ankle_jerk,left_shoulder_speed,left_shoulder_accel,left_shoulder_jerk,right_shoulder_speed,right_shoulder_accel,right_shoulder_jerk,hand_left_thumb_curl_angle,hand_left_thumb_extended,hand_left_thumb_tip_to_wrist,hand_left_index_curl_angle,hand_left_index_extended,hand_left_index_tip_to_wrist,hand_left_middle_curl_angle,hand_left_middle_extended,hand_left_middle_tip_to_wrist,hand_left_ring_curl_angle,hand_left_ring_extended,hand_left_ring_tip_to_wrist,hand_left_pinky_curl_angle,hand_left_pinky_extended,hand_left_pinky_tip_to_wrist,hand_left_thumb_to_index_tip,hand_left_thumb_to_middle_tip,hand_left_thumb_to_ring_tip,hand_left_thumb_to_pinky_tip,hand_left_index_middle_spread,hand_left_middle_ring_spread,hand_left_ring_pinky_spread,hand_left_orientation_deg,hand_right_thumb_curl_angle,hand_right_thumb_extended,hand_right_thumb_tip_to_wrist,hand_right_index_curl_angle,hand_right_index_extended,hand_right_index_tip_to_wrist,hand_right_middle_curl_angle,hand_right_middle_extended,hand_right_middle_tip_to_wrist,hand_right_ring_curl_angle,hand_right_ring_extended,hand_right_ring_tip_to_wrist,hand_right_pinky_curl_angle,hand_right_pinky_extended,hand_right_pinky_tip_to_wrist,hand_right_thumb_to_index_tip,hand_right_thumb_to_middle_tip,hand_right_thumb_to_ring_tip,hand_right_thumb_to_pinky_tip,hand_right_index_middle_spread,hand_right_middle_ring_spread,hand_right_ring_pinky_spread,hand_right_orientation_deg
0,0,6.3426594466639905,8.270319098546803,98.76442627563462,97.1033824068836,175.38162918801487,175.47918584962602,177.49529979429963,168.44186649950228,0.3787379033185071,2.3419902229955962,0.54971475,0.560899,-0.004344999999999988,-0.0008190000000000142,1.9276596518828129,1.6610438687510225,0.09755666161115073,9.053433294797344,3.1849233692605825,0.03305715855907758,0.014403999999999972,0.06762608297413258,0.09660569262084566,1.4637226154673681,0.07617746349225692,0.19131356868551025,2.8986904346289433,0.05668121983738871,0.11844864345165822,1.7946764159350765,0.0735450018591523,0.17131362661994548,2.5956610093923898,0.016818416827909938,0.03115252219682702,0.47200791207228004,0.01579774865889966,0.041646386355074796,0.6310058538657816,,False,,,False,,,False,,,False,,,False,,,,,,,,,,,False,,,False,,,False,,,False,,,False,,,,,,,,,
1,33,6.215863523380467,8.6678411795857,98.82407860439601,96.74580058451093,175.49780076722647,175.66820302831334,177.10244689384015,168.39018846001974,0.46228606773762054,1.6115962725432809,0.549592,0.56026875,-0.003033000000000008,-0.0007920000000000149,2.4519776562052336,2.078278019885076,0.17040226108687762,8.71225843382041,3.353229092749399,0.0365180683497909,0.01702999999999999,0.0650766113551095,0.14490853893126882,1.6022002968199076,0.06992720162336272,0.28697035302826535,3.0493551752753025,0.05277528870118457,0.17767296517751574,1.921803554976053,0.06792627633483818,0.2569704399298944,2.7495073221870974,0.01660068568989098,0.04672878329521226,0.4716108392578622,0.014510875867076242,0.062469579532645585,0.6586874123440587,,False,,,False,,,False,,,False,,,False,,,,,,,,,,,False,,,False,,,False,,,False,,,False,,,,,,,,,
2,66,5.970962340203538,8.5715089922841,99.0397686716795,97.10823424899294,175.5446384534623,177.27471517679837,176.92738524324827,168.29431005152335,0.5473040429569944,0.3087139117912459,0.54930525,0.56039925,-0.0024900000000000477,-0.0008490000000000997,2.6005466520805616,1.9315344226865534,1.7300767233360546,8.633075191724913,3.7238082474570207,0.03997795633846229,0.01632699999999998,0.060160630307386734,0.20216740081669468,1.4191705501624874,0.05746806811202939,0.39256445166985454,0.24284975454151017,0.044964924976149914,0.24528724999248236,1.8074909896971907,0.05670947565219299,0.3527769355522175,1.2633102559195242,0.01635148680981913,0.06216887039608291,0.2411131024354162,0.011995479980692962,0.08511162663962481,0.7421643458502889,,False,,,False,,,False,,,False,,,False,,,,,,,,,,178.31985371348622,True,0.0800871627478462,177.61831776266266,True,0.10037067263399205,171.4050024867226,True,0.09452267455483895,166.88025121174238,True,0.08057538091749866,166.013165779877,True,0.07139581820386962,0.021352039340540724,0.015568854614261106,0.003771573809432897,0.009232373692610185,0.005891965546403001,0.014061296277370681,0.009188610395484222,86.4005100706897
3,99,6.011116520184827,8.661829577458976,99.08240710058027,97.28083429759668,175.88019215403983,178.16766204713272,176.76881507491998,168.49703016014337,0.6355390919449074,1.5723545468840134,0.54916,0.55989925,-0.002356999999999998,-0.0014979999999999993,2.6507130572741486,1.8015728029835856,2.28746989309289,8.271784914776617,3.7528851670318106,0.04073839315682438,0.014750999999999959,0.05471328008261999,0.23735134846204936,1.5058714140215994,0.04442906137670868,0.27794921698572866,2.9617128123588254,0.03660301807251471,0.29077350652064066,0.509195575135233,0.04485750306530681,0.33983762357503966,0.23611125042759254,0.01611475796210983,0.06162770379938893,0.2425947385635062,0.009465323775955619,0.109493899853762,0.4017520350276123,,False,,,False,,,False,,,False,,,False,,,,,,,,,,179.78126318110904,True,0.06906181234951776,179.84031708634262,True,0.0979644815838884,141.9775554806736,False,0.0786269369236778,157.78338362519585,False,0.07852041865018301,176.70022976198536,True,0.0795289410089183,0.0302839891196652,0.009575641231792276,0.009477093436281007,0.01293747629949516,0.02185402704308754,0.0011148026731221017,0.007541371559603661,77.75193040219192
4,133,5.918955751331752,8.686186618232375,99.36360136244824,97.09687842051308,176.11503071391257,179.46694588387027,176.2697862441572,168.88522262708386,0.4904421672826868,1.807883599049195,0.5486755,0.560086,-0.00149100000000002,-0.0013310000000000821,2.767230866900623,2.266722941935157,3.3519151699576923,7.384563617073326,3.9426081489666993,0.04453751254841246,0.015182000000000029,0.04837199965652254,0.16536354258737132,3.0715214621384863,0.039545765694264316,0.2022694548419944,6.932770656480675,0.025730999840413566,0.2501229974733847,3.065298841547533,0.03448040130105022,0.3591937187156239,1.0009346917199489,0.017043689867513544,0.06625376407031472,0.14402966902134878,0.0074145363617411225,0.11167661714479997,1.3774419223571512,,False,,,False,,,False,,,False,,,False,,,,,,,,,,178.58795821388733,True,0.06672968731381858,179.81224830268835,True,0.09193868624795548,178.10521854877746,True,0.0953211994574135,168.42886514303697,True,0.0824549177247785,177.91128636136474,True,0.07501339745005554,0.02642213632543743,0.029613174112208953,0.01589459788733263,0.01057048731137788,0.0034070287641874016,0.01411657681592821,0.008880951750797873,76.10060535709168
5,166,5.925953179484522,8.770810146649204,99.03449784431358,97.01820361191756,176.22633350821425,179.464836565987,176.22830715175542,168.94954141151473,0.5237930265082713,1.374520082879675,0.54842725,0.5601382500000001,-0.0013059999999999738,-0.0013410000000000366,2.8448569671646817,2.016294232396021,3.2385030577727605,7.2787657402406865,3.844604999393537,0.04490769605535334,0.01494200000000001,0.05255832741716598,0.10205154153770103,3.0182597191178813,0.03255982557554737,0.7395738219033007,9.916612881628282,0.019948162869858357,0.16168424120360445,2.374573407671946,0.021881926802068834,0.35030261882726377,2.4279309909247386,0.01775330032896766,0.06460051667204182,0.20397132612005175,0.00547754067345653,0.06287377451573914,2.029832709005587,,False,,,False,,,False,,,False,,,False,,,,,,,,,,177.900585964009,True,0.06490363161642035,178.2726665837005,True,0.09170648398014174,169.23353851927794,True,0.08643162271414319,176.7979626301315,True,0.09123877475065076,179.13812855777277,True,0.0801173837628264,0.027681046891329785,0.02192607954012752,0.027094009762307168,0.01677586796562253,0.006088336800802026,0.005381106298894277,0.011198061126820055,76.73183835620037
6,199,6.08228493432149,8.804613748079658,98.45624515996543,97.08620592458358,176.30565033576985,179.56253594843275,176.3786489104304,168.95371125075377,0.6864811053928743,1.9548690983245223,0.5480539999999999,0.560318,-0.0009520000000000084,-0.0013420000000000654,2.7223288137581685,1.370039235381853,3.2568856126628987,7.42493765967663,3.693547830369887,0.044865019469515446,0.015436000000000005,0.05084785561731474,0.18697107139779126,3.3847927398044786,0.013355263204464942,0.846243475067987,13.083855341652757,0.017485893623040587,0.17903215671656061,1.4060707607593548,0.011632554517558976,0.23597440394221447,3.7341422295687945,0.018151797245281574,0.05918484024686521,0.700818816757844,0.0035268277365274824,0.023198878298938432,1.4998090039844034,,False,,,False,,,False,,,False,,,False,,,,,,,,,,177.76882508104572,True,0.06273548116496759,176.33428367960917,True,0.08961106081840563,167.39960249609211,True,0.0841748576060572,176.64384375536807,True,0.08968353115817859,178.69844751405518,True,0.07411345957381833,0.02776684011550462,0.02188224641118914,0.02812914680540445,0.013764235721608366,0.006138244863150971,0.0068722077966254,0.015577951373656201,75.990525283794
7,233,6.028973825079181,8.856864150212228,98.33008974609109,97.02327286195143,176.3974010096587,179.908194658618,176.27770189738814,169.00371393614103,0.6692539951773181,2.898139829900897,0.548029,0.56036575,-0.0008239999999999914,-0.001338999999999979,2.8278903251330476,1.3068168841396641,3.510793648959293,7.273987961247116,3.72987220486978,0.04606782556188205,0.015765999999999947,0.040672504699993214,0.15077393822749116,3.4712934195507636,0.027604213565955295,0.1570137494286246,23.381309792562355,0.011267869790814445,0.16835948298321832,2.469803804573613,0.006266404789678406,0.11811426102165219,3.6643416311032544,0.019349704988063997,0.020985925675729506,2.371493515955591,0.00528932196321264,0.03762241339874615,0.12104032382965133,179.27466757243144,True,0.11203737532180946,179.5145816970858,True,0.13543362371287268,177.11643723654615,True,0.13577441409190463,175.93397671374916,True,0.12671082347613402,174.4040866047628,True,0.1013865253078534,0.02412186387906206,0.025151664457844513,0.0171371160059095,0.013538688747437884,0.0027019019227203667,0.009108366483623724,0.025328610384306494,90.96228285858754,178.74951121762672,True,0.0617465061116821,174.051875281894,True,0.0889584888866712,145.97541698379968,False,0.07212154259304217,175.39303569901202,True,0.08649452774597938,176.94999037974918,True,0.07169506651088345,0.02826941630101341,0.010375045301105938,0.026376372779440323,0.013324347075935872,0.018754737774759805,0.017421371932198705,0.014814185634046816,77.58586326448842
8,266,6.502148383098631,9.140839968844155,97.85814875536146,96.91774457145446,176.30111805911056,179.81054578808946,176.39172283079523,168.90892719368787,0.8115446012857912,2.140433128620877,0.547804,0.5602695,-0.0007840000000000069,-0.0015820000000000833,2.6386915857455238,0.9404041839069919,3.509427728978892,7.482795637107358,3.6428297839346913,0.0457841336709564,0.015164000000000066,0.040989899250034156,0.10580359896233604,0.43530337061704666,0.01424747746874461,0.723256978228134,5.829278400490141,0.0073854670178269514,0.11515027611017739,1.7326782518916766,0.00777542929647232,0.08165675959804412,0.555651716416274,0.01806775519218047,0.1112499706161721,2.58399965063544,0.005823987117602127,0.020208036298474893,0.9047276892521209,,False,,,False,,,False,,,False,,,False,,,,,,,,,,179.974173406563,True,0.06302200863983944,174.58966525732856,True,0.08674957290961145,152.40972665622408,False,0.07514985608103314,176.44505717889172,True,0.08740843575422225,179.21095408279817,True,0.07579085754891549,0.024649013225685117,0.012198284879441038,0.025985253087087712,0.016470904559252396,0.012949411917148946,0.014782017453649555,0.011866344213783775,77.05554947265115
9,299,6.532057981531772,9.424142744153164,98.4188457239428,96.82566803589047,176.01740419254972,179.46743798405222,175.40462564908668,169.2534075250958,0.5374744011275615,3.2146367653144146,0.5471695,0.5601447500000001,-0.00038399999999999546,-0.0011109999999999731,2.8920847626213915,1.5931776880523216,3.4500337915025057,6.151218123990873,3.5216285915417727,0.04662042102984487,0.015463999999999922,0.04012232787072683,0.1544782373191278,3.7613863399279945,0.026855251284765905,0.5203293108310841,13.926700467401835,0.0036861570674091857,0.10226461784538934,1.0783449209387048,0.00918926811696297,0.08147809953843767,2.472476880208946,0.012462717729515817,0.16598755633530685,0.33028547002964614,0.005023342272258826,0.034491567546566765,0.6183306061398226,,False,,,False,,,False,,,False,,,False,,,,,,,,,,179.1333151121002,True,0.06122134995244717,144.08640047951778,False,0.07162523277449089,178.9426235567917,True,0.08995357791661211,179.41943075391734,True,0.08807146003672243,178.03110275646935,True,0.0719033205144241,0.010584389448617245,0.030264270187797374,0.029037171849200433,0.014793815768759582,0.022262363980494103,0.0027486594914612563,0.01617083325002145,78.3355247619777
10,333,6.363936153114949,9.693530157690954,98.33456376548837,96.72810759915303,176.02678468801165,179.63214679949377,175.62479166072185,169.368985766247,0.674910251460027,4.5717876128959185,0.54678425,0.5602655,1.6000000000016e-05,-0.0011299999999999644,3.3295940045760055,1.6064561663353345,3.6053621114821226,6.255805894474861,3.699304544217081,0.04610682206572038,0.015295000000000059,0.03066369953805788,0.2118072554117073,2.10787858143991,0.037946668025612716,0.21051995980737104,23.75502609424423,0.0005347232885197311,0.05861412142547051,1.4490546213142605,0.00896691630725215,0.14139888369323297,2.4355810989811433,0.007392077803847676,0.13293477948015292,1.1599302536063025,0.004675160905221326,0.036724397933117034,1.295166032588833,,False,,,False,,,False,,,False,,,False,,,,,,,,,,179.89459951557643,True,0.06284911876072728,175.82755619032912,True,0.08842773270869271,177.98612628276936,True,0.09248515259218637,176.1325392908745,True,0.08740535164393542,178.55591449670723,True,0.07314697758622707,0.026476479467633134,0.0311983197784752,0.02621353476736779,0.013914275583011853,0.005214453950319242,0.005093269480402498,0.0143040092980954,78.5713232647084
11,366,6.329439338600836,9.828511345041376,98.44399063926873,96.75139112382027,175.795408866559,179.58114714152376,175.54230381997527,169.44775330560714,0.6809595405129851,4.721597184065598,0.54661725,0.56056275,0.00020399999999998197,-0.001222999999999974,3.4990720064405396,1.6925995154484639,3.785738274964757,6.094550514368137,3.7679900778054742,0.04586297932973835,0.015391999999999961,0.02620807829540319,0.25852997645377984,3.56091775368867,0.015092314550481196,1.0719667223217773,17.180909237658284,0.0016541135099939846,0.028041629082402188,0.6679589116273809,0.007386036502123365,0.1598310717854539,2.605740112901709,0.005562811351452087,0.12672866890183754,0.9739099508182717,0.0025675889246877266,0.07353866694740689,0.6262368143214808,,False,,,False,,,False,,,False,,,False,,,,,,,,,,179.1654033759978,True,0.06334017998869282,170.18456555180722,True,0.08404380394175405,177.91369687508737,True,0.09224525573166352,178.08593092921134,True,0.08788587150389986,178.4789193716119,True,0.07403214977967339,0.02130600150192426,0.030571554949004508,0.026436880545934308,0.014540718689253305,0.009821378314676653,0.004361116026890401,0.01388938994340645,78.40370434052186
12,399,6.639951260949086,9.97474205897359,98.58326032791987,96.68308954857503,175.90459778858124,179.7976644943236,175.40632554714458,169.41093564331047,0.5838898892324323,4.360197511371685,0.5469025000000001,0.56016925,0.00019599999999997397,-0.0012290000000000356,3.3347907980245033,1.9001707793448475,3.8930667057423705,5.995389903834109,3.7808545467364576,0.04496396797436816,0.014100000000000001,0.016407817679537195,0.4080725304750826,1.9563753571265705,0.03675026063236805,1.3434119671747224,0.5760788247279508,0.0017897286154260692,0.027049926833536683,1.1872202361787199,0.007280424775952507,0.14723441653574798,2.849417511668493,0.007018618286134118,0.09061870454700677,1.723777064985992,0.0023691609612012904,0.06881696141856482,0.9861321766633504,,False,,,False,,,False,,,False,,,False,,,,,,,,,,179.01897967484922,True,0.06377221087589797,175.06715193442483,True,0.08758561948173911,177.13754913242244,True,0.0913853753562352,178.56418593703387,True,0.08748795026173597,179.03464239669813,True,0.0729236690245355,0.024921627314443178,0.029212063621045347,0.02583280970006936,0.013395556278109563,0.004481969767858771,0.004049214244764099,0.014573092499534838,78.23494516228793
13,433,6.771363559684317,10.328523308359154,98.56348557882882,96.43816826104026,175.91952016573745,179.244607032975,175.23049576947702,169.85316445507104,0.4652536984122125,4.545140331570454,0.546748,0.56022925,0.0002750000000000252,-0.0010860000000000314,3.557159748674837,2.125317317788557,3.325086867237559,5.3773313144059784,3.596223812026733,0.04529866569778854,0.01521500000000009,0.018111470995646684,0.2963666624594037,6.408055613949892,0.08147189019892044,1.0338758797314074,19.58880376235948,0.0018705839384650469,0.06349283046817143,1.070327612157999,0.0066282915344995546,0.20785842236647095,1.4070264394627183,0.008121247837603058,0.030364664986164573,2.2286099488569264,0.002909041458043164,0.009658240377481565,2.204843032591609,,False,,,False,,,False,,,False,,,False,,,,,,,,,,179.02569463056346,True,0.06432811379948894,178.4716014685262,True,0.08933198963977018,177.27246870856345,True,0.09072987187249852,177.03421008023892,True,0.08604630410424378,179.64270691375026,True,0.07346523564925114,0.026596830375065408,0.028036588897367664,0.02342870045478408,0.012934548001379902,0.0014411596025422982,0.0047076129832432,0.012638128382003408,77.87569982753466
14,466,6.958572341188138,10.396521955003927,98.25666631022904,96.2756352995906,175.93927302238805,179.0713396774533,175.23750789392037,170.01653849708958,0.4344147885717939,4.7711362036009275,0.5467525,0.560082,0.0003150000000000097,-0.0011570000000000746,3.437949613815788,1.9810310106384321,3.1320666550652447,5.220969396830782,3.443004169087562,0.045272126634387275,0.015364999999999962,0.0218681476673805,0.02432894906737311,7.858803108548261,0.10474697282415096,0.23131573615121792,23.70118190730625,0.0033372649095963817,0.09533449727011178,1.030717347594678,0.012342623142387784,0.22649783092246129,1.894454670040109,0.009046776945896997,0.06936768480998526,1.189594349073592,0.002250678926968367,0.08293709606043952,0.5631656077344477,,False,,,False,,,False,,,False,,,False,,,,,,,,,,178.8534087614294,True,0.06389487381629297,177.2169341777329,True,0.08821627718284186,178.47537420184378,True,0.09177862419975576,178.78863069354497,True,0.08875794306990215,179.05866439181406,True,0.07627560848659282,0.02545767349935959,0.029494966757058677,0.026582153900690516,0.01544692364194234,0.004233671220111473,0.0030213099807864944,0.012497391887910067,77.79784563115992
15,499,6.640819590610731,10.12375246103324,98.32269711329258,96.2196833659869,175.84303781721096,179.0133543107271,175.1386792584826,170.0595697635594,0.40395947985447367,4.654422328627079,0.54669975,0.56043825,0.0008299999999999974,-0.0011570000000000746,3.482932870422509,2.103013747305681,3.1703164935161396,5.079109494923188,3.4588431515418794,0.04588175711543752,0.016244000000000036,0.01836998727258065,0.22245318206715345,4.033863781655545,0.08400251282198758,0.678076965514517,14.093570417243876,0.006919532284814792,0.08012762271537724,1.625864992101632,0.018777431866532916,0.08756579688410376,5.523641268988843,0.009018405279159598,0.05638341643294284,1.805973767979895,0.004592335118389262,0.04555886654461999,4.922304653332399,,False,,,False,,,False,,,False,,,False,,,,,,,,,,177.13013998863093,True,0.06351725460849202,175.8356298328139,True,0.08759431034034111,178.33574557497064,True,0.09284048722944102,179.55850112616577,True,0.09000210573647703,179.41747446593376,True,0.07580700123999105,0.02484243484443496,0.03065934653576295,0.02806561490507553,0.014814706882014238,0.006103287065180597,0.002895306892196434,0.014198226931557268,78.36016821089115
16,533,7.112286472889956,10.27121604104615,97.99484969923054,96.11485406394252,175.7906479458816,178.98060323495486,175.1242163825952,169.96030977458759,0.4583364144666906,4.404165055722708,0.54670025,0.56029975,0.0009580000000000144,-0.0011409999999999476,3.1589295681561946,1.8799956352880258,3.1899552890732537,5.163906608007608,3.3481967751312705,0.045738827761542006,0.015932999999999975,0.015037081404972615,0.28317211483511245,3.6156617755581713,0.07767695588587138,1.0209369326311653,17.09805963484436,0.008396219359188318,0.04654887272631329,1.4476195257349687,0.016953418971270548,0.15390891778326002,4.246715831224107,0.00715943814092186,0.0753080840947161,1.6690340357537023,0.002776441345068272,0.24837683328428015,2.423569888892602,,False,,,False,,,False,,,False,,,False,,,,,,,,,,177.98394716531365,True,0.06319555842778828,173.30793601744327,True,0.08683871943436294,177.18746756063894,True,0.09301453405785572,177.78916010132014,True,0.0901235367093413,179.51562071906375,True,0.07691810154313476,0.024202219939501425,0.030871009782642338,0.028328139543570365,0.016088856391925362,0.0069079436158671495,0.0031042301783212574,0.013209474251460572,79.27824023095401
17,566,7.0347021797111315,10.105978286136322,97.9401129721109,96.11554487040986,175.81929683937665,178.63552353450964,175.16074468419995,169.97769868596268,0.4410793354242276,4.474024738038808,0.54679025,0.56023225,0.0013390000000000346,-0.000984000000000096,3.0712761064251906,1.8245681017010327,2.816226695132997,5.183045998237276,3.223779225374124,0.046675774498126855,0.01586999999999994,0.014567672334212755,0.27917726410422833,7.435812064867922,0.05454618731460287,1.6780328573173404,7.860699035949814,0.00813254628463295,0.03485201497632012,1.1285490023448308,0.008723680823337647,0.20120873206376994,1.3981893807892407,0.00398504584560462,0.11145764107005196,0.5160010442342955,0.012404530318143939,0.20646883391242932,2.4415372825239623,,False,,,False,,,False,,,False,,,False,,,,,,,,,,178.21424152287577,True,0.06502578535473451,171.2022627629735,True,0.08552838759733519,178.57216424750243,True,0.09595137145450294,178.49424172783117,True,0.09083367147154185,179.63281334017393,True,0.07617108020764843,0.020942825119835175,0.03209655870961868,0.027382215578729146,0.013913549403369382,0.01142018760791608,0.0052077662197914,0.014662715607962848,80.02460665571698
18,599,7.1145905695589535,8.987546105065665,97.95962142476827,97.06611146433822,176.1994936970427,178.71477608944235,175.3475347265213,169.77566787256487,0.5254064906262195,4.739551365267512,0.5466687499999999,0.5603615000000001,0.0012610000000000121,-0.0008949999999999791,1.8729555355067111,0.8935099604300518,2.515282392399655,5.571866853956436,2.7134036855732138,0.0465884006593916,0.016175999999999968,0.009198645899355996,0.40726521744474986,2.202397544273067,0.06563548638019308,1.1358591492341341,21.77987862592627,0.007495541738454671,0.0686680664792649,1.4284752886949688,0.004531772187401982,0.1141851667589804,1.8975161992473428,0.0004608339270596067,0.09369621764281899,1.291178615931709,0.01604434414490062,0.10102975367614123,2.5408456943128686,,False,,,False,,,False,,,False,,,False,,,,,,,,,,177.89876347743592,True,0.0626294315238451,170.86090530270442,True,0.08617813477907264,177.1193724851063,True,0.0946320058595399,176.9549798894802,True,0.08879138888428313,177.87084944663556,True,0.07323144164223455,0.023840319314136733,0.03275513932194452,0.027340075804576647,0.01316567491623578,0.009196891268249215,0.006017597610342509,0.015576159764203705,80.03851450836017
19,633,6.875692742652012,7.804276499174935,97.89153678013606,97.20603756695385,175.94617183702746,178.7938921469821,175.40961110634504,170.2701371400632,0.2607861743288015,3.9305878145492064,0.5471432500000001,0.5603290000000001,0.0012230000000000296,-0.0009170000000000567,0.9285837565229231,0.6854992131822115,2.8477203099546387,5.139473966281827,2.4003193114854,0.04599261753803531,0.015977999999999937,0.015646185654879678,0.26015276291203093,5.893606298239539,0.0746959373093084,0.28662247350680475,17.857563844072068,0.005906071095520895,0.12496695120225303,1.1989380379037808,0.0027279741311924503,0.0758267633886695,1.470232157098011,0.002581659320213706,0.03865366741896095,1.4811043764526457,0.01854415725371655,0.07489745539089304,2.0568066875596624,,False,,,False,,,False,,,False,,,False,,,,,,,,,,177.84747865629845,True,0.06138566094781416,169.8782244578397,True,0.08430204136318402,176.82338895960703,True,0.09408305490363286,175.47613072450486,True,0.08800837356183779,176.73972344722856,True,0.07456769362129959,0.023072677001163052,0.03330220548252023,0.027444543738236897,0.01515262280926974,0.010600344617039613,0.006113523452151013,0.013535855089354254,80.40595138170794
20,666,6.803292478844744,7.072636357432097,98.08536631068165,98.0173182821862,176.12334232915194,178.8078245160047,175.386099238096,170.74608210394192,0.00790046372098308,3.264459863244676,0.547526,0.55989975,0.001344999999999985,-0.0010759999999999659,0.2693438785873532,0.0680480284954541,2.6844821868527617,4.640017134154078,1.9154728070224118,0.045899503058312086,0.015934000000000004,0.020300556777387083,0.04697495211177389,5.930603211766555,0.07136339948810734,0.4576754538811263,7.2723971018675435,0.006322841852874488,0.11004794015942297,3.8726480365574023,0.004167009456142264,0.03360453943176931,1.923822661910532,0.0030235695817318175,0.014492393562616867,0.7057508733515153,0.019256674797936135,0.08377181997475468,3.4862007600190035,,False,,,False,,,False,,,False,,,False,,,,,,,,,,177.44276558590101,True,0.061892790379817306,144.89747153447777,False,0.07338924556772611,176.61334320564762,True,0.09312212000378864,177.16132876773048,True,0.0888892234750647,177.50898919979153,True,0.07475881545343004,0.011976495647725991,0.03197645766810329,0.028215111288102276,0.01575719622902504,0.0228867608236727,0.004610963023057211,0.014256279528684801,81.03974386719315
21,699,6.208279565425147,6.717879792521793,98.08063601029642,99.0638843270809,176.32336476271044,179.30750163149642,175.69431262544117,170.40046813010633,0.20639367802887756,3.6672973843957224,0.54760675,0.5598924999999999,0.0013980000000000103,-0.0012159999999999949,0.5096002270966462,0.9832483167844828,2.9841368687859813,5.293844495334838,2.442707477000487,0.044882314701895624,0.01588299999999998,0.017904224299591556,0.1338248414103572,3.8376086309199726,0.06061410460537194,0.6309736093722011,4.003955936758806,0.003923281118816041,0.1902234157919703,3.3296384469209848,0.0010506658745237417,0.07363311650946748,0.24520644179400308,0.0027982305842185083,0.022905556272064222,0.6673501364953283,0.01686521442799622,0.19590327576829666,3.577965691506523,,False,,,False,,,False,,,False,,,False,,,,,,,,,,177.75920516586956,True,0.06266419709052372,145.02475215888478,False,0.07263123474098451,176.8382616385527,True,0.09375543408784365,177.37398890279988,True,0.08968720110472841,177.55443719487823,True,0.07607133517955365,0.010205762538879644,0.03186832261039162,0.02831817531197938,0.016188316929193057,0.023462583510773058,0.004528956281528864,0.013701408175804425,81.502190469142
22,733,6.259535643984388,6.622179350705288,98.14285644301654,98.96280900717466,176.3728610516706,178.89333678188441,175.6568992282073,170.49870294949247,0.08566416835328705,3.4215060956941103,0.5476067499999999,0.55984525,0.0017530000000000046,-0.0008940000000000614,0.36264370672089985,0.8199525641581147,2.5204757302138034,5.158196278714826,2.2153170699519107,0.04619380167295174,0.016208,0.011742841453868662,0.23436885994063403,0.9573387220026273,0.0683910500161207,0.6196443469097701,14.680996957364034,0.006788186235618352,0.20820773810214177,1.4449808126604584,0.0009016489186619739,0.032738001842465725,0.8590342672986314,0.003349861998528532,0.0570757521028144,1.0194254995575618,0.009846641911362846,0.2726066409705745,2.2388146973653567,,False,,,False,,,False,,,False,,,False,,,,,,,,,,178.5265179691222,True,0.06310316040421429,157.25404729306118,False,0.07814678676695544,176.83659292357885,True,0.0946483171852516,177.37400498912328,True,0.09078325105436574,176.9518384639677,True,0.07716629481839853,0.01504368920843557,0.03241172912696881,0.029028663989236574,0.01672128000483216,0.01848839463014567,0.004256567866250904,0.013668138132167084,81.74326392717337
23,766,5.987088291040776,6.973014591302111,98.14402508525576,98.72219459502064,176.5755099925157,178.917396061166,175.77922719217761,170.68272741827556,0.08731460303815647,3.6181184683128134,0.5478544999999999,0.5595427500000001,0.002238999999999991,-0.0011719999999999509,0.985926300261335,0.5781695097648765,2.3418860686502967,5.096499773902053,2.2506204131446403,0.04552580838381668,0.01631499999999997,0.007914975667538675,0.18826670968246148,1.5460306910458819,0.07777326019860058,0.7842299664985944,30.186966994681338,0.011390329850918533,0.10898081392457158,2.3692293275118255,0.0026053145240867073,0.043511874464190775,1.576230447501356,0.006238304580387021,0.0772898361859205,0.5632640197940035,0.0070165271563792835,0.13800337801457152,5.043558313236066,,False,,,False,,,False,,,False,,,False,,,,,,,,,,178.29915550848503,True,0.06428500019444659,150.15574894951237,False,0.07625306688914231,176.94524143619068,True,0.09461746657462351,177.6782380274275,True,0.0912547039938216,177.58038635726714,True,0.07715502069211047,0.011968469409243697,0.03163403327114646,0.028884103257674484,0.016707937873956785,0.020751096477053848,0.00383740980350026,0.01416601231822141,81.59711617714731
24,799,6.072060926015494,7.121711398444819,98.23910621626675,98.61725097753917,176.6845514207517,178.85415965876362,175.63617010298128,170.62529911188028,0.016835211816654875,3.77075594611786,0.5478004999999999,0.55949275,0.0023070000000000035,-0.0009319999999999329,1.0496504724293247,0.3781447612724236,2.169608238011932,5.010870991101001,2.15206861570367,0.04657855520515846,0.016637000000000013,0.002362674989929389,0.13789990217750742,4.386116050952421,0.023737374707379254,1.5936996831368773,6.740262078165864,0.013364812938908914,0.054419011454017494,1.7103219221439874,0.0037211408811790667,0.09759877611481761,1.6934291074597478,0.008441227480164968,0.027463473191192894,2.1115791764057312,0.0029095728144026946,0.13422919602754282,1.281433703703893,,False,,,False,,,False,,,False,,,False,,,,,,,,,,178.68524413712183,True,0.06537359073050825,173.5751116595734,True,0.08840614911305657,177.74729058297297,True,0.09630313604966349,177.47826747323683,True,0.09197443408360824,176.3758740308233,True,0.07827390088656633,0.02407363557919741,0.032558553561237956,0.028800605549189444,0.016831092210548956,0.008570984774225214,0.004531165192309811,0.013720774941671418,81.694138440849
25,833,6.17310196737245,7.212291936178918,98.16093824921936,98.39676190985908,177.12690287377856,178.98427106980554,175.63735578326506,170.60735735277748,0.028773256541797104,4.074104550566127,0.54781275,0.55975975,0.002222999999999975,-0.0010160000000000169,1.0391899688064683,0.23582366063972415,1.8573681960269823,5.029998430487581,2.040595063990189,0.04731524220586855,0.015635999999999983,0.010702695488573886,0.23393894541077187,11.128163806494909,0.03131504629915407,1.0206689462542649,13.073086918267581,0.014690337920820418,0.04797516052064868,2.374954257311909,0.0059127958912695965,0.1040058948942746,1.7694242984031032,0.0075611722694923274,0.06650118115698539,1.7844372840250435,0.0022631304694746193,0.11399349135367084,2.0603621576602205,,False,,,False,,,False,,,False,,,False,,,,,,,,,,178.70681877728686,True,0.0654152911558146,168.967662284494,True,0.08531144516417481,177.10227444026273,True,0.09613005359927772,178.03244255677095,True,0.0917745870925062,178.22051100276593,True,0.07765818414693973,0.020942532821987,0.032574423985697806,0.028884876336934585,0.016577858607190542,0.011706261785899043,0.004597766088004031,0.014121264001497907,80.51110974607343
26,866,6.230316162719904,7.208163963584375,98.07007042129807,98.08769874756433,177.22047501026404,178.95425727201217,175.70022477672134,170.63096248258026,0.06063684847620167,4.272880875500637,0.5480015,0.5599004999999999,0.0018900000000000028,-0.0013779999999999903,0.9778478008644704,0.017628326266262206,1.7337822617481322,5.069262294141083,1.949630170754987,0.04672188009915689,0.015327999999999897,0.01356086796322392,0.6663014437194161,4.004252430992267,0.0491180124474402,0.7224890916321712,8.318396069982972,0.013145971473463485,0.10932053035595847,3.0091806854945724,0.008140778460554192,0.12166258612609537,1.5145227000655899,0.004442815079794555,0.09886667333270675,0.5838841898560779,0.0059770642214835015,0.0600793404208638,2.273692311321744,,False,,,False,,,False,,,False,,,False,,,,,,,,,,179.91761015404404,True,0.06525955151546788,159.40934501459307,False,0.07785228436597094,176.96909113017298,True,0.09581003467800231,177.3858148370487,True,0.09181726441688406,178.85481012973898,True,0.0779133310608653,0.013206914893342804,0.032530422760855715,0.029252042680811198,0.017668669927303513,0.019419064704562873,0.00430385896609077,0.013958444612491797,80.08621183832734
27,899,6.170038042872692,7.550142433420039,98.0370790036997,97.72565276259684,177.2966629566962,178.5878885810115,175.78210730642581,170.60941600602868,0.07995792402386707,4.192917018212079,0.548179,0.55993875,0.00166299999999997,-0.0013759999999999328,1.3801043905473467,0.31142624110286476,1.2912256243153024,5.172691300397133,2.038861889090662,0.04733184697431539,0.015497000000000094,0.033666131769879364,0.07920747800644944,22.636645072375266,0.07740769535641044,0.4724761156508074,16.2903123801027,0.007581410504982777,0.17871219999345148,1.92935873026235,0.010150118463956343,0.07883750275975984,2.6305265443760435,0.0013572912352405062,0.09198645358192435,0.35543505483114546,0.005570433763905582,0.03695611498861715,1.1286822986302951,,False,,,False,,,False,,,False,,,False,,,,,,,,,,179.62803600904155,True,0.06727030680768449,176.04913860618646,True,0.0889747864734724,178.16837909538884,True,0.09495602291587404,177.27263743356184,True,0.09027034651534244,178.88545136666815,True,0.07687014715739789,0.023533253621205924,0.0297292827024131,0.025776710457310087,0.014818411318356676,0.006205813081297182,0.0048579226012772135,0.013415378936131421,79.35333129773603
28,933,6.0752513748052355,7.575842587380544,98.06858439421511,97.5318584737405,177.5751127460516,177.93977335767127,175.9298956097359,170.54573208950353,0.12371442596601342,4.217182304762834,0.548236,0.55995825,0.0017300000000000093,-0.0011769999999999836,1.5005912125753085,0.5367259204746091,0.36466061161968355,5.384163520232363,1.946535316225491,0.04892711040926077,0.015526999999999958,0.01294907677128037,0.8534611959294172,17.99945780904821,0.0804022972361884,0.370905037538641,21.38051239573386,0.00339628823642212,0.1619040543328865,1.2230613892995585,0.009572535158095719,0.06602837732100714,4.5313530196681775,0.0022304833923012784,0.08043784707464191,0.29611696177841607,0.004190135784078238,0.03750660605687195,0.6585087497290568,,False,,,False,,,False,,,False,,,False,,,,,,,,,,179.96678222563582,True,0.06659863244842198,169.88431303408208,True,0.08349397127936843,177.0765515242684,True,0.09525914876797927,176.72022127070588,True,0.08908189382809507,178.84028289722164,True,0.07454629509237867,0.01808903192545138,0.03047038542585243,0.025173319606281545,0.013983354819212755,0.012382174607071266,0.006376292339596754,0.014596425863888736,79.03703316670675
29,966,6.011374127037129,7.637759428925058,97.89065668282842,97.38433183266655,177.64856683684886,177.9416337790452,176.18792538698185,170.4539641194422,0.26302774702103554,5.130921172643476,0.548041,0.5600425,0.0018099999999999783,-0.0010639999999999539,1.6263853018879288,0.5063248501618745,0.293066942196333,5.733961267539655,2.039934590446448,0.04901314854199844,0.015680999999999945,0.023635698330823646,1.2131316015851383,2.7157441850952457,0.054047187926988656,0.9607950503161775,6.426095073794968,0.006872732906350947,0.13714621954121248,1.094590255075588,0.010179715243248493,0.2258659748632044,3.223458272592853,0.004713590288145652,0.07246872749667578,0.9159859124540699,0.004897120401045162,0.05611835309027727,0.2526367108860468,,False,,,False,,,False,,,False,,,False,,,,,,,,,,179.6017993672638,True,0.06591580694340321,173.9234364769975,True,0.08770129712267653,177.5426010260659,True,0.09498081069352905,176.6908166155629,True,0.08794370528923602,178.4967749262349,True,0.07316643397077648,0.023202795004050647,0.030868663673699913,0.02467991055494326,0.013294198621955355,0.007668612716782672,0.007166155175545671,0.01482182309974051,78.5595233768642
30,999,5.972112053184675,8.159541663622528,97.7719690121509,97.42194214459447,177.72359558032423,178.17660298028522,176.3773354834033,170.15283415107623,0.4334670109616899,5.260036623360586,0.5480627499999999,0.55999625,0.0018569999999999975,-0.0012079999999999869,2.187429610437853,0.3500268675564371,0.45300739996099537,6.2245013323270655,2.3037413025705877,0.04888751971618109,0.015928000000000053,0.06745677343289129,0.6912380186579732,22.541934885956888,0.021713700508282127,0.7840184098714152,18.518813158080153,0.01037597488033125,0.13734946274574156,1.5384105254188436,0.010931864438255378,0.23954487072286343,3.4705149249664538,0.006808285448931814,0.06381719361965807,1.5658634817146089,0.006322815522590115,0.054085794376986976,1.7646200232714933,,False,,,False,,,False,,,False,,,False,,,,,,,,,,178.9673668277778,True,0.06422317454003655,171.83048691735206,True,0.08451228106021035,177.24063854967935,True,0.09467595272824034,176.52606136703076,True,0.0883791380926517,178.29185446035987,True,0.07316224196947493,0.021531701511956654,0.03214032440719911,0.026587350864649882,0.01448965927825766,0.010609179280227164,0.006457868456387144,0.015293299186244924,78.59638885625917
31,1033,5.80629293319124,8.234967380704866,97.79626533738617,97.2645817149955,177.7884698998366,177.7628015236212,176.44727254903142,170.44445082114783,0.42218210044674015,5.326727510185599,0.5480695,0.56034825,0.0018549999999999955,-0.0011719999999999509,2.428674447513626,0.5316836223906733,0.025668376215406852,6.0028217278836,2.2472120435008263,0.048876466535542396,0.01636599999999999,0.06970501865591237,0.29834096756861195,20.90431310324964,0.012911900381365964,0.30018205181224333,31.291052414336395,0.01321660939430632,0.08881345560567264,1.8608994298329709,0.011291978387349381,0.07189687800112919,4.933456066076565,0.007737765372179914,0.06537780766927416,0.942693724194202,0.005887153664034001,0.08719533802404351,3.013418875422484,,False,,,False,,,False,,,False,,,False,,,,,,,,,,179.5626232238854,True,0.06554151200575097,168.24105978577407,True,0.08421342660170059,176.972735879732,True,0.09472426938224444,176.58274084928007,True,0.08910537986002867,179.40672018149766,True,0.07392651192231378,0.01950181304391987,0.030985260399099514,0.026062679601299668,0.014252039608420999,0.011658647005549137,0.0057557569441386795,0.01526459056116475,78.25620265750185
32,1066,5.68293908582453,8.45271750575986,97.71597569919169,97.4716614297478,177.44236634637446,178.06428045946635,176.37832335613982,169.93766762502142,0.6094630146888975,5.351982859030011,0.54810675,0.56038075,0.0018569999999999975,-0.0013279999999999959,2.7697784199353306,0.24431426944389045,0.6219141130918899,6.440655731118397,2.5191656333973773,0.04859670953881539,0.015456999999999943,0.04773971926180337,0.7255812916280333,13.507706145865267,0.034596420562329866,1.3570699028496005,17.35478219796182,0.013811095949000082,0.03507663989891002,1.7354524329797352,0.00897696540726532,0.09130034642620419,1.3272229947799066,0.0068359841146596895,0.04835287106475983,1.5123461159998945,0.003309098530861748,0.18410158555242864,2.7268788806599185,,False,,,False,,,False,,,False,,,False,,,,,,,,,,179.20545477349367,True,0.06558302306237491,175.62452687343435,True,0.09017872334980126,177.3582549596181,True,0.09461980890384424,176.76613734546524,True,0.08877009240166414,178.88679257958967,True,0.07311607064113874,0.0260143245347635,0.03085515154718903,0.025441656097825064,0.013277452315862404,0.004896982336092361,0.005865995738150569,0.015742757223561565,78.40287243201018
33,1099,5.553171023436072,8.428579837392936,97.49034818225033,97.49727715985067,177.22029477214699,177.61693038577823,176.73252938019007,170.03243542478563,0.7813815439581309,5.596621982643424,0.548212,0.56032475,0.0018730000000000135,-0.0014879999999999338,2.8754088139568648,0.006928977600338726,0.396635613631247,6.700093955404441,2.494766840148223,0.04773596870285558,0.015198000000000045,0.03017075720504522,1.16547200265443,11.105966438388363,0.08502007662761461,1.410726829328364,22.798515499209294,0.013373094373009636,0.09767483451585533,2.405041787400654,0.008175178521617895,0.12139991258342124,5.47085748076128,0.007884863121580793,0.05599465007198597,1.8302245666643373,0.007079264323346204,0.24195486058403193,0.6210753921130067,,False,,,False,,,False,,,False,,,False,,,,,,,,,,178.69437205922756,True,0.06561028505501255,174.9009108665854,True,0.09125094478962949,175.5247478619844,True,0.09453354300458647,175.17074713454255,True,0.0878619035077206,176.03504200768901,True,0.07193753815637566,0.02693817254380856,0.030519969233274106,0.024360261677576475,0.01285122924081588,0.0036419964305308733,0.006701086255227537,0.016130424048982735,80.89953474506672
34,1132,5.340707711415524,8.23299297658541,97.12514800999433,97.37389529347865,177.20176115369867,177.5826848623836,177.1506488339152,170.212353004872,0.898134930087359,6.075885036139233,0.54808425,0.5601815,0.0020959999999999868,-0.0015020000000000033,2.8922852651698854,0.2487472834843203,0.380923708684918,6.938295829043199,2.6150630215955806,0.0471781921230562,0.016486,0.043963304820068466,1.4109048192384943,9.38159247613162,0.11414162472179475,1.3723828757058756,22.304917790236374,0.012026929817882552,0.1772981060902431,1.852573372390669,0.005055392669408005,0.33742892279682807,3.0926980302954843,0.009969358568623642,0.07358882988784053,1.446521643802486,0.014637464010230954,0.19288644195200932,1.0749301287067534,,False,,,False,,,False,,,False,,,False,,,,,,,,,,177.6695174223383,True,0.06500956152751688,166.58063163110484,True,0.08668793773069008,169.7120838430274,True,0.0908883434550328,174.0379520833648,True,0.08929750823511262,175.69845388975008,True,0.07535730173646078,0.022273015107973134,0.026735368970709925,0.025958898455057777,0.015539377368479062,0.004534677496801717,0.0033693621057998683,0.014430872045722043,85.54893998935829
35,1166,4.663370421026405,7.314190034663062,96.92645115201164,97.57029604190245,177.3125144681536,177.54496221412475,177.11813434339103,170.4285228521911,0.7214837790179208,5.619164846415344,0.54829675,0.5600615,0.0020180000000000198,-0.0012980000000000214,2.6508196136366564,0.6438448898908149,0.23244774597114315,6.6896114911999405,2.5541809351746387,0.04795283462945641,0.016449999999999965,0.08876074790786095,1.1602451050305922,23.158004872291585,0.1406048222441761,1.229877812073926,23.914445203446334,0.009911994462023286,0.1680340504676493,1.6662599545877768,0.015332688960882601,0.32801735193193243,3.3750170861558266,0.009423974828519057,0.0755920740482268,1.6969446262774537,0.01934901462009615,0.17492804626499545,0.55493551895872,,False,,,False,,,False,,,False,,,False,,,,,,,,,,178.0314596935324,True,0.06453216922589856,172.3289495860447,True,0.08895135021459769,140.49197864085068,False,0.07423104742626237,165.22069470695592,True,0.08275082455178322,172.91098416977758,True,0.073791314373712,0.02587555023569545,0.009726222339634244,0.019301345471235933,0.01597186182008843,0.01781444484119556,0.01145710652826446,0.011970175646163303,89.01056825421989
36,1199,3.3447227735398513,5.936184948141477,96.68348193016034,97.48560832213063,177.1634050809145,177.64665038830506,177.05203152365448,170.5714413395973,0.6038749523318889,4.3744821459159695,0.5483895000000001,0.56007275,0.0019600000000000173,-0.0012990000000000501,2.591462174601626,0.8021263919702903,0.48324530739057536,6.480590184057178,2.5893560145049173,0.047777668193414405,0.016503000000000045,0.12165618603542734,0.7647242830467365,36.0433238261834,0.1477581539705924,1.2346362839249934,23.044167692293865,0.00823940467895058,0.11268620956341407,0.9067313270757776,0.022722308481718415,0.11194182392452436,4.40687384591803,0.008675947396788442,0.08740586523959892,2.7061967719972975,0.026011227592195787,0.16350172578312655,3.696152991281047,,False,,,False,,,False,,,False,,,False,,,,,,,,,,176.26464175560702,True,0.06554327445283764,175.71923973678244,True,0.08454495591104176,166.6880279872056,True,0.08290665887008118,170.4091647107652,True,0.08037737508776951,175.67981042723233,True,0.07123123675747879,0.02009466924335903,0.0179349968776134,0.01595521557359847,0.012737606839591208,0.0027847953246153924,0.0030114562922281857,0.011224787035841654,91.60398859985024
37,1232,0.9897720558866612,2.7451063152707738,96.38110259370104,97.46175267172784,176.69459710879138,178.66088751363523,177.05108356490996,170.6485198315334,0.5358086782403686,3.5700077908137096,0.54873375,0.5602932500000001,0.002342999999999984,-0.0013699999999999823,1.7553342593841126,1.0806500780267925,1.9662904048438463,6.402563733376553,2.8012096189078264,0.0454987964785883,0.016545000000000032,0.11805508503510284,1.5261355925653233,26.249468555309218,0.1344181770147131,1.1555386979050073,35.092625070417505,0.009833900847800425,0.17312704798835335,1.8954255412237742,0.022514462172454563,0.05016009040499072,0.997210775732425,0.00563549666640075,0.18852385018626003,3.146177664324499,0.029793989805056265,0.07123992339731643,9.065434734296948,,False,,,False,,,False,,,False,,,False,,,,,,,,,,178.72597286410067,True,0.06542497022544223,168.1877906380156,True,0.07956802644907057,162.05484807657947,True,0.07965085318438214,165.84448628466924,True,0.07460328929075451,172.85522685442393,True,0.06449082682831721,0.014714194847153507,0.014419458034198064,0.009711113736333257,0.007570170539690681,0.0018848076824971162,0.0051429660702749635,0.011226410646328651,91.43758220066275
38,1266,1.008854393576446,0.5014394208977838,95.26164755864517,97.30031964806071,176.57159606007357,178.7554230381765,176.98069529920613,170.56248143356152,0.5196514941436156,1.1571738913779013,0.54883725,0.56020675,0.0026430000000000065,-0.0013159999999999838,0.5074149726786622,2.0386720894155417,2.1838269781029283,6.418213865644617,2.787031976460437,0.04582695804872947,0.017678000000000083,0.10833683616076477,1.6504898930250556,24.749347645083343,0.11542991715480658,1.369291895372809,51.967350073348,0.017724419703464,0.22251960161899648,2.3557236895063363,0.025777909274304695,0.06751458524861577,4.3324061600269905,0.0053917807378305255,0.27846983063238373,2.7392395123238646,0.02127682363283584,0.4467290035321894,6.5303519178250085,,False,,,False,,,False,,,False,,,False,,,,,,,,,,175.0020475303892,True,0.06476553624420937,168.51710631754625,True,0.07633910176312005,157.6864683619731,False,0.07547777122438105,163.47997815471297,True,0.07177600652725115,173.41853192371528,True,0.0620879191550176,0.012260524010008725,0.010964321502035645,0.008411280520824432,0.009306942140144669,0.002023252085134229,0.004499285498832048,0.010829117230873429,88.99792054244276
39,1299,3.9008536147748227,0.292249003079242,93.2396365648239,95.55656207726135,176.58373140049062,178.75627296627258,177.31818473117798,170.58921145060287,0.5564462090291037,0.6189261242494205,0.54940325,0.5602032499999999,0.0026519999999999877,-0.0013310000000000821,3.6086046116955806,2.31692551243745,2.1725415657819553,6.728973280575104,3.7067612426225227,0.04583070248206977,0.01759900000000003,0.09891014042127447,1.5980190300011758,24.472917218481257,0.06569833406162658,3.2294628055511083,43.002272236687354,0.02292526920000177,0.1697791373274293,5.251153912257073,0.02593469800687912,0.24598422221676516,5.86278268623848,0.01443710350534591,0.37191142767141216,2.5537223421513864,0.00046043236570033,0.5087624629205715,7.5837972824160556,176.74112653731132,True,0.07373164056224442,159.68877273003832,False,0.09040766145631683,160.53983492060416,True,0.09124726193152319,162.58792663333614,True,0.0873347730631963,173.2301079848579,True,0.07283532638768092,0.016891593708114053,0.017575962278065998,0.0136253426378935,0.0022984625296053897,0.0016164677540860346,0.003977935645532763,0.014580011659803216,65.67435939510152,175.3805016260018,True,0.06060772776635007,171.7188667433282,True,0.07506118449638269,151.84337166055184,False,0.07021150285387721,162.51790113632129,True,0.06891497602118135,177.45116599330925,True,0.05891371464268737,0.015879139428822953,0.010087570569765586,0.01034127772569713,0.012738104411567664,0.006066837808941296,0.003582371979568881,0.01244657306249397,84.53783895595177
40,1332,4.359809713527722,0.14487745454387735,91.20805286004541,92.27331096976813,176.33485185523563,177.9104192155184,177.21520959794816,171.32261081562865,0.36245553358340205,3.343664141278938,0.5498465,0.55979475,0.0024239999999999817,-0.0016169999999999796,4.214932258983844,1.0652581097227198,1.5755673602827756,5.89259878231951,3.187089127827212,0.045692090398667416,0.018125999999999975,0.08259213671411764,2.4939783832627684,25.53568320946219,0.10210772531494264,3.981066851978948,90.41329589466639,0.023007393075119422,0.17990514581339015,5.830130817105069,0.02077932364997415,0.339901022851685,8.842173209218986,0.0291165275230065,0.44151419067377295,2.804519134511431,0.012743719044725158,0.12038929537003779,15.572422027689083,175.71288028897513,True,0.06806555308671196,172.02109943851698,True,0.0830040853452407,167.03087824039176,True,0.0798494640307623,164.21254580801062,True,0.07323839327838914,169.7054142738458,True,0.0629928194320591,0.016120341962874124,0.012377928946314077,0.0063331841122771515,0.009680538466428398,0.003951512368701409,0.006611129101749603,0.011418815787987766,51.60427671728931,176.35085130408072,True,0.061236658840926404,164.4734753579244,True,0.07431465046678211,157.16666625091813,False,0.07312829117379951,163.13189677530397,True,0.07096269122574199,173.87109296530443,True,0.06507792756380623,0.014038318132881792,0.012170640903419953,0.010596538680153927,0.009717192701598541,0.0029703420678433646,0.002820894184474163,0.007905198416232126,79.7722758796079
41,1366,6.0796003595895725,0.7725982568405313,89.5635639915428,89.30615269500824,175.53910392467446,177.99297954985397,176.69223309648692,170.58068988662234,0.4924899534517059,3.8606900420744648,0.55038875,0.5598620000000001,0.002253000000000005,-0.001510999999999929,5.307002102749041,0.2574112965345563,2.4538756251795064,6.111543209864578,3.5324580585819207,0.04491070465935711,0.016768000000000005,0.16575513969188457,3.1736223771493286,12.646694653861466,0.217217284742977,5.8775033901674085,188.0371358379268,0.01648175124691314,0.28960412029808846,3.741320169713337,0.0060892879787619505,0.5231694819215554,3.3614339415763523,0.0439638989603286,0.2622452062273815,6.663655340733395,0.008435875297293836,0.5559102193696287,10.020830145422353,172.65062508301983,True,0.05794631826958459,147.73051514888814,False,0.06372033243008078,154.4826432333424,False,0.06531722590557557,158.8334653575676,False,0.05578091900462017,152.77729259879348,False,0.037857903217161926,0.005991698423652592,0.011122341525056657,0.014082669207220596,0.030616055412152614,0.007217268527635619,0.011614070991689334,0.021348204725456427,44.63504688102536,178.7555554736033,True,0.062191758883311875,169.53063087655556,True,0.07515915891626244,166.8431312037195,True,0.07456395534707105,167.40864888490952,True,0.07070537321873067,173.13257755682253,True,0.06300225688021024,0.013218706215057456,0.012567283318203698,0.00871823359402577,0.0037611536793914664,0.000708386899935253,0.0038699081384446967,0.007965240109375226,80.88226033440083
42,1399,5.645487542444383,3.718015995178112,88.70405426202403,85.78497281855617,175.61121910495953,177.97156208710254,176.05654596259856,169.7882993195888,0.5631671581844623,4.700568685208167,0.5505329999999999,0.56001375,0.0018159999999999843,-0.0014650000000000496,1.9274715472662707,2.91908144346786,2.3603429821430097,6.268246643009775,3.3687856539717287,0.04533382211991397,0.016351999999999922,0.27131511973674005,1.91431931452456,57.71997298563485,0.4073715348540293,12.914872947876264,148.93515197153815,0.0073490579481696435,0.3376630384255751,0.5132956104086452,0.014282624096942765,0.4691270697801479,7.338459979386637,0.045871479291386096,0.08942084328078159,6.203369370737316,0.027780246635168107,0.7359599986194851,5.949247819247614,170.4924405271354,True,0.05150977380070689,141.17938863845043,False,0.053209054962477895,147.78281239757507,False,0.05212880202920445,152.21040051996658,False,0.04526566283619404,155.45768644197227,False,0.03250218804942209,0.008358735849397276,0.012637872051892268,0.018714770236366703,0.0326245035671042,0.004742713252980882,0.009104326718654066,0.016967568712104895,34.0442389816839,,False,,,False,,,False,,,False,,,False,,,,,,,,,
43,1432,3.616751808784917,9.646412536709446,89.33010755506942,83.43119587126945,175.40094800543153,177.87771651161978,175.61451319557895,169.43982264204772,0.41870754554394773,5.5601052672882645,0.5510045,0.56057075,0.0013880000000000003,-0.0015410000000000146,6.029660727924529,5.898911683799966,2.4767685061882503,6.174690553531235,5.145007867860995,0.04661075653752037,0.01651999999999998,0.28844723686704066,0.9403592102825933,64.74736617040017,0.8911488144254369,14.45356543822274,54.854532249989745,0.010823954989621612,0.2983076486142356,4.427067377257057,0.02645913706754336,0.40587109449274955,9.484052299364597,0.04482564029436909,0.3592715439882021,13.510316502876826,0.053810880709727026,0.9401967865492153,3.94915058355909,172.1053659860273,True,0.05812386041033403,131.50287197155487,False,0.06328387387794772,144.95736353466208,False,0.06519296729709423,150.05847759868644,False,0.05729708915817625,159.12369306104998,False,0.043343602076892467,0.005162179772150502,0.017681893167870923,0.020576588371253396,0.026704041079956418,0.017174843288950258,0.009768026668677762,0.014635469141780204,58.48654346492887,,False,,,False,,,False,,,False,,,False,,,,,,,,,
44,1466,1.2305718513430322,14.180243314305278,90.26364009412492,80.93367714722082,175.45488684985858,178.19089183337607,175.00169009671404,170.60456603809797,0.7670799383109314,11.320729714339018,0.5534045000000001,0.5609645,0.0006399999999999739,-0.0015339999999999243,12.949671462962245,9.329962946904104,2.736004983517489,4.397124058616072,7.353190862999977,0.04681469317425881,0.016344000000000025,0.22630250522931378,2.5574777643859057,37.91797993417751,1.2900749962107492,10.620570757127494,150.27325586821942,0.019568986820507832,0.06027300369134055,7.624709957220919,0.036013480413686995,0.3798037534143121,8.0358406528819,0.05957406061008117,0.8375505478022803,5.985062449198399,0.0894050009130428,0.8900432897411974,11.948113445901164,173.8750023287575,True,0.06249010421658783,123.85011341785773,False,0.06205244765518922,135.4162184449088,False,0.0671515545613056,142.65419938996578,False,0.06387855122026492,163.86690793484456,True,0.055472884060593156,0.001846156277242066,0.009648431012345969,0.012914172253768402,0.019802800433272077,0.008310197350243817,0.005796861392167344,0.010736153873710977,69.3305361200159,,False,,,False,,,False,,,False,,,False,,,,,,,,,
45,1499,4.699319836448939,15.849624780247316,91.79892615912236,78.90056116787716,175.9463434231016,178.9340996659093,176.33608898218685,171.0091679510535,0.8805115175905095,15.597022440186137,0.55546825,0.56080625,6.80000000000125e-05,-0.0017289999999999806,11.150304943798378,12.898364991245202,2.987756242807677,5.326921031133338,8.090836802246148,0.04553657252143596,0.014485999999999999,0.13618679729851416,3.175647244195847,28.25064419183174,1.5551636273740448,6.007372699956208,196.0267034134411,0.014861067353829851,0.21773861743413753,2.5107763629101725,0.037299749579725296,0.42960705556578105,3.4900119623514514,0.08788648875201807,0.7558743084782383,8.799051051829908,0.11123321064322812,0.1973680807177314,24.2364827632918,170.4226695432542,True,0.06666826586165268,128.47766941009115,False,0.06861842549199162,156.83815560591847,False,0.08302511774758287,158.41317549471427,False,0.07858275813433889,167.61394849887606,True,0.06948304124748722,0.0027232205198992276,0.020276147809680217,0.018945864060527815,0.017107263311237193,0.01756050682639879,0.0056208576747680886,0.00968046842874867,76.81789288934004,,False,,,False,,,False,,,False,,,False,,,,,,,,,
46,1532,8.476375387024461,161.89681696000704,95.22851902007433,80.82575738849698,176.79021831532006,178.54884655044026,177.84491021230346,170.42437344113983,0.6876118273223703,20.176745418922515,0.55717,0.56198,-0.0018269999999999675,-0.0010869999999999491,153.42044157298258,14.402761631577349,1.7586282351201987,7.420536771163626,44.25059205271094,0.04788998355606316,0.014724999999999988,0.03751479666017314,3.6830776436271586,9.789298971804929,1.5870203316538176,4.699380238969806,194.45647619270864,0.012056237662090763,0.14651653508025902,4.184087366302963,0.041422239299401566,0.25098160010903525,6.22522633852901,0.10336268561102437,0.2993466348744289,12.967977739912433,0.09873333041370078,0.7170285754474645,17.564248327323302,173.56163634197256,True,0.06732007713899321,167.39109299363008,True,0.08688019669061534,166.88942398959568,True,0.09047227824035387,169.4202042398197,True,0.08225112170055793,167.5738129533092,True,0.06205506213839447,0.025229554593769705,0.030165555257611363,0.0262936866376703,0.022360238840406013,0.005027370386195892,0.009035851094390713,0.02046095931279856,86.17378392802576,,False,,,False,,,False,,,False,,,False,,,,,,,,,
47,1566,11.37266384405147,164.7594178330796,98.21295535682293,81.69326483387165,177.41649966028865,178.15355969269055,176.94268701462047,170.30049669014372,1.8787399198815853,28.074574630282815,0.5603015,0.560311,-0.006351999999999969,0.00041400000000002546,153.38675398902814,16.51969052295128,0.7370600324018994,6.642190324476758,44.32142371721452,0.051581900895566045,0.014909999999999979,0.11793374446804923,3.556092029012692,32.736185060625694,1.4000690598212158,8.776625331177714,155.20121515568368,0.016858128846882824,0.0651289069402606,7.295482830990062,0.043201897095153305,0.25492177800933924,10.744412380060947,0.10166552597135997,0.22240959028741447,10.182209213969758,0.0631939530227123,1.025887837005451,4.0609563310701535,174.3519236582143,True,0.06212555572387266,145.08181097705986,False,0.07067564302501958,172.35132220466593,True,0.09189476647230793,174.4599488696273,True,0.0862533133566474,172.9653709759118,True,0.06785537934460316,0.013209029373878994,0.03609948228160616,0.033681304621406755,0.025128018624634832,0.023282945689925102,0.007261036427397925,0.01890144304014916,88.6166272656992,,False,,,False,,,False,,,False,,,False,,,,,,,,,
48,1599,11.68675606924088,163.79100448272266,100.91358404964039,82.82286814245234,178.1462376234221,179.03210282395784,177.0393350041797,168.952083755316,2.1436397579324735,35.19750038501938,0.56289825,0.5593349999999999,-0.009128999999999998,0.0008630000000000582,152.10424841348177,18.090715907188056,0.8858652005357328,8.08725124886368,44.79202019251731,0.05190967125690558,0.015047000000000033,0.22124832868576655,1.573913064063165,68.949213240639,1.0592937366700137,12.635602732170742,48.750994529891464,0.011854686874358545,0.3576188334189391,8.402845543317525,0.03358234655814194,0.6896553581288174,10.205379489410568,0.09350874595057096,0.486200379336839,11.662545406253436,0.030135756295268757,0.8745753777002249,8.25329443390879,173.40690118087565,True,0.05775545724864446,106.92302137323306,False,0.06608243037298185,172.10094628273484,True,0.0946939508363654,176.13337982555282,True,0.08881477771181998,176.45717555928636,True,0.07138819199279382,0.010239000048832892,0.04185388891130664,0.03908208328633466,0.02831288021378254,0.031621620277904765,0.008427011629278761,0.01799090548026978,88.61026090399115,,False,,,False,,,False,,,False,,,False,,,,,,,,,
49,1632,9.824358442148906,165.39207708351975,103.38448493612711,85.81780484205038,178.15847026454003,178.49889460539237,177.41433163752228,168.60977591704452,2.1113765517496415,38.913128937725865,0.56345325,0.5593414999999999,-0.00972099999999998,0.0014769999999999506,155.56771864137085,17.56668009407673,0.3404243408523371,8.804555720477765,45.56984469919442,0.054324230956360534,0.015687000000000006,0.2146657652948029,1.6741357096564082,43.588479882781606,0.6264758106227231,10.762435381197257,114.35073850361529,0.012297174729517637,0.5879579188405147,1.2183593857943655,0.026636688873417642,0.7687538229200903,22.869012245903182,0.07209582091413669,0.9243384901019599,8.710051040968938,0.018409269126372804,0.7561547991925772,5.884523459598882,174.34008366855497,True,0.058562938211807636,101.99241876718298,False,0.06577523577304768,173.62962535188495,True,0.09704695111645706,176.06219135139736,True,0.0917126629642821,177.25149933940907,True,0.07385673825048057,0.008288642892536844,0.04290784922365607,0.04000956335677762,0.028820958086087308,0.03463254645561017,0.007409069644698997,0.018681076119966993,89.02030341429524,,False,,,False,,,False,,,False,,,False,,,,,,,,,
50,1666,6.858594234362176,170.23066782213795,105.40840670836577,91.22638659647316,178.70258795348937,179.45717131529747,178.05403752157247,168.27500915623565,1.7606209351385569,41.52493843976161,0.5635475000000001,0.558763,-0.009842000000000017,0.0016599999999999948,163.37207358777576,14.182020111892612,0.7545833618081019,9.779028365336814,47.021926356703325,0.05303494897706605,0.014903,0.18267821008692692,1.8823822975198978,19.6218842675359,0.4304892732839441,5.035872175975005,107.22991245407408,0.0315075150501754,0.33627279018622847,14.097941180108961,0.021377854412876044,1.388603573502706,20.635034780555912,0.03488113196505091,1.0443213994311287,6.896121836487818,0.032550118052195855,0.6118002683013155,8.655344733662963,174.5044769983956,True,0.06050316305781042,124.74663057587958,False,0.07281697545215679,175.0369678154581,True,0.10082313135883053,177.9783196538767,True,0.09643717277585438,177.11188508425397,True,0.0787836046712766,0.014162844982559195,0.04553461818221388,0.04368824607374389,0.03106074192610345,0.03141453225817627,0.006974327351078374,0.01797803331846949,89.73899369898474,176.34195741129514,True,0.0708671825388875,175.36979851560122,True,0.10872322788622496,175.15445061798252,True,0.1080759751748741,172.92162646010613,True,0.10288446670902271,173.52315630969002,True,0.09457789891935643,0.03934065308303867,0.03887586105798817,0.03382696133264117,0.026077239520317347,0.0009760860617794217,0.005192284275730673,0.008319818387440928,86.60526405044266
51,1699,5.260902084902195,172.78162668134271,106.10267270763734,94.34943921426269,178.76757349533952,179.8843532173421,178.12058793347109,167.8519121943251,1.712737270750161,43.68206721763353,0.563645,0.55764675,-0.009554000000000007,0.00216700000000003,167.52072459644052,11.753233493374651,1.1167797220025761,10.268675739145976,47.664853387740926,0.053055307981388675,0.017736000000000085,0.16354515865095118,1.2971871824983867,30.616762051317338,0.3574207344645044,4.0910441887808515,35.608816917231195,0.033743664574325614,0.44896100751778817,13.019053097632789,0.06951297147407583,1.6157904386915836,10.011604576356635,0.017012440985532357,0.46725399814891383,18.35574171352916,0.04894507462472793,0.374055426814421,10.956552250886048,177.4067688485804,True,0.07167064092081221,177.11674465899608,True,0.10787185001194705,176.4017011125105,True,0.10927494375656298,176.0692291680339,True,0.10562610246051873,173.9163712254339,True,0.09385650731302546,0.03723497067274258,0.03869855843568336,0.03500487321788211,0.023736925179980658,0.0014741621349091754,0.0036961463715605154,0.011780701252472202,87.89218949034719,,False,,,False,,,False,,,False,,,False,,,,,,,,,
52,1732,4.203967367265154,175.46568285806543,105.93333089495162,97.0805776995881,178.679258173775,177.87394969101817,179.18176998933856,167.2309212219044,1.346467425732809,45.72924845323608,0.56404525,0.5566252500000001,-0.008765999999999996,0.0020850000000000035,171.26171549080027,8.852753195363519,0.8053084827568284,11.950848767434167,48.21765648408869,0.046848491138989784,0.01763900000000007,0.12306000331279675,1.3983143996975764,15.053182822173456,0.2166406275501708,4.469530031369157,31.239420316090833,0.03227408413058687,0.5701099744110794,11.809700911910623,0.11074045363917383,0.7323230225581989,23.86709790827615,0.0149818260109634,0.22811460661982144,10.322560711260898,0.05682381294477891,0.30980977777655516,7.767880140338241,176.7652195115171,True,0.06398753119163146,89.88634163713718,False,0.0676354056689246,171.05286842715998,True,0.10417578598215618,173.05294825713196,True,0.09905127934559958,174.75313185012206,True,0.08340617977704047,0.003934728453146364,0.04389422081550142,0.04105601578331728,0.03065037932881088,0.04000161627984552,0.00739165509206162,0.016479658521947636,89.22496533327961,176.7491040018825,True,0.07250414791582618,177.36481337373255,True,0.10636681552063125,173.45512673685116,True,0.10236992597926406,158.58448255088845,False,0.08432615212969224,160.75545009796454,True,0.07504410910924322,0.034836547547080494,0.030570331761366285,0.011905285044886556,0.002794652930150708,0.00439060963876316,0.020034331034501727,0.00928365623017138,90.49978918793488
53,1766,2.732644953533934,178.69341931256542,107.0378326168233,98.83797028596913,178.73432154319931,177.9826369627881,179.26981485446078,167.5074323988107,1.3333634425579426,46.85934215110232,0.5639587500000001,0.556127,-0.006635000000000002,0.0020529999999999715,175.9607743590315,8.19986233085416,0.7516845804112222,11.762382455650084,49.16867593148674,0.048011708780254785,0.019762000000000057,0.07366093457537075,1.2844045942870863,8.088182759492378,0.1450872165743113,2.515451227030833,57.096593698536864,0.03008979624388178,1.084031041956044,11.038977213737457,0.11848816365624028,0.02814370924035631,20.752182671343792,0.012028435296888221,0.31879843930487106,2.733795020584408,0.05741633061940134,0.25009371216925574,8.06105393141091,175.12890103098738,True,0.06425675692096511,88.72377400433776,False,0.0681602649129242,171.63030399546884,True,0.10449408689490518,174.65305256534157,True,0.09955006090404975,175.20980032971485,True,0.08237588542771487,0.0044158769231037835,0.045078221105096836,0.04229620583456636,0.030473060397669307,0.04068916299212842,0.006665647005355082,0.017669659476062374,90.16362233901391,177.9197339068605,True,0.07436015330807218,179.6836070690955,True,0.1071773896491233,169.48400238722095,True,0.09798161011128569,153.82950631917493,False,0.08202963821083205,156.49797962246265,False,0.07187989405946563,0.034071238134238686,0.023922277483550775,0.007820934534951682,0.0033533425115845382,0.010967063599706171,0.01694975306604789,0.010186494244832207,91.14111881155459
54,1799,1.704571212677476,179.67049885010408,107.1647637805487,99.74794098428103,179.03337043848893,176.3087645289416,179.43972354229115,168.08141208742651,1.3082504162969197,47.4694253441281,0.56403625,0.55583475,-0.004502999999999979,0.0015500000000000513,177.9659276374266,7.416822796267667,2.7246059095473356,11.358311454864634,49.86641694952656,0.0382759906991315,0.006557999999999953,0.043602631414684664,0.8567318166510878,12.166568881808637,0.11335881028316919,1.1473415139895837,35.2099887169925,0.07387781812846467,1.3096213094932319,14.5723364711128,0.11157134399203639,0.6626075918239627,15.675691615893712,0.012421836500670263,0.2186442889207693,4.536223421926882,0.050752911667935705,0.38139325513743527,6.378377022595118,175.99593906699295,True,0.06460384688236458,109.06601329796013,False,0.06981378048780919,172.37459177371443,True,0.10400319055202105,174.06551887644403,True,0.0997360591260754,175.1782772242335,True,0.08318789283303193,0.005727930341755205,0.04402540576757922,0.04187103211051765,0.030245480488826755,0.03837162145388175,0.006225138151077416,0.016988929689653796,90.25856381382957,178.7609466206599,True,0.07534578099004614,179.66184406084858,True,0.10757992486519034,164.9446342314162,True,0.09168855416571907,159.29082946545577,False,0.07930810844421898,155.7009988181958,False,0.06553659473912266,0.03341702477779851,0.016344316749255693,0.004398613645229593,0.010496465166902615,0.018490454861901047,0.01259914695525058,0.013923519131311594,92.07384952872815
55,1832,1.9804134185902253,179.34776027837594,107.22800225341622,99.94658837501296,177.40436494017848,176.3900580818982,179.7618811965443,169.07959678555028,1.3073770090754238,48.08980088579368,0.5640345,0.556028,-0.0030959999999999877,0.0019420000000001103,177.36734685978573,7.2814138784032565,1.0143068582802925,10.682284410994015,49.08633800186582,0.04291850528618168,0.010236000000000023,0.0333645321399779,0.5388141097883191,12.013715541848546,0.08718454938808433,0.6179908312235235,18.168879470154394,0.1058863133373268,0.1534397462052964,35.53248365895946,0.07623549935299342,1.0177283761983498,4.781517190596813,0.01252845497061509,0.1009506759442284,4.396237049726753,0.035276094275075144,0.4588678431680352,2.8217582952657634,174.8374635518842,True,0.060269339883559314,104.42740063299829,False,0.06907485618515606,170.91929137410617,True,0.10411006665063657,173.2693900003662,True,0.09985329560910847,175.27464234120808,True,0.0833278342212252,0.009085507195528501,0.04791262151041207,0.045451749383274634,0.03290576998035453,0.03928413309467321,0.00620817477202435,0.01700247981913233,89.90670194632257,179.78814007011712,True,0.07552765578912138,179.76559991794568,True,0.10601026386628797,166.6179673619186,True,0.09138038835548906,157.49869727265826,False,0.07860899096159422,158.56185198678594,False,0.06490644548116928,0.031433080949852824,0.01587987975395281,0.0040468645887897035,0.011610720046577637,0.016367633090951184,0.013334004199789353,0.013903219375382097,92.79355940777687
56,1866,1.8685470136045632,179.56184208476205,107.70280018719345,99.54404975497997,177.15897500669627,177.98164404677658,179.72400730452236,170.31856735200486,1.85156536088347,49.24037684423146,0.56481675,0.555923,-0.0026269999999999905,0.002018999999999993,177.69329507115748,8.15875043221348,0.8226690400803136,9.405439952517497,49.02003862399219,0.04126468602812816,0.011212999999999917,0.014675570610940254,0.48930447639386376,8.965410414529453,0.07454605620081114,0.7128594475937645,10.545645207571079,0.08404163674093153,1.07121843086217,26.361288186899138,0.045778162350120125,0.814658400711411,13.343358647958823,0.011574964401944198,0.08674810672640786,3.135718638531471,0.021659037994552068,0.35072629301078406,4.495707341565025,176.57329034516061,True,0.06001503673247227,101.27305307811375,False,0.06908923974107696,171.12953429348545,True,0.10373545427673224,173.97457574668954,True,0.09937637068237105,175.63135826822264,True,0.08374331181652664,0.009459887631468022,0.047793589528303926,0.04518166008459634,0.03330967577146322,0.038690480922314675,0.006164181048606499,0.016118366790714277,89.6300496612767,179.42156945716283,True,0.07485169588593167,179.79019661186192,True,0.10513989110228335,170.81142929336428,True,0.09354970497013874,158.63851916929832,False,0.07695508508214385,158.47465245422111,False,0.06379638085346222,0.03134180061834355,0.019031606894847314,0.0027322417535789257,0.011718907841603676,0.012547178049266701,0.01749686429049503,0.013363788759180532,92.3268527156796
57,1899,1.9171773944571038,179.44440396014596,107.18478429328077,99.94978722032738,173.4100157715357,179.50198934622125,179.86531471938824,171.25578700401715,1.8539930099329731,49.69494728162078,0.5647675,0.555733,-0.0022290000000000365,0.002067000000000041,177.52722656568886,7.234997072953391,6.0919735746855395,8.609527715371087,49.86593123217472,0.047939354396987946,0.012759999999999994,0.003311465851561751,0.11853080808410578,12.526898859860331,0.04747811434362363,0.9131676550957739,4.715143983333966,0.041119172089435455,1.6224790878550464,5.833244489200063,0.021990236607839726,0.5188734202896699,20.34572035712233,0.007247452644062908,0.1714044085655605,1.6545247991963012,0.012354798977869992,0.23484620725448835,5.163449808525314,177.42370068524377,True,0.06033510073746463,103.03315089052963,False,0.06959680144949193,172.0327086810333,True,0.10469956250147368,174.62096223225186,True,0.10017142620528077,176.269275131195,True,0.08513716876312016,0.00958480573616385,0.048214059204758866,0.045258244387072745,0.033736240602651596,0.039021892214499254,0.006044168760052881,0.015556195068203552,89.13542607798831,179.10618387587584,True,0.07445442735660521,179.50575011037836,True,0.10376134178488636,175.51436499557173,True,0.09707733451738362,158.73867446083884,False,0.07607276849175401,156.98824427107007,False,0.06385202745410673,0.030662789240380597,0.023872108620731435,0.0017765396139686823,0.011189188755222608,0.006809467086343832,0.022674059737947245,0.012568494102317907,92.36296259873873
58,1932,1.381659356051515,179.08700148739658,106.91272099027863,100.27467812168081,172.89240560998755,179.5534181279145,179.87737840177664,171.8385559209989,1.868992449081748,50.17088231775796,0.56467925,0.5561385,-0.001807000000000003,0.001702999999999899,177.70534213134505,6.638042868597822,6.661012517926963,8.038822480777725,49.76080499966189,0.05039099876962152,0.014954000000000023,0.011005832723487824,0.3388692051417987,4.1813185390636205,0.03258043569526298,0.4975969020886064,8.726935525085334,0.03187008037357197,1.4229763222347067,10.703150750721417,0.027873875872667847,0.6902533892401227,14.462006305708991,0.00043840321391810195,0.16837364195725738,2.699794575248543,0.006493165946522585,0.1707026055114828,4.322650676347671,177.20613085065455,True,0.06216123301544139,104.47922355084592,False,0.06994100077207929,171.7696791698557,True,0.10450594732358538,174.2868325302831,True,0.09985366084926477,176.76953952822257,True,0.08482090733421795,0.008225992037438373,0.04645178304435687,0.04347807641789132,0.03243074548942712,0.038436610789714575,0.0060880201215174025,0.015591626085819297,88.83990857491158,179.77422265170978,True,0.07385542206906681,179.5427077785144,True,0.10277759310764191,176.06107771795402,True,0.09747634767983462,163.32168259537585,True,0.0793641877738316,165.5907411848844,True,0.06773417959199034,0.03016347208131053,0.02494912026505143,0.00571698749342694,0.006134073361152441,0.005313745383437184,0.019267330795935376,0.011780212307085128,93.25110018942303
59,1966,1.0992775059870128,179.883722747369,106.49513339450385,99.96472142673454,175.27005654705428,178.64600715450777,179.71797061184998,172.57619732185196,1.8308586547018835,48.683321313503875,0.564392,0.556433,-0.0017780000000000018,0.0017239999999999478,178.784445241382,6.530411967769311,3.3759506074534897,7.141773289998014,48.958145276650704,0.043231271089340044,0.015144000000000046,0.022972859582874847,0.1990555537181714,4.537597671729706,0.022660869894199177,0.44069367062608106,4.232730253404987,0.06599573098916525,0.9702816406178022,13.990661307675522,0.06429751347400386,0.6462766523883293,14.01152716798075,0.004045042613341354,0.02398644530649666,5.595791689279964,0.010242289594338892,0.15559899796090237,2.771263625700526,177.639362941968,True,0.06300198826227638,103.05443556651214,False,0.07020550844485068,172.17830099562684,True,0.10480479960860575,174.51768082379928,True,0.09941374163062175,176.53784149094682,True,0.08474032099301969,0.007866653227389575,0.046223679342951456,0.042711263924168755,0.032136713724337164,0.038449758087665556,0.006742608545659422,0.01517878720451671,88.57276978117497,179.5118680666892,True,0.07325666502100678,179.4870026035515,True,0.10048656046457158,176.51747061960373,True,0.09877015300686741,158.3043634569238,False,0.0779986987070938,161.9012066036363,True,0.06649404317681397,0.028471153963266046,0.027059583237736683,0.004827045680330774,0.006810189131000683,0.0019405434805744636,0.022352418772920307,0.01162788450235036,93.19922090482058
60,1999,1.1051482187018233,179.86786382667188,106.30217650896789,99.58976813655066,176.37590397375016,178.98330513971007,179.69024429982784,172.77655962443976,1.9464257701782788,48.7955682286472,0.564189,0.55640475,-0.001358999999999999,0.0017139999999999933,178.76271560797005,6.712408372417229,2.6074011659599137,6.913684675388083,48.74905245543382,0.03713001115001184,0.0050280000000000324,0.02395175901361172,0.11626589179797878,1.3439356341098885,0.024328260379779643,0.2559590499846912,11.202362941520768,0.09504436431513408,0.49075401697789345,22.38026884892392,0.07036855852411107,0.26521393894597395,22.864927315581074,0.001406058743843369,0.2079941108846136,3.1858295093701705,0.014459977797324098,0.07505336799509081,2.772875132992113,177.62460181562847,True,0.06238800145059952,100.52605974939513,False,0.06986726553973613,171.96362144502535,True,0.10461915469453956,174.42853086472337,True,0.09960362126951013,176.33268354686825,True,0.08391045700030487,0.00792995239582175,0.04631778934707478,0.04299869836402026,0.03165104303178652,0.03857268884845855,0.006344918045175951,0.016296473851726296,88.18733985222676,179.72715514947362,True,0.07142631675370081,179.01555236868737,True,0.09610630029815945,177.09801912863205,True,0.0992121927436341,158.99323729389158,False,0.07707031109318296,158.67288741326306,False,0.06535987102190458,0.02581786606208964,0.029259799213255038,0.005678229037296751,0.006315881015345361,0.003542960626368857,0.023823640884633904,0.01195808847600652,92.71450163496893
61,2032,0.8964584905055906,179.83644630438704,106.58790878716565,99.25340512619834,177.16825649686675,179.53427149322468,179.62780676581517,173.30859857152151,2.238779634544842,47.80117386679987,0.563579,0.55641675,-0.0010179999999999634,0.0018930000000000335,178.93998781388146,7.3345036609673,2.366014996357933,6.319208194293651,48.739928666375086,0.03363576849129509,0.0068590000000000595,0.028123252231034217,0.11905285235247105,4.21844835959445,0.01498188944087049,0.367861630358248,8.64738107115651,0.09772036654130849,0.5636012658758432,21.360093465188875,0.05145846613934131,0.8875928728824845,16.088227563132005,0.009721204737564949,0.22977782036871905,1.5399487816099904,0.014991034923348844,0.13344451066225388,2.70557478248411,177.60101244405192,True,0.06274134513221714,102.25578611592738,False,0.07035486161595365,171.77247464259236,True,0.10478969768541171,173.78490033355996,True,0.09994090356305567,176.057920803025,True,0.08418833559347753,0.007827145712199328,0.04593988698288233,0.04271329228706217,0.031324189390948394,0.038518924413851435,0.006161822619972029,0.01639559895215786,87.95481792324819,178.6003054838131,True,0.06908159474852907,178.80060051952375,True,0.09926586492848384,175.1076792011964,True,0.09540032788203612,146.22565857996503,False,0.07152707376231743,152.40986665511048,False,0.06137633303644002,0.03142124066614812,0.0278193260342518,0.002515722162719885,0.007802217633468061,0.0039040107581818978,0.025334174251394094,0.010309817166177095,92.68638433526223
62,2066,0.4503006493240775,179.8658569465345,106.79528259684308,98.68156160405142,177.1894680435279,179.6103402455207,179.67307126362613,174.48612509297965,2.6746558316785563,47.49062556995791,0.5630815,0.5563389999999999,-0.00015999999999999348,0.0019259999999999833,179.41555629721043,8.113720992791656,2.420872201992779,5.186946170646479,48.784273915660336,0.030605110831362803,0.00754699999999997,0.031905841161097286,0.17407073230280473,10.78342858716359,0.01093037371080803,0.34488959485863485,11.057894198731901,0.06275260951202404,0.960042234684578,8.613832389506527,0.01914944395770723,1.2962413248160207,3.1110324985355926,0.016731632561969932,0.22594445312263553,0.9129673777579415,0.020979447859357934,0.2426626234537906,1.2473411868185447,177.7620847228656,True,0.06255810688471951,107.91776464802902,False,0.07119426023212824,171.56865723673633,True,0.10452071161257935,173.21224511562082,True,0.09958061239518458,175.54019758110823,True,0.08338705183060491,0.008890912495351696,0.04584756182175886,0.04252045253757305,0.03089906438712992,0.03740632719206734,0.00620609643818073,0.0168621331983827,87.62777445336079,179.72205664674507,True,0.06953443541871897,179.82246312765793,True,0.10006542156509411,174.6043302560934,True,0.09568284198329395,155.63410354752193,False,0.0757634745771338,154.96858890879255,False,0.06425079003405328,0.03176575577567769,0.027644511372060827,0.006349002835091515,0.005441352864867338,0.004408162088671431,0.02143803465805576,0.011789168757804773,92.35682859489448
63,2099,0.727226340933559,179.0249070297842,107.4390105583073,98.27464855532403,177.77371487759044,179.97812078501752,178.7999903133333,175.40603103489747,3.3675164913279936,47.81241592472821,0.56259475,0.556009,5.900000000003125e-05,0.001950999999999925,178.29768068885065,9.164362002983268,2.2044059074270876,3.3939592784358297,48.26510196942421,0.02972083654610012,0.00989300000000004,0.026250869665937232,0.6246185640987193,12.546324376912047,0.020132090540916112,0.4495453496555768,14.002115442336498,0.03638335520808347,0.8937047288524267,7.768465013201489,0.04109607327046407,0.8740947603977922,23.039362039895384,0.024327656963120045,0.19186236150132716,3.0089953865188295,0.029056293575797195,0.16457297867287746,8.552998823080552,177.18998517671676,True,0.06365581608934096,105.1578129760293,False,0.0712385603518207,171.56552327843113,True,0.10516710214225743,173.4333005241511,True,0.10014235237900093,175.6923344633258,True,0.08435379444340375,0.007961914405468092,0.04552940439979425,0.04219522894830647,0.031045797219591664,0.03780723512768424,0.006308174775638419,0.01646620845853704,87.49646125449219,179.27685563365816,True,0.07080853514937308,179.5909140947949,True,0.09961228370537442,175.44866859388895,True,0.09766637419296367,156.4187513683655,False,0.07714459164452166,157.92515683769943,False,0.06511060025832968,0.029847158742500095,0.028283520184022356,0.006431992692781912,0.0058180278445535165,0.0023572995142747857,0.02201018209829261,0.012249700486134342,92.9428530124991
64,2132,0.5737509890862603,178.91291539449406,108.05905275513489,97.92440641284865,178.24089488712642,179.8977668922951,178.0898466571451,176.21344458708802,3.854163063110963,46.949958972165284,0.56180675,0.5558575,0.00032399999999999096,0.0019120000000000248,178.33916440540781,10.134646342286231,1.6568720051686796,1.8764020700570825,48.00177120572995,0.0287487421985728,0.009783000000000097,0.02315224710690533,0.9393001226596213,3.1853757677526118,0.03712901093362657,0.7463522696819633,1.48833784576013,0.0037809435231047064,1.0914900321846162,1.3840133638217156,0.047393433987816466,0.36807055882734324,20.942027285983123,0.029247771564592545,0.02917682697320333,6.169178720632521,0.03182660355539862,0.4339344978830361,13.082999181798417,177.37477562591397,True,0.0645049661654047,102.23810457214832,False,0.07132517116698704,171.42528849290568,True,0.10600177597097137,173.29902018378309,True,0.10085742586939246,175.46445382183384,True,0.08538456434859877,0.007145371788787455,0.04567011693657023,0.042368756613806784,0.03134638283757793,0.03877030777540978,0.006566205906000833,0.016043914858911417,87.87855505753414,179.72495644380942,True,0.06987415230970605,178.76748957499362,True,0.100590079456177,175.26098909924633,True,0.0971215807531982,151.50322845118768,False,0.07374813186108513,152.24186393625112,False,0.061862739455992403,0.03179787467740572,0.028626960247291364,0.003875017419315678,0.008521212355058396,0.0035685527878959638,0.02501556869231639,0.012274709772536365,92.65083091852716
65,2165,0.13209874709978262,179.44716206256462,108.4155133881133,97.50242155827105,178.3313214229282,178.83841563175875,177.80414274327808,176.01356407220754,4.121463151191213,44.670070824716575,0.56158975,0.5556909999999999,0.0007900000000000129,0.0019659999999999123,179.31506331546484,10.913091829842244,0.5070942088305515,1.7905786710705343,48.13145700630204,0.029646066602502203,0.010232999999999937,0.04815031499714328,0.8343950779634439,6.4140461181045625,0.0591275604247161,0.5280098841454519,3.5988743623198,0.03566914506626161,0.8500933159828801,13.740102700892596,0.025725963090119097,0.5419067072323424,7.446709574525645,0.02603577451251386,0.23828006614845149,6.33909880692636,0.041100605177265166,0.8482290272231526,6.396827260003592,176.33231579473556,True,0.0644500523040905,102.06789636657,False,0.07199546009298087,171.61732556956235,True,0.10664981673214453,172.8615583218202,True,0.10141482559271105,174.77793093300153,True,0.08548714317954487,0.008008796413943852,0.04659614229740487,0.04318544986450876,0.03189411113356195,0.03879966160934917,0.006571173487285268,0.016525367923286887,88.13435441615721,179.96890746235277,True,0.07080890215926243,177.97865711600102,True,0.10093040431901579,173.85024344149673,True,0.09720720880675465,154.91171208572516,False,0.07738660391178825,154.69230804023715,False,0.06482848068557523,0.03112972356125252,0.02760027632108056,0.006614225880630329,0.006339101592497159,0.003745859580923986,0.02123123559758123,0.012880037305846597,93.07293740586107
66,2199,0.5506009204997317,179.83690165332905,108.52860538795667,96.81932549969093,178.12947159362744,178.08321494507692,177.66493555457185,176.0824305886457,4.334444932172453,41.37113920688407,0.5613717500000001,0.5547372500000001,0.001900999999999986,0.0021780000000000133,179.28630073282932,11.70927988826574,0.046256648550524915,1.582504965926148,48.15608555889293,0.029620074898622405,0.010414000000000034,0.0726209013024129,0.5266267795736078,16.325677940200233,0.0713174736409389,0.5122690800805324,6.250381770494012,0.05317540957516602,0.2041491048485544,19.394986572740414,0.012528316265538915,0.6035717695442762,5.560257890721576,0.01766526520921558,0.41437216060994014,2.815132903387877,0.06639271690746615,0.8518292053542998,6.894753444808612,176.47778900376036,True,0.06527914956553887,102.47469968651063,False,0.07243179333000106,171.6860125243712,True,0.10734400037729169,172.91092894556215,True,0.1026174740918913,173.98017886749778,True,0.08516355993028943,0.007761574646938546,0.04660658164894743,0.043718338589200725,0.031652056678832134,0.038962199860890896,0.006214043771973354,0.0181447699627192,88.61164361047439,178.93129837893505,True,0.0701330055608627,175.64763654052172,True,0.09832008615232189,171.54217777922787,True,0.09446312144959006,150.81244858106757,False,0.07397729917346267,153.18838149337162,False,0.06148985513887636,0.028684446238336204,0.024961693472198558,0.004089824446110125,0.009481922167999474,0.003881323099150586,0.0217641389675769,0.012775580769577568,95.3041709243931
67,2232,0.6100766814427239,179.85766366107688,109.18417802654237,97.09469648822814,175.9653055756996,178.2090356587781,176.93949614012098,176.2550678513181,4.541384505365948,37.52842777701839,0.560521,0.55467375,0.0019580000000000153,0.002175000000000038,179.24758697963415,12.089481538314232,2.2437300830785034,0.6844282888028772,48.56630672245744,0.035459467353585614,0.01314000000000004,0.08284654558118545,0.2601720378866718,33.933561707363204,0.09154111252261933,0.4538307298002389,35.472100859084016,0.047891220287623285,0.5638719960370502,12.672311144572896,0.016658596338830038,0.9021900017303756,3.664325571900519,0.020476558059794456,0.4084189510697776,2.7331678390322627,0.08778942842156155,0.4221101762209252,15.242560247694076,176.57563380071485,True,0.06749135738003798,94.06386361053588,False,0.07063988408824012,170.1442569739766,True,0.1065786000330273,171.30918219964292,True,0.10041999468731323,173.8902200706115,True,0.08399736236930308,0.004264052180731322,0.043351280419383215,0.039218412130018775,0.028556216030839954,0.039172745180801445,0.007304506554175946,0.017083810816091366,88.34608883622298,177.92324720023805,True,0.06745038806411717,175.77899411258718,True,0.09617477320482747,164.36453256893847,True,0.08751616317572429,145.99231402285034,False,0.07430429737235929,159.24205397605118,False,0.06649236065143123,0.02943678883642032,0.02030380035855357,0.006933972166082003,0.001154674412984047,0.00938956122510525,0.013371020342516875,0.007820537129890759,97.5018671047172
68,2265,0.46172093808669884,178.6293184115173,109.2844738761543,97.95403195287437,175.128883271496,176.96476054013328,176.60290224159064,174.82903161762565,4.003249105001506,30.08260088409115,0.55887675,0.55450325,0.002094999999999958,0.0021120000000000028,178.1675974734306,11.33044192327992,1.8358772686372902,1.7738706239649957,48.2769468223282,0.038225490395807936,0.013345999999999969,0.05671392479209412,1.713166508388786,41.13782306607004,0.08995132180403041,1.8358136538878054,87.14581490580484,0.03922826905916777,0.6823709294815489,17.06172980941917,0.04840137926721483,0.3660165867814641,21.440757171772635,0.027926451434547302,0.23466025375770058,1.612359209596346,0.08812039835639476,0.2803919948691543,11.021392405600448,171.66717737892407,True,0.06863335428201074,93.60169289723112,False,0.07129744730353253,171.16310993433237,True,0.10645813124886229,172.67610559012644,True,0.09942526700995076,174.1753392496769,True,0.08124384653621468,0.003658253135035883,0.04222091748174113,0.03736198709918944,0.025126709931863313,0.038635251584530884,0.007995327698099611,0.01845479146454926,88.65332704592356,176.3510778694703,True,0.06542052015996204,164.46649911121463,True,0.08780936385716502,154.8095274449799,False,0.07994874446168619,145.43870255580038,False,0.07100544305896556,153.0515171917311,False,0.061356496803517076,0.02249909538181479,0.014528821872402441,0.005796622637363929,0.004900412431622469,0.008283202400038289,0.009081570624071578,0.009742872882266293,99.47144888851976
69,2299,0.39225961459741815,177.75095275340882,108.73202949875353,98.91421016555422,175.62650889619016,176.14229271835208,176.67678677208048,173.35175745407264,3.2609729635127978,26.114449539768707,0.556816,0.55413975,0.0017080000000000428,0.001959000000000044,177.35869313881142,9.81781933319931,0.5157838221619215,3.325029318007836,47.75433140304512,0.036203834175401926,0.010565000000000047,0.03590972994073892,3.004612100616674,39.68629596526223,0.057079689087733365,5.409018108543682,69.07504615565503,0.01929947799925166,1.106927481697922,15.677681880781401,0.0400595318338192,0.5445897839590614,15.945716070943059,0.03045327772073246,0.3769711165277116,9.053111803748152,0.07488266032620496,0.39303597469841817,3.9780598328892234,169.35024411880903,True,0.06739146923016295,127.45612745971258,False,0.07573686226006465,172.76005964865067,True,0.10110970440566025,172.893705959976,True,0.09889457227775444,177.4705780670883,True,0.08557709194054217,0.010269246710445752,0.037089117676213305,0.03658836805598195,0.02662326516413799,0.026943823819198277,0.0046596721987710666,0.013569795613788675,88.1764049772486,173.9744200132417,True,0.06595809816845845,141.0143305775918,False,0.07701425196027031,136.26738365784763,False,0.07104157860014092,132.26241564038162,False,0.06523994366950359,136.69721115392068,False,0.05791959966194518,0.011139237720777826,0.006092361446926771,0.0032019475323621085,0.008668205639000502,0.006371665794751005,0.005802516695365899,0.0073265643380782544,101.83215459407835
70,2332,0.7462003091982233,173.77891623223027,107.00434634132611,97.33675154139628,177.07291058887552,176.25805219531503,176.69710506622062,173.21930995096503,2.9645588231607314,24.21142925903408,0.555671,0.55355025,0.0005140000000000144,0.001915,173.03271592303204,9.66759479992983,0.8148583935604847,3.4777951152555886,46.74824105794449,0.033195182542049645,0.009387999999999952,0.14548580580053175,4.194260224514045,42.99874253211418,0.28268572415375515,6.46371799446834,16.790453462634645,0.036950059436400805,1.1752585573221712,21.951697344112493,0.013269581337867155,0.7053214138695026,9.011090829194037,0.04768573057518567,0.8359884173969792,6.983396207357132,0.06349785322401211,0.35773456395555203,3.0970125811391895,176.05089114616862,True,0.06790350478436293,174.1391481318128,True,0.09213564002056972,169.5760338408714,True,0.09495274429420147,169.59490416987146,True,0.09218527905256892,175.8034266012794,True,0.07873315963429901,0.027240976487637198,0.02920002666094678,0.02763064458169588,0.019086284604395928,0.0034030922702742296,0.003925449401024079,0.014072691995492484,85.55228885228541,174.4920317620238,True,0.06195251346797804,156.14641164869712,False,0.08053758914320691,148.80841346062275,False,0.07651264502681893,136.81177130626557,False,0.07026087076033145,144.1475773269695,False,0.06086500160190581,0.01859573203721756,0.015194440299004089,0.009516853734296834,0.00505111165982298,0.005856414090550644,0.006274345623250286,0.00941853852781843,102.81013096840204
71,2365,0.4271255412008154,166.07808328963822,104.48916565669761,93.22104587271127,177.91573909737073,176.72978654971527,175.95989624102833,173.99651897764895,3.234275605406865,21.464433651147413,0.5544479999999999,0.55338425,0.00012099999999998223,0.0018820000000000503,165.6509577484374,11.268119783986336,1.1859525476554609,1.9633772633793853,45.01710183586464,0.031970993978917894,0.006933999999999996,0.3039457013410026,5.573081072807077,38.23921755160524,0.468637799906903,5.788631175535069,7.863720384265424,0.06230123903862388,1.039854480087365,33.17211088071202,0.0066640838355987355,0.9643886059480079,10.277181556832769,0.07880640189665195,0.8282643025644812,4.609764979798662,0.05136184320011586,0.21458310938986808,10.698282072792768,177.80056916567094,True,0.0638310327662023,152.1640859992799,False,0.07925469369696658,150.65150797740586,False,0.07999383348733821,154.01388560506297,False,0.07961609277024338,168.76001546213809,True,0.07671176858865916,0.018053769827933476,0.018705129243071293,0.018301383663537625,0.01711366635177866,0.0007392597648999796,0.00040556133938033257,0.003791760013503027,84.60205676781916,178.89981637832014,True,0.05632136178218706,162.65022796207697,True,0.08356164690215241,143.01900069127058,False,0.0755591537538636,120.03136720752764,False,0.06764403717254017,143.05379650662394,False,0.06424512271760402,0.027353501348090687,0.0192407887832074,0.011324705912296328,0.008780002050113653,0.00865359722889851,0.007916084196116177,0.0055389796894373695,100.28503224366794
72,2399,0.23183068606560175,156.37405705420082,101.76353492663289,88.70310281566256,178.17073777967738,176.88793571901144,175.2103882030934,174.53054084878224,3.509302910778315,19.981418089161092,0.55353975,0.5529587499999999,-0.00017400000000000748,0.002035000000000009,156.14222636813523,13.060432110970325,1.2828020606659436,0.679847354311164,42.79132697352066,0.031958355308119274,0.009194999999999953,0.5123294993732529,6.7273008968617996,44.01259068635689,0.6623474798068173,6.023736823845777,26.46406536751203,0.07391536607523663,1.8101675790333396,15.727487252817285,0.05137386262798888,1.3169240849774675,3.0224302589021925,0.09777846612050387,0.6237510061850351,6.36983774428062,0.04918796585246287,0.37075892637920826,19.33008536446092,,False,,,False,,,False,,,False,,,False,,,,,,,,,,178.29595647742644,True,0.05606925372251714,174.02499320525365,True,0.0873187785530695,175.97981214652614,True,0.0881738481693977,176.12314733315938,True,0.08748046919170013,178.0385630543738,True,0.08102154407933734,0.03509663318610485,0.03812930182943293,0.03915754319412797,0.03475017067583985,0.0057473511289984425,0.0037356885576825317,0.006803276049081009,88.80757634849228
73,2432,1.184048948518255,139.58041258546245,98.48495240683924,83.56782998775452,179.80502552761155,176.98570148688546,174.20301161356042,174.62737979637663,3.2256049265690026,16.1347070333013,0.5508455,0.55285325,-0.0006669999999999732,0.0018519999999999648,138.3963636369442,14.91712241908472,2.8193240407260873,0.4243681828162096,39.139294569892805,0.03289477504103053,0.008785000000000043,0.7546678557234661,7.34858895396058,50.02772073166188,0.8703153109185109,4.096937233307002,92.11714683101593,0.12268861191952307,1.8296018425587648,16.470196936875247,0.09485449815001487,0.8191365096682268,20.225316107411,0.11565968313735743,0.4421271084606973,9.408944030296864,0.07566439528971809,1.09188629149377,14.262690471648934,,False,,,False,,,False,,,False,,,False,,,,,,,,,,,False,,,False,,,False,,,False,,,False,,,,,,,,,
74,2465,0.027264296442553754,130.25506416599308,92.34461272133672,80.36982411863775,179.7169011248137,177.94416869354473,175.82903175590317,174.70012395263032,1.6976522575720583,9.959670290654593,0.54648,0.553382,-0.0008900000000000019,0.0006580000000000474,130.22779986955052,11.974788602698965,1.7727324312689632,1.1289078032728526,36.276057176697826,0.0334160623054244,0.004946000000000006,0.9881836606033718,6.653505687122545,75.33859172934638,0.9271158814432439,0.7364469434118726,86.65363430619344,0.17104692830016074,0.8878061338798374,47.866241329613075,0.10503723299346657,0.1625383964958422,28.075754221937945,0.12294607914133361,0.11789993427032376,12.770749168188388,0.12036173651275973,1.3075459031340682,5.6400536469426275,160.79387802155503,True,0.025122697705461442,31.670826192994237,False,0.04022169957870994,42.39991484608485,False,0.04667143110083509,41.07609452879225,False,0.053013360400940436,52.721029169347176,False,0.05674415925009371,0.027278561270712185,0.03574697236130637,0.04385751056546649,0.048947036079828164,0.008511567775680384,0.008222301989102603,0.0053824789827735895,97.1985675957287,,False,,,False,,,False,,,False,,,False,,,,,,,,,
75,2499,171.04385275374443,132.35612149678127,88.60307276366045,77.43318796764918,179.47302335880113,179.39079017461304,174.16195759205414,176.0589799216609,2.101664669588118,5.564728929074051,0.54313925,0.55283725,-0.0010570000000000301,3.999999999992898e-05,38.68773125696316,11.169884796011274,0.0822331841880839,1.8970223296067559,12.959217891692319,0.04283845548102785,0.0029320000000000457,1.1663283254124552,5.177537357773585,120.69199927067456,0.8674393619866871,1.7096245832052293,37.148410272815624,0.18210289229623522,1.4417276552311054,51.518695783324084,0.0950312792556508,1.0672921916224989,25.41230219983894,0.11373494913638421,0.43980761900204474,12.288947299575817,0.16139573162977083,0.8064066010513684,20.953699549956582,,False,,,False,,,False,,,False,,,False,,,,,,,,,,,False,,,False,,,False,,,False,,,False,,,,,,,,,
76,2532,160.48157264780664,99.8243386482468,87.08545143339481,76.77887597908878,178.6844629273139,178.4232908545863,171.73302321800074,176.32221302282196,2.4479671315990217,1.2671081307447238,0.5389744999999999,0.55283825,-0.0017980000000000218,-0.0005830000000000002,60.65723399955985,10.306575454306028,0.26117207272758947,4.589189804821217,18.95354283285367,0.04978303061285043,0.004748999999999892,1.2349587821558763,4.3653724216250795,145.5190979232654,0.8137880446097513,1.9772449379500516,21.425581561181822,0.12278878430015286,2.6708488764230625,23.362577440490952,0.03402957085169663,1.7040758899142998,5.7261667820688675,0.09348878282281309,0.8202210736780419,6.171355109798222,0.1719207267924221,0.24944989065251474,18.611718905310163,168.61820695909023,True,0.048942914379918066,178.6290706988382,True,0.09816727693075726,177.50483633552253,True,0.09613007405593729,174.00692437232746,True,0.0826444567832592,171.17167695761086,True,0.07132040395987668,0.05275894502356921,0.0505869436317317,0.03734202475763739,0.025973744300735714,0.0021866325708723806,0.013535682657332007,0.011554167473253992,79.21619464093882,,False,,,False,,,False,,,False,,,False,,,,,,,,,
77,2565,159.0577897151856,60.15029781379115,89.03279383692316,76.98296242282187,174.6028142848982,176.79685367728462,171.5248915152778,177.42026434431892,3.0436915903497113,7.602211650735359,0.5329054999999999,0.55337775,-0.003682999999999992,-0.0006339999999999124,98.90749190139445,12.049831414101291,2.194039392386429,5.895372829041122,29.761683884230823,0.04729998195559905,-0.0004330000000000167,1.1018917698769233,6.578727157363333,84.0007261213375,0.7695750782957088,2.685789679261291,35.52633883589183,0.10764664389653832,2.98362703479675,24.202797702103275,0.022024708478714787,0.9446198395064304,26.32074524728775,0.06102692700402976,0.6993794645598523,16.358653210204626,0.15493131897102538,0.4393562962727546,11.887217278240016,,False,,,False,,,False,,,False,,,False,,,,,,,,,,,False,,,False,,,False,,,False,,,False,,,,,,,,,
78,2599,158.96209369391008,5.617190845894964,90.36073178879543,83.85992003139401,169.9216618068825,175.2926957141589,173.7484172627868,176.01931761527254,2.377627976072818,12.268884309890968,0.53025225,0.55405375,-0.006278000000000006,-0.0006770000000000387,153.34490284801512,6.500811757401422,5.371033907276399,2.2709003524857394,41.871912216294675,0.04488604496945576,-0.0045680000000000165,0.8942609129823803,6.238034308131046,57.74554743904235,0.6777542166273253,3.9095820274139688,46.722373337545,0.21160687952227358,3.3203281205557325,9.018946937186739,0.039102662689471934,0.21883422609359335,38.39511410039114,0.058651825725474664,0.6002978176269288,17.18479831836943,0.14265374318502888,0.6765812821987632,15.378819825371579,,False,,,False,,,False,,,False,,,False,,,,,,,,,,172.37470885645067,True,0.06393602192817434,178.46076929054132,True,0.11938165682381868,170.3489988615377,True,0.11411622121328761,39.76479853575603,False,0.062223571900044385,57.55374707603429,False,0.05334833290741139,0.05682174972666727,0.05121289747710047,0.004564265548804071,0.010595667982718212,0.0058851210692729885,0.05208283636669572,0.00952558260685404,77.47497862332447
79,2632,157.52554796262675,2.2379764254487373,91.04632471342985,86.89457294674843,170.48411373404838,175.9651820785518,178.26185708669067,175.46351020010783,1.653105832782477,18.08162061505961,0.52859725,0.553809,-0.007442999999999977,-0.0007110000000000172,155.287571537178,4.1517517666814285,5.481068344503427,2.7983468865828343,41.92968463373642,0.026348483561677776,-0.010268999999999973,0.7362151859861084,5.7869466516575985,47.22619617012684,0.5220310900349547,4.862591629656029,18.926576791359405,0.3065584972936569,2.3794154453284366,29.364057591068196,0.015263698312716649,1.8276041983915623,34.10870049781591,0.08741023316999377,0.8069529735268074,4.801046709818005,0.12378019974900323,1.2668552557076687,9.776575741782699,174.82136584247704,True,0.07269576150643171,169.13287810223974,True,0.1047191857302185,163.54294927573056,True,0.10221483117923748,165.65702706487562,True,0.10022906748543552,164.39163478738746,True,0.09574259676862758,0.033773032807256145,0.030458028957895577,0.02820311532437502,0.023337841138374477,0.004484973690000836,0.002530034387118185,0.005235786569370336,75.83296183288657,178.8220240871788,True,0.07826326576370293,164.4629603735263,True,0.08297283194516139,165.39557961602443,True,0.07962648562507325,167.5354550082052,True,0.06964931634983931,167.44095620539804,True,0.055683410069786485,0.011656481158565815,0.013415883906772608,0.019195417057204057,0.031049523748360414,0.004491122354156037,0.011044008556679068,0.015080397110155908,71.76088295915056
80,2665,160.14222750829072,5.019413539051873,92.84112123198256,89.4826361184905,164.70833378629712,176.1255727136037,178.00838879944126,175.21008894798197,1.1823889475478957,23.651543273826576,0.52734075,0.5531645,-0.009033999999999986,-0.0009620000000000184,155.12281396923885,3.3584851134920513,11.417238927306585,2.7982998514592907,43.1742094653742,0.023039837781547053,-0.011315000000000075,0.5264544577340085,6.719505958874009,24.80453849820202,0.36487855412304104,3.268205686866836,29.044323933000758,0.35253777906371736,1.466025169133584,40.58053002511597,0.08444507622906346,2.4690106199407684,17.907996889861593,0.10927805453030463,0.643350432676094,7.016410735394783,0.09780566227516461,1.3152315803391745,7.547069593434697,,False,,,False,,,False,,,False,,,False,,,,,,,,,,178.36765118590597,True,0.08250894633310983,173.7328349585668,True,0.09170967596169992,176.96605797298156,True,0.09131810502852104,177.29680598406276,True,0.08311079273475856,172.7094749256404,True,0.06750357709781016,0.014100213118956732,0.015750651827781605,0.016048582865785994,0.024506051252700802,0.002560983600103701,0.009036409961926284,0.016379705736062514,77.04758724610096
81,2699,165.60225516044966,5.91387525770089,95.60265874513955,93.19925035451259,170.75897763653393,177.23057908609056,177.29683093360586,174.1007744223643,0.2948650201575081,33.422629686615885,0.5258465,0.55205625,-0.010815000000000019,-0.0018080000000000318,159.68837990274878,2.4034083906269643,6.47160144955663,3.196056511241551,42.93986156354348,0.021757937976747764,-0.018067000000000055,0.2985990760697518,5.052639128106715,62.54598893730502,0.3051806574493467,3.4583153245613985,15.352928460624677,0.39504811756397856,0.7353000617383764,57.97017659716141,0.16346976115646042,2.4728332995388156,24.49175581281694,0.13017213755497656,0.4299612502422601,12.980493374313154,0.09245942171954001,0.7862512599363626,16.341551676541204,,False,,,False,,,False,,,False,,,False,,,,,,,,,,178.865639720278,True,0.07684365751316108,173.48912593317598,True,0.09781181086658193,175.84202664210008,True,0.09893514976993767,177.06152745341555,True,0.09129661592852167,175.13193853946277,True,0.072808572530987,0.023616084031862678,0.025918427421431287,0.02163612395971147,0.018239859484107848,0.003176510192018947,0.0084054137316375,0.018862105131718467,79.55662071856659
82,2732,168.79885082151705,7.609333190292924,95.8380596409136,96.28354288196823,177.8370512149887,177.67495243332215,176.2005456269874,172.22210105244073,1.12091047849193,40.27993583221229,0.52369725,0.5498725,-0.00981399999999999,-0.0029639999999999667,161.18951763122413,0.44548324105463166,0.16209878166654335,3.978444574546671,41.443886057122995,0.01882618795720477,-0.01850700000000005,0.19103096831842126,2.8934819561861045,39.28293261883033,0.13333242775127765,4.281192286055783,38.22155067424665,0.3232964122338169,2.9300139649915007,42.53203513362139,0.2470281560628549,2.1384034546491386,33.67535033298487,0.13735682452164344,0.22717507513171536,17.259795256792696,0.09169044667797319,0.26259692951117614,12.289480277053316,,False,,,False,,,False,,,False,,,False,,,,,,,,,,179.0113006905018,True,0.07197456720953592,171.49469805358038,True,0.09888767029311596,174.2821675278145,True,0.10096962905745474,176.42925626251807,True,0.09413178075442963,176.9556500861953,True,0.07525945331983222,0.02849555195113795,0.031190133327704785,0.026682441661137396,0.01710086339925563,0.0031668811155456623,0.0081731817549838,0.019293932984231092,79.29695555711238
83,2765,172.8665241784473,8.707917226232677,96.54052277767182,97.35744259407126,177.6650679780501,177.7507481807179,175.21972492829815,171.08330578576906,2.0945963188200456,45.73953893445803,0.522374,0.5485025,-0.008940999999999977,-0.003022999999999998,164.15860695221463,0.8169198163994338,0.08568020266778831,4.136419142529093,42.299406528452735,0.023421305258247233,-0.021432000000000007,0.10768912568474551,2.4762794459857522,15.860882567473933,0.045515219235450814,5.611223708016175,78.16567111234947,0.2676815772889805,3.5073998877525265,14.73966387730805,0.2900481692313685,1.4429962718914393,41.37845111979005,0.11517869595765529,0.7161162011833404,9.156126166779714,0.08621960622620607,0.3260883667796754,8.14585649325288,,False,,,False,,,False,,,False,,,False,,,,,,,,,,178.98156924564623,True,0.07293965473595278,149.7615935881602,False,0.08470305418932662,176.66571215978774,True,0.10457930621781725,179.5744639115701,True,0.09702869517828216,179.4010749072128,True,0.07878937698065648,0.011859237918180098,0.0342470827078745,0.029382418229274454,0.019061479585803377,0.023388604447465378,0.009081926502675483,0.01856446069779565,79.50129380912489
84,2799,176.10513431975627,9.420579070309833,97.84122824754108,97.78326498852513,170.79204472971875,176.881006771013,175.10434684792423,170.26777222928294,2.361043834995789,48.8536816971459,0.52124325,0.5477477500000001,-0.008931999999999995,-0.0030729999999999924,166.68455524944645,0.05796325901594912,6.088962041294252,4.8365746186412935,44.41701379209949,0.030247091711435723,-0.03022900000000006,0.035809223261433654,2.351915963365019,17.64303310661088,0.24837019053855752,9.507933136161043,18.468624152148653,0.33902270385424327,3.0889995376702,63.05793493579789,0.2954355022904697,1.7467706164512138,41.28656339005769,0.08940327847836606,0.8386693871395471,2.2578017802642165,0.07109885472977931,0.5743161333901551,6.149422318786299,,False,,,False,,,False,,,False,,,False,,,,,,,,,,178.58161232387437,True,0.07285586705955809,158.92582287909036,False,0.09058332145047455,177.68939363912256,True,0.10800479473153037,179.64955569605152,True,0.09956995139096933,179.51707259220782,True,0.08341137507558546,0.018391942257412634,0.03744307065399423,0.03106954175716144,0.020153469304315805,0.019355571807621746,0.0094421705661358,0.01645546353039011,80.83032126107354
85,2832,179.05138466722696,8.522429135078314,98.67401602295448,99.12302990836011,168.5886107875513,175.26594275478647,174.9932717313264,169.72338905966365,2.8431446560120572,49.13320878046677,0.5201435000000001,0.5474325,-0.009265999999999996,-0.003229999999999955,170.52895553214864,0.44901388540563403,6.677331967235176,5.269882671662742,45.73129601411305,0.034145591955624416,-0.034097000000000044,0.06413318095903674,1.318850973049118,54.162874683802684,0.6207262381946965,6.709469752583977,159.8750327729837,0.3136434036146564,3.968759544312985,70.54392615089891,0.27383017184708547,2.1521895057443063,43.89314532442112,0.05972851501955879,0.8644388515362702,4.778315017508567,0.04788764296981842,0.588340121761757,8.196766292995436,,False,,,False,,,False,,,False,,,False,,,,,,,,,,177.50669540413028,True,0.07445636239435821,158.1328594388144,False,0.09390317569177305,176.17950030111894,True,0.10791894141901137,178.631325608461,True,0.1032836631128079,179.60870447847253,True,0.08791840322139616,0.020849251305502546,0.03684476673830361,0.03343480858327143,0.02272934020159847,0.016280449256700563,0.0051474946333144025,0.015691326298308852,81.63271865557691
86,2865,179.21134211845148,7.602713377746099,99.79836325268376,98.92051448636839,176.10981542898665,171.65110082745997,175.08960255394928,171.3586196230507,2.1670247560240927,49.38409731808185,0.519259,0.5464772499999999,-0.009382000000000001,-0.002919000000000005,171.6086287407054,0.8778487663153669,4.45871460152668,3.7309829308985627,45.1690437598615,0.029242235088994168,-0.023773000000000044,0.07411921609246383,1.2854506455326515,47.782716949871585,0.6873564472632766,1.0440052193995124,201.52227349187723,0.24451424923557788,4.341105424235163,36.63451498241382,0.18622921881181917,2.4978311106279443,27.162140053498163,0.03283576708449747,0.5297756347226418,11.76005675446681,0.03718532197931361,0.3399596544778783,10.17391892130069,,False,,,False,,,False,,,False,,,False,,,,,,,,,,178.24426446029193,True,0.07531934896160485,150.81767519811297,False,0.09076286863029401,174.31228928821096,True,0.10808799576733769,177.42516185548692,True,0.10406837184274577,178.24868009477441,True,0.0888066057227727,0.016169206597727703,0.0358226602166841,0.03320672886630056,0.02240162753015952,0.02008554218835029,0.004960265013081491,0.015552826431231046,82.81577732375243
87,2899,177.72464739265996,6.643792131549691,100.50206494625604,100.69383747068271,170.6250744173772,173.239785524023,174.77743014896174,170.5199558946805,2.6730063861028084,49.51113053059037,0.51805375,0.54622575,-0.008058999999999983,-0.0031360000000000277,171.08085526111026,0.1917725244266677,2.6147111066458137,4.257474254281249,44.536203286616,0.014834310567060444,-0.013553000000000037,0.024651414337616494,1.9109064224678611,24.680619739543236,0.551079298520552,6.793693871693562,138.62479505937247,0.2413807529308097,3.08524526698792,64.85732139869194,0.11279968050027171,1.9045346723717862,21.049748297010762,0.0249707525379241,0.0884688129975123,10.769312485201782,0.041584192661448936,0.25419145422467193,5.0062370603425075,,False,,,False,,,False,,,False,,,False,,,,,,,,,,178.43140247455443,True,0.07476361746197144,158.62730030159068,False,0.09411295606875816,173.6127698086089,True,0.10904692051131015,176.31190581606293,True,0.10434868264142101,176.45929572362354,True,0.08879252469098962,0.020652110497477016,0.03734303084914235,0.0340097519102977,0.022667965435830367,0.016897181451354503,0.005459204520807024,0.015800638088381114,82.51329478714352
88,2932,177.0154668486952,15.205643299630394,101.08052686096028,99.68844851870897,173.1694614412343,171.11192793809715,174.82540434485054,172.58518452293342,2.0394408736032235,48.6480479215785,0.51641925,0.546049,-0.007325999999999999,-0.0030879999999999797,161.80982354906482,1.3920783422513097,2.0575335031371367,2.2402198219171225,41.8749138040926,0.019463466109611655,-0.01938300000000004,0.05583279340234796,0.4189150332115835,40.730308719070734,0.23402969827379097,10.33117729561298,32.5347683241251,0.22067928440403342,2.4360319784405675,43.14763011390749,0.05865370701089759,1.4236986495750974,19.99005359175733,0.02862754493607071,0.19400492931261298,6.364996521686396,0.05165840483425348,0.16616601251840557,2.5801229393737413,,False,,,False,,,False,,,False,,,False,,,,,,,,,,178.9173295999606,True,0.07479136351879138,166.5950523370621,True,0.0983874476241761,174.97671228834074,True,0.10847585140481726,175.6333372047601,True,0.10306976208859707,173.48248846581225,True,0.08626891890478283,0.025226455894556424,0.03662709195390757,0.03255911623493491,0.02005224800365287,0.01161942115597846,0.005981037117423665,0.016917089584204528,82.03995510146028
89,2965,176.11768268310334,7.033580408277718,101.68038539447667,101.12947515205398,178.95154674520114,172.1537478057345,175.6447293400032,171.9195035106632,2.3474762920849113,48.36369295313071,0.51487175,0.5460345,-0.007500000000000007,-0.002966000000000024,169.08410227482563,0.5509102424226882,6.797798939466645,3.725225829340019,45.03950932151374,0.030308400238217806,-0.016297000000000006,0.024517971483631947,0.8324751646837537,0.4146300401327062,0.13655597243890816,8.937770216887492,66.32413951535054,0.14237616471595527,2.1582565731547696,34.11846626032896,0.019677394230426297,0.6098807867053971,20.406500977042587,0.03769225392262052,0.33633753090825974,3.825596428150962,0.052165089971255775,0.08642445686952747,2.056417877453381,,False,,,False,,,False,,,False,,,False,,,,,,,,,,179.0099282539887,True,0.07392221044449362,159.61841256805,False,0.09603356063897664,175.0596044850472,True,0.10974931672680244,175.50030059073976,True,0.10449985482286568,173.38618432145466,True,0.08625928228892242,0.022881740536943414,0.038369648486792224,0.03422632590565338,0.020157607000832238,0.016132126487230364,0.005777864657466441,0.01839177297054309,82.41058469659362
90,2999,176.53821127412397,7.768926014797336,101.53271316875893,100.25743129733713,179.05046050223697,169.71401809160713,176.51761570694148,174.37749810318618,1.6832014292584652,48.98022201999978,0.5134345,0.5452217500000001,-0.007189999999999974,-0.0031930000000000014,168.76928525932664,1.2752818714217966,9.336442410629843,2.1401176037553,45.38028178628339,0.031900810412903303,-0.013387000000000038,0.034905989060440144,0.39329630280311395,6.637119150805434,0.3702899528873016,5.93977417570518,135.2365662372016,0.16249902247007675,0.9392128079303612,79.80400433420448,0.022250966029188773,0.12413115326926567,6.042213987174889,0.049694067219588106,0.4067569200447197,1.067183618215229,0.05635036233323843,0.2975979158933483,5.463572597378444,,False,,,False,,,False,,,False,,,False,,,,,,,,,,178.85898116604298,True,0.07331463892702467,162.77966714130636,True,0.09902075181496045,173.47295914084503,True,0.10914785202192484,173.70980707539545,True,0.10267037458293408,171.82907510059417,True,0.08343517073752528,0.026649230701842,0.038162317985153925,0.03277257512006038,0.019184065497177608,0.012139042178030425,0.00685677081431196,0.019599157150245024,82.58079085876172
91,3032,176.75545363526905,6.691688087513446,101.8544044669144,100.77709576798632,179.88101068154975,169.64490873771092,177.83574148437688,174.3457726762326,1.723888184668245,49.424559545019775,0.51076975,0.5445555,-0.007294999999999996,-0.0030890000000000084,170.0637655477556,1.0773086989280785,10.236101943838833,3.4899688081442832,46.2167862496667,0.03382386249380756,-0.015415000000000068,0.04460039735633813,0.4224775853930256,7.792550614262565,0.5329700523433701,0.2862389555830405,195.38653094911746,0.07987040348019937,4.672553211702009,48.29818853062388,0.019871759447492546,0.326957397801169,6.22360801083121,0.062054707816234095,0.2651842379410211,6.595878789487126,0.07208558453307058,0.3876139102396654,5.675708044522081,,False,,,False,,,False,,,False,,,False,,,,,,,,,,179.28356492036485,True,0.07255623778835285,159.9669192247192,False,0.09787724402536069,172.3192603980318,True,0.10932509263659466,173.78666749332334,True,0.10455150715795543,170.61136526277028,True,0.08573092821730094,0.02607999156441581,0.038683634498324994,0.03495707163078739,0.02078521265226796,0.013067527463143143,0.005567239621212658,0.019242559601050993,83.1717094291025
92,3065,177.63811335730236,7.100886968755766,101.36251260587616,100.50309240365192,176.6896062291487,170.28370647054777,178.61245451429266,175.18716180301982,1.4033328205927669,48.51735819386821,0.50876125,0.543355,-0.007426999999999961,-0.0027849999999999264,170.5372263885466,0.8594202022242428,6.405899758600924,3.4252927112728457,45.30695976516115,0.025588935519087152,-0.011974999999999958,0.04522059089490385,0.13146492249395964,6.7729515092109445,0.3647334331264952,6.961281075900513,98.170800050615,0.14892158174564019,3.990161830119347,65.91006573150774,0.0029904858899105742,0.3838721412003734,2.354238538112999,0.06680009027207036,0.12395753936141787,7.525416923815722,0.07865749630658375,0.31742314630406543,5.56094525165377,,False,,,False,,,False,,,False,,,False,,,,,,,,,,179.75995099275275,True,0.07345313904796717,152.28516370525972,False,0.09395952558415781,172.59344412364342,True,0.10962338192648499,174.03332220913015,True,0.10527933838127977,171.80944174279114,True,0.08711312387924106,0.020636782404241254,0.037891449233303266,0.03447458684306459,0.02085938532172029,0.01855390010213481,0.005102911423883402,0.0187054850244521,82.9443585664428
93,3099,178.37042871536448,6.571367557321544,100.90078576080134,101.41405253912514,176.36855675863316,172.50387075691992,178.81959501740235,174.243368738562,1.527519396095932,44.65368169325195,0.50734075,0.54299675,-0.007674999999999987,-0.0028799999999999937,171.79906115804295,0.5132667783237963,3.8646860017132383,4.576226278840352,45.18831005423008,0.026586550923352163,-0.012982999999999967,0.03579440524329926,0.12381500662560589,3.5877514588601946,0.08417433365083395,6.699760369359166,62.85059341549788,0.1934094550126685,0.4195881701070004,68.99745413963143,0.00702144824966817,0.25472809465833846,6.967652378940623,0.06474736891554318,0.24387500663876402,5.438398108607347,0.08094434303251608,0.236806548242819,4.698288028092304,,False,,,False,,,False,,,False,,,False,,,,,,,,,,178.5915648832954,True,0.07461355523629737,150.67125404946816,False,0.09321164532932567,173.48254962196478,True,0.11107230081798071,174.5700640526532,True,0.10630023784074992,172.9525576917179,True,0.08814423260202564,0.018600067204179664,0.03786281109479326,0.034060216382166476,0.020581050410511125,0.02137799625783482,0.005665970349375288,0.01881853766901139,83.37412529438255
94,3132,179.02014498208322,6.43215611899675,100.09908346373803,101.56053852495515,175.90926881095098,173.8846164259028,178.81632017479663,173.84734301022877,1.935711227352134,42.20237703053011,0.5042994999999999,0.5420765000000001,-0.0072349999999999914,-0.0033130000000000104,172.58798886308648,1.4614550612171229,2.024652385048171,4.96897716456786,45.26076836847991,0.025867957959607082,-0.013055000000000039,0.03851545615534213,0.29754825486506237,3.932454371411167,0.11310767115837192,2.8307282161895175,128.02864605382226,0.16531981113700325,0.6729832532747878,16.184064445113727,0.018259765996337485,0.19020404221053638,6.137743821181315,0.05266204054800291,0.3371083111486836,2.2026274376976387,0.07948117736443173,0.23512959722406043,5.373731830189035,,False,,,False,,,False,,,False,,,False,,,,,,,,,,179.0411092099619,True,0.0752001241820783,154.7358284750534,False,0.09640296290571157,172.21228616663277,True,0.1123656719865992,172.72435502603895,True,0.10653067254551621,171.78900683828596,True,0.08803130046182439,0.02126261079924101,0.038710212089318276,0.03410500329863643,0.02124967072686071,0.01900433071697083,0.006852495749725048,0.019329617688924938,84.94755765978617
95,3165,179.55998561682668,6.625296892208389,99.76339382730698,102.1694729283819,168.25182887705043,174.55659302431746,179.1235852595743,174.29223176140593,1.8287724266684855,35.37306905716356,0.50327925,0.5408189999999999,-0.004491999999999996,-0.00340600000000002,172.9346887246183,2.4060791010749085,6.304764147267036,4.831353498168369,46.61922136778215,0.008724602913600136,-0.008714,0.028833518376240007,0.2275012901174909,25.022147744807473,0.14954189900281548,1.8812999779848045,84.78311201925627,0.15611994782586475,0.6500254930319489,12.964387194410717,0.015925474154122994,0.3058076272102186,7.028490439784468,0.04446757099294407,0.2565351180056047,4.821489058730471,0.07293752386163331,0.12067660064997864,11.654615160196363,,False,,,False,,,False,,,False,,,False,,,,,,,,,,177.6452507788445,True,0.07532466290664695,164.2213225328653,True,0.09944890303065188,174.03634596838083,True,0.11244937540511285,173.8086157721635,True,0.10840283525812412,171.91038665113504,True,0.08997300293977076,0.024346499789497496,0.03909078915806131,0.03616115808433133,0.021581781390793517,0.01643913699073038,0.005143423470802292,0.01868171432176394,85.90435969456811
96,3198,179.94216208512907,5.864633848427177,100.11837954468773,102.62475961412991,167.90459956038896,175.9956072520701,179.62272274651983,174.3173282180823,1.4752046470292184,30.90469902352565,0.5015532500000001,0.54039725,-0.0029409999999999714,-0.003425999999999929,174.07752823670188,2.506380069442187,8.091007691681142,5.3053945284375175,47.49507763156568,0.008977331953314398,-0.00866699999999998,0.031250458368766214,1.3554699994649075,40.06975211748609,0.12106829800357828,2.920496588357006,14.475159224940407,0.14601549467819114,0.7154591738915216,35.79211571000767,0.028779265880705004,0.5533901757919638,10.400553387695828,0.04888912081339864,0.26931893547027574,2.1894158124017835,0.07659645088532722,0.5369466100181336,10.298957464328696,,False,,,False,,,False,,,False,,,False,,,,,,,,,,176.32251665696273,True,0.07762575099797747,167.38010639568031,True,0.10124773246843606,175.04485196564775,True,0.1144280827638041,174.468461613211,True,0.10890685125372053,172.48107043832476,True,0.09105865561274229,0.02402322076658334,0.03904684265084697,0.03500897010767388,0.02230145645468027,0.016306484139752518,0.006614357489582789,0.01830825748125693,87.25010589818915
97,3232,179.52313678605637,4.624252302763306,100.14950808683805,103.30536334183033,168.03657800508435,174.95118755743897,178.8329930194989,175.11348866594636,1.3406726087870482,25.370490745284812,0.49978700000000004,0.54004375,-0.0017550000000000066,-0.0035720000000000196,174.89888448329307,3.155855254992275,6.914609552354619,3.719504353552537,47.172213411048126,0.00955258457172709,-0.007123999999999908,0.09372578563382662,2.458127260000752,40.58444085882759,0.15897887168616473,1.0996399321374744,37.22399115313705,0.12257853634821761,2.144506232854988,13.11569598779063,0.0517141244773395,0.6289823470100196,4.379140289413362,0.04849955430224622,0.24648819173591086,13.435148611304884,0.08939989278927908,0.762694320102699,4.367724149159478,,False,,,False,,,False,,,False,,,False,,,,,,,,,,175.2809757914839,True,0.07746482253255342,168.82806547021528,True,0.10209746748083422,175.69510553381795,True,0.11555908889395068,174.85581155131425,True,0.11049760667996392,171.91454280584819,True,0.09389868431453124,0.02486717499033619,0.040293641582760935,0.03658396812812962,0.02408150514398967,0.01733369550903671,0.006172352873904687,0.017012542020521253,90.10538520990502
98,3265,176.90608632719312,3.8275667433054066,99.52635871635141,103.61781816825544,164.98524919509077,174.82719164523974,177.7530656004715,176.28044953253158,0.9429613762031409,20.995386995887408,0.4973295,0.53992725,-0.0009319999999999884,-0.003790999999999989,173.07851958388773,4.091459451904029,9.841942450148963,1.4726160679399243,47.12113438847016,0.005991150557280233,-0.005765999999999938,0.1792000336065061,3.9832378308871856,73.0888230486398,0.18770337517297828,0.5761064265688599,18.880902610808313,0.08618596120146586,1.5833397999274041,46.592444586982914,0.06441776882224895,0.26340593656059846,12.733147714781131,0.05901097688433502,0.9815340078852547,20.82389954591833,0.11173416316453012,0.7832496995115685,4.335159222565783,,False,,,False,,,False,,,False,,,False,,,,,,,,,,175.0381027292846,True,0.08080736639688241,166.40377745021578,True,0.09957037601616256,174.05072003484582,True,0.11304820566908612,172.5603090503695,True,0.11046621768667557,170.41427149657315,True,0.0945451799141553,0.018881911873536536,0.033689864662832913,0.0323809744448804,0.021528336791308292,0.015854750865276938,0.004718765622490672,0.016792913892472623,90.8098797943525
99,3298,171.0281611560161,1.2221943876532848,95.90380049945188,104.11312695603546,165.17105615654938,174.3218881980004,178.37522485055786,176.0221748072807,1.7288531533625477,20.80478950940369,0.494101,0.5397770000000001,-0.00016100000000002224,-0.003870999999999958,169.80596676836282,8.209326456583582,9.150832041451025,2.3530500432771646,47.379793827418645,0.0015897452626128289,0.0010529999999999706,0.34376045167792313,6.875719592622939,71.87042725224688,0.19651245937803932,0.2774679670109068,35.0264012246629,0.08976232401272502,0.9328561870720831,50.52372618824574,0.06909438096854019,0.6681247990792204,16.129175190902707,0.11326892039588965,1.5137978149506193,2.5517426052500345,0.13399679585986532,0.5562185281210933,5.951846362708114,,False,,,False,,,False,,,False,,,False,,,,,,,,,,176.05304475542553,True,0.07730682531963141,165.22690838003382,True,0.09917584873849078,172.10871895324703,True,0.11012533997677373,170.39387946664056,True,0.10597893232147605,170.30664820792836,True,0.09191106871318601,0.02188618034285561,0.03362863452476176,0.030276969085428602,0.020671600929778024,0.013146934623706013,0.005130660093983978,0.015513338003150723,92.16495830324202
100,3332,161.20277852917036,0.1339077566486375,91.86416157118126,104.57543884485148,162.9743495650984,177.2440026014618,178.3269669254431,174.1692131810791,2.3941674696718187,21.927703949145414,0.4901885,0.5397934999999999,0.001707000000000014,-0.004013000000000044,161.06887077252173,12.71127727367022,14.269653036363394,4.157753744363987,48.051888706729834,0.00905285689713475,-0.005376999999999965,0.6140429638248504,8.430736221701968,34.34339174080876,0.17484824834217674,1.7706828819009104,53.080650602283306,0.09628687775898016,1.9334361129343958,26.631419774082456,0.09480444353756841,1.2543347605174724,4.1370093358951125,0.16022686143399828,0.8111277404626954,26.183497404852005,0.14753539828679182,0.38853903046611304,3.560026704990561,,False,,,False,,,False,,,False,,,False,,,,,,,,,,178.74486541364038,True,0.08145099250469573,165.98978782362133,True,0.10292309021789035,155.16579300064615,False,0.09879003626378523,155.39017128771167,False,0.09390734736430374,162.73856233282277,True,0.08316598971334375,0.02212943686585809,0.01757096084452982,0.013420189007610907,0.011210093710580639,0.004935750905384076,0.0054607959126852295,0.012742535775896421,90.15593153465366
101,3365,152.42988086836777,1.1344220771221916,87.44485481953278,103.26749841332926,164.08859915033906,179.0559351340916,178.59274637788036,172.80934333509265,2.5166246427799823,22.699767536369986,0.48704025,0.539412,0.0033219999999999916,-0.0040879999999999805,151.29545879124558,15.822643593796485,14.967335983752548,5.783403042787711,46.96721035289558,0.01075026162472335,-0.007565999999999962,0.8843768065668421,7.323701205155053,68.9336579326931,0.08134351010520023,3.7204279490704533,46.1283309877228,0.09352795644289179,2.2619124577812917,8.744627861848493,0.14262355209705085,0.7508681003432431,29.228924704794675,0.16760004929004924,0.24731053165955166,19.916516903968127,0.1589212188917831,0.3738923793311166,6.121188307562457,,False,,,False,,,False,,,False,,,False,,,,,,,,,,179.97508824157663,True,0.07812068871304197,167.1894235072769,True,0.09710014859926838,164.59747106628032,True,0.09600185975802769,167.76181411331007,True,0.0947183073381277,170.73094805251927,True,0.091182599858745,0.019585171967588123,0.018643640041579927,0.017465907648902816,0.014123390669382467,0.0012177048082354835,0.001301950843926159,0.0035359278838800524,79.72743024249786
102,3398,145.5556332792267,1.5546624167801126,79.1943992244494,99.72020733796502,164.80483107594858,177.9554031677018,178.92325405573504,170.2124412292238,4.408523500723749,23.174340264583666,0.4837525,0.53930025,0.004676999999999987,-0.004161999999999999,144.0009708624466,20.525808113515623,13.150572091753219,8.710812826511244,46.597040973556666,0.003122346073067514,-0.0011109999999999731,1.0645943069663923,5.2881084324825745,69.10528711965567,0.07189179585714309,4.074801334431342,95.05156695393416,0.14763556222057694,2.320371404070394,16.509023253186882,0.1432843707231854,1.955525054545486,77.10604044503927,0.14467431044817095,0.5046485777496134,4.687944532533609,0.1686876247303108,0.32366781640156106,10.701616432195488,,False,,,False,,,False,,,False,,,False,,,,,,,,,,176.78461153015448,True,0.0774413327170962,175.88567582521938,True,0.09686946958665563,168.8468834010407,True,0.09760682527364567,171.60260661347243,True,0.0931579241342356,174.76894244262263,True,0.07765519274330596,0.019655367638383194,0.02021391572654839,0.015772008115645903,0.0029689050170054695,0.0019284195601580105,0.004449189251987376,0.015621807225798168,86.8771447294217
103,3432,137.01410150548264,0.6407929316763401,67.04417352621034,88.85898002730995,165.74368875991277,178.24335165105092,175.99191834248361,168.1037508391304,6.435454794848408,27.681019818207627,0.47901725,0.5392635,0.005406999999999995,-0.004242999999999997,136.3733085738063,21.81480650109961,12.499662891138144,7.888167503353202,44.643986367349314,0.015682038451680907,0.015410999999999953,1.1814937185639223,3.5528380315761585,78.1493469930104,0.19973039725548108,5.76174106733086,70.3259310773367,0.22226657495797075,1.413299912990202,50.52031083227364,0.19486755516064252,5.305085512172945,46.90686497779661,0.13404381997393772,0.24146457747675032,9.02008016829129,0.16270466594634647,0.46584299104730614,14.460427194816809,175.61512700429563,True,0.05884247021497314,171.71969695284912,True,0.09238167600233288,78.79350474000579,False,0.06493450398670958,75.65057695225117,False,0.059895261690721485,142.32154838899226,False,0.05559783345598999,0.03805304090345479,0.010070809550378777,0.0045200409290182715,0.0033148351391886883,0.028845235533793125,0.006122477031398272,0.00559873789349,88.50362315928217,177.31823755932783,True,0.07906397536172843,169.93471972867033,True,0.09694883269023924,167.9338832534321,True,0.09743998404146013,171.78927246035323,True,0.09247819705206199,176.9407206745826,True,0.0804620336929163,0.018062527176450145,0.01915691295590186,0.015797365919671583,0.00736485179755847,0.0032277066161595226,0.006020602295451846,0.012031002618235987,85.33806029534334
104,3465,123.79794715034826,5.952832812945799,53.515572412668234,71.93282158334216,165.84798080494622,175.8734416942391,176.94297790205243,165.51067344216466,6.305078678220613,22.120713485268745,0.47793325,0.5402702500000001,0.005661000000000027,-0.0045999999999999375,117.84511433740246,18.417249170673927,10.025460889292873,11.432304459887774,39.43003221431426,0.029580032876925556,0.029498999999999942,1.2407691355709545,0.8965389751382346,101.61338906680881,0.392549040710435,5.426474415224989,61.59597111152025,0.24036533969783025,1.2230555984285658,60.387700281936034,0.39459963538875154,5.058891735535186,46.46063921077092,0.1376489551181104,0.2727909157136917,12.80898463455475,0.14401403999745513,0.7935944101825831,18.930664958588125,,False,,,False,,,False,,,False,,,False,,,,,,,,,,169.20593527907872,True,0.07751254115947949,172.3599915092916,True,0.10091765403535698,176.47941725466484,True,0.10224207358030259,176.08733848132286,True,0.09612360268425232,177.41248424693867,True,0.08289624658571704,0.025160043819516673,0.027946130698184322,0.024724238552481213,0.017354294482922663,0.004459091611528057,0.007428239428020625,0.013317605828376197,83.76375240026077
105,3498,113.29959243977538,19.436681004280608,36.805546681166476,57.031737892229145,166.22230906689333,175.2685592660042,175.9337818921127,163.5566272876918,7.456012171411954,23.122058278940585,0.4747265,0.540233,0.006248999999999949,-0.004417000000000004,93.86291143549477,20.22619121106267,9.046250199110858,12.377154604420895,33.87812686252229,0.03511870705194035,0.034951000000000065,1.1627990813597175,3.242257024761661,74.533515736773,0.5124428785209264,3.8837387007823976,78.0189487794656,0.19007835669934822,2.6660013239203972,25.764365102318592,0.5019976706817844,2.2389762267629085,75.70545143155842,0.13991326033295007,0.7721223422697248,22.980728610914046,0.11139918238182249,1.358428163172335,13.659398866020835,,False,,,False,,,False,,,False,,,False,,,,,,,,,,178.16791978848457,True,0.04716136083702417,65.72960192632256,False,0.04414629602809268,75.61827400963682,False,0.04367858231444787,74.80589102820429,False,0.04382663506362307,75.3597925247126,False,0.0465995869938779,0.008436651764770238,0.012178029930986373,0.01724171595288586,0.02241026996713783,0.003757220515221285,0.005093762852744485,0.005622893650070246,78.30651886112986
106,3532,108.17476426956017,32.21122572417413,25.049922582438427,42.88353585865034,164.65078561060378,177.5807189387142,176.15511441921888,161.4385213804029,7.804754889698363,22.116784204953365,0.47114675,0.539669,0.0048819999999999975,-0.003453999999999957,75.96353854538604,17.833613276211914,12.929933328110423,14.716593038815972,30.36091954713109,0.030972229238464547,0.026877999999999957,1.0391020144475456,4.468526107345515,50.09721807581872,0.5813233359239766,3.248495298416456,84.64033735046877,0.1390708882682916,2.7090648590164395,4.403526175825794,0.5367016389875137,0.8339291008634753,75.9764616325405,0.18834730514675604,1.6404251178096578,6.452248463733397,0.0728916835644173,1.5269061552739152,5.362860165528419,,False,,,False,,,False,,,False,,,False,,,,,,,,,,166.54478746876595,True,0.0792599399255387,173.17017323823345,True,0.10024144013829807,176.3171831200245,True,0.11423119380011752,177.26118024799183,True,0.10992439758761469,178.36814729791575,True,0.09636934181574557,0.021217616265735362,0.036612541266620655,0.03557567441384627,0.02855418577021591,0.01632022505972272,0.009898743556633886,0.015292064772292759,74.32757970301587
107,3565,108.01449539799904,41.20435018890427,14.366960197627266,38.2550471248327,163.94904874463495,169.24711939159124,172.41797216778104,159.44841547802542,9.334951605601399,24.235093455967565,0.46942100000000003,0.5394114999999999,0.00501299999999999,-0.0033170000000000144,66.81014520909477,23.888086927205435,5.29807064695629,12.96955668975562,27.24146486825303,0.058430208967622244,0.01579799999999998,0.9895349015722735,5.768523286604473,37.188105508166835,0.5707072690514183,4.0419642379929455,74.35413162952501,0.1553380545461612,2.4512543350024223,14.23589589821728,0.49534106170327463,2.9921841554870596,81.41416065973134,0.24969903986521635,0.9098664319964009,42.713192198275046,0.07855077199651896,1.5126920990447064,5.165094152897402,,False,,,False,,,False,,,False,,,False,,,,,,,,,,167.79021023754058,True,0.09053133313941643,175.62112813881967,True,0.11333264688517601,177.6556938947514,True,0.12383846286190738,178.54501526435345,True,0.12112841288896671,179.3331568676334,True,0.1058724443705727,0.0241681814375844,0.036939101505044813,0.0383459460829955,0.03190899811965273,0.013521901419549013,0.00901004178680651,0.01696791802196128,67.44251778439892
108,3598,108.54641328606576,50.88504059495945,9.129757166000731,32.002849894259114,161.48576687115713,166.40020851786954,170.4282739194131,159.94937265609397,10.236915465768769,25.898627711944997,0.4682175,0.537305,0.00853100000000001,-0.003510999999999931,57.66137269110631,22.873092728258385,4.914441646712419,10.47890126331913,23.98195208234906,0.053993382798265196,0.014730999999999939,0.8687184159778272,6.818173823115649,34.16799628295728,0.48039427412379626,5.304209018011401,23.424171030251465,0.2077185984292131,1.8220461226825395,30.34488111529953,0.34491262010667234,5.430109008677453,52.042383617616125,0.238507934833898,1.4988291766011785,32.99773854375237,0.10200342755785588,1.5919497388222907,9.146641495772121,165.435742583642,True,0.07048204487669184,135.62725767207843,False,0.08906366318538671,135.9222295187602,False,0.08861792542144058,134.11591319525598,False,0.08791325366518976,137.58345391087974,False,0.08368338963020085,0.02141099086917747,0.020462171341282403,0.019989775886687686,0.01819420044959383,0.0013538810878360717,0.0008052353693176236,0.005382981515851535,92.81899109237169,165.43867505468668,True,0.0855082364687754,179.6695807562688,True,0.10966334273584773,179.72684561285814,True,0.11776310089752226,179.90533645939666,True,0.11602984895706799,179.57877670448653,True,0.10350351466979273,0.0265616259291482,0.03778803071079515,0.040360495301717966,0.035997687161816325,0.012374752563182833,0.008295063230620965,0.01452041666068856,59.52354821072635
109,3632,116.77014540275626,62.09485457494821,10.257974694123948,21.96510874586309,160.9973923149729,165.58734559687383,166.42592976770396,159.73478335506078,12.190107379495618,29.020160798409126,0.46550199999999997,0.5340555,0.011392000000000013,-0.0026519999999999877,54.67529082780805,11.707134051739143,4.589953281900932,6.691146412643178,19.415881143522824,0.053746285453043136,0.017139999999999933,0.8107643677069654,3.480655115283469,133.17513804664875,0.4465196147343587,4.800520384007713,33.116320917752155,0.24058548928976686,0.41924013401530286,40.29491946336847,0.1359890974959617,6.451633230778189,26.19281145534405,0.2008902365469909,1.9051133036822256,3.568410974568829,0.13565261501422193,1.3284972894363043,15.529400635780625,175.88369044002496,True,0.06206707292115518,113.46456231368036,False,0.07499371617008992,108.30734691182043,False,0.0744261085506961,112.78304236063614,False,0.0731806221687135,135.4351315588189,False,0.07271563393108807,0.013229161500261523,0.013253236019931173,0.012614911811027495,0.01370106510458226,0.002253606221148753,0.0018298264945070283,0.002942105538555688,85.92810305442153,162.30629216686108,True,0.07478954170871752,177.52930594504375,True,0.09074091141816902,178.51285360937007,True,0.10726965388682858,178.4833800259196,True,0.10964409435988795,178.44833652085634,True,0.10129835943883794,0.017010519686358788,0.03820817357582015,0.0445943028760402,0.04256388783934104,0.022400404014213667,0.009335881800879933,0.011606737224560569,50.53178583981329
110,3665,112.69802098223205,70.31301426857264,4.428783118631516,14.959513245141103,158.74587174351876,165.67473670922723,165.3796759010947,159.85699385006967,12.799099502269568,30.713699497784663,0.46426100000000003,0.531575,0.013841999999999965,-0.0008859999999999424,42.38500671365941,10.530730126509587,6.92886496570847,5.522682051025043,16.341820964225626,0.04327928548393558,0.003394000000000008,0.8400494634733425,2.407086700377999,112.8863261407718,0.4457362276907277,3.714372799524757,48.55378742457817,0.22821525121679992,1.01671679514433,35.911796897313806,0.11706460536638114,4.026955860794562,100.91989304709038,0.1927345685055134,1.5849791365046058,18.447900937625374,0.1602475680707797,0.873085535380117,19.274133789392728,169.4159227043771,True,0.055137087119288386,58.5151382713086,False,0.05754574803580186,68.55165178700321,False,0.05451248022242238,75.17951317882775,False,0.04827440643860878,98.46359628682977,False,0.045459325830900656,0.002766786041601295,0.0008177456817373463,0.007173409301022824,0.01060725360307756,0.0035754078089079654,0.0064357334469351615,0.003552953137884076,86.41615955025509,160.61905168591025,True,0.0691363889135092,177.94306926669128,True,0.08554865928230557,177.94477139013273,True,0.10338988958307282,175.51128678843983,True,0.10663654174812687,173.71083614787182,True,0.10198104946508448,0.01788356141824111,0.04138184166998853,0.049188282710417974,0.049874861102563534,0.024780062974092642,0.010722800007460747,0.009363414014129672,56.65646731723167
111,3698,112.0016880257893,71.21792237599232,6.778999308583711,9.558077633809656,157.54877909494067,158.76276755334902,167.28500992267965,163.43506036722758,12.034436624617554,29.708015136029797,0.46566474999999996,0.5282525,0.010584999999999956,0.0002790000000000292,40.78376564979699,2.779078325225945,1.2139884584083518,3.8499495554520706,12.15669549722084,0.03124581976841062,-0.005357999999999974,0.7578868442825644,4.470175508696913,35.44704250938877,0.4292886183430889,2.514880070843919,44.70402651366752,0.1736588692374893,2.0956882642333405,24.398774158636467,0.1632249682855484,0.31244749758984974,71.42754627839304,0.1822896387956633,0.8282915663817259,32.68843819481618,0.16252161481593516,0.8684022185914506,10.87213424813977,,False,,,False,,,False,,,False,,,False,,,,,,,,,,162.38453599900328,True,0.057135658357981636,179.01368063110417,True,0.08624305589437331,179.18213299503546,True,0.09790895294098494,175.84082262110778,True,0.10126310673191888,175.91330080508234,True,0.09903290172462882,0.0376437229030286,0.05794432025660498,0.0657202140060423,0.06834904283163001,0.022985684327424333,0.009947867560437267,0.008558472118316425,58.09637785625748
112,3732,108.18568858692072,80.67371897869822,8.044786079220716,4.24804573737254,160.40175070392357,155.09131251028745,169.4221971217154,168.4612489912685,9.287395903933586,26.50140994553934,0.4650995,0.5235645,0.006134000000000028,0.0014599999999999058,27.5119696082225,3.7967403418481753,5.3104381936361165,0.9609481304469227,9.39502406853843,0.027149923093813685,-0.01588199999999995,0.6772956445597941,4.512796352778131,12.450524379965618,0.40944096704913463,1.0262814985697122,49.95031697798759,0.09623399176232621,2.646791656462068,13.48618114458951,0.1172198686470247,0.8614506404689455,22.324439852714235,0.1716920132831826,0.6079302248501361,44.70259583954796,0.1580899706491852,0.666096074424837,7.521055118608483,,False,,,False,,,False,,,False,,,False,,,,,,,,,,156.94806533910855,False,0.058880194845125966,177.59300259170138,True,0.0814440497826575,175.77434160534642,True,0.0996487337651613,172.5281301251919,True,0.1041666277941261,172.2796217871547,True,0.10050272801272604,0.02900736144498496,0.05506298569819842,0.06458368488248413,0.06544545283669448,0.02714726652906331,0.011959981145470111,0.008241669005729419,64.15999200129099
113,3765,136.67699621302123,97.23105820858603,1.1006581874165533,7.5616524283634545,164.42381414859582,156.09080685360684,165.75727695067528,169.31866867604015,9.690950633547311,27.31790233677131,0.4641225,0.5213202499999999,0.0035430000000000184,0.0015419999999999323,39.44593800443519,6.460994240946901,8.333007294988988,3.561391725364871,14.450332816433988,0.025061713528807227,-0.015468999999999955,0.6448829013419594,5.011140616812678,53.04602346017573,0.40252972910034585,1.013445755453157,45.83100030358582,0.028379336664572367,2.784819784422616,9.066402799300672,0.10604410175050413,1.188831854790504,41.17625605692262,0.17819147386927764,2.1775934825961243,26.77368229695308,0.15523329422687204,0.39374129015177134,7.179155961127294,,False,,,False,,,False,,,False,,,False,,,,,,,,,,136.51313851110453,False,0.05255418206004166,174.6287128158554,True,0.06640240829969948,175.7500686402752,True,0.07617842569258043,176.37929288753327,True,0.08074368183950989,172.0904439149433,True,0.08164551104622962,0.01741900249727285,0.03920611305651194,0.047513542543152834,0.05198628551839415,0.024718719485442613,0.008818286454861834,0.006096767750209957,81.56178879686937
114,3798,161.37788900987994,120.19038715379955,1.574704525371183,26.95054291396898,163.98627546342766,155.71562248941808,167.51306664480668,171.33503197349975,8.811131734373799,27.227602498924536,0.46233650000000004,0.5196397500000001,0.003711999999999993,0.0022649999999999615,41.18750185608039,25.3758383885978,8.270652974009579,3.821965328693068,19.66398963684521,0.02286563766878152,-0.014068999999999998,0.5837316648456597,4.800231736804331,104.24112290446132,0.3701348940849535,2.4470111759027864,27.096362167987994,0.09631355122167262,2.082379094206952,35.52149981137982,0.1483496506806141,1.982619027525113,28.677930437266298,0.2296965224528718,2.3540464097462,26.34258293077124,0.15651103611522277,0.21978092503463595,4.458012918056128,,False,,,False,,,False,,,False,,,False,,,,,,,,,,166.37980468972782,True,0.06218214233202321,171.91724453785307,True,0.08404980001165975,171.24612136972368,True,0.09806706954426649,173.1250365520395,True,0.10670074063941634,169.5576129720841,True,0.1031699655180712,0.02881507607139015,0.05200059509274874,0.06551441913044793,0.06716598730012092,0.024845056993293497,0.014362955823924233,0.008929919596502548,65.12821053410703
115,3832,164.08690067955712,138.13753913761067,0.741227499095683,42.3235750468243,168.04649431839817,156.03929732456598,165.3811852848089,171.3916043900179,9.304340251936653,26.748340680734145,0.46212225000000007,0.51982575,0.003112999999999977,0.0021820000000000173,25.949361541946445,41.58234754772862,12.007196993832196,6.010419105208996,21.387331297179063,0.02917719604417117,-0.013111999999999902,0.42894570496375894,6.561054195784166,90.35178317981989,0.3046772505092034,2.8255526009464402,16.009671606609473,0.14580410681907424,0.5307422277850835,36.76985541305399,0.23201501634724736,2.5491026063029167,3.141332328766466,0.2645312872152655,0.875750567607855,52.9740941335588,0.14952437345958902,0.1879460884945107,0.6871664394975451,,False,,,False,,,False,,,False,,,False,,,,,,,,,,142.9801466997689,False,0.05107742767602928,165.45714643766217,True,0.060950299925431044,173.57788091744982,True,0.07323544200044135,174.08716094436272,True,0.0800022631242392,167.97704836458172,True,0.08595217428896139,0.013007563376743511,0.0384196988665971,0.04906743532119852,0.05706468838958114,0.027305184159789202,0.01088515502875358,0.008039069224729911,84.06510257585087
116,3865,155.36006051400966,136.2157045160343,5.987133269064873,43.241457708561526,,158.06338264734464,164.94428508324435,173.2359805791522,9.722647579760702,29.944966478787624,0.45903099999999997,0.5188174999999999,0.004039999999999988,0.0016840000000000188,19.144355997975367,37.254324439496656,,8.291695495907845,21.563458644459956,,,0.20081206535940874,6.7575112065152565,87.39967548016598,0.30197106581471517,2.638461987164131,20.4989719761174,,,,0.31872789304467014,1.855771301605162,37.598039920109436,0.22759217891270206,1.4408155750895373,32.344452288208174,0.1477714150765157,0.2465687619680038,6.244797778563804,,False,,,False,,,False,,,False,,,False,,,,,,,,,,152.6538648781067,False,0.05559984371380914,168.65193898745295,True,0.07332942172143453,176.94832146181142,True,0.08968230445299678,176.88777370258722,True,0.09827108533032494,170.44776199432104,True,0.09821413766357669,0.02519453442713316,0.055541481264006695,0.0691000140738047,0.07129708988451071,0.0326471055072269,0.014269032482968133,0.004056258004614589,80.70440028495658
117,3898,156.75434695341852,128.71732579258085,4.722076956010809,43.812375780949765,,162.69643701445796,165.90697354704662,174.408867720994,9.386369212526693,31.757782020598384,0.458293,0.51766925,0.004159999999999997,0.001411000000000051,28.037021160837668,39.090298824938955,,8.501894173947392,25.209738053241338,,,0.022246789152252738,3.5307977998480267,106.66395021347084,0.3480407658931206,1.9757496471051126,25.108384764092058,,,,0.35385356889138303,0.38653831076229295,54.266884463107814,0.16951894844112514,1.7903364275042988,7.0394884177281725,0.14222833038221588,0.5491697618183112,11.758523066277306,,False,,,False,,,False,,,False,,,False,,,,,,,,,,152.23547853214154,False,0.06687561906255515,169.88991381595187,True,0.07819867166390997,177.04736567045168,True,0.09515485394345365,178.16739695542577,True,0.10547449747213772,169.41036160178965,True,0.10014559543484675,0.01576325616742942,0.049147723853704584,0.06363280683735395,0.06221619719976465,0.03505574202609321,0.014552408804043385,0.006867957483852063,75.05136108468143
118,3932,,124.50075316443217,,42.544788134840026,,167.7407444953089,165.65757014731625,174.5616071843711,9.528469320684053,36.56564505503463,0.4575175,0.51679075,0.004373999999999989,0.0009230000000000071,,,,8.904037037054849,8.904037037054849,,,0.0486738445989787,4.9326155955434,45.607056270178724,0.37016336745498174,1.001491127406367,31.90849832944574,,,,0.32727997650954127,1.797230095416929,47.33759978296782,0.10876768975366266,1.8687687522424685,15.514951908354707,0.11200722600706713,0.8884252566301282,4.472093908090272,,False,,,False,,,False,,,False,,,False,,,,,,,,,,156.75449194693087,False,0.0690009655729541,167.0785583937558,True,0.08438173305876098,171.36376074302106,True,0.10475750585518914,172.82267486618218,True,0.10741927427142671,173.5179989651665,True,0.1014208915805811,0.020095979796964335,0.05375291855332129,0.05913161831879792,0.05815137804901955,0.03522848235448126,0.006092893073081177,0.008459997754136871,64.46777409052045
119,3965,,126.51601217746943,,43.22386374616399,,169.45056493206144,167.7854152434114,174.64550177242933,8.724255485143342,37.037381599333294,0.4586595,0.5174194999999999,0.0047760000000000025,0.0006140000000000034,,,,6.860086529017934,6.860086529017934,,,,,,0.37135151389591603,0.44255236762303457,29.452258873319042,,,,0.24027832247642764,3.0451137611343135,17.77938544569093,0.045442452183242985,0.8482908225795885,39.65242789049195,0.0836544785975836,0.5486665167596668,23.441943326937082,,False,,,False,,,False,,,False,,,False,,,,,,,,,,154.0490221968702,False,0.05787136360066172,160.78017219266326,True,0.056854636398450335,171.79169132294925,True,0.07488695214788754,176.10708752059122,True,0.08859218927196678,178.50040332952477,True,0.09637877994662516,0.001982595521027902,0.03902426251705476,0.05299529644223155,0.06065189679639052,0.03755234312263359,0.014926430316723343,0.008138055295953767,88.67356732811693
120,3998,,117.79865202917833,,40.240524842495894,,173.01554641189722,169.19697185055082,173.5290856529685,8.467232209841534,39.643491565300955,0.45951450000000005,0.51701175,0.0035330000000000084,0.000216000000000105,,,,4.332113802417666,4.332113802417666,,,,,,0.34383291638977337,1.1187997161020151,18.96925808870892,,,,0.1288838581050556,2.7788290712324355,23.804288864398266,0.05422608452987977,0.7797058921601194,39.07591814214291,0.09142424994382954,0.8033687706094803,32.13577543900898,,False,,,False,,,False,,,False,,,False,,,,,,,,,,152.75951018240957,False,0.052050405819743614,166.83673755732997,True,0.07361542083694156,176.14272178278372,True,0.09533876129361026,177.26238178197883,True,0.09930297535320891,176.18683885698835,True,0.0945611308360894,0.033554471907631056,0.07430437331005484,0.0802550137748415,0.0774494306563967,0.0444874625259746,0.006282473477858896,0.005240960312767115,74.2212745799612
121,4032,,109.2697196967329,,37.4010619996996,,172.01386471684552,169.2191390516527,173.8182247092915,8.537503453885453,42.613216361141106,0.45915275,0.518086,0.003436999999999968,0.00025700000000006273,,,,4.599085657638824,4.599085657638824,,,,,,0.3007446199631103,1.5663267822258669,11.94505911547465,,,,0.060223644605429526,1.4860447170240907,35.32591524031036,0.0933512512717085,1.8136804526702826,35.34111367438677,0.13163246914057955,1.8440358263422785,33.92653344267331,,False,,,False,,,False,,,False,,,False,,,,,,,,,,144.61946318397713,False,0.05255982399133392,165.72282160633256,True,0.06901547201896108,174.07791085600323,True,0.09606418239906064,176.82066304474634,True,0.0932945151013713,175.7748950064268,True,0.08754117053135631,0.023430578652692293,0.0679341289927235,0.06872082294326806,0.06508006051011325,0.04683836873760653,0.006375604755629062,0.006040622650025355,78.16178947497228
122,4065,,99.41106356113603,,33.58252227988258,,172.09940559200263,169.32979921535915,173.5270310473579,8.973142341171489,45.21402656456951,0.45985575,0.5181975,0.003504000000000007,0.00028199999999989345,,,,4.197231831998749,4.197231831998749,,,,,,0.24404184922214675,1.8473010439245368,7.974323801926359,,,,0.055098164933200265,0.8473469674438752,22.334697324790667,0.17566044491276553,3.114356306433761,8.73948188077593,0.21494999037186982,2.9173859032948757,10.938688394235474,,False,,,False,,,False,,,False,,,False,,,,,,,,,,132.64955150312352,False,0.04602153544809217,173.0792259481632,True,0.06653569533716472,179.67119764219578,True,0.0754013691188695,89.43867156114644,False,0.05010338074421731,109.78139360397428,False,0.0430204476150586,0.02481292673184684,0.043847027265254815,0.02618211070559441,0.018816232672881097,0.023396119186736914,0.025313693152126164,0.009147118945329264,73.63413148368221
123,4098,,87.54593718353398,,28.011927970466935,,167.65024310374784,171.8448125726009,176.85795125059207,8.285233129842098,45.92049630938721,0.45925275,0.51845125,0.003088000000000035,-6.099999999997774e-05,,,,5.013138677991179,5.013138677991179,,,,,,0.18114423772881855,1.5514174976757213,19.710658636133516,,,,0.07689753463387988,0.45488336224228976,21.008718296150885,0.2988804323031964,2.386891942464576,43.32200639713699,0.32283510644101154,2.3535370639312334,31.91525936648199,,False,,,False,,,False,,,False,,,False,,,,,,,,,,137.1067173392176,False,0.04688206396907028,166.9131531531618,True,0.06573653879692784,168.3643225747333,True,0.08417712848511759,169.47986184844427,True,0.08778922241938351,169.3988415483236,True,0.08531919671445576,0.022196129955467474,0.05348748550829434,0.05962132012124517,0.05981943879710004,0.03538614413863139,0.006978186368964352,0.00512846224515689,73.02189766301912
124,4132,,80.86245672634337,,23.96504450342316,,162.49603150615275,175.8872548421869,179.12227758988774,7.617229502704398,48.60751303863516,0.4582605,0.518427,0.002564999999999984,-0.0006169999999999787,,,,3.235022747700839,3.235022747700839,,,,,,0.14021708106002065,0.7225055767487465,28.929023312774195,,,,0.08293596512490996,0.6094543199722364,15.685711928535396,0.3355776176619731,0.29114529581925563,59.019762293949135,0.3695866116340127,0.9096771469493551,38.89897498519538,,False,,,False,,,False,,,False,,,False,,,,,,,,,,133.53528527273988,False,0.049765348597191596,163.91631782860247,True,0.06605513849807597,171.41024654321808,True,0.08684512797503384,176.5424633738145,True,0.09108557785401594,172.5815091359164,True,0.08665135357280927,0.021757202140900305,0.055130498165715844,0.06263216849191793,0.06063635764951586,0.03529115919036955,0.008525530247439175,0.00547666805640068,70.59523978155588
125,4165,,74.4997746578753,,21.427655915135364,165.79590096536842,158.35029907576637,176.27102281615876,177.07804130193247,6.4700186834905296,48.630225509426914,0.46033225,0.51905975,0.00291199999999997,-0.0006850000000000467,,,7.445601889602045,0.8070184857737104,4.126310187687878,0.014917269723377645,-0.01468999999999998,,,,0.13680952171583363,0.6093560475515072,19.903501273000394,0.05313556823225899,0.2019790027486717,27.815929641549538,0.08141405124127027,0.6630540680543581,13.86544270511661,0.3138565134032596,1.5848624839604986,41.31723780105214,0.37665902556478414,0.5397355571946305,31.64210593184937,,False,,,False,,,False,,,False,,,False,,,,,,,,,,139.32737902796663,False,0.0521996469145147,165.45191594023788,True,0.06914247754456017,175.84089738396054,True,0.08762405916755972,178.16114444099503,True,0.09502465665815374,173.5365229716551,True,0.08981976152829622,0.020869779706551798,0.050356452267807716,0.06084658988801255,0.05880545223871672,0.03169801776136791,0.010933321636172576,0.006891589802070348,66.80366859276118
126,4198,,67.98652614010562,,15.446974707733608,161.2293462529991,152.13235008308698,179.28416399269096,174.73581265150895,6.133931081031405,52.051406538775666,0.457352,0.520499,0.005332000000000003,-0.0024879999999999347,,,9.096996169912131,4.548351341182013,6.822673755547072,0.01844920944105734,-0.018326999999999982,,,,0.16276301928716685,0.9777307059768511,8.84942323856667,0.035272638250925095,0.3442739364213294,1.2469956907441027,0.07178921489249282,0.6356472473966114,14.023710422460795,0.23358087831009625,2.5178507976084044,3.2494984667972187,0.3526637986921025,1.3377787016940854,19.988244182283523,,False,,,False,,,False,,,False,,,False,,,,,,,,,,143.48444256833804,False,0.0530827803529544,166.0750559869128,True,0.07148895906362047,172.71350783765968,True,0.09163286451923244,174.86457147303875,True,0.09734564909126653,174.80330683234172,True,0.09254528997199159,0.02195799448947926,0.05147694056565524,0.061324941002825255,0.06034988054669206,0.03144671900214708,0.01146024087879481,0.007753952862895129,61.957819243182094
127,4231,,64.62251255936238,,13.394294579677537,159.33802798625237,154.893630926838,177.22288323530407,174.57338669428268,5.166526216152981,53.54225225171193,0.45741374999999995,0.517279,0.0066529999999999645,-0.003790999999999989,,,4.444397059414371,2.649496541021392,3.5469468002178814,0.017494768503755632,-0.017405000000000004,,,,0.18342066612365585,0.9917453733287719,21.233131164667068,0.03282399164207906,0.2842034355612352,12.744827208920757,0.042842285315214196,0.8732804852285776,3.5847225182063576,0.15080003481036638,1.422193642645981,32.08407581376989,0.29426694172574536,1.5491919706869448,8.073245577685574,,False,,,False,,,False,,,False,,,False,,,,,,,,,,147.41892862330158,False,0.057562841017448005,161.10046428671782,True,0.0732519961571014,175.22716335196182,True,0.09878530656934757,176.99841202058062,True,0.1025320342380858,176.73394248359622,True,0.09356118082303153,0.01798957300771757,0.05253006948405832,0.0599997417077774,0.05428444938469951,0.03600573827877991,0.009592181451578207,0.009712873210332748,65.36637662674175
128,4265,,63.57833199734211,,11.378518186036363,158.1114733294751,154.9678057331675,174.98032017406302,172.98914210537055,4.224570659414579,54.52619328472366,0.457735,0.5171,0.006245999999999974,-0.0042240000000000055,,,3.1436675963076084,1.9911780686924772,2.5674228325000428,0.021742325772557098,-0.019861000000000018,,,,0.1833489618925309,1.2843439280644287,23.94506312468524,0.0494805579828686,0.5248092430206882,12.186001979067548,0.025273928350362344,0.712198989515745,11.004816761964648,0.14074873746751893,0.3686814072789745,15.06551164296617,0.2505973975075992,1.2627348554562188,13.360283633995941,,False,,,False,,,False,,,False,,,False,,,,,,,,,,151.41784295871958,False,0.06103734371677722,164.62538577453654,True,0.07995399600395217,176.6355965750627,True,0.10454053426781401,179.8911577462228,True,0.10794336582208287,179.9904930804634,True,0.09964354760846285,0.021533907518144445,0.053910010730846586,0.060425997724489415,0.05629626733629854,0.033767672410161764,0.0084130051705678,0.010243994582193017,65.38901421681422
129,4298,,59.557050096021875,,9.702653383439033,154.00063911391473,155.12510675927788,170.3247486259325,169.43101617240853,1.4720936926815975,57.01968766554637,0.45815375,0.5157885,0.007276000000000005,-0.004254000000000091,,,1.1244676453631541,0.8937324535239668,1.0091000494435605,0.02346831500129484,-0.020065,,,,0.16966218907541172,1.7985049919817173,17.156421687936884,0.0675798794878103,0.8766532758190237,13.539198707926527,0.03990405749089518,0.28365482446729723,14.15017600223024,0.1269071034972091,0.44798983546779775,11.91847850087204,0.2096643077479455,0.9040780216368844,28.79504312306077,,False,,,False,,,False,,,False,,,False,,,,,,,,,,156.13283968646164,False,0.06323284353087409,156.9651040074108,False,0.0828442112159927,176.0252056842551,True,0.11162120401160355,178.79235415317314,True,0.11453302591829144,179.25372801017897,True,0.10350052723537209,0.021988443896738135,0.05880452140779658,0.06443595608819663,0.057192269801084085,0.03825677509932068,0.007576413729463281,0.012079424655173013,66.674080820566
130,4331,,60.23307995034666,,9.320632324597598,154.56486195632948,154.3628933043902,170.0779673628183,168.74846910146468,1.1197607738860875,58.47381212433246,0.459383,0.51528025,0.006996000000000002,-0.004230999999999985,,,0.20196865193926783,1.3294982613536206,0.7657334566464442,0.02152977679865734,-0.019520000000000093,,,,0.15227966024854858,1.8166897973900757,13.586292893967022,0.1024751605481013,1.326883309746897,5.007574430687896,0.03845586274322462,0.3344961398616252,13.855172454678812,0.11120879377265884,0.4797790006398483,28.590184250806793,0.1947036225174669,0.788924175314936,32.821142197798984,,False,,,False,,,False,,,False,,,False,,,,,,,,,,156.54905961941077,False,0.06628260104280762,152.3251954621038,False,0.08507554974844415,175.08883931741195,True,0.11715599422991559,177.97532043127447,True,0.11943596413978502,179.43372002188056,True,0.10752324660741983,0.021200647254270285,0.0603763334842387,0.06599273200133485,0.05781737698996734,0.040026027544586604,0.008826997790868688,0.012808508617321494,67.79688576276413
131,4365,,59.956753670726854,,8.792737714599772,155.89138573358449,157.41513502416913,172.79656202240454,171.89851185034928,2.275440294848309,60.716565821278756,0.45839075,0.51476325,0.00766,-0.004021000000000052,,,1.5237492905846466,0.8980501720552638,1.2108997313199552,0.02432765541518533,-0.01899699999999993,,,,0.14489294467554772,1.4181641909025915,18.150564224138968,0.1500220191977735,1.2121198206875368,11.752325819729357,0.05355776848108123,1.0200808087832243,14.34538273076724,0.14546085491339403,1.5583289103733193,24.443312295177506,0.24939927033281692,1.4966649283568922,13.107673958175537,,False,,,False,,,False,,,False,,,False,,,,,,,,,,159.08530686784312,False,0.0702065700415566,144.60761747452946,False,0.086941190111477,173.50048466338166,True,0.12132198821730535,176.55656384011854,True,0.12165844135118613,176.95701934961647,True,0.10835177734121385,0.01812145449460385,0.058149675046383485,0.06241736224000499,0.0532898217110922,0.04070152185115441,0.010108197119170203,0.014284569471986232,69.81270418065246
132,4398,,57.61226104833615,,9.358912472882047,157.56060940200751,160.52024813740937,173.9194190504785,172.41519941618958,1.9832770074270751,62.584671645537206,0.45779625,0.514755,0.007699999999999985,-0.003717999999999999,,,2.959638735401853,1.5042196342889156,2.2319291848453844,0.031566452984141256,-0.016973000000000016,,,,0.14267414776292717,1.0110595418500345,24.74245714841869,0.1819933490881181,0.7204809243674287,22.50596074309801,0.10363599459919497,1.1984152831708375,11.300190248811536,0.20322146813300934,2.077769986762198,2.126215482553329,0.28843623495413273,1.6578930746156197,16.96984497478774,,False,,,False,,,False,,,False,,,False,,,,,,,,,,159.39659518928724,False,0.07314522913355319,120.61834975681175,False,0.08417314142884301,172.7081594339409,True,0.12682486269261248,175.9502269859847,True,0.12345164339124862,175.58779780158696,True,0.10872050335148384,0.011983775072989375,0.06051920410910909,0.0611788421678607,0.05010563946303853,0.04887041817909889,0.010237072872652606,0.015131217565021036,70.47149317273757
133,4431,,55.57417923490447,,10.336576065312926,164.79089086636048,160.7083181890093,177.0721840006492,173.84789978450783,1.8597971078781623,63.497306069555236,0.461208,0.51397525,0.007577999999999974,-0.0026169999999999805,,,4.08257267735118,3.2242842161413705,3.6534284467462754,0.03946535448972934,-0.016852999999999896,,,,0.12818485568069973,0.7651291274025306,24.085252804258577,0.1962687997765724,0.44964886531488285,25.563997648848794,0.13259890556472345,0.30848489582392785,29.42551626103528,0.27377817788462305,1.4186071521701862,33.985981002153025,0.3479932919026397,2.6165471877462334,14.540033506432966,,False,,,False,,,False,,,False,,,False,,,,,,,,,,163.39926358779468,True,0.07351163180068852,100.45617243242557,False,0.08121065233699339,170.93630032633922,True,0.12385542127819843,174.63708730086424,True,0.12205146082288404,177.15543594609233,True,0.10906101626154048,0.008734899942185983,0.05703175650460014,0.05909825429739864,0.050389683011505385,0.048382499160336864,0.009518785899472693,0.013935529735176904,70.06452000174885
134,4465,,51.67605403749584,,15.217060043160666,168.78448134435848,163.19829744518333,179.0209424414699,173.96524610504062,0.5613162234492816,62.14000995609992,0.46550025,0.51474625,0.007213999999999998,-0.002367000000000008,,,5.586183899175154,5.055696336429293,5.320940117802223,0.05029173785026719,-0.01686399999999999,,,,0.09296415661284593,1.0516279914002047,4.316342858376773,0.17367820174966,1.0881065171387405,15.102401203552581,0.12389232032783097,0.803292529608945,22.976135787839137,0.29406740625287947,0.4181156343689003,41.14382244987138,0.45926799548902236,2.5008361059108912,33.772810019676854,,False,,,False,,,False,,,False,,,False,,,,,,,,,,162.6591437935568,True,0.06956429543954282,104.73997235586872,False,0.07902664225436885,171.06786922783647,True,0.11729877648552013,174.27796398913205,True,0.11660261240641223,176.1863784029164,True,0.10318056439562633,0.011332930159495335,0.05491997346139204,0.05827984094007121,0.049551017234765155,0.043614157758691256,0.00968290478110775,0.014444059436321943,66.01323719493988
135,4498,,43.992379771212136,,23.714440447952924,176.4254403224158,165.02681717463565,173.9353908821376,171.01198664285783,0.44754647337867703,61.03465847033207,0.46650425,0.51587725,0.010179999999999967,-0.001591000000000009,,,11.398623147780143,2.923404239279762,7.161013693529952,0.06281448699941755,-0.015640999999999905,,,,0.06177956868423765,0.9091302239338295,10.643786286420045,0.13505504903842386,1.1754751457991783,7.774548233938019,0.08494663760244266,1.2401032692271847,4.297290071226094,0.25735836290684927,1.3982996694218326,27.331129784328834,0.5145303485153649,0.38257783279605284,62.88097586217264,,False,,,False,,,False,,,False,,,False,,,,,,,,,,158.92237684526535,False,0.0647087324091579,102.02503733932707,False,0.0742464766706138,168.66092338330517,True,0.10815068739957232,173.8225344218258,True,0.10953113560992599,175.32498981758792,True,0.09730309828571751,0.011921864283743533,0.05024170881847079,0.0557382613471213,0.04888427503809379,0.03831984510668076,0.010240882823272537,0.014054917573575432,65.73296518003423
136,4531,,31.778282216485447,,36.369595399028185,173.76450058896168,164.09689947487334,172.4178251318538,166.72739114826118,0.036213101155210564,56.98806375723913,0.46310375000000004,0.5174187499999999,0.008545999999999998,-0.00145099999999998,,,9.667601114088342,5.690433983592612,7.679017548840477,0.06584566519521237,-0.015459999999999918,,,,0.0329638407534736,0.7192718800664258,11.879591063067645,0.10475522096114175,0.9597410605913506,11.206010099781267,0.04301993194245512,0.9814052514860179,20.013261882111998,0.20366391266532463,2.0096457266805112,25.309375940995075,0.481096117720012,1.6559529446395223,41.48642876965264,,False,,,False,,,False,,,False,,,False,,,,,,,,,,158.6184357608702,False,0.055213823522737474,168.67695981189235,True,0.0773340558357054,175.63872803179413,True,0.09604101251028123,177.58975090094202,True,0.09653600701292757,174.42618582680385,True,0.08482372227743842,0.029516796912944343,0.049753058197461585,0.054144885058516834,0.04745769047267261,0.020343394505342487,0.00876809637264551,0.013099750417469783,60.677284031029366
137,4565,,10.004672935562605,,50.27132255310211,,164.51766408635436,,160.98944855953755,2.7873940931381243,47.887225154367854,0.466845,0.51846275,0.006198000000000037,-0.002050999999999914,,,,,,0.06640342848076444,-0.01727500000000004,,,,0.01847674659039896,0.5703343682776278,94.55119894476238,0.07355801898498639,0.6270271973448033,31.80169671133846,0.03325953505306316,1.1826862892171373,37.65878027631968,0.12279952908130054,3.036979040589956,42.62709718728502,0.4036251750698976,2.4526273487292816,45.73169746460829,,False,,,False,,,False,,,False,,,False,,,,,,,,,,162.67032505166247,True,0.04889143074200219,178.98778304010852,True,0.07104644582947126,177.5873655499079,True,0.0734274692809169,179.0516477406338,True,0.06852309639822175,173.9073355118573,True,0.06207332850749988,0.028330675971462473,0.03407833430495104,0.03422748047987175,0.033098712482512095,0.007369190593274161,0.008158532527360556,0.007866440363976535,57.08750264941167
138,4598,,2.7083712959073156,,61.00704650588195,,165.28749083235252,,158.7825627141382,5.145009395710227,42.49018961683007,0.4718645,0.5190874999999999,0.005015999999999965,-0.003149999999999986,,,,,,,,,,,0.03632871639841684,6.309058618466532,19.223666069800412,,,,0.08490376872867511,1.7289732797828357,27.26725998723722,0.006469291311275328,1.271017071886208,27.60938298297915,0.31741331964214414,1.4183469940174573,4.869715777274089,,False,,,False,,,False,,,False,,,False,,,,,,,,,,,False,,,False,,,False,,,False,,,False,,,,,,,,,
139,4631,,9.131851228970671,,70.10195053930308,,166.6877707237072,,158.42099316829652,6.302751830607357,38.96624056504344,0.4740065,0.51971125,0.003269999999999995,-0.004202999999999957,,,,,,,,,,,0.4022375108093833,0.7302178299220575,474.2717135391612,,,,0.14561274623401604,1.4140570939776587,69.32660434940334,0.17680310269211383,1.3447712286373017,255.9525260141118,0.49578281329329305,2.137276821856795,298.3768028292111,169.7372210980601,True,0.07406473064151382,157.51244510961638,False,0.07729098953953167,162.8586849550864,True,0.06950654841811668,156.92767335885847,False,0.059049314551483115,150.0302519684289,False,0.05359697789987789,0.0038042114820288323,0.01364567455276573,0.029377098563336687,0.05541726807593457,0.013633771488476618,0.016753298481194716,0.02610958952185958,17.365586999440918,,False,,,False,,,False,,,False,,,False,,,,,,,,,
140,4665,,12.6783701162677,,76.85123094061836,,169.06542827782152,167.59369125894966,159.40346942807648,6.2362654190423115,35.23634920603964,0.47620225000000005,0.519469,0.0026530000000000165,-0.004321000000000019,,,,8.190221830873185,8.190221830873185,,,,,,0.02326724813273989,25.46732929036925,331.2212342168545,,,,0.15784873043137498,3.4517470158130807,91.80964391641626,0.0880975849893431,16.267294937257567,217.12581510451446,0.17661305271199035,18.57516402630762,228.17673055349718,155.0841239937969,False,0.050305597789908035,175.761228495389,True,0.06738902682929912,179.81930461744636,True,0.07146622041216394,174.28182532504982,True,0.07045382546036799,179.95169275626523,True,0.06732977488451897,0.05920326815303359,0.06967901940326088,0.073834563891175,0.07469500441796632,0.011595357389921235,0.007520902738368534,0.005824509936466774,16.46505027270497,,False,,,False,,,False,,,False,,,False,,,,,,,,,
141,4698,,11.893635482410872,63.3765481369091,69.95191919129388,176.11463319035036,170.15314441619142,167.09149673673667,153.27159655941,8.619514254741754,29.492590554079264,0.47528549999999997,0.51904375,-0.0027209999999999734,-0.0028599999999999737,,6.575371054384782,5.961488774158937,13.819900177326673,8.785586668623464,0.07533859723275974,0.0009970000000000256,,,,1.3041840503309636,21.54039599428973,485.9301089203608,0.17735198972310054,7.123617461881287,5.55059775498027,0.20443666770927688,4.959917222983061,29.21519327996007,0.91580795748944,15.638116318288551,268.56732917616193,0.7528892520198963,17.424778141912785,283.7545663841536,,False,,,False,,,False,,,False,,,False,,,,,,,,,,,False,,,False,,,False,,,False,,,False,,,,,,,,,
142,4731,,13.258231738741136,69.61377366805532,94.02540311176261,171.0662997372951,172.84582083713715,164.36005432455985,152.38498441637407,9.277091840965593,22.373268945124806,0.47723550000000003,0.5196799999999999,-0.006998000000000004,-0.003262000000000098,,24.411629443707298,1.779521099842043,11.975069908185787,12.722073483911709,0.08472980776562639,0.0018319999999999448,,,,1.4146906504955286,6.607544758962026,624.6607620674315,0.3787424180393973,4.525716165460632,102.0762528393216,0.2935273728469703,2.2266311460275205,107.50849885455229,1.109014538619915,1.4601057279437066,430.6086334132807,0.9805756872535141,0.7993050240258064,437.3176292030735,,False,,,False,,,False,,,False,,,False,,,,,,,,,,,False,,,False,,,False,,,False,,,False,,,,,,,,,
143,4765,,15.662225453997547,71.4192443705378,100.84969877757237,168.8447764033504,176.85467202267478,162.34012064639566,153.89004620883767,9.286683397572364,18.09958136565394,0.47901699999999997,0.51705975,-0.010931000000000024,-0.002994000000000052,,29.430454407034574,8.009895619324368,8.450074437557987,15.296808154638976,0.0809288289795423,0.0018360000000000598,,,,0.8617828900578101,20.31237798264521,174.35365817295377,0.4805141444860973,0.7887420678500675,115.36445841111136,0.29211005576801014,3.3273695263374763,80.27660592056075,0.8183750548844503,13.212728892805195,156.86296687016562,0.7421383952756109,11.906617984825887,160.13196470864287,,False,,,False,,,False,,,False,,,False,,,,,,,,,,,False,,,False,,,False,,,False,,,False,,,,,,,,,
144,4798,,26.760637141610864,94.04163506857947,77.97698769048934,169.17539817560743,170.36676577320299,171.74765307613595,168.21224726018716,6.939927987351672,15.35266590783278,0.4865695,0.5124055,-0.006307000000000007,0.0009550000000000392,,16.06464737809013,1.1913675975955584,3.535405815948792,6.930473597211493,0.023530164151573624,-0.0042399999999999105,,,,0.05436923097957948,18.267457569654926,102.16311931718329,0.4012430509568054,3.5559266864792023,91.3758562398367,0.1568651094570611,4.212716162962814,32.50191810197882,0.22806361991407884,11.966981089211767,116.83050651002858,0.18748739348823165,10.868607453925943,90.98048116794345,173.0903648847472,True,0.06226054039277202,177.79758321628339,True,0.09113991806557652,176.98401161967254,True,0.09639859690368938,179.1833569697386,True,0.09571766138492933,179.78601456897982,True,0.08994992635905823,0.031029638815171567,0.03846860622637631,0.04066079203606344,0.03903300851843218,0.009048061118272771,0.006858402292079412,0.008635542889708745,67.30800892566941,,False,,,False,,,False,,,False,,,False,,,,,,,,,
145,4831,,59.5299282601311,74.47172705004053,23.92321580360005,176.29064974501836,179.29602895849152,179.7593965904506,174.95319639118225,6.1717426491237415,12.497491963605002,0.4865815,0.51110125,-0.003768999999999967,0.0008679999999999799,,50.548511246440476,3.0053792134731623,4.806200199268346,19.45336355306066,0.03524390422470246,-0.00443300000000002,,,,0.3444311045024446,13.589138990415545,28.072559797523457,0.31292933433647036,5.888832322888075,79.04021022065132,0.14645346908537585,3.1844225041451564,56.606879413581474,0.040371581831494294,5.598572733998646,51.024081014586045,0.041264574067385096,6.013975874395999,24.835548078796492,168.34771039984872,True,0.07785142831059685,173.19300806984245,True,0.10576421068111844,173.05440105332454,True,0.10738781478827104,173.11859509928533,True,0.10266437926564403,174.3066406464312,True,0.08885774415885206,0.029168119874273726,0.0316048003474156,0.0282624591994398,0.02144804897886987,0.0035617731539220525,0.005587355814694474,0.015351763449193685,76.51164389417879,,False,,,False,,,False,,,False,,,False,,,,,,,,,
146,4865,,13.009583978986695,70.53452505072592,97.33384590512529,169.69010344960859,177.85631591756615,152.53103506365431,168.60078624811422,0.028635991318709766,4.996455914222119,0.49710624999999997,0.51092625,-0.007693000000000005,-0.0013319999999999999,,26.79932085439937,8.166212467957564,16.069751184459903,17.01176150227228,0.005058134537554329,-0.004807000000000006,,,,0.8570732497762914,16.40840932540847,469.98340480578213,0.15232849760313574,8.106226377449481,102.629660595341,0.1423775344309302,5.967630519534295,41.84695442087034,0.14872874673998954,8.641607450849333,228.89279373606016,0.21761260756755213,11.974029482919535,187.4790004727739,,False,,,False,,,False,,,False,,,False,,,,,,,,,,171.91766075328945,True,0.07611701845185476,172.4137917485769,True,0.101402589577387,173.0137218687458,True,0.10455085195731317,174.2029878651569,True,0.09936180700852817,176.32855207174003,True,0.0878779126060696,0.025354891461017905,0.02920347871401632,0.025367137836184814,0.019488720070851263,0.006330953798599462,0.006738697574457601,0.013376905471744928,87.91182619737634
147,4898,,22.75727950178688,24.646519839170693,95.03340677546858,176.0712848936537,178.12531160028183,155.96382081038126,160.25699929138204,2.3571982827706686,8.609141367722252,0.49164500000000005,0.511311,-0.008036000000000043,-0.0010060000000000624,,70.38688693629788,2.0540267066281217,4.29317848100078,25.578030707975596,0.011893565697468458,-0.011892999999999931,,,,1.4436620346903397,17.937507348547165,989.4643969462334,0.30803622894878263,1.760021115254138,281.5711222853785,0.3511486848633514,0.38625751151714804,206.83482509772702,0.5494237476607735,9.837835992158498,583.4327943757853,0.7753088729282915,6.637211558618618,619.6490160504441,179.5204890772005,True,0.07039196642373333,177.0486217008398,True,0.09343197123576052,175.11796857445287,True,0.09525428252839864,179.77740859440547,True,0.09370883245457703,179.45298210246656,True,0.08829891524248754,0.023049310835684345,0.02490348531832437,0.02368296689606261,0.01905594652595348,0.003022097450447319,0.00353043510066392,0.006126341893822088,87.61897908675994,,False,,,False,,,False,,,False,,,False,,,,,,,,,
148,4931,,16.30377500042581,94.04654063403474,100.25361931209397,177.73654321614205,173.4476314360378,155.62390215158962,167.3007254004131,0.5406594826720363,1.9433982273816899,0.5036145000000001,0.51287375,-0.010257000000000016,-0.003445999999999949,,6.207078678059233,4.288911780104257,11.676823248823496,7.390937902328996,0.04872829905711874,0.0028479999999999617,,,,0.3451917008534192,48.919696907574114,109.18617854660434,0.2557000974419569,10.513117464174911,66.81709500677596,0.16318060533710538,7.704370393166631,58.33017378617755,0.501960751861015,29.926389125852243,53.57355479444804,0.22482423993451228,28.965014465799896,20.555217175047066,,False,,,False,,,False,,,False,,,False,,,,,,,,,,178.93729958881272,True,0.06653027119289383,175.47829994331494,True,0.0886691040329155,173.61426987258469,True,0.09011788319750964,175.87844309184857,True,0.0881593468669091,177.35799784084048,True,0.08292248380867515,0.023307903487872924,0.02524654948700909,0.023879807976614886,0.020395041063944935,0.0023974523978590252,0.0024195371458194327,0.005881439024592554,88.22818872498107
149,4965,,143.04724481996297,86.89137587320569,18.58904742543592,175.00546357597122,175.51955260862525,179.99404800747982,168.16517382464568,0.9301995082508177,2.798465821237046,0.50237275,0.5143007500000001,-0.005792000000000019,-0.002263000000000015,,68.30232844776977,0.5140890326540273,11.828874182834141,26.881763887752644,0.03354610554147825,0.0018690000000000095,,,,1.8401538669836524,10.642065192233877,1175.341745299566,0.49169329417777013,4.5784007304200305,232.78573826084897,0.198375754361504,3.5438020071491168,189.93615642252564,1.4584817970333892,6.264543432787286,777.5589357449333,1.1676847717924568,6.322691235030087,748.5579922272282,,False,,,False,,,False,,,False,,,False,,,,,,,,,,177.27425506616237,True,0.0667838996165992,173.73221169701563,True,0.08706645841539665,172.21094102042858,True,0.08915668884049027,175.6192110671013,True,0.08704351481873877,177.15014122914076,True,0.08038798211175599,0.02044649439390527,0.02248087055698692,0.020324475097773124,0.013841419724869302,0.002142783236820784,0.002207707634629212,0.006751419702551422,92.33780852444046
150,4998,,18.516736366699252,89.86953623557064,95.80807654649345,178.32216652223795,177.71474588471068,159.8046912385874,165.22710251185515,3.7484881695726564,14.123206501323136,0.517166,0.516888,-0.006929999999999992,-0.0038160000000000416,,5.938540310922818,0.6074206375272695,5.422411273267755,3.9894574072392808,0.06311988037060905,-0.0006030000000000202,,,,1.0466096399592246,29.828279843522218,652.9998048529118,0.3783261190809316,5.61905725095702,178.90278760876905,0.0852597137984473,5.33590682991732,148.26299835316726,0.9209742262950321,22.171407838287966,493.1451035177856,0.6396862888226799,21.188523711256956,463.0628369582106,175.547562817675,True,0.06609866380646437,177.37128123683019,True,0.08395400009529025,175.52027572374675,True,0.08548348255072438,179.21429827762228,True,0.08341469444887993,179.17540705504095,True,0.07799616289279876,0.01923324790564501,0.02262604256161468,0.02401414735109283,0.023855910399731145,0.005258052586271869,0.006193899983047823,0.007507758653553044,91.88535493724953,,False,,,False,,,False,,,False,,,False,,,,,,,,,
151,5031,,22.704602133592655,95.78872366126237,88.28544701912514,171.83419777728938,179.18039194577648,172.63262607870962,166.67030108300204,2.696556190387443,9.44417056824843,0.5133007500000001,0.51800025,-0.00345899999999999,-0.0024320000000001007,,7.503276642137223,7.346194168487102,5.962324995707576,6.9372652687773,0.08649177482859284,0.0012320000000000109,,,,0.16859961932711437,32.45619357117108,139.8763415093644,0.1392059005859861,7.994786622179018,53.12501684565649,0.1539166257422256,6.997167157988626,32.062944136846106,0.06906286416644464,26.285208775673635,97.90363987145733,0.2350448992724263,24.246974977420813,127.20047286416614,175.44838888050205,True,0.06161767146687704,177.92144556098637,True,0.08045345656340686,175.57932461684365,True,0.08254481842005591,179.20732585267598,True,0.08094988872135644,179.25133665573642,True,0.07500953872675127,0.020322701887298365,0.024212206363733207,0.025676666937124084,0.025186794575729546,0.005507115851332728,0.005851606616989958,0.008344732949591534,91.27053958498192,,False,,,False,,,False,,,False,,,False,,,,,,,,,
152,5065,,25.52616309054378,94.34647759879087,90.59172120687187,177.81539517894583,177.11948889901782,171.58373258976786,165.1811925490473,0.8456753606584917,8.264096316662357,0.51601825,0.51649575,-0.00276000000000004,0.0006829999999999892,,3.7547563919190026,0.6959062799280105,6.402540040720567,3.6177342375225265,0.10330237442092033,0.00309500000000007,,,,1.136928653996512,20.510633212241494,353.51372559825995,0.1573555863451808,7.001297799216967,40.84821423638037,0.3913681259890961,4.403156151112116,82.19798933750064,0.8451611430230255,15.616828370854934,331.7733568394719,0.9870649578866275,12.673728846121787,325.8577792946614,174.8226731802798,True,0.06009996732944206,176.81270950564502,True,0.07776826706311518,174.75670857816482,True,0.08079363247806111,179.37485531781172,True,0.0786133465068115,179.12754627447862,True,0.07333127120130951,0.019011647614028623,0.023592477190833554,0.023981087214719855,0.02335926893119731,0.005639922428544599,0.0052140383581250616,0.007427365953014618,90.47261184871977,,False,,,False,,,False,,,False,,,False,,,,,,,,,
153,5098,,23.860898425997323,92.86149892379908,97.65101720428424,165.83325825457183,172.378042961755,162.69277285354875,160.91425526360064,1.0672400831073614,11.374529630470203,0.51921275,0.5168922499999999,-0.0037679999999999936,0.0006809999999999317,,4.789518280485169,6.544784707183169,1.778517589948109,4.370940192538815,0.03088626144420852,0.002238999999999991,,,,1.5054334556895768,8.85751475320704,349.34008539626245,0.3304700174094386,5.469979907860443,75.5293665578989,0.441956123352822,1.5269207723503606,60.00757007232634,1.054087420494234,4.058375659809911,258.27720682141506,1.0820440309033879,2.4146547385557335,196.9202456992177,174.31971959314387,True,0.05972793350686098,175.5891549641752,True,0.07616616905818492,173.58490202686474,True,0.07910371436285409,178.18330457340073,True,0.0776856037178061,179.8512787495052,True,0.0709186868533252,0.017866841914563388,0.022687977190573853,0.023927326511752202,0.022532712264616457,0.006046101636591975,0.004966615849851887,0.008484943134753483,91.24590280114687,,False,,,False,,,False,,,False,,,False,,,,,,,,,
154,5131,,20.302639840843472,95.37633045401238,96.59298402029827,169.03515017244044,171.1200455543366,164.060704973945,165.40446029456555,0.7781675056235994,16.550428477835244,0.5249429999999999,0.5223264999999999,-0.004863000000000006,-0.002674999999999983,,1.216653566285899,2.0848953818961604,1.343755320620545,1.548434756267535,0.06938520845252254,-0.0033560000000000256,,,,1.713301108461474,2.808181218803043,429.58555658309365,0.517251222269249,2.0188049042373857,195.4109399156031,0.48904452299895773,0.6390428307444946,107.0346893744443,1.1118387734090731,1.4329279829891843,297.2293854827611,1.146365008303173,0.32316337696081693,265.97214434179836,172.84408721422372,True,0.05500864295726632,176.0966516842381,True,0.0680957271860725,174.60212928265491,True,0.07077055278150651,179.44290585019968,True,0.07060232432434511,179.68628803179297,True,0.06513436064014141,0.014575131869043282,0.019004444874818047,0.021265759332786655,0.020893233545815754,0.005274668899561328,0.004396808046753963,0.007419693794220952,91.862132929005,,False,,,False,,,False,,,False,,,False,,,,,,,,,
155,5165,,20.224636870762005,96.96744076036421,95.27538097619423,170.08549086805877,171.90562714650136,163.2813079413366,166.52238983281342,0.19093423197011178,14.991720089060637,0.52529825,0.5259069999999999,-0.00573499999999999,-0.00257099999999999,,1.6920597841699845,1.8201362784425896,3.2410818914768242,2.2510926513631326,0.08558874258335618,-0.0009010000000000407,,,,1.3333454463466137,19.998878019750098,360.8973585727729,0.4654670684188988,7.652145557301875,170.4175479878883,0.4704336248940104,5.7033452594013765,128.25323295525845,0.9580840400556807,15.859050959533814,254.89190034194345,1.060438008944674,15.405551547331955,280.73889666209266,172.7061828102728,True,0.052939018993555305,176.3643432050243,True,0.06717555451948283,174.2268947443217,True,0.06955806619652388,178.9273196116341,True,0.06927686514991864,179.94113325523196,True,0.06361796023922808,0.01605129468298428,0.020495638194503632,0.023078002361556358,0.023139646604907322,0.0055649116794428384,0.005003085448001103,0.008020175808546855,92.17269964581214,,False,,,False,,,False,,,False,,,False,,,,,,,,,
156,5198,,,99.39839246109204,95.9288752849818,169.22324797106845,173.27747580841222,160.94864920144153,163.56790189391177,0.11216049376256187,11.492079774345903,0.5225195,0.526106,-0.004910999999999999,-0.0021530000000000715,,3.4695171761102443,4.054227837343774,2.6192526924702406,3.3809992353080864,0.06880791578009031,-0.0003549999999999942,,,,,,,0.04799511798720582,9.403877545273664,101.80601369412294,0.1140085750071253,8.123277025833463,64.56685081590349,0.06441156213032324,18.50901920147629,209.91893919571322,0.1204688173668274,19.132468848083946,216.01280641578796,172.1097979798356,True,0.048274072844540494,176.7663910892349,True,0.061412221275573525,175.6452297838315,True,0.06502503653209282,179.62232453604113,True,0.06532678061101742,179.75827420518448,True,0.06052899140081557,0.014749269303935041,0.020178469837923832,0.022600861045544252,0.022095021814879455,0.006108267348438557,0.004165532979103581,0.006809903450123158,92.37585841302646,,False,,,False,,,False,,,False,,,False,,,,,,,,,
157,5231,,,100.6386073102106,94.90380917997282,166.8843759506142,172.1806939281908,162.29805867734603,165.3273384031114,0.6598884741885706,13.468760761606724,0.52634975,0.526563,-0.004129000000000049,-0.0018149999999999,,5.7347981302377775,5.296317977576592,3.0292797257653774,4.686798611193249,0.07384326127684233,-0.0006940000000000834,,,,,,,0.15566943474810752,1.5462790558571582,173.7645866037525,0.06830454408946007,2.125291532660639,152.72693122642943,0.26675209202660033,2.0202314162874577,330.50218618916335,0.20543342666534606,1.1720868112209346,367.1584372382479,,False,,,False,,,False,,,False,,,False,,,,,,,,,,,False,,,False,,,False,,,False,,,False,,,,,,,,,
158,5264,,,100.36646243785549,96.4678190623497,166.82248395518823,172.183118464344,163.3889027771607,165.97159265006422,0.0539171946109297,18.559791485606763,0.5292209999999999,0.52741075,-0.004666999999999977,-0.0022219999999999462,,3.8986433755057845,5.360634509155773,2.5826898729035292,3.9473225858550287,0.07224050831078084,-0.0002710000000000212,,,,,,,0.07152724371440569,2.093577673279285,33.10479151173892,0.04345158755836643,1.9573887737834372,55.21666337418682,0.08813839564000511,3.309640628927898,39.69458202618621,0.04547180469206556,5.099990436123084,38.80697117800484,,False,,,False,,,False,,,False,,,False,,,,,,,,,,,False,,,False,,,False,,,False,,,False,,,,,,,,,
159,5298,,,100.71779758683243,95.63146679004973,167.02988373508813,170.2449457473416,163.85538000701573,165.67635394554466,0.1064696094236708,19.7531782645459,0.53062,0.52786925,-0.004605000000000026,-0.0023139999999999272,,5.086330796782704,3.215062012253469,1.8209739385289367,3.37412224918837,0.07507263853761907,-0.000496000000000052,,,,,,,0.023048691744270634,0.7195113974974174,40.37609552928893,0.06847731521738076,1.5797328225353964,29.028837036840685,0.04859277470393141,0.6613352049054078,47.33471595616649,0.14277908660115093,1.4280551007750606,90.91495512254866,,False,,,False,,,False,,,False,,,False,,,,,,,,,,,False,,,False,,,False,,,False,,,False,,,,,,,,,
160,5331,,,99.88446999755288,95.08099893289854,167.39138571635323,170.68371322429996,164.7459960624877,166.72136092154125,0.2490990814480026,25.453094330516652,0.53212125,0.5289470000000001,-0.005037999999999987,-0.0027960000000000207,,4.803471064654346,3.2923275079467373,1.975364859053542,3.3570544772182083,0.07439418558597163,0.00041999999999997595,,,,,,,0.023322154029135515,0.6226050795831306,20.07148980053578,0.08594647870554692,0.5323165771236132,27.561790734079207,0.04455977115858781,0.17392213319967303,11.505239175582883,0.13841933898427192,0.9939281831926461,41.25277034652368,,False,,,False,,,False,,,False,,,False,,,,,,,,,,,False,,,False,,,False,,,False,,,False,,,,,,,,,
161,5364,,,99.25356497285745,95.1993010884198,167.92882572945376,171.95752731284534,165.515241240277,166.14925804099477,1.2881146257538563,33.42450369004026,0.5343495,0.53123875,-0.0061350000000000016,-0.003862000000000032,,4.0542638844376455,4.02870158339158,0.6340168007177738,2.9056607561823333,0.07746993689167427,-0.0003810000000000757,,,,,,,0.05529287747972118,0.6636642956527656,5.864681362302291,0.07287360415977191,0.3696301385958673,11.65286312679763,0.03744308124192252,0.17556691503854388,14.170797986649024,0.08283851165315066,1.2956525443953326,5.480479314328761,,False,,,False,,,False,,,False,,,False,,,,,,,,,,,False,,,False,,,False,,,False,,,False,,,,,,,,,
162,5398,,,98.65597130683445,94.86282000133141,170.74597732336883,172.06437096456165,165.44939241257572,165.48721185751137,1.649977251285194,37.87010074486095,0.53601175,0.5320247499999999,-0.007443000000000033,-0.004345999999999961,,3.793151305503031,1.318393641192813,0.037819444935649926,1.716454797210498,0.08228116475232956,-0.0033729999999999594,,,,,,,0.0650548328849082,0.23872223020664685,11.995217860234614,0.06602487826996686,0.4319159712626062,9.952170539862314,0.04860044428237809,0.8411331406247864,16.101370643212512,0.05564008187644353,0.7828938763646883,9.121435660405457,,False,,,False,,,False,,,False,,,False,,,,,,,,,,,False,,,False,,,False,,,False,,,False,,,,,,,,,
163,5431,,,97.73737892972825,92.93599473257008,174.334705843112,171.87680914075716,164.8226592622781,166.0314867865058,1.667429329342118,45.85782314488321,0.5367915,0.53200725,-0.00813400000000003,-0.004404999999999992,,4.801384197158171,2.4578967023548444,1.2088275242277007,2.822702807913572,0.0778372539340899,-0.005249999999999977,,,,,,,0.06907829729964979,0.14001754884970355,13.35880108582377,0.04402823576508089,0.8586821934851622,11.202592612901464,0.08830549714578936,1.2149632941539374,4.798013289148875,0.03353171750932969,0.7822343874166964,6.129053477301946,,False,,,False,,,False,,,False,,,False,,,,,,,,,,,False,,,False,,,False,,,False,,,False,,,,,,,,,
164,5464,,,96.54108966203823,91.63366410005335,176.70307259690838,171.102975465115,164.95641904195878,165.31519687277492,2.151550032318,50.627832767428686,0.536162,0.531073,-0.008492,-0.005110000000000059,,4.90742556198488,5.600097131793376,0.35877783081613757,3.622100174864798,0.07248874765092851,-0.005309999999999926,,,,,,,0.05605040699412326,0.6476802719305352,11.025328611376002,0.010778568765192786,1.1441699202662288,4.084107089585718,0.12549734830385068,1.1566113700672438,6.491624172526591,0.009369076189370835,0.6815951540458851,3.9281191375584488,,False,,,False,,,False,,,False,,,False,,,,,,,,,,,False,,,False,,,False,,,False,,,False,,,,,,,,,
165,5498,,,96.12422420567214,90.23807452976249,177.3646146713552,172.28564510609453,162.9342652137542,166.00801958920357,2.4286019315406735,57.1856895758045,0.536196,0.5312155000000001,-0.008437000000000028,-0.005122999999999989,,5.88614967590965,5.078969565260678,3.0737543754493686,4.679624538873232,0.07460497101400149,-0.002589999999999981,,,,,,,0.028759470753451918,0.8786834568280159,0.44270572836501565,0.03426071501530136,0.7414684208938926,19.66427244730037,0.16451196492971434,0.7800403734511921,18.311070904679646,0.012147553266751814,0.5882743084903803,8.941643680493785,,False,,,False,,,False,,,False,,,False,,,,,,,,,,,False,,,False,,,False,,,False,,,False,,,,,,,,,
166,5531,,,92.13720730179563,90.15448541704299,173.9783645651466,172.04260469564562,165.367522998227,165.42404439074892,4.7118815155889,63.051538486731765,0.5394975,0.52998425,-0.009954999999999992,-0.005923999999999929,,1.9827218847526353,1.93575986950097,0.05652139252191546,1.3250010489251736,0.07312716027578263,-0.0025410000000000155,,,,,,,0.015382917383526692,0.6733815418509278,10.922910874256889,0.04358097916352293,0.19750989419310283,18.286537130266552,0.177217039416679,0.2667661334438584,26.76411257713947,0.03477243787520324,1.0015511958655277,13.977199974858035,,False,,,False,,,False,,,False,,,False,,,,,,,,,,,False,,,False,,,False,,,False,,,False,,,,,,,,,
167,5564,,,91.55695294871406,88.24757593418339,173.7459815418816,172.26817463200726,165.38045274031987,164.79310854698878,5.125655919483077,64.4636356960259,0.5397462500000001,0.52772275,-0.01046600000000003,-0.0061869999999999425,,3.309377014530668,1.4778069098743458,0.5873441933310914,1.7915093725787017,0.07250941086507326,-0.00273000000000001,,,,,,,0.025672841065724237,0.43634701705093176,15.157043042810628,0.02652721556644354,0.4657444741095337,3.404745632157462,0.16037269091966,1.0526687282147495,23.53430570524653,0.07652832246008588,1.3583450091440104,8.086658640642156,177.77053851998886,True,0.06996113052974486,165.9737720977698,True,0.08942693044603509,168.14547240525215,True,0.08761059534668164,168.23217808502386,True,0.08361456364174845,167.93188389098358,True,0.07792705992785817,0.019615700650244434,0.01799466659874531,0.014331527832021297,0.008185495586707022,0.0022091650006281034,0.004129233342885789,0.006228598879362863,96.35736852157046,,False,,,False,,,False,,,False,,,False,,,,,,,,,
168,5598,,,89.399879889216,83.8937247797043,168.11163545013773,173.02565142543554,164.50259010561362,166.11869451892642,5.905986384931814,68.50997056008596,0.5418017500000001,0.52524625,-0.009747000000000006,-0.00740799999999997,,5.506155109511695,4.914015975297815,1.6161044133127973,4.012091832707436,0.07323347598605437,-0.003143000000000007,,,,,,,0.0441635480673441,0.8297336237997327,7.466722165859098,0.015143931192025758,0.036634138282127485,18.186940525545513,0.11662288446527509,1.686331292237893,6.979623936206873,0.12419519311169587,1.5142658338369666,5.947175600229288,170.50864030427985,True,0.06766989218995403,162.8484273032896,True,0.07638243371351819,157.4917572070106,False,0.07305121406930892,157.01453941592516,False,0.0653377475124449,166.34807281099629,True,0.06022971294967291,0.009156024082537134,0.006344902836135466,0.003926705616671567,0.007542820228535257,0.003393392550236419,0.007713494214686358,0.005403412255232814,90.40220754624603,,False,,,False,,,False,,,False,,,False,,,,,,,,,
169,5631,,,89.1670052867981,81.71513693325826,164.48513801694287,173.16112199834745,162.72520741136478,167.66478442219014,5.0106607092658,68.32066691275611,0.539695,0.5243645,-0.009994000000000003,-0.007773999999999948,,7.451868353539837,8.675983981404585,4.93957701082536,7.022476448589927,0.07295964496898272,-0.003255000000000008,,,,,,,0.07554923690971424,0.8285719607154861,5.441029652398349,0.02871511955818357,0.7554422720644006,14.197483911321562,0.06322775997178501,1.352884476233621,18.97201966203934,0.17683143217997577,1.3332119516833296,13.575088232386534,170.25395556818717,True,0.06191292033978048,150.3349432903231,False,0.0675561668835644,156.29451166704914,False,0.06688950369078847,154.8339450905225,False,0.06355424509031635,156.95743819724052,False,0.059725662055769645,0.009114235733181394,0.008449346779485428,0.006693859275485258,0.006221702098300795,0.000733912801359937,0.0033397486432365296,0.0038577129234819755,86.33775724469147,,False,,,False,,,False,,,False,,,False,,,,,,,,,
170,5664,,,87.8020212365092,76.89296058390275,160.47327028650375,173.40364922050966,161.44773317009125,170.9009072100072,3.6560973898773708,68.79105906564361,0.53721525,0.52359675,-0.011921000000000015,-0.00810999999999995,,10.909060652606456,12.930378934005915,9.45317403991595,11.09753787550944,0.07287063897757448,-0.005444000000000004,,,,,,,0.09671262458584315,0.4712137612327052,10.494240912718954,0.060654798777597295,0.9729143512933532,4.120334018243627,0.04681282132775833,0.4895368034558019,18.746927798578692,0.20819781384426872,0.9323721320901376,23.964472666930938,170.69136210238787,True,0.05929998672006597,160.63832559439032,True,0.0715671796076945,165.02526343455827,True,0.07048508529469198,162.52050203685863,True,0.0672438992400054,161.08456127147775,True,0.06417939277525145,0.014635452025817368,0.01405202426698737,0.01271366170699856,0.012120177308934096,0.0012590003971405276,0.0036923753871999842,0.0034088684339528283,86.50582090272077,,False,,,False,,,False,,,False,,,False,,,,,,,,,
171,5698,,,85.7482752681789,70.88791787446429,157.1577912622306,173.41964834941072,161.76135207903948,172.40937399930772,3.516347385304801,69.69948126511063,0.53471975,0.5234105,-0.012925999999999993,-0.008904000000000023,,14.860357393714608,16.26185708718012,10.648021920268235,13.923412133720987,0.0732619273156255,-0.007635000000000058,,,,,,,0.10659713693024649,0.12964340957415582,15.06620228782117,0.08974346051754917,0.5117111321947566,11.042311976909515,0.03747854902432545,0.4237018125169203,15.644790061521073,0.22879183609054143,0.7925745883184642,15.202207810320262,170.87313391875466,True,0.06067228046645353,143.38416296379367,False,0.06770477209916595,160.35739732807966,True,0.06800670805148565,155.28209651587508,False,0.06387107818880153,160.66079144692702,True,0.062202983409158134,0.007681381386183074,0.009177387918138786,0.008014764625364806,0.010158259102818696,0.0025750504849420073,0.0046487199313359675,0.003319254133084705,87.52282127754144,,False,,,False,,,False,,,False,,,False,,,,,,,,,
172,5731,,,84.74897890081922,54.624343022379044,154.9462267773881,175.49062476681138,162.34226287325515,174.81231462438964,3.314237488576458,69.75293289366239,0.53169575,0.52297825,-0.012902999999999998,-0.009162000000000003,,30.12463587844018,20.544397989423288,12.470051751134491,21.04636187299932,0.07266710854987969,-0.010827000000000031,,,,,,,0.10538978361077933,0.539747985356395,23.069952448513362,0.09493682787648691,0.23724213348845544,18.565166629412484,0.018474447637755933,0.7880556759248046,26.180189736034247,0.19839447477380154,0.754751204442553,37.483975250886004,169.32253260982327,True,0.062189140402485084,125.32307815121533,False,0.06043186262229554,134.549559736917,False,0.05735869764909241,143.34073378379284,False,0.053331907166348405,147.24742177589138,False,0.048716795635591635,0.004580632707388863,0.006510160981112591,0.010521509492463535,0.015203989772424898,0.003082523641434086,0.004267681572001309,0.004853274461639307,85.0487530288436,,False,,,False,,,False,,,False,,,False,,,,,,,,,
173,5764,162.286195995468,,83.30933023460719,24.546004557783682,154.04719132019025,176.56159753827504,162.76937999531194,174.73464139080082,4.042508346317546,69.40060291803879,0.5283852499999999,0.52335125,-0.01661299999999999,-0.009121999999999963,,58.763325676823506,22.514406218084787,11.96526139548888,31.080997763465728,0.06349748372967236,-0.009557999999999955,0.06786643873514883,3.984795560694509,79.65357912144239,,,,0.07279496852998107,1.3948688027465364,18.439867017968034,0.10455192323698867,1.2422542040016735,19.452820088032496,0.04398077283704502,1.6816773262339682,21.566765119639207,0.22335591247276448,2.326668736636616,40.16313642294521,167.78277415007594,True,0.05813674363945749,110.93839994835929,False,0.055992684236425,124.35866160377968,False,0.05392479956383705,134.70883501052808,False,0.04989460461813478,143.5242162056972,False,0.04606451137263912,0.004393830333547289,0.0059555423766438405,0.009980471381653335,0.014694129882371409,0.002113910121078924,0.0043078024560093565,0.004718996715404617,85.56931318236771,,False,,,False,,,False,,,False,,,False,,,,,,,,,
174,5798,160.09476084889647,,83.02942113949088,23.251699054671693,153.1022932533144,177.82259017375563,163.37902588659938,173.27332892235378,4.841059013987251,68.99972353794027,0.523995,0.5234862499999999,-0.016108999999999984,-0.008755999999999986,,59.77772208481919,24.72029692044123,9.894303035754405,31.46410734700494,0.06362358017276303,-0.009923000000000015,0.2391879356602794,6.3456360050319685,45.845748384091856,,,,0.017968456972178755,1.7665485273625454,11.924908211552808,0.1409490816117156,1.4265384254080082,16.825504909861017,0.11560315556938769,1.9487942853505085,11.236097185689708,0.35423083929574295,2.5039569797659604,35.463124608336685,165.65340548598996,True,0.057075010127024955,117.1373468680864,False,0.05695966440385687,135.27894857136374,False,0.05579706235994866,141.8140513989288,False,0.050918453570390404,160.1702242659694,True,0.045592744905302636,0.006142198303539247,0.004574672993777823,0.007219832754295606,0.012535306338498494,0.0020476828367694206,0.004896681529362488,0.005501748267596439,88.18720714815076,,False,,,False,,,False,,,False,,,False,,,,,,,,,
175,5831,162.47505421684494,,82.626745791316,46.722499756882144,152.9456877267714,176.69992997995723,164.40408851279278,173.10466883791796,4.730363386773099,66.62655132115734,0.5199687500000001,0.52514875,-0.01989200000000002,-0.008850999999999942,,35.904246034433854,23.754242253185822,8.700580325125173,22.786356204248282,0.06256572541735608,-0.007546000000000053,0.49165933399303496,6.960427200059504,44.52557758910753,,,,0.06734676180373718,1.2398709534873642,24.379436583490325,0.16193278484930781,0.18892493114213016,28.681007077537924,0.1744544326428414,0.9724826464933962,33.337275288464745,0.3905673410451509,0.1325151545973885,52.193564309844305,162.27004643612852,True,0.05851639578784738,151.9919548081458,False,0.06150354040215896,156.2859321549265,False,0.05884377081730911,160.585088447496,True,0.05202624488659545,166.2073170488168,True,0.04548023198049896,0.010322818704210588,0.006655188952989976,0.007758533688784272,0.013613845782878562,0.00408566396072904,0.007106746442641669,0.006546190495242233,89.98227919966406,,False,,,False,,,False,,,False,,,False,,,,,,,,,
176,5864,143.68095518442996,,81.41352905649856,48.10043141283485,153.82294275417019,178.16305798963734,166.42704231239532,170.4818902852948,6.3407857277780915,65.78040998488552,0.516942,0.52659725,-0.019365999999999994,-0.007182999999999939,,33.31309764366371,24.340115235467152,4.054847972899495,20.569353617343452,0.06263744832765777,-0.007373000000000074,0.6956794431008874,4.024928770252771,105.87448132116278,,,,0.08287465509433994,0.3816482045988953,28.609783676837516,0.1532993774694431,0.5773521859747227,5.159424044820139,0.17975751410192287,0.25208473841963913,25.991015468421363,0.35144116648341117,0.9964778815222273,8.498979553965533,150.4277023629605,False,0.0402922513766605,144.55069317352246,False,0.0460182858981079,156.0070096642016,False,0.04620576224887973,174.74600186453338,True,0.0456761854909098,177.91594597975066,True,0.04451165560839096,0.006357267966666151,0.010091549435047125,0.013036680635806028,0.017447903942880986,0.005793497907136933,0.00406901511425062,0.005744186104227506,96.68932626849794,,False,,,False,,,False,,,False,,,False,,,,,,,,,
177,5898,19.377553364059064,,80.64187104793712,53.52724326398273,156.03523803561018,174.5195187859779,167.12925091091773,170.23533716858788,7.121957775561003,63.24270275986169,0.5037594999999999,0.52687625,-0.01960400000000001,-0.0064710000000000045,,27.114627783954383,18.48428075036773,3.1060862576701425,16.23499826399742,0.04615045926098675,-0.002707000000000015,0.748254607079592,1.2070851762367352,122.84637458557657,,,,0.07049439511471903,0.8335545362778221,24.160412553014798,0.16007522422339476,0.41838914962934226,6.633218528014312,0.15764672277577021,0.774020481118299,10.25485213572167,0.32824380594150965,0.6906850025830502,20.15291161846256,,False,,,False,,,False,,,False,,,False,,,,,,,,,,158.85520370470246,False,0.04436526931057669,125.89558223435868,False,0.04443086513899995,140.18459506148676,False,0.041874097100713714,161.74193330026628,True,0.04179866701223854,177.1779851067424,True,0.04239428680848398,0.0017868256770038051,0.004229043981800096,0.007310188848449784,0.008900346566285989,0.0057521374288172205,0.0033388650766390747,0.001839561360759642,93.69570040962253
178,5931,0.9672384382979212,,78.14591010473121,53.11251692619105,157.8085908326829,172.9880791228542,170.29766062447212,169.9587030890708,8.87696344920378,63.97937325426067,0.50407925,0.5282279999999999,-0.020318000000000003,-0.006326000000000054,,25.033393178540166,15.179488290171292,0.33895753540130613,13.517279668037588,0.04724808102981534,-0.002130999999999994,0.6930804709799816,4.429927059472445,108.50815677227934,,,,0.04738930409059993,1.683201429805108,29.939756489647003,0.16815828129227844,0.7065046735679258,32.14930602585811,0.12850835830162652,0.9391593323838906,6.1197699151677485,0.32405213576708486,0.7236580143790909,7.980650730750877,,False,,,False,,,False,,,False,,,False,,,,,,,,,,,False,,,False,,,False,,,False,,,False,,,,,,,,,
179,5964,7.739713995407078,,75.01631375476394,50.21605655769445,160.95757407018425,173.35622471140374,174.6090482199808,171.75493346644734,9.67741998818206,64.27520633872265,0.5039895,0.5285927500000001,-0.019822000000000006,-0.0064110000000000555,,24.80025719706949,12.39865064121949,2.8541147535334517,13.351007530607477,0.05220852713877304,0.007554999999999978,0.46637121610564436,7.2254675423027415,21.862246824109754,,,,0.06549497125688164,2.7960726519104226,25.61565821921452,0.13889931872724037,1.9718421966791255,22.74741074374944,0.09622739748970528,1.122028763123284,7.566542082691719,0.35796187866881457,0.29282369053023466,12.050443623549167,,False,,,False,,,False,,,False,,,False,,,,,,,,,,,False,,,False,,,False,,,False,,,False,,,,,,,,,
180,5998,12.869189196906609,,71.8800852630441,,157.4837421466091,168.68135532922258,178.1274456987034,175.69376796357395,9.245030222126509,61.05623722092531,0.495799,0.5286695,-0.019469000000000014,-0.0063590000000000035,,,11.19761318261348,2.4336777351294643,6.815645458871472,0.034192915201836774,0.00828899999999999,0.22923117685650224,5.796768647746004,65.72251938576471,,,,0.172599785058707,3.311134604068042,7.031145078495515,0.06460978873775743,1.7646083938282033,41.43497093471734,0.053467150549720587,0.4502431349105075,33.23245549229193,0.3287172162820957,1.2877776762700708,60.745350231427935,,False,,,False,,,False,,,False,,,False,,,,,,,,,,,False,,,False,,,False,,,False,,,False,,,,,,,,,
181,6031,7.945348397822947,,67.77121343937769,,156.23212144976515,167.09363861984664,179.37171442266825,176.4121546540857,9.60675623249945,58.95053084034194,0.4889205,0.52933675,-0.019077999999999984,-0.005599000000000021,,,10.861517170081498,2.959559768582551,6.910538469332025,0.03447377174026654,0.008367000000000013,0.12772276892648338,2.8778733599968995,87.282750353021,,,,0.28310880032252184,2.473421362612235,56.969628903527266,0.03462342452020952,0.8149651114892413,60.47464678662981,0.06608543914552834,1.118771351203921,24.53432501500296,0.4422756416993398,4.157935432108241,8.182229373949374,,False,,,False,,,False,,,False,,,False,,,,,,,,,,,False,,,False,,,False,,,False,,,False,,,,,,,,,
182,6064,4.185162615101923,,66.21808492282914,,150.30760327121826,158.2453545179367,178.13147632519798,170.16188625214824,11.896350977927579,55.711550384900946,0.47683,0.5293115,-0.018376000000000003,-0.006434000000000051,,,7.937751246718449,7.969590073049744,7.9536706598840965,0.018719730152969613,0.007344000000000017,0.08420737396523069,0.5832843388780722,62.342995657793516,,,,0.32975099873169095,1.6045232553946729,75.83830304613032,0.09219667006688373,2.25717954877428,36.09404448980467,0.1257381522528164,1.1880834259228783,17.922928846676346,0.6027763900585119,0.7477613158883291,122.19482449519518,,False,,,False,,,False,,,False,,,False,,,,,,,,,,,False,,,False,,,False,,,False,,,False,,,,,,,,,
183,6098,159.65684902720383,,62.67151818419114,,148.01371890626433,151.16608900499745,178.31386404215425,171.8067430999127,11.9214354741603,53.035353103801555,0.47061574999999994,0.5294385,-0.017854000000000037,-0.007185999999999915,,,3.1523700987331154,6.507120942241556,4.829745520487336,0.011350062246525336,0.007967999999999975,0.09340845657831057,1.2998976611421251,15.813258071198002,,,,0.2875367958890805,3.1267604754021745,65.3230765984215,0.17719249839893078,2.725950371189376,7.702892136726359,0.1429380631617463,0.5265178063264299,30.32502160062761,0.49151653025715974,4.040266719671354,74.1401063233026,42.89012207616756,False,0.028043103769019584,158.9394621295851,False,0.05793650214674682,141.17139194508636,False,0.05416767180708436,157.85868649875897,False,0.05447468698395613,164.08697276337037,True,0.05140928699174889,0.03485493652267923,0.035396084896496684,0.039278484403041825,0.04487194154480059,0.010459155319623086,0.007542786288898832,0.015898526881444077,113.04119281773687,,False,,,False,,,False,,,False,,,False,,,,,,,,,
184,6131,177.2269208746346,,60.70529108956312,,141.22418838652146,148.73740684049145,177.17102992761235,176.47003701500495,10.795393600157379,52.71452657527626,0.4706045,0.5284605,-0.015963000000000005,-0.006877000000000022,,,7.513218453969984,0.7009929126074042,4.107105683288694,0.00878535428995328,0.005081000000000002,0.13558701804117032,0.4764147788259755,42.42581681072021,,,,0.21217227319688806,4.588785279628645,53.57743285863767,0.27235240013205714,2.480218594839031,34.259675083817626,0.12855066389723055,1.0176665711878286,15.395510672506486,0.3331553419705513,4.2307141130171555,16.56301134006533,,False,,,False,,,False,,,False,,,False,,,,,,,,,,,False,,,False,,,False,,,False,,,False,,,,,,,,,
185,6164,156.3200768219203,,43.17181469898544,,137.9327369399628,150.23503757772534,177.56335438848006,177.6701302326352,9.188348672611244,47.20623303460494,0.4610165,0.5267715,-0.017208999999999974,-0.0062709999999999155,,,12.302300637762528,0.10677584415512342,6.204538240958826,0.023615194197804078,0.008186000000000027,0.12022891541028108,1.5019166194273241,26.596733693669773,,,,0.15780144723467554,5.763203047404308,21.950282757137312,0.33606454417582077,2.078819363733996,29.021201713864308,0.09681237913541395,1.0037768334956392,13.84952176660867,0.21232972046157772,3.1876639586795226,43.46371841191299,,False,,,False,,,False,,,False,,,False,,,,,,,,,,,False,,,False,,,False,,,False,,,False,,,,,,,,,
186,6198,166.58604059440088,,47.73983594089987,,135.12796484211555,148.70743451080978,174.99526246098827,178.20006145022867,10.042689316658471,50.62062099778438,0.46573375,0.525299,-0.018183000000000005,-0.0072310000000000985,,,13.57946966869423,3.204798989240402,8.392134328967316,0.030455490555891553,0.011811000000000016,0.08887831956270069,1.5425647997074814,16.441803632132487,,,,0.27930694175162873,5.144712416001621,48.63084205877229,0.37903941284701514,1.145024881203463,42.77520657152936,0.07446947969887893,0.528633825345989,22.247533828717696,0.12106442683341465,1.514846245758665,56.19330471794934,,False,,,False,,,False,,,False,,,False,,,,,,,,,,,False,,,False,,,False,,,False,,,False,,,,,,,,,
187,6231,169.04050868584432,,47.23201908688573,,140.32408568512093,152.56688291010278,175.18955007231756,179.17955980547222,10.797376785995615,52.699995424721,0.46750024999999995,0.52419975,-0.020801999999999987,-0.007969000000000004,,,12.242797224981842,3.9900097331546647,8.116403479068254,0.02521317403660233,0.01373599999999997,0.0779588219336679,0.6769398807799002,34.26572222641211,,,,0.3906671993344023,3.400630169180092,75.06369374298471,0.3806451355260578,1.6904245745012954,47.59069477154426,0.06162924726690946,0.9570353394752519,22.767619411836563,0.12473199984860761,1.03914151649475,64.39035327173154,163.28327733383742,True,0.032013151422501336,144.50859851179828,False,0.04216366599336447,102.74926207541105,False,0.042483906058647665,87.06619825917036,False,0.04536202034742279,82.81309834586214,False,0.04729392208307531,0.021751000206887056,0.025676015617692737,0.031181079038416885,0.03485486379258999,0.0049652689755943814,0.00563894812886232,0.0038195549478964195,108.28305434323529,,False,,,False,,,False,,,False,,,False,,,,,,,,,
188,6264,167.2485309160233,,45.10169130426387,,143.96433243369157,150.18134032055463,174.61259567710576,175.04810659480054,9.941525778942337,48.70878819694808,0.46299175,0.524962,-0.023480999999999974,-0.007927000000000017,,,6.217007886863058,0.4355109176947849,3.3262594022789216,0.024633501354862232,0.013141999999999987,0.06647713507737424,0.9406220321492984,33.46300874979005,,,,0.43322654599145033,2.308775546325864,68.04537488393815,0.31700873292698944,2.97598066131564,5.9266541168039515,0.05806868941678255,1.5509361439649556,16.385423144250517,0.17167692678955904,2.981467040477436,52.72395412996572,163.84445350789434,True,0.028816989225108128,138.59825972815912,False,0.030126027019837805,154.95531578924397,False,0.042031164306975795,155.65950533040723,False,0.045330812920131906,148.17941179729743,False,0.04611488298803325,0.01218978998998749,0.026044019601436298,0.03162193725880816,0.0370085209242412,0.014687301624192234,0.0057536236408024044,0.00762583431501103,102.86677659979742,,False,,,False,,,False,,,False,,,False,,,,,,,,,
189,6297,170.3312312927065,,46.769979233298585,,150.23486326918783,156.88403787351498,176.3900869113135,177.24074271161996,10.421300726178632,46.85990550771411,0.46024675000000004,0.52652325,-0.024743000000000015,-0.006959999999999966,,,6.649174604327158,0.8506558003064697,3.7499152023168136,0.0207237525559441,0.015063999999999966,0.04085309656935089,1.8766553804469233,10.48533299180701,,,,0.40432743295807666,1.7464759323833206,65.97682728658927,0.27196356548173334,1.792420152054674,40.782424059015334,0.11305978946742565,1.6657886901145316,11.934367017840344,0.3215084663711614,4.051500323090218,26.634489346144573,174.90137755843895,True,0.02502986210509358,153.86486025365295,False,0.025290287878946733,158.7407798045524,False,0.03438651206505251,157.96505901234121,False,0.04431037445113725,158.76048221668174,False,0.052449184559914735,0.008744004803292375,0.02237334407280237,0.035301725694362296,0.045114609451928085,0.013897903618891608,0.012928490708508827,0.00982434633957904,99.14164022352486,,False,,,False,,,False,,,False,,,False,,,,,,,,,
190,6331,166.90560667046603,,44.166230406174236,,152.4959950409091,159.7924738176383,177.55363710906875,176.39499107393613,10.151507259525403,44.45438047297454,0.45737425,0.5281075,-0.022812,-0.005618000000000012,,,7.296478776729202,1.1586460351326195,4.227562405930911,0.021560070987823737,0.018630999999999953,0.08100072487054162,1.6383659364143495,6.726278779112663,,,,0.3338424726102207,2.5519661716068773,41.28786131428219,0.2604381260624759,0.7578262410040466,24.054832565012035,0.16140969012805775,0.7546736885197786,31.264390740673317,0.4389179018179429,1.3903677462205066,71.45249647509654,164.69895883421574,True,0.02943018793687871,137.09012776253383,False,0.04319971668888584,115.4239691267392,False,0.05050615174411926,104.40863217081073,False,0.059124373890976634,127.49954803265167,False,0.06542168149016048,0.021212435032310652,0.030110496541903765,0.04058080849367098,0.048924963208979544,0.008898170710882067,0.010524404021131096,0.008787958181511806,95.59422789431105,,False,,,False,,,False,,,False,,,False,,,,,,,,,
191,6364,140.14688312288075,,20.62474918227312,,155.96369018855916,164.07073625293248,178.76822095518162,175.6889079227853,9.525093646190845,37.629730329914565,0.45046675,0.532531,-0.022485000000000033,-0.004632999999999998,,,8.107046064373321,3.0793130323963283,5.593179548384825,0.022479531245112715,0.019893999999999967,0.11544239075863559,1.9442349853646077,40.80215556150082,,,,0.25909385672288765,2.9054517734085987,6.16568623842042,0.22182599030723568,1.5833715984669012,18.504842046885337,0.15921160243836285,0.6004406159940874,23.629090317444295,0.4089018219812099,0.8548679731690642,34.36195744180266,165.1461308095166,True,0.023750943833877408,163.86243244324075,True,0.033410925593284596,178.21498264658658,True,0.045670961156954015,176.82491494153976,True,0.0485733914195828,173.2203621985253,True,0.04915123853983745,0.014597426965051034,0.028957693036566305,0.033829350348476984,0.036917332528231234,0.014361397703566365,0.0058367032646863305,0.005664929655344344,99.4079514356674,,False,,,False,,,False,,,False,,,False,,,,,,,,,
192,6397,54.905581640561536,,62.254536627459274,,158.0705200110959,169.24562542701983,179.4395650766873,176.5824487198897,9.158179652558891,33.04842486701377,0.44637825,0.534633,-0.019357000000000013,-0.005184999999999995,,,11.175105415923923,2.8571163567976043,7.016110886360764,0.017255161575598203,0.014676000000000022,0.20766500626910406,4.040281013886156,49.9248822640849,,,,0.19599905693691916,2.2620707652623113,17.261363088367897,0.16289457992836098,1.9320561385568094,6.585761470242872,0.13268959377925826,0.8918018631259055,7.960028560100532,0.3896287812762997,0.9876545450436687,20.014909870708873,160.5152985946861,True,0.020559311491389988,147.80630348782134,False,0.029021946127026032,175.5200563743627,True,0.04248691121980981,177.03248899822125,True,0.04571071581150314,174.4123727321736,True,0.043721802799061286,0.018057151547240198,0.03454089848281306,0.03984509456633276,0.04065042510232828,0.016484793295640676,0.006177991987693124,0.005938841974661405,100.78021805220624,,False,,,False,,,False,,,False,,,False,,,,,,,,,
193,6431,28.333291094018787,,86.1643600782163,,158.61688819518943,169.67871526795798,179.49903373429194,175.4330573946425,8.662947242712407,28.729132746514875,0.44335275,0.53703125,-0.016547000000000034,-0.003337999999999952,,,11.061827072768551,4.065976339649438,7.563901706208995,0.016342774856186435,0.012570999999999999,0.385592654075213,5.1896254155191235,9.934030176569577,,,,0.15793872659433456,1.8058231898638804,14.660933226557239,0.11981392491195542,1.653755830317704,23.593236913394616,0.10377909096588593,0.8501609162572865,6.277786247870995,0.3464383709256412,2.0605784360645925,20.58034677512718,165.82010926352356,True,0.05415860273308388,155.44976573732805,False,0.0803483931139883,142.8736900588199,False,0.07411902238966728,153.31623652821028,False,0.0719821024560967,163.60671534085145,True,0.06973926211252886,0.03015113705981916,0.022320150761139593,0.019394081674572804,0.01708937359881867,0.008201357204755795,0.0033481878680862664,0.0023173575468623743,86.12149467676655,,False,,,False,,,False,,,False,,,False,,,,,,,,,
194,6464,24.1305744172112,,87.94020894743106,,160.24924494557428,171.629611184415,178.77272146043524,175.89654206036025,8.493181128127485,27.787573165462753,0.44177725,0.5371345000000001,-0.01624199999999998,-0.003149999999999986,,,11.380366238840736,2.8761794000749887,7.128272819457862,0.009293114924501938,0.0005119999999999569,0.5537911837831128,3.9879325492766813,50.680462825984954,,,,0.15484311042578436,1.2898538697452442,23.135778548632143,0.058520132073432186,1.814932634965715,8.379961881119641,0.07743142459490338,0.5869009661229873,12.86786935437345,0.25256314765736215,2.2900381254627638,17.174944131930644,154.31646036587398,False,0.017923972467062104,172.97211811365713,True,0.039710085532519285,176.79964650063724,True,0.04361403206538004,176.85097929388067,True,0.04391348140377847,173.9168605182759,True,0.039675647795593696,0.03668412803924878,0.04130465082772158,0.04311827716873669,0.04160292279395766,0.004662611500007294,0.0038010253879709574,0.007035936966744395,98.25334179818913,,False,,,False,,,False,,,False,,,False,,,,,,,,,
195,6497,19.132826084530596,,91.63885540298564,,160.65678658431966,172.24259524303253,178.55500183507053,175.38216935309,7.020333677718111,18.378891420667948,0.4358555,0.5389714999999999,-0.014510000000000023,-0.0029799999999999827,,,11.585808658712864,3.172832481980521,7.379320570346692,0.008359103420822106,-0.005620999999999987,0.6456616916179737,1.9588922249302423,58.40261296653281,,,,0.15315329548907983,1.0202011578618024,46.788403573937856,0.009468179302754166,1.11613224853283,32.54250657222345,0.0652190828889811,0.1262113054483796,14.558138339378914,0.19584993883135837,0.9677484445067495,29.626741387762358,170.4942969040897,True,0.07232817130966329,173.69687807963328,True,0.08226037508424093,176.4537087577345,True,0.08401326519663428,173.06011432753948,True,0.08243139863547144,169.36291489629747,True,0.07323197800141684,0.01033627631209618,0.013908028328990425,0.014510099723985339,0.01698254165312129,0.005262325341519684,0.0035495027820808497,0.011967610496669777,95.83520444578586,,False,,,False,,,False,,,False,,,False,,,,,,,,,
196,6531,16.283849549870922,,93.86945495292483,,159.1638425606176,173.17364581913188,178.15455566633523,177.29930758514652,7.2653694220794245,15.936181831310956,0.43414325,0.54084925,-0.013714000000000004,-0.001710999999999907,,,14.009803258514268,0.8552480811887051,7.432525669851486,0.006480512402580508,-0.005574999999999997,0.6792582285958249,0.4516827355241632,63.5334811772688,,,,0.10402522966328495,2.871547716584674,39.73600320159368,0.046884086617573935,1.2317997184419254,18.462553884171268,0.07451580318857318,0.43074363208113076,2.893980462350064,0.1879047698702928,0.3681590898588792,3.44916571565611,178.13817724591522,True,0.03000574388346339,169.41802046130763,True,0.03915437888665838,175.30964095758043,True,0.04334064942983664,178.6174751763126,True,0.04264144412423203,178.4522487933471,True,0.036129908995180156,0.009322403123658608,0.013443187308075397,0.013969693661637701,0.012061778061297585,0.005857535744662629,0.0051824127585517465,0.008779728070959836,96.08289522640091,173.3822678722733,True,0.07035929272668966,171.01256869515834,True,0.08073122444878437,173.67973716443052,True,0.08290600910066773,174.71370264276084,True,0.08111015204646091,177.131910734588,True,0.07085729970863977,0.013193280865652754,0.016526264248159617,0.017580362510483116,0.01949905497710079,0.003448171979469693,0.00398920643737575,0.012422789743048874,80.37071350767444
197,6564,14.535897620216149,,95.21097816200027,,160.90971348690132,171.92813498959944,178.27771936158967,176.2377912524717,7.086865674570981,15.417048042437834,0.43537025,0.541413,-0.011110999999999982,-0.002051000000000025,,,11.018421502698118,2.039928109117966,6.529174805908042,0.009515820353495548,-0.008286000000000016,0.6494942682214648,2.377524648936719,65.83251224297216,,,,0.056062925866654734,3.382123444132951,16.0690564942754,0.0919963758612801,0.6891267085092084,24.71674460163543,0.08917325917611649,0.2399572099476468,11.053507680582392,0.1737755120175092,1.1988345447434896,22.42120519386491,,False,,,False,,,False,,,False,,,False,,,,,,,,,,178.88182993119108,True,0.06454273013283525,171.85466302154597,True,0.07903999702682181,175.41441848736986,True,0.0807331469595977,176.36413104252654,True,0.0759145538747347,174.55332118772773,True,0.063150125138435,0.017702200569420744,0.021925670457251707,0.021300046596193167,0.02210613222614938,0.005296489403369003,0.006349809445959796,0.014182264452477224,73.18199465270686
198,6597,13.427526835684901,,95.93351015120001,,166.00919814594803,172.44902404540247,179.91311921037925,176.99850006014174,6.675908275926703,13.179571240746737,0.43384700000000004,0.54257125,-0.009691999999999978,-0.001730999999999927,,,6.4398258994544335,2.914619150237513,4.677222524845973,0.01063694580224974,-0.009953999999999907,0.5237527934340986,4.27430414013071,20.98367162924383,,,,0.12545831835017768,1.8459309854701391,26.794219696051876,0.08892287921714727,0.5320931952962599,14.422899230957634,0.08489431945496485,0.3105592723296242,9.90733593403755,0.10927203018626663,1.8060145463174797,0.6809714757259905,,False,,,False,,,False,,,False,,,False,,,,,,,,,,178.44905759698278,True,0.06442138596770486,167.61762024010096,True,0.08151712927354592,171.83327291672094,True,0.08304785440334986,174.59218559278847,True,0.07907778252454986,173.6298544825403,True,0.06628011720719874,0.01849704908897629,0.021449391343345812,0.021535882080843588,0.02078899163018734,0.0042391216071257015,0.007325376440839047,0.014585461322837888,73.2647871459244
199,6631,12.130608156327114,,95.40787678117044,84.86664683688885,173.31136418975464,171.96139915998327,178.1628749331184,174.44892685011985,4.943372116198487,10.045111062630987,0.4344925,0.54397875,-0.007838000000000012,-0.001802999999999999,,10.541229944281596,1.3499650297713686,3.7139480829985416,5.2017143523505025,0.01633053560052464,-0.015987000000000084,0.36363603287470003,3.722404778358519,31.324171289356496,,,,0.16755545884160158,2.4154641682441773,27.697817692629393,0.07358928307833734,0.5908845148945482,3.50917567173022,0.06860311099272723,0.44440896409286573,0.6785132043245682,0.05350660305826354,1.1625383536214422,14.106774104964616,171.6164855132957,True,0.06559166825900987,101.27850769408532,False,0.0688920951125744,172.6206604907854,True,0.11074270994065478,170.9706845190233,True,0.1115785325275431,172.21587843483525,True,0.10152026099749745,0.003961145793832885,0.047767250810571045,0.04995381178648932,0.04153176100287588,0.04386571902978454,0.005108902230420934,0.01047431467925225,85.39651299451569,179.781619890686,True,0.0656406418311095,158.11459872923749,False,0.08035482930726694,171.1061264427399,True,0.08817597677939272,173.5403014116291,True,0.08247154576579732,172.67400971352166,True,0.06764551658461927,0.015388932679039201,0.024850090804663088,0.023573327406202115,0.021619980249759745,0.01008755520430991,0.009358720104800631,0.016588861594455516,73.7518973962568
200,6664,11.87321289734467,1.2580840625304,93.9423699338117,86.41334974147648,172.01369643278716,172.48838869878844,178.6480333874676,173.87266056518837,3.800890067829951,9.823205035536304,0.43616199999999994,0.54474075,-0.007311000000000012,-0.0024359999999999937,10.61512883481427,7.529020192335224,0.4746922660012842,4.775372822279223,5.848553528857501,0.0182684653159481,-0.009002999999999983,0.27440613438540673,2.231977284662828,30.68331187954114,0.059787760437746196,2.30282780394211,53.28110637201122,0.28362085626332856,3.102352284668677,29.450077592757108,0.08152360408073998,0.7278352078698633,13.049412039035325,0.05672835986918873,0.3525466710583514,3.6114665949735003,0.033361834653174556,0.864903016301564,4.152873175420864,172.88039297777442,True,0.0679504130966103,162.43107867411376,True,0.08880804775469388,174.1983003367245,True,0.11040398283123658,174.6697361046135,True,0.11137860611894901,175.55570044638645,True,0.10096912557806959,0.02495455537572248,0.0464781835380859,0.04870313654170538,0.04058303586475511,0.021997800458227624,0.004025858914567129,0.010940376090427617,86.00395493738083,179.59705515294516,True,0.06831661198420193,159.21074384729673,False,0.08215812279379317,172.62958808030416,True,0.09008132919201405,175.14000442679134,True,0.08517914295178133,173.7462932982242,True,0.07170514015745313,0.014670523167222045,0.02470967956085224,0.02414670141033758,0.021533445799499888,0.01074334705759804,0.008392686876084453,0.01478668079725806,74.54214896248048
201,6697,11.560661532398525,1.9171742182078164,93.97781454104214,86.82386740964057,173.5372605843452,173.16634270098643,177.43421132324968,175.1588383618642,4.015090418334684,10.295446586932911,0.43661125,0.54518775,-0.006627999999999967,-0.002319000000000071,9.643487314190708,7.153947131401566,0.3709178833587714,2.2753729613854716,4.860931322584129,0.01864619918374785,0.0017700000000000493,0.21703967000845317,1.7200476584038757,15.90863807035393,0.10609097344296496,3.1779898678287366,11.183626940463538,0.3671297642641081,2.225730092693301,78.15766702374118,0.08225304745441721,1.36762609866774,13.215921470231534,0.04621553987006579,0.25140839502450935,4.484012944670877,0.015243391406539313,0.8885986848302149,9.141294403977797,171.4960123055725,True,0.067732564826677,125.53547317081475,False,0.07703246326711874,172.98297871500753,True,0.1091239957113008,173.67085976748646,True,0.11023386806240629,177.27211127289218,True,0.0994831606303298,0.011844997467285486,0.04495049127651438,0.0476382048570262,0.03957216128795593,0.03344202698701139,0.0051035066375972864,0.011502293032260991,85.38146458545695,179.73288302071958,True,0.0699568862443148,155.14292112241935,False,0.08259202966388464,171.60929622617257,True,0.09350682525356105,174.1693658533597,True,0.08883723505940516,172.80725644031213,True,0.07538394827813147,0.012906209706958886,0.025692549776151073,0.024901474374020526,0.021068842896561725,0.013605863184671548,0.008598274478056606,0.014784571586623697,75.9674206674435
202,6731,10.174540136005696,6.356930878820487,95.01028590139002,86.44941799205849,176.4524060265972,174.3947931714896,175.82095185793293,176.5741344411134,4.424295636851279,11.545915883789812,0.43787275,0.5458602499999999,-0.005309000000000008,-0.0024840000000000417,3.817609257185209,8.560867909331535,2.0576128551076067,0.753182583180461,3.797318151201203,0.02464490513270439,0.0008569999999999967,0.1599793479224514,1.1729544957634916,18.77467360006258,0.19453886320916053,2.666344724426621,20.68370028466295,0.3850765779203835,3.8823563969664203,62.33175157249583,0.09821938931838135,1.4540681804073465,10.76756599900078,0.039886569616713344,0.1651470174600112,3.5245891615546276,0.031697785592645376,0.26204573320173885,20.424685751066917,169.392236481953,True,0.06805438326074227,114.86028683115954,False,0.07622417523332085,171.20813537283348,True,0.11001986239311518,172.70879752809236,True,0.10950684505545759,176.50526498125853,True,0.09703602045117062,0.009302632584381718,0.04490281006796792,0.04614584710458787,0.03656798627214796,0.03562361852760046,0.0055719394289601015,0.013130253044020107,84.55894709810434,179.63328221512162,True,0.07145185052887014,155.1345304286024,False,0.08434338547864913,171.03793231676875,True,0.09510162928152177,173.83273567986788,True,0.09095736067520868,173.4429785360473,True,0.0778846057253935,0.013246782628245997,0.025887423433010856,0.02528019677534177,0.021633244624882312,0.013364002469320319,0.007874594910216056,0.014626100642344823,76.91646962183849
203,6764,9.709754130628859,2.1700615364445452,95.81144722705542,86.08018731635813,173.6101574819368,175.41351922647675,173.11346201274836,177.04980620453694,4.722303040745315,12.010176581781115,0.4383855,0.5464942500000001,-0.004736999999999991,-0.0022339999999999582,7.539692594184314,9.73125991069729,1.8033617445399557,3.936344191788578,5.752664610302534,0.05127381017634636,0.005508999999999986,0.13862452912514162,0.4639348947311217,14.3747832250555,0.26819606409416474,2.0101553479367196,30.93133679424469,0.3905841911204789,4.433027155327526,31.395217505350875,0.12647150076469887,0.6467375379148926,24.59115663415457,0.03823717825097937,0.16774564426855557,2.4256935285833894,0.02482306736689923,0.4859878544965358,13.707224241007086,171.32366908438874,True,0.06916948891671824,120.0303743713739,False,0.07788240091959167,170.4727124718874,True,0.11070444687093653,170.75764121393422,True,0.10998885153050743,175.012488785181,True,0.09679900051653434,0.010530008926871814,0.044738301822934645,0.04572662692567644,0.03563874613394809,0.034364156005931484,0.005186985637149972,0.013794624025322274,85.96015236943889,179.36178800822745,True,0.07101268464154838,149.0550458982769,False,0.08174750380286849,170.82303133858352,True,0.09700139873733779,174.1392437577864,True,0.09382045240244795,173.51203539860464,True,0.07920519296738061,0.01082743598457177,0.02793556809875181,0.028032906039153378,0.0218338417370833,0.017888491971096963,0.007957929504588498,0.015833556770353276,77.94837180295183
204,6797,9.379555853267533,1.0637632163442263,96.12927128566906,86.38033247431353,173.26042038713763,175.65222518537504,171.43215967684955,176.20737149764818,4.571340100443257,11.127943918307796,0.43864175,0.546953,-0.004367999999999983,-0.0022339999999999582,8.315792636923307,9.74893881135553,2.391804798237416,4.775211820798631,6.3079370168287205,0.06820660713596596,0.005444000000000004,0.12948388454235335,0.2263849399555589,13.046955524397594,0.3141926678772661,1.1390305181826856,50.381835213186115,0.40965510300645214,3.1349143288537267,49.50119498608808,0.130261846117892,0.32513139042749495,24.421742201225953,0.03684735858463045,0.2786611760461018,2.422279003903148,0.007288392473651398,0.6602715677645291,2.8764494738112085,169.44293462421504,True,0.06875214493381283,114.81532463525949,False,0.07623337458751259,170.0115522535632,True,0.11027694463032613,170.51779028902553,True,0.10889989302565917,175.73430993443012,True,0.0953062098501457,0.009368167376813912,0.0445674554804288,0.04509631514880124,0.034649334264888865,0.03545928200062714,0.005838499807313499,0.014132118630976732,85.42825091944341,179.53062918609638,True,0.0721712553929887,148.2513412668038,False,0.08226895623502224,170.14636101884332,True,0.09796405489770217,173.9258292715249,True,0.09529317349107438,173.01208127315786,True,0.08035556884871144,0.010145146869316406,0.027690847097913092,0.028021742290585714,0.02170885648761814,0.0184072751921625,0.007385391661922855,0.016267305769548927,77.91407812266458
205,6831,9.28526245063781,2.364109726946253,95.56068251945123,87.25992234479548,173.29560466036594,174.85893880338614,171.12248324327805,173.95655461640968,3.697716775729142,8.897526734804144,0.43933675,0.5471085,-0.0037499999999999756,-0.002433999999999936,6.921152723691556,8.30076017465575,1.5633341430201995,2.8340713731316214,4.904829603624782,0.083007379635789,-0.0015450000000000186,0.12347133235424884,0.4102232594537325,18.965127102710998,0.31273466236410286,1.5620137470603257,60.428067250754985,0.4193236065222815,2.593665144900089,45.59918471120669,0.10684088029370076,1.2149618296691491,22.52204912935289,0.03948471851375129,0.3206567268006197,2.0547715832560685,0.020715591002230305,0.3350465536922657,11.890558853846818,169.43834125354982,True,0.06926913460553696,117.94224943717356,False,0.07802347700532192,170.0719686526099,True,0.11058198215351354,170.37485549402493,True,0.10873204438894722,175.82618435258578,True,0.09472477025572558,0.010404990197016068,0.04429767400214145,0.044290976507636394,0.033641321273101064,0.03402378381367948,0.005716052658959679,0.014587431747912284,84.85682537446742,179.19418218664026,True,0.07257660851817203,150.1724742935203,False,0.08388793311317189,169.8144491186262,True,0.09917827863499144,173.32767216480778,True,0.09706916314669659,172.95064511811196,True,0.08219961579593911,0.011377231737114258,0.028456726533457755,0.028892279695448022,0.022507591274945424,0.01796860832118056,0.006591370798248264,0.016549201702801244,78.24498310889587
206,6864,9.14154736545819,2.821509336054255,95.53967189014458,87.04689375711577,172.9415657232247,176.22522535655722,169.13370518061322,174.05854571776368,3.6505426873805638,6.385078227948904,0.44109775,0.5463555,-0.0038409999999999833,-0.0025330000000000075,6.320038029403934,8.492778133028807,3.283659633332519,4.924840537150459,5.755329083228929,0.10521138543902936,-0.02285500000000007,0.15687779847642355,1.0445834594670478,6.141782250826516,0.21773034426384655,3.2345818614580475,10.554071218469849,0.3803306288603498,2.896392746957852,40.800106132466226,0.06664094063966605,1.8281323752740066,9.066633628530624,0.04444947837827954,0.19008426738639012,4.09515903346032,0.022669458006141896,0.16956018794391764,11.116520901729853,168.62182910012262,True,0.07044811634813238,145.96449352281275,False,0.08621532414252114,172.0435724165339,True,0.11269096170500982,171.47937839199034,True,0.1113954706664503,176.75292421110163,True,0.09746428089305328,0.018007529647344696,0.045218681725587705,0.04551435087969505,0.034730961936001704,0.02735065149132652,0.005039984622992376,0.01452277056900645,84.4660463073857,179.78262157356136,True,0.07211388071654447,152.64587575173695,False,0.08520207155345463,169.60279827517783,True,0.09945789561417437,172.71448459650557,True,0.09746988277924624,172.68652295831768,True,0.08236540915335758,0.013211859407365785,0.02919878148142488,0.02974730335677502,0.023055114335001632,0.016867921063367614,0.006682850664200088,0.016832960048666433,78.42470345405364
207,6897,8.926456753515723,3.4596156534597156,95.74037509997042,87.29466098564883,175.49045027735434,174.9355918522988,167.63141383637907,173.09465074720245,3.3875673536503528,4.672081508267304,0.4411305,0.5466314999999999,-0.003041000000000016,-0.0023889999999999745,5.466841100056007,8.44571411432159,0.554858425055528,5.463236910823383,4.982662637564127,0.10710609182488177,-0.023665000000000047,0.1924112775095551,0.8146218442350267,15.607942076888888,0.09997651017680248,1.9750837217035473,51.95952778940877,0.33643255751232387,2.209356152452126,58.49926178403403,0.07539136409032612,1.6480683385170303,19.19038695099399,0.04904485792063963,0.29634230736471645,4.981280161624999,0.011666714973222891,0.4215325643668866,4.067812352948218,169.036087692709,True,0.0698822039220287,148.4987420084949,False,0.08505577808120977,171.9177276250916,True,0.11189063721330754,171.18878706224302,True,0.11135162443808355,177.40275352869608,True,0.09799809502740346,0.018044705040537557,0.044935509132533476,0.04571416870074311,0.03549962639240023,0.0273449968550007,0.004259792131078706,0.014126967473594638,85.87795741236471,179.99089801765138,True,0.07218000435716249,152.82010928620736,False,0.08542544342875835,169.17603682434446,True,0.09926018436916184,172.5272403842497,True,0.09831028033730754,172.53970930420377,True,0.0838194119819508,0.013328562488130517,0.028864823470792313,0.030049523540315953,0.023159867529845692,0.016575775215657392,0.005832395134076568,0.016279814648822017,78.37062867733093
208,6931,9.171079869077564,4.394055204029704,94.98625963570217,87.36922230948453,174.43156441738444,174.39293880164936,168.0220777033085,172.20300652010582,2.921548975024713,2.8196740598251684,0.44307575,0.5465099999999999,-0.002614000000000005,-0.0024700000000000832,4.77702466504786,7.617037326217641,0.038625615735071506,4.180928816797319,4.153404105949473,0.11465344471057114,-0.02957999999999994,0.2114440489130827,0.06250444314234242,16.75918717100109,0.08972895435852787,0.43457549539257184,41.10628997972409,0.25464618830503755,3.0329480622834923,34.16553914985371,0.11196187572551171,0.5579927954987329,39.98305636437213,0.06427418544489005,0.46918697497167683,1.1048564926649045,0.007070552326279353,0.3998518269667423,2.1227168931267433,169.47150377905018,True,0.0704281434726204,113.7906654835768,False,0.07764415272253279,170.10522995271566,True,0.1114725923355154,170.56289132638966,True,0.11120418974121432,177.50109928353157,True,0.09761740464179534,0.008743801061323338,0.04375550841894079,0.04499782053611036,0.03436875936079159,0.03519766540553511,0.004917996543309078,0.014174920281962754,85.09467039089381,179.9872209986724,True,0.07214940276953094,152.91279268670345,False,0.08617459283338678,168.74528728194716,True,0.09969146042164292,172.11376802645438,True,0.09841620306636505,171.9063800587467,True,0.08393428673670851,0.014103915555617871,0.029198958354708475,0.03023336041527637,0.02300835174452962,0.016156279058000968,0.006416861927764987,0.016072910377402074,77.67955673871543
209,6964,8.935246076487102,4.55275206169905,94.64503940902172,87.89506691513948,174.53366944208707,174.39863056871832,168.25763720154598,171.3559551193931,2.4421213594104794,2.5545097258564393,0.445198,0.546531,-0.0023980000000000112,-0.0026920000000000277,4.382494014788052,6.74997249388224,0.13503887336875664,3.098317917847112,3.59145582497154,0.11741493864070278,-0.03027000000000002,0.19247620282563283,0.3085106004401059,9.890602536588936,0.12071729851340247,0.8021566268903769,16.367845584011313,0.1347496937004754,2.89631793842897,22.979454671974814,0.09376999876859249,1.1332806976893086,25.335763154739134,0.08048005593634891,0.3662793268183427,3.1242294819111742,0.01605241313332448,0.3155476037736696,1.4662669682125637,169.71314701752075,True,0.07025810942517599,165.23972944779408,True,0.09381863327186127,172.47380000291463,True,0.11121962425759224,172.41702963258814,True,0.11022674714423897,176.77534528826075,True,0.09638120427240988,0.026789505725190222,0.04399905608078428,0.044234521111909834,0.03323801565978331,0.01758398080640447,0.0038718649253299186,0.014297709641757287,85.04734827205351,179.8931507758293,True,0.07125838983586422,151.46654579989806,False,0.08492024354651836,169.1891245979778,True,0.10037239864624138,172.77836308387927,True,0.09904019239177597,173.414787307478,True,0.08441904317154983,0.013674171638530786,0.03047498941755356,0.03149244298240454,0.023479448375121576,0.01795458275761376,0.007126599259113693,0.01613319599459453,77.37301364015129
210,6997,8.687090213556601,5.723009448443859,94.23841164900936,88.4479256429002,174.071576114786,174.26541790108652,168.86408619680705,170.09954434633326,1.7996543638020817,1.6323721520031627,0.447422,0.54627425,-0.001996999999999971,-0.0033279999999999976,2.964080765112742,5.7904860061091625,0.19384178630050997,1.2354581495262096,2.545966676762156,0.12018129733032507,-0.029047999999999963,0.19109231783631972,0.6282532610237443,12.947124868030674,0.1424392064486865,1.1773329792235776,18.005448314900363,0.07694765910977633,1.5243773162966867,29.23706825120572,0.037493532728810064,1.2258279949847528,9.985791200449937,0.08844184768071912,0.2636468242458859,1.493477724082182,0.02607277662553049,0.4873933150175386,5.937370363414786,169.99864058821865,True,0.06997057324332856,156.3004299171273,False,0.08793958417572834,171.41199425353145,True,0.11072389041214188,171.94633189918466,True,0.10988527072360521,176.72550530063552,True,0.09653892929279884,0.020946358370848114,0.04382792922327036,0.04423471652446748,0.03383058919084912,0.023234649491653596,0.003886074883478171,0.013898142933500114,85.0869533440024,179.50940692459125,True,0.0713275136605784,153.8092435083044,False,0.0866510556715843,169.3745310690176,True,0.10049959871064164,172.587288453728,True,0.09881750639436317,174.50870989247275,True,0.08464791112012157,0.015356279888045827,0.03050522820763682,0.031042653897500477,0.02344431978113249,0.01632428497668427,0.0068434474499334055,0.015820480176025,77.23407722845926
211,7031,8.564439867043689,6.820662152698771,94.11737174547203,89.37524744479305,176.25230292538248,176.6223104012568,168.94220055217795,168.76990262455996,1.1868445860843357,2.3553237402667047,0.45085975,0.54605925,-0.0011919999999999709,-0.003111000000000086,1.7437777143449171,4.742124300678981,0.37000747587433125,0.1722979276179899,1.7570518546290548,0.12103288903434468,-0.029077999999999937,0.23203641091614116,0.5892961688079961,17.140436544054968,0.19432370120646333,1.8816476565039295,5.546582759962634,0.04513910501860078,1.1556410336121705,14.979825794355163,0.014718180117048018,0.49239577395838097,18.02363340498962,0.09812598924022278,0.26840624387580975,0.9117360200239345,0.04817893605881742,0.7094811301536967,5.659797642849902,169.69289286928415,True,0.06944682328947807,142.53228765238885,False,0.08459156648862819,170.52273633768704,True,0.11014996948705887,171.20710288965776,True,0.10912790074036982,176.59177447607132,True,0.09458543571819081,0.017386290288615432,0.04355221377840632,0.04392703432967002,0.03238805343023883,0.026338055072461185,0.004446857991885928,0.014990021013994614,85.03513466349008,178.73578342681188,True,0.07008390674755507,152.97106826967755,False,0.0856535905435376,169.76513411832235,True,0.10004415943472163,172.74273751569473,True,0.09865076372740354,174.2664807154224,True,0.0843020752117052,0.015602561969112633,0.031199301690903316,0.03173494101144671,0.023959416103068995,0.01667062260385019,0.006353965454737704,0.01631326714671223,77.88520174005738
212,7064,8.447846835237769,7.594706215470369,94.16772137276463,89.93864199821161,175.63542041977485,178.27400052699795,169.27492086803676,168.12025281521386,0.9048311400657828,1.6271057209576478,0.45501075,0.546045,-0.0009819999999999829,-0.0033239999999999936,0.8531406197673999,4.229079374553024,2.638580107223106,1.154668052822899,2.218867038591607,0.12375533444664118,-0.026209999999999956,0.22511133712378845,0.605999042119283,25.225450029151368,0.25964879421564335,1.3730578541666698,29.99637143384696,0.016186595067455543,0.8189404732644697,16.067746691077225,0.005620284893069115,0.5477154411868056,15.123378702424606,0.1063690563807837,0.20371457184441208,1.353629410707927,0.07354474631284971,0.8594739945488747,4.668870043235412,170.45278835976052,True,0.07088725071548488,162.61822837561357,True,0.09409657456570887,171.97447114740189,True,0.11068143299126557,172.13820348947172,True,0.10907140562493918,176.05819977432515,True,0.09450663157683703,0.026381827552313324,0.04285244824977912,0.04253933949886857,0.031071440294907465,0.016795703260060302,0.004059301417731878,0.01495972329289549,85.28451255460692,179.6716657401738,True,0.07177413736158726,148.06835595659146,False,0.08269459649215298,170.21975955405148,True,0.10025047094652474,173.43097977065602,True,0.0994728398559124,174.46626616635038,True,0.08516686935657547,0.010920510107133305,0.02988468820315852,0.031130797500224752,0.023961706658750335,0.02009167474353496,0.006183229253391779,0.01636921271778214,77.51656682047759
213,7097,8.324330523037437,7.844832196386826,93.25992903550231,90.47101381011012,176.63309016754334,178.0113048576838,170.72149831898037,165.90860937940207,0.2641717960874821,0.11851728050696182,0.45848349999999993,0.5462975,-0.0008180000000000409,-0.0032719999999999416,0.479498326650611,2.788915225392188,1.378214690140453,4.8128889395783006,2.364879295440388,0.126410263451984,-0.03397499999999998,0.1964740436725592,1.1573100478007161,10.305520616917835,0.2761699552320496,0.47901026932232843,35.651474455292814,0.015423035492509136,0.16880857078152686,14.797809522822769,0.025396768048829652,1.0669214348082252,16.495123597167673,0.11157059942843515,0.25895996279876354,1.9323945333393104,0.10490290654183405,1.014998309935334,0.738787447820649,170.16631524989836,True,0.07110606573985095,165.02587975177957,True,0.09533792609974269,172.7448991959834,True,0.11106988798949965,172.9668851727484,True,0.10861551165924695,177.39676236469333,True,0.09300325985684586,0.027533496763033866,0.04318940343417582,0.04189951372032855,0.029913701292217203,0.0159509788100919,0.003961401393446498,0.01608248192910539,85.7811710393301,178.67793311648757,True,0.06996181456337448,145.37136270028714,False,0.0815867643003447,169.9793515293238,True,0.10038490584744302,173.39351375815954,True,0.10047611324090915,173.63138794733905,True,0.0875897730616994,0.011679270182678374,0.03155261778363248,0.033315329339509765,0.025834715326474973,0.021474065218304608,0.006002637586927954,0.015016274138413934,78.29014485794565
214,7131,6.954264259582531,8.202168813411198,93.3506928278631,90.96387558969988,178.7652066549022,178.3954198706602,171.43092428580965,164.36223681794183,0.810896274464883,0.509233481999914,0.46316149999999995,0.54674525,-0.0003240000000000465,-0.002899000000000096,1.2479045538286675,2.386817238163218,0.3697867842419953,7.068687467867818,2.768299011025425,0.12136535803102963,-0.028119000000000005,0.14916566904707756,1.1933655546095803,12.861676646807966,0.2502409647191459,1.1216152515427478,21.00944528070759,0.011556391624282722,0.2722206371055012,5.916662494272855,0.07342600736105728,1.4243454304745744,24.916399539380667,0.12319120806395413,0.3047372086344693,3.3464585058583487,0.14154474843251968,0.9015529148346452,9.297330529828669,169.58063974360417,True,0.06933449531798723,173.15215890740578,True,0.1018227609771017,174.00641835924938,True,0.10967749826194975,173.67240326094097,True,0.10660259318609465,177.62662245764628,True,0.0908749686382339,0.0362319363269478,0.043582211807112345,0.04172166833912568,0.029268768474262852,0.007857114483065673,0.004410363817192381,0.016034022732926374,85.89098286212133,179.15223953974922,True,0.0697870556263839,144.7338578804893,False,0.0809621280599763,170.49783933968217,True,0.10239962385184821,173.94955159068192,True,0.10182378520267256,174.1587547838495,True,0.08753444061053911,0.011253951705956448,0.033835960899610926,0.035488604734477784,0.026756659021634207,0.024242638490890384,0.0076429295430482545,0.01596931983523407,78.11660272869577
215,7164,6.905448120824867,8.307704460821782,94.48171620367462,90.93254226271229,178.5297354951669,179.99732249778367,170.99009695937883,165.09728352917045,0.51052050371236,2.754650477047775,0.46810500000000005,0.5470135,-0.00018899999999999473,-0.002674999999999983,1.4022563399969146,3.5491739409623335,1.4675870026167672,5.892813430208378,3.077957678446098,0.11620881786250135,-0.026143000000000027,0.11706094183261641,0.34752183531784897,22.289700733669868,0.20352267647559136,1.4633437319295133,12.435104147011867,0.004056998599946324,0.3663979549830672,5.945981409881995,0.11882779877891098,1.7253934524512207,18.12149058046514,0.13102540444275762,0.09148971884941888,9.061068580776864,0.16528450214030357,0.3971855259406758,16.323333842397922,167.2264264631171,True,0.0685026944944504,173.4615162215229,True,0.10195577554999023,169.72795606627176,True,0.10417263594629826,173.02034218297135,True,0.10689701025753708,177.16758180477433,True,0.09058540423269075,0.037536304093503885,0.038397242934877465,0.042776516185869966,0.029895380663239546,0.004289060503187166,0.006163786011859884,0.016684972220534267,85.42341641086415,177.95029360267364,True,0.07077165879079002,146.55952974201097,False,0.08295054818987034,169.7770501751558,True,0.10270776306102669,173.84811250928962,True,0.10194513678444893,173.61524965932583,True,0.08881805398678806,0.012264591676855747,0.033052631317339896,0.03435459867324896,0.026429746309792685,0.022595118101041194,0.0072250044290643875,0.014894559677949552,79.78080862433994
216,7197,6.596898115820571,8.103357090792976,95.35957542486005,92.12034374382971,177.58568325599404,179.47990381581485,171.67288381062866,165.0102668458485,0.640303970986085,4.005826347710693,0.472718,0.5476557499999999,-1.1000000000038757e-05,-0.0021879999999999677,1.5064589749724044,3.239231681030347,1.894220559820809,6.66261696478017,3.3256320451509325,0.11435642110524447,-0.025997999999999966,0.12687332263896614,0.32825198980963516,11.325707255523017,0.15381755748499285,1.8158139772115696,2.1976367617416552,0.012646525056407744,0.2691935653240717,11.486196756661275,0.15972347690580566,0.9544401631390025,32.99103560401886,0.12527952914119098,0.31700205218792893,8.272647499319868,0.16756027740133894,0.18667133016534126,14.341706301089141,167.5005611509584,True,0.06870492876788391,148.45965329600858,False,0.08587219754961437,170.49077498833955,True,0.10763201741117741,169.86482561194273,True,0.1062619862980172,177.7014079459602,True,0.0911004563435332,0.020397307886091235,0.04204651025947338,0.04214643786846048,0.03065980666931871,0.022123395851451035,0.004412754241967248,0.015692638082871836,86.75615221256707,178.73180890850415,True,0.07181856395111226,145.99178304919243,False,0.08383524473632793,169.90893486141195,True,0.10332626771542658,174.65823443689226,True,0.10251064109154721,176.25283448864766,True,0.08957156290363588,0.012103178590766971,0.03267634569531913,0.033887168441756856,0.026211121017613873,0.022423777112698943,0.006945045500210918,0.014726472286328495,80.11187411880063
217,7231,6.727164719162838,8.035372497630151,95.98765082833411,93.40051737665068,177.46322194205968,179.26652343647677,172.01458819864095,166.08948215196224,0.13554567853090566,5.969596931605395,0.47816824999999996,0.54819375,-9.300000000000974e-05,-0.0016559999999999908,1.3082077784673132,2.587133451683428,1.8033014944170986,5.925106046678707,2.9059371928116366,0.10937054159141761,-0.02574199999999993,0.13355748698636624,0.4557469528438085,2.9840302400650742,0.08186792447870361,1.571463040783587,25.788996486621187,0.0154849161170308,0.4689435885646928,6.050647897699889,0.15949189300539202,0.49680051295399713,25.01302867550844,0.11070423133500809,0.521828627742846,4.561466367784271,0.1536176819834628,0.5696115537531825,7.455461120988607,168.9430464284663,True,0.06860407149725155,169.39515460952947,True,0.09845722184278816,170.3532157525573,True,0.10713376365086769,170.8030183411121,True,0.1064111477477806,177.46815389668913,True,0.09136508598474577,0.033682902561982406,0.04145005577800822,0.04216775148143422,0.03056039634886951,0.00875770888988656,0.004384032504441507,0.015536865192180858,86.9031656698082,179.25676048422315,True,0.07353257809297861,147.61346099374504,False,0.08616994339675518,170.36057001054223,True,0.10489880451177694,174.79227244399956,True,0.10328998867750928,175.20226605424318,True,0.09059141589024865,0.012831501003390025,0.032250320510035214,0.03265853876094275,0.02499830830276318,0.021605233648354732,0.007373378126747608,0.014381366416304131,80.50398250930489
218,7264,6.858392231416071,7.893978233023269,95.91024197134911,95.08061651071706,175.697226852015,179.5740221671139,172.45231294443167,165.68527599314535,0.3764818161474722,5.7069807979628155,0.48330150000000005,0.548111,-9.399999999998299e-05,-0.0016279999999999628,1.0355860016071983,0.8296254606320446,3.8767953150988888,6.767036951286315,3.1272609321561116,0.10417217118789451,-0.023464999999999958,0.15528638118452348,0.25451415550789286,19.73027527501817,0.04853746625455549,0.1039880906015026,33.29013629021804,0.023964741235801612,0.3702775423460672,9.322226200234255,0.12712240676993916,0.9330097518363721,12.415618928991925,0.09053186123146399,0.5920202769069107,1.5082802317357038,0.1297030875750564,0.6749222282852724,1.269050165623862,170.06739428491798,True,0.06896696207605493,161.2208143186712,True,0.09174730663076709,170.27878503836686,True,0.1077823230451079,171.63927979331038,True,0.10560171834302698,177.2636688851124,True,0.09138592154703043,0.026074006213085085,0.04240896807280269,0.041762872422763234,0.03111341185084014,0.01649372611025173,0.004510244560996635,0.014675498219822046,88.02524126270723,179.99340583675,True,0.07253631309213335,146.1631866249411,False,0.08444206213730215,168.03813572793217,True,0.10242453636702485,173.59222989460864,True,0.10314031321457191,174.56863786147127,True,0.0893701552477112,0.01214609093494695,0.03063340126397984,0.03355916627391095,0.024603710492525348,0.020624632457331232,0.00839840746808585,0.015076679243122424,80.821581359465
219,7297,6.771092383741387,7.888916722519672,95.4766064727415,97.14427863961146,174.14061246494003,175.93628745428782,173.19772503123997,165.2094019752956,1.4643053037558331,2.4772727217281103,0.4862345,0.5480575000000001,-4.100000000001325e-05,-0.0016610000000000236,1.1178243387782842,1.6676721668699628,1.7956749893477877,7.988323055944363,3.1423736377350995,0.10132002801519553,-0.01321899999999998,0.15035438802428736,0.8524890544349172,27.54289544994919,0.07603793459082056,0.629810151323171,4.473368681684294,0.02944726099945037,0.8380466155169931,15.490832959604127,0.10078091557862938,1.1904181958528668,9.953217304945971,0.07163590631035427,0.5880373120284291,2.5282903165919732,0.10929766154491728,0.6320734748028041,1.7908171111043056,169.67026365514798,True,0.06898911233665793,158.96507655474318,False,0.09027071820363462,169.82543806423973,True,0.10682312428496,171.04919292802361,True,0.10449593939000698,177.68969010201954,True,0.09005604194056062,0.02439606164937286,0.041394036539095846,0.040687154852606766,0.029980531099365184,0.01712350048909392,0.004693548444407475,0.01487759432838522,87.83571394206975,179.64888914733177,True,0.07064090192657509,145.38201683881087,False,0.08397916622591585,167.08881601394327,True,0.10261462727116445,172.71848858276257,True,0.10325894979613151,173.61761176986272,True,0.08896074831070162,0.013697713860349136,0.03252962571257164,0.035277061555634155,0.025707349241024458,0.02128406920680351,0.008989827862645633,0.015814203394417334,82.22473168030604
220,7330,6.230731504301904,8.02676154845164,95.2516726305515,98.22985177189322,173.84450055369805,173.22289919889775,174.07506840138112,166.31159813143026,1.6402025518495542,1.8329763295519879,0.4888825,0.548051,0.00016300000000002424,-0.001583000000000001,1.7960300441497363,2.9781791413417267,0.6216013548003048,7.763470269950858,3.2898202025606564,0.09974334424912773,-0.013400999999999996,0.09982648910300079,1.5644133888676335,15.325527377743173,0.0899604120543206,0.2266438624747478,12.605230708544013,0.06811722991710223,1.3872102219900846,5.2664255459041085,0.059576280236804,1.4460481449679752,20.575208045666116,0.05172187224849093,0.4388080535740762,7.801492756807598,0.08806702991992903,0.5786828521322367,3.73688702162268,169.58015572439967,True,0.06906606275878195,139.85617271786714,False,0.08341953672851461,169.5744760663281,True,0.10690856222024508,171.70071573443278,True,0.10475249664327821,177.2802178017961,True,0.09016033041754014,0.016944630329399225,0.04146647022595484,0.0410729657317316,0.030513651043426442,0.024642017125227494,0.00494127159747367,0.015118315316198415,88.64164568313265,179.59155414050065,True,0.07029340613457281,142.36893724214983,False,0.08339769927881699,169.13367222669308,True,0.10364788261223667,173.87338761252582,True,0.10303677330448575,172.45092075071088,True,0.08926776475861817,0.013289404689450873,0.03439555884122249,0.03611436507817905,0.026688331251691233,0.023451294910942527,0.008373020303331423,0.01485795275265067,83.57952835297813
221,7364,5.961200495119396,7.80453383269899,94.66166505214859,99.09745810967831,173.29315519468756,172.7676565309407,175.3699478824524,165.60075735159413,2.131822916404159,0.3802469029683442,0.49205275000000004,0.54841375,0.0005369999999999542,-0.0012940000000000174,1.843333337579594,4.435793057529722,0.5254986637468448,9.769190530858282,4.143453897428611,0.09924410995117044,-0.011148000000000047,0.047605074841569554,1.8763631987169889,7.66680377492915,0.09004812898424035,0.23569169781319654,9.14250216472778,0.11700417952605865,1.1178788132037762,15.567538390461111,0.005080048244235962,1.6072900390492928,13.956696308589827,0.04253545774916847,0.14972115335242062,11.847770363302345,0.07052855743286865,0.3856935609254338,5.241635855907138,167.06496298121402,True,0.06962202153054746,137.54219818306743,False,0.08198408669979805,167.9188717810829,True,0.10315524078300628,172.4272553126664,True,0.10573003679655094,179.02782011993608,True,0.08976341994933135,0.014482212330994115,0.03683124902850831,0.04195179954423884,0.030051606296502695,0.022415471108143136,0.00770827153128378,0.0162964070886806,87.65790476081627,179.4978677446469,True,0.07018047592457603,143.12988723961757,False,0.08328633222804327,169.896798196346,True,0.10344221587437112,173.94646071906686,True,0.10285521896821762,173.59630063072268,True,0.09001336755171421,0.013290320726002109,0.03433532329831774,0.0359449495200647,0.02733347714799563,0.023434584720024385,0.007912824653687235,0.014105617498004097,84.46949364208206
222,7397,5.776877126377269,7.765859590813745,93.9023947586808,98.87754401706906,172.72600325873083,172.21189921898366,175.6606251766441,165.23641743067117,2.313247112679503,0.20063987313754955,0.495209,0.54844525,0.0006799999999999584,-0.001302999999999943,1.988982464436476,4.975149258388257,0.514104039747167,10.424207745972922,4.475610877136205,0.10110618048368755,-0.01016399999999995,0.030868899096064734,1.1894522793354096,47.75279473384861,0.07593306167108256,0.4109219049943535,9.008867220354782,0.14280324565462268,0.36224149210372186,25.469421021113043,0.05016085093590494,0.8989088053528387,33.9303895102784,0.04713514625748845,0.38188333193740365,11.724238106632919,0.06222948968491144,0.25410639164180454,3.7098149194497405,168.89582735949432,True,0.07050513792625329,137.97531459210398,False,0.0843690025661083,141.01133800641657,False,0.08744329230993075,169.98293259466485,True,0.10692726894950605,176.97265471484403,True,0.09055039176061029,0.01620006135790842,0.018442057368959625,0.041215669799240184,0.03016331231811252,0.003359852972973718,0.023167078214569974,0.017421243612325735,86.34712925255192,179.21177900181604,True,0.0706339371194895,139.82016224544356,False,0.08263268039341334,168.94609302848835,True,0.10343663586950227,173.58724969272413,True,0.10417095151720561,174.46467184735036,True,0.09030102892547792,0.012148043628502511,0.03403300041136548,0.03707137748991803,0.027991757679717087,0.02406771482712893,0.008157483190298307,0.015260311431946604,84.7424574107739
223,7430,4.827339430637372,7.415516550677042,90.05856264853864,99.57737779326634,172.90537462476115,174.66418157081418,178.38818654587524,162.33448592639152,3.612284621247488,0.763056410418116,0.49861975,0.5487905,0.0006320000000000214,-0.0007479999999999709,2.5881771200396697,9.518815144727697,1.7588069460530278,16.05370061948372,7.479874957576029,0.10143907474440018,-0.0020180000000000753,0.03147237817901059,1.4454456195672505,64.54831628989345,0.06390541822647566,0.5461481862560915,41.62638536634645,0.14079105512607357,0.5636695576206205,30.669610264366845,0.054251430053956586,0.634712827099557,35.53611249469538,0.06688603844830428,0.7055872026908767,4.147915906306167,0.05498111390799211,0.3978777136515273,3.2126243226979487,174.31998998307097,True,0.0705627290430295,108.03028285317235,False,0.07626439814880852,167.084400783268,True,0.10496273103344816,167.49007830618982,True,0.10483390824060689,172.5205694854199,True,0.09226297988901065,0.005780304922752716,0.03615144865700399,0.037417987131859405,0.029384198474690384,0.03052455773635384,0.0047845882790476385,0.014394356984596417,86.72106942905316,178.24199141737475,True,0.07098844839126996,141.43186074910133,False,0.08364379480870053,167.94075154406326,True,0.10381246154484536,172.9522276525392,True,0.10255774804469919,175.60787853946556,True,0.08889008844635042,0.012818374506933393,0.03369751369166574,0.034950427651174766,0.027308274442007546,0.02284794402128999,0.009078231105231862,0.015862789792467177,84.54501649555594
224,7464,3.4456380630848473,7.418350117794246,86.69205726030772,97.44942173975795,174.49061436528999,175.61748006050607,179.31010464438782,162.27320631786364,3.3521083153712348,0.37350320952522276,0.49987950000000003,0.54974625,0.0009629999999999916,0.0006280000000000729,3.9727120547093984,10.757364479450231,1.1268656952160825,17.03689832652418,8.223460138974973,0.10140569882407995,0.002574999999999994,0.06643946742734272,3.3119369458563943,31.35740937409804,0.065756663007394,3.137627534989413,108.36008193301096,0.10533010751947436,1.6948410038528134,23.40348410980002,0.016498291320492738,1.5340407165167957,11.066363290903038,0.09440945571105588,0.6368898119774784,7.495241327641946,0.04419498696042862,0.3194322429459015,13.628381341202443,179.1386042280886,True,0.07614697055694343,166.39526530673703,True,0.09735204407201734,166.03447427102256,True,0.10113563030406254,165.91326156206694,True,0.0966985450407606,167.64429984227922,True,0.08621991918344625,0.023057035585694836,0.027579504165231094,0.026996931677507302,0.024847406242905875,0.004686964476076195,0.008328330565005232,0.012612008127177875,84.13640163189977,178.43615984531252,True,0.07236587925258697,158.57456583649966,False,0.0910236757387879,155.87038859422762,False,0.09323211520179084,169.1773393157347,True,0.09824307328763694,174.65603769131195,True,0.08528956680040065,0.01892521051402075,0.021175433525668377,0.028811051924565366,0.024171563395858374,0.002252895026404881,0.011350920755603934,0.016424537801716068,84.89417513062082
225,7497,2.316991917202139,7.612865928806232,82.81971402253086,93.16087674553225,175.43194700159557,177.09695298894235,179.94070020411468,160.36299165646915,3.77287882583536,2.251815043255486,0.502049,0.55021275,0.002051000000000025,0.0006740000000000634,5.295874011604093,10.34116272300139,1.665005987346774,19.57770854764553,9.219937817399446,0.10167116252409045,0.0009200000000000319,0.19472225322867465,3.4507002674749976,25.680746350151736,0.14815174100907505,7.534141357515811,89.35806697091272,0.027503506887943018,2.1243203359580876,5.75133792848072,0.05790086493811978,1.2724618268102286,24.810030674352713,0.10955361793639327,0.20383724297088981,11.968840820600226,0.050718142880409274,0.605273838328331,22.075935858796576,178.71625491769544,True,0.07180223607242327,160.03201353754238,True,0.08734067552978962,166.38142667331138,True,0.09731306885511319,168.251098230217,True,0.09440780584782169,171.13038708025516,True,0.08021186789995599,0.015974544281449725,0.02723155656586673,0.026747174579756967,0.02319075171269783,0.011740109028454588,0.006428407656644077,0.017211183137716024,78.5432222977205,178.8175595147809,True,0.07372417311167354,166.04122386164678,True,0.09220596098951521,150.95816591276719,False,0.08721795315759252,159.51222579836428,False,0.08674487837907206,173.02708218162323,True,0.07433470336928778,0.01950006474348224,0.013703203275147003,0.01555234753984105,0.02142776600581596,0.006454509508862765,0.006681420956652851,0.019276566343620422,84.63625975182649
226,7530,1.5767348639316476,7.330940865738614,80.4369312265832,87.12347335547278,175.0538554027147,176.6368861665585,178.20234695429383,161.9295287846299,2.4673374689870102,0.026667221482129515,0.50300975,0.5504147500000001,0.001947000000000032,0.0015220000000000233,5.754206001806967,6.6865421288895845,1.5830307638437944,16.272818169663935,7.57414926605107,0.1009947973164955,0.0013329999999999176,0.2910852268853754,1.6691890143979056,58.127566018407585,0.4419904491772456,8.891387706193818,35.91734843665774,0.034883105299207254,1.328684068386107,20.660647960024292,0.08732190793521752,0.7924673702017276,31.180348948633306,0.10784444644660161,0.15356445217121084,6.25577579354074,0.08388086514314264,1.2798687090075778,11.195375287238711,178.54188069259473,True,0.07282048777644935,163.42577152402436,True,0.0877127361846614,165.23429705361343,True,0.08957784620094417,167.80900574946736,True,0.08374993435818325,169.40193515811876,True,0.07024752301682959,0.01614439348504611,0.01906281432527735,0.017432407320849268,0.021481225337489526,0.003585914806573102,0.007897654398617376,0.016564330623360556,69.01107992122708,177.66535695274843,True,0.07449277577054031,160.48186168071118,True,0.0841002064979629,155.9756750878607,False,0.08083843648290087,153.18296272347413,False,0.0704020399491378,161.1620957421199,True,0.05556907926176209,0.010157604885011062,0.007780184894975214,0.011139319772768927,0.02748901024045792,0.0035294333822867667,0.012254919012380325,0.018169140348403914,83.50935173393285
227,7564,3.1120916735948057,6.292357445013472,79.14525015579522,82.06171507857893,174.35767804413268,174.5345808249157,174.7839963661858,164.37303418927348,0.426071762335696,5.127925727834813,0.505547,0.55088375,0.0008909999999999751,0.0020780000000000243,3.1802657714186666,2.916464922783703,0.17690278078302413,10.410962176912307,4.1711489129744255,0.09741945485374064,0.00367800000000007,0.30619311641795816,0.7768264928112738,54.87844803984196,0.7373692232416605,9.779073085825763,26.337820667390385,0.06167430777857993,0.7417771349055041,20.12873474975197,0.09609533197684778,1.1909079745404973,19.43376856303365,0.09930122915535443,0.2334968801565171,4.3345469030142185,0.13265686277654842,1.333341833088576,9.437275608747113,176.35145470609064,True,0.06536162691518624,165.94229210680024,True,0.08201655079921365,163.57124540410345,True,0.08169141836202877,164.21281671709127,True,0.07563173471499911,164.9461668601548,True,0.057105562995210885,0.018770745110410495,0.01901875613703491,0.017210082655234434,0.02429918570652111,0.001286468421687803,0.007835707625990196,0.021956535177481914,60.11915157682235,,False,,,False,,,False,,,False,,,False,,,,,,,,,
228,7597,2.873234864049257,6.428137611844202,78.80896038537497,77.97204764734467,173.75213191157565,175.01659354599516,173.93206602877717,165.70150201013533,0.1474367026711414,7.972292342663924,0.5063235,0.551477,0.0005900000000000349,0.0016119999999999468,3.5549027477949453,0.836912738030307,1.2644616344195185,8.230564018641843,3.471710284721653,0.09096387543415237,0.0018529999999999935,0.27298124378375616,2.0819142783158293,49.28332864332132,1.0930540586841961,9.211840334047045,76.91941119858463,0.08452665026437421,0.05726581542813656,28.17961279919143,0.10174896886048401,1.3239912773451454,10.685069250262318,0.09563925919065883,0.36469326816069353,4.765090676375493,0.17147014235951658,0.6477733879585414,24.065061752386473,177.0632794294642,True,0.06119932981659197,160.02306414974646,True,0.06893118105763169,157.32554043477245,False,0.06644007412699059,161.2361540129195,True,0.06211066385895422,167.26611111090378,True,0.052173785227832496,0.01472480044007389,0.01375304024570571,0.015276014696248561,0.02193403613109096,0.002529632384359418,0.005323528623009395,0.01167409062839593,49.102777706108036,,False,,,False,,,False,,,False,,,False,,,,,,,,,
229,7630,4.338374762873538,124.32723846652397,79.72288251899734,73.0562620351732,172.94597227040356,175.8940060983864,173.51367933664977,168.77162257851242,1.9645292491007131,16.788723354468956,0.50886,0.551377,0.0009719999999999729,0.0016019999999999923,119.98886370365042,6.666620483824133,2.94803382798284,4.742056758137352,33.58639369339868,0.08762785315183746,-0.003878000000000048,0.18224366617242074,3.458601305105639,36.847619140706904,1.334313722513176,5.370789275221536,142.61698175225845,0.060392368009360244,1.1203016231600262,20.33412396338785,0.1151337096157443,1.1393949184274124,14.882049935921042,0.08770144132036739,0.5465002176757975,3.0426251289045614,0.1749777944909453,0.25992096633711603,22.788110267522455,173.54953710016895,True,0.06316251414407122,122.5420009375532,False,0.058876035574756486,132.617196974865,False,0.05712999157185299,146.76628496745843,False,0.04602846589883259,146.11812442847076,False,0.031474591736827984,0.0073135712206827816,0.023291366640882147,0.03494451310291791,0.05027536257452545,0.016252251167146056,0.014961320396275226,0.019272142849200678,47.42349320977605,,False,,,False,,,False,,,False,,,False,,,,,,,,,
230,7664,8.84096729063301,150.66786924401646,80.99948165603233,72.74039801490507,173.91327721669242,177.98363156984274,172.94192792731997,170.09691184543925,3.2424829742995107,24.085668011098523,0.5110359999999999,0.5519465,0.0003029999999999977,0.0016250000000000986,141.82690195338344,8.259083641127262,4.0703543531503215,2.845016081880715,39.250339007385435,0.08561622012796404,-0.007269999999999999,0.049837501709690465,4.015476714393496,22.961613904837197,1.4291202897911073,2.279301706037095,176.95577301858913,0.014036658536038586,1.3672949770172715,7.65786346852565,0.12604583703167313,0.752628734632925,24.688948732433754,0.06977875289496054,0.5649051949656168,7.537738994519123,0.1541119215399652,0.8790805136033008,18.77602101109367,170.6561212985638,True,0.07254420752203444,129.74006971451516,False,0.07345069389733498,163.160846355912,True,0.08321985801477917,163.84887504049937,True,0.07421562009442491,165.0671110926243,True,0.057571135415240816,0.004571427020089081,0.024793402287705508,0.025745897712062815,0.03179580591839126,0.020266955222726434,0.010273360209785315,0.017558427976331014,69.6536096938321,,False,,,False,,,False,,,False,,,False,,,,,,,,,
231,7697,14.544935431730531,153.75050763939277,88.57501117923104,74.18526481366678,174.32504412174458,178.87675955894952,171.88026044344394,171.05976599798785,4.7460196438691735,31.970237286856335,0.51352325,0.551812,-0.0011359999999999704,0.0017019999999999813,139.20557220766224,14.389746365564264,4.551715437204933,0.8204944454560916,39.74188211397188,0.08728403337380784,-0.018508999999999998,0.08752584615422249,3.4457111153736917,35.068819354737975,1.3169476703335723,7.04667402685132,127.17827675481983,0.03489506377533344,0.7156312815256866,22.26369871680911,0.11490366300630082,0.7574927322711877,25.314476070388423,0.0781894021625256,0.6306815125381008,4.210015349554206,0.11658902279595647,1.5069826917666345,13.861957771999089,172.05579802012656,True,0.07480371884472052,109.01462407248474,False,0.07898992394603252,169.16605060054775,True,0.10448088679275269,172.2950695090476,True,0.09620630453353878,171.53319858024236,True,0.07533301731644633,0.0061564408549095555,0.03856446473114853,0.03474288354469155,0.02825476704911928,0.03240830572553896,0.009402895990066062,0.021383624809652835,83.26619354716478,,False,,,False,,,False,,,False,,,False,,,,,,,,,
232,7730,15.841067986192394,157.08603510835013,96.65585293646234,76.21788612607095,175.23906802104003,179.96970299518182,171.25140825231995,171.12448310113294,5.598774432612963,40.17327385727236,0.51460975,0.55144475,-0.0045820000000000305,0.001939000000000024,141.24496712215773,20.437966810391387,4.730634974141793,0.12692515118700953,41.635123514469484,0.08666108038214153,-0.019503000000000048,0.1788996938301861,2.828966476248816,21.159839180109888,0.9927832768722887,8.722831551379864,18.26390724968626,0.04485540908594729,0.26440588103978957,8.267103826020655,0.07652564629417866,1.250482283312582,2.0697945053123785,0.09008504894880844,0.6772614549312364,21.746352669018968,0.059017901305688306,1.793848557447254,6.345532937055699,176.67207639913605,True,0.06268429484328589,177.41687437230507,True,0.10072177371353228,178.10437889975387,True,0.10315088599231709,177.92147693403896,True,0.09855925728717724,176.15822560612492,True,0.08582577031404962,0.04139510164258568,0.044101734852497576,0.039488681327691844,0.027597439192794667,0.0027471376012133037,0.004664338109528518,0.012741735242893725,86.24263710384673,,False,,,False,,,False,,,False,,,False,,,,,,,,,
233,7764,13.241501071327244,157.94060654086732,102.19288455432732,77.4554929374756,179.33202624513626,178.52917156311227,171.91368233969143,171.1366075987886,5.78217136163656,44.987483596635464,0.5148275,0.5507115,-0.006262999999999963,0.001815000000000011,144.6991054695401,24.737391616851724,0.802854682023991,0.7770747409028331,42.754106627329655,0.08567664573849747,-0.009440000000000004,0.26240690235223013,2.276035744033932,34.03417892598042,0.7572567982794999,6.7171508551498755,41.2442325106309,0.04007639432096423,0.5250937124476305,18.249962333508087,0.034109708642834344,0.8552092087881833,20.342582930996887,0.07183717489939596,1.2996775447583364,16.5667879738804,0.020803168892798603,1.5248235888412367,15.252690873106058,168.52818341528976,True,0.06953794804277726,100.72778179756,False,0.07485532911556793,171.3238766411027,True,0.11078460368210011,174.21265615211416,True,0.10614360088107053,176.0250322805173,True,0.08992877342652905,0.008157673504131022,0.047724192240414125,0.04589442669867451,0.03441848735781403,0.0398121855968747,0.007075366916280708,0.016457681306915634,91.06022908943406,178.0281651919547,True,0.07942087378642973,179.29587202344,True,0.10949900301372611,178.46718126085105,True,0.10981181700527498,179.33423642479357,True,0.10435829251190344,177.2066644092031,True,0.09518148337780831,0.03296644806466114,0.033987390735388937,0.02922641519242481,0.021116816071557798,0.0020295538918689016,0.0054747407244544275,0.00919494263168619,90.82581304025402
234,7797,10.193329388304225,159.26633996510714,105.8567340229602,79.73889361651142,178.47913742415648,177.99198061983952,172.4514758475071,170.52658900931198,5.850720919027664,48.54746182354066,0.51411775,0.55009425,-0.009149999999999991,0.0018489999999999895,149.07301057680291,26.117840406448778,0.4871568043169532,1.9248868381951354,44.400723656440945,0.08728183866647175,-0.01385600000000009,0.32654821057293876,1.5118158125907697,46.56510026291934,0.5688662565526058,6.428297949446901,29.50647320441459,0.06676924269926425,0.9852667670413331,21.202951791322555,0.019566654934963644,0.7530928458143851,15.108669516537125,0.06115336939455058,1.4076803995918172,8.549657772946487,0.04600211521129429,1.1144135345244783,13.62486245716806,174.05817804102992,True,0.0649262244782492,177.38174637807646,True,0.10554023235240678,175.8887754134036,True,0.11094113812738716,177.30312655742094,True,0.10480068364757929,175.90289000867324,True,0.0874960494651044,0.04699392694806428,0.05154424501338628,0.04715802092963609,0.033905999719813576,0.005556275371145611,0.0070381435052150245,0.017555459692073,94.84191388666792,179.67563642622454,True,0.08700142553429799,175.27590563619393,True,0.10638774982581406,170.2908534362694,True,0.10138507259453929,169.2478880904912,True,0.09441804761802691,168.6190271283686,True,0.08730655455920822,0.021918160963000515,0.016853299498911154,0.010630637092855725,0.007360141302991338,0.005176026661446026,0.007028725702429995,0.0071115627677747345,90.31367706489175
235,7830,8.200234757124635,162.96776906673298,109.5292596960234,82.76679722957104,177.0863408653327,176.68127579380126,172.1507901188792,171.04229179192723,6.522270274956002,51.213212448062286,0.51293475,0.54972325,-0.012443999999999955,0.002018999999999993,154.76753430960835,26.762462466452362,0.4050650715314248,1.108498326951974,45.76089004363603,0.08709515128869119,-0.013786999999999994,0.3439891937804102,1.4103696482636248,37.64603519609779,0.34854825034796555,5.640742778711192,50.420283592227015,0.07616958447827914,0.9744778301144771,38.676300505095654,0.03997317639067491,1.300271758239706,17.20871646723626,0.07106586386654129,1.266834200124948,5.444504330222589,0.07054672033985579,0.7817785392519684,6.509993906089389,171.37474945687546,True,0.06535766325382204,94.7900013957025,False,0.07188105550838826,172.0371442591662,True,0.1097794749714171,175.27595362411162,True,0.10579647498853637,174.79664812792123,True,0.0883216371055247,0.0077954697741700755,0.04997607868770815,0.04851490181377263,0.035342563248864645,0.042182071381097454,0.006926293741966189,0.017741919202837117,95.92454426919181,179.0146141032621,True,0.0866637337587067,170.62822367797415,True,0.10383189699702111,169.73252071856723,True,0.10256051488267792,168.54767675436185,True,0.09833713840152153,170.24703289874057,True,0.09289526572436294,0.019005087555704642,0.01819010307832254,0.014398889471066845,0.011390740669508674,0.0015079353434414803,0.004230659995792619,0.005626921094168627,88.28320740108651
236,7864,4.359722329865996,171.12735416137585,112.46332712636675,86.25994136865968,176.2309111391202,177.14852823410877,170.21064426537654,173.75709153792084,7.76775623419599,50.701356773779565,0.5076195000000001,0.54971675,-0.012268000000000001,0.0020170000000000465,166.76763183150985,26.203385757707068,0.9176170949885716,3.546447272544299,49.35877048918744,0.08993203878485129,-0.01819599999999999,0.32359274688048095,1.6166936509342769,28.362634631788115,0.21074731350022277,3.0821367636707566,84.01054967407754,0.006950195744789762,1.7356149555190958,4.259578167210566,0.07997031065542215,1.6842983899098865,6.689130322751275,0.0976157582193171,1.195305786697741,5.741854878925302,0.09186671307397407,0.6890368626945684,5.927646126061953,170.4862221258472,True,0.06560087036770171,89.59404977431927,False,0.07073127084960373,169.56774305469042,True,0.10993358264424936,172.98092438995488,True,0.10843919259197757,173.7901188828379,True,0.09385739502031795,0.005478486378553826,0.04800018616630562,0.048512842474957046,0.03697637154995063,0.042584943876914985,0.006044940115501575,0.014988106284651153,93.95334908365851,175.04077776689238,True,0.07933306264729734,151.7616531572806,False,0.08957342756085646,165.81823537576545,True,0.08876637933925209,165.21274699989445,True,0.08224561957940377,159.57540214253925,False,0.07213965733908084,0.010341664952994722,0.009693945533166546,0.003497796020353376,0.007653650762871263,0.0011685829024934715,0.006524624816799808,0.010138747111946334,88.06147634133612
237,7897,1.801709307306188,177.35960078307812,113.32530216179009,90.48084239120712,177.00479839475034,176.90771212002005,170.16595876412268,172.64296893933815,6.906370141291244,49.501601735504345,0.5041445,0.5494632500000001,-0.01036999999999999,0.0016249999999999876,175.55789147577192,22.844459770582972,0.09708627473028741,2.4770101752154687,50.24411192407516,0.0920846673990844,-0.010456999999999939,0.2741626391630718,1.9972536180852576,13.04537999803158,0.16307733233564428,0.4775184621852066,69.83322775746696,0.041030508831972984,0.9826964125729025,11.60223374557659,0.12721351816321724,1.277198060134999,18.329190679189413,0.12900551228978258,0.9151858339224024,13.857500508206698,0.11627710626642826,0.621528192878481,6.151249828341704,169.92731315650033,True,0.06397562308410905,95.25449853241275,False,0.07011153885060566,172.6326259085706,True,0.11038123891767114,173.29661137993773,True,0.10624541526578919,174.75286988776185,True,0.08958622126755872,0.007082187868166188,0.051017967540857696,0.04891415210345579,0.03624416965527014,0.04393781156361803,0.006536653578093328,0.017126520078521515,95.66289632894514,176.3759738249529,True,0.07169214485562558,140.20447011039042,False,0.0820863454235843,150.2587123115919,False,0.08006507344029604,150.06215059301076,False,0.07425933057872258,150.76030386382598,False,0.06576720401537534,0.010944524338681849,0.009452256503078986,0.004833443906781154,0.0074921336079917765,0.0022881337373501526,0.005807341990962798,0.008524726036653614,90.72117806680978
238,7930,1.620349836446119,178.66603489060665,115.035739391803,92.00195238259413,177.90420355039717,176.54102441206794,168.26217030325472,173.29858880059655,7.368505944292425,50.223528076330275,0.50051175,0.54887475,-0.008085000000000009,0.0017080000000000428,177.04568505416054,23.03378700920888,1.3631791383292295,5.036418497341828,51.61976742476012,0.09415470327073415,-0.010548000000000002,0.22201322607054358,1.954469232194765,10.66277571882698,0.19439436731148305,1.6442264841426744,14.221012263628479,0.06211620904526714,0.9816110518418357,0.1280998062733483,0.15769596018938742,0.4817954685203613,24.329449149963892,0.14583935236139672,0.30400566731107825,16.782377964254117,0.1323999923399396,0.5404779198085553,6.470438523807646,172.65574450138678,True,0.05979020387989996,85.03169505897145,False,0.06680877392977669,169.90071907326507,True,0.10672658190441589,171.50438110358152,True,0.10414914051013581,172.5606614502758,True,0.09129270543696251,0.007897887439056122,0.05094577121803137,0.050227221752750795,0.04070602336264253,0.04305386692272823,0.0059663739406778495,0.013786213729664905,96.87823191407752,175.16665413443454,True,0.0701349036143916,137.16682584944465,False,0.07787109189551666,147.2037948605094,False,0.07479361901258688,147.09525986177843,False,0.06806092131318822,146.8217190290162,False,0.058041543888838795,0.00879138419135461,0.0072750626114144,0.005112819672157395,0.013238784234211235,0.003457613627923166,0.006766845720126931,0.010074856475404487,92.9559481185131
239,7964,0.29957095084090274,177.32485419667216,115.57050128685827,92.59650906466001,177.81656923521888,176.70695399824274,167.99197223971203,172.62291503166028,7.34546067377949,50.4345093489216,0.49584399999999995,0.54865275,-0.007687999999999973,0.0016490000000000116,177.02528324583125,22.973992222198262,1.1096152369761398,4.630942791948257,51.43495837423848,0.10194019189701375,-0.014399999999999968,0.17783343458537884,1.7187087979248965,16.16816560835659,0.23094545664299357,1.0865457266829444,16.67739047086231,0.10585921785789351,0.9802789232933797,21.02356067815488,0.1591397632712213,0.3599171029471602,21.833400894290477,0.14320360874350585,0.22288561166962875,9.140533667701428,0.14875721928219188,0.5189006162388716,6.787520609651438,170.7592643821942,True,0.05833460996698265,87.5539866021204,False,0.06710873061681315,170.25209879130298,True,0.10787140753693726,171.93675944394354,True,0.10299729843544442,171.91596429793472,True,0.08992347254193418,0.009413759132248964,0.05361215522621722,0.050608895473029325,0.040870067310930645,0.044314526433213805,0.007108367815469341,0.013988870612025877,97.76770648105241,176.00512558252706,True,0.06981095522194206,136.47824866562092,False,0.07593932121108272,149.83722134330299,False,0.07359997459238693,148.79164578048818,False,0.06656979045332799,146.9203261714734,False,0.057196214035546096,0.006562957336445193,0.005595164430112868,0.00495853244418144,0.013543207485673399,0.0030029548781159033,0.007032172708345563,0.009480000052742608,92.82930065012377
240,7997,0.060589086269997906,178.81511701930708,114.38271143827414,93.53944101886516,177.56853789544553,177.31396089784926,168.99344985915207,172.13460723301847,6.299546040202789,49.11691183621567,0.49131650000000004,0.54851175,-0.006739999999999968,0.0015929999999999556,178.75452793303708,20.84327041940898,0.25457699759627417,3.141157373866406,50.748383180977186,0.10580696986966409,-0.01774700000000007,0.13353543825705763,1.2885278504902933,15.54075342555173,0.24254215159807266,0.6864222858183203,14.237565525972942,0.12765902074009902,0.49317758461987776,41.241208506567574,0.137027179646813,1.0164117307639573,14.241771427182078,0.13101950670841406,0.3552188613930457,2.759056048355705,0.15667162780895172,0.36294282139904466,9.007088162086486,171.65047018357757,True,0.05845175933194826,80.60146440743003,False,0.06480471447356284,170.75874302310922,True,0.10660464964062306,172.33486018635443,True,0.10383647333186935,172.70297040237992,True,0.08830519376005022,0.0071902465187224755,0.052361697852533376,0.05108896292742697,0.039191995203102466,0.04517758671066876,0.005121699424995526,0.016340539066995317,97.35442651856656,175.79558046551026,True,0.06444809983234573,137.1805027065779,False,0.07455895402297434,144.01490343184608,False,0.07343426056684985,142.21323343587892,False,0.07026366455715215,149.31536729679226,False,0.06414988296949574,0.010383417404689071,0.010058598162765985,0.007264539145740733,0.003839321945343991,0.002595091520544088,0.0031714085198851273,0.006123613312416111,92.67662065072123
241,8030,0.10045943167189125,178.31430626578975,114.59715716957588,94.04051455719016,175.20727875026878,176.53167904033313,168.85439820255527,171.3463981336416,6.544548126218699,48.66055911956635,0.48697275,0.54943075,-0.006452000000000013,0.0012970000000001036,178.21384683411787,20.556642612385716,1.3244002900643466,2.491999931086326,50.64672241691356,0.11001494680269587,-0.021697999999999995,0.10620107405327815,0.774148803523022,10.000987227773004,0.24898055449597734,0.5882763098469612,24.457578868395522,0.08480918623422914,1.7685910017503381,14.340710112254035,0.11042154484059812,1.299873074380887,9.318387133560515,0.11976171246010037,0.3788538060795138,0.8238156569890981,0.1549710764013858,0.18550876648885736,11.424304089374807,170.76576786686368,True,0.058626507195977465,84.993021859286,False,0.06537968591236883,170.92663214396822,True,0.10729699299141615,172.5544738071409,True,0.10413890195311266,172.2039819171597,True,0.08838827018332245,0.007357184243989029,0.052708554685174276,0.05116674890981456,0.038911624227215266,0.04540193036645031,0.0056702007900955136,0.016455022151306894,97.15846102184582,173.86953724296453,True,0.06994259504050447,148.0313812263488,False,0.07951868186156005,156.84332035349848,False,0.07723135645578162,154.84613162165707,False,0.07123954975994724,156.43155423568749,False,0.06228466100895148,0.00959781235490672,0.00762859705319398,0.00340800249413052,0.008803182719903062,0.0028634128238869006,0.006081319758078834,0.009064974186394575,92.644044509926
242,8064,0.11118994899915237,177.62166332845644,113.24586005253067,95.14622966500094,175.3636564553134,175.59113819959396,169.32083607333738,170.29214927507513,5.719715497003094,47.564723009209104,0.48369149999999994,0.54916075,-0.005761000000000016,0.0011319999999999109,177.5104733794573,18.09963038752973,0.227481744280567,0.9713132017377575,49.20222467825134,0.11097310385854764,-0.024706000000000006,0.09489785643676527,0.6186052201806382,6.370310447904625,0.2378137356006599,1.3593656973493806,43.84103721631922,0.04231852991022177,1.387639594708504,24.27607772581097,0.08054178685960901,1.0758690605701013,25.412490783410984,0.10622931539755931,0.3925837418783066,1.4728200475237379,0.14654009000571994,0.5006608682699574,9.830226364322566,171.8913406475672,True,0.06082717699351176,79.71137170695668,False,0.0659272015028698,171.69199712974623,True,0.10764721635509206,173.3174506623212,True,0.10533304823273656,173.17696859359367,True,0.0895421693952073,0.005732164076507154,0.051175528722232015,0.050627044126632534,0.03884760302772867,0.0454576689789523,0.0054765712813766845,0.01663213666370022,96.95723857028607,173.15277130875654,True,0.06955995723115418,129.3124364638851,False,0.07286218790291711,136.6838489640972,False,0.07019622612363145,133.4150297692009,False,0.06509761920377734,134.15913749974266,False,0.0575616692600206,0.0033753198366969573,0.0015705311203538794,0.0048802840081290325,0.012470579537455347,0.002774317934195719,0.005133328354975944,0.007682104529359127,90.68335361938458
243,8097,0.4815303015244173,176.83462260793863,113.05879559519583,95.78401682793714,172.8456848775627,176.05833780684324,169.71343013382358,170.9353138649292,5.738534981523847,45.966745751466696,0.4792,0.549847,-0.005394999999999983,0.00026500000000007073,176.3530923064142,17.274778767258695,3.2126529292805515,1.2218837311056348,49.51560193351477,0.10923092785470612,-0.02591600000000005,0.08185442271184963,0.7816729421594981,11.99432705284995,0.1640736157665265,2.918420373027861,20.822781723223375,0.051334477781664896,0.24239553961732793,26.28361041626051,0.04908800319453853,0.9776402560097277,24.229666246209685,0.09372107588475431,0.3172307203527469,2.3645316563659873,0.12281856208047452,0.7673220509684533,2.8722488450364767,171.78828441757932,True,0.061661178070160194,78.73527499232391,False,0.06721581162196888,171.48581574947883,True,0.10908515639627606,173.4976055723763,True,0.10702907639048377,174.31111548446924,True,0.09127643093920797,0.006235613923263692,0.051753008849727736,0.0514219421842466,0.03992378068269581,0.045531172464587356,0.00535519495443443,0.01682181113911344,96.12740218222442,174.01007910941505,True,0.06489675980355258,136.48596305378948,False,0.07384324344176656,143.3941130323622,False,0.0729342810000894,140.9382065411994,False,0.07041063705151375,148.00423524281499,False,0.065121205616911,0.009015937277953962,0.008390095351067248,0.005871821267715854,0.001542287262477382,0.0016551208415097893,0.0025501484270528244,0.005307119086660875,91.09050447046766
244,8130,0.7198522207240525,176.4117055193794,112.31018720854945,95.68320272974825,172.85977382213702,175.51770218901729,169.9696379211345,170.88928523042995,5.578256037213184,46.70046603575164,0.47697749999999994,0.5498265,-0.004340999999999984,0.0004070000000000462,175.69185329865536,16.626984478801205,2.6579283668802702,0.919647309295442,48.97410336340807,0.11019957788031681,-0.02179400000000009,0.04942781367739648,1.0072462865508915,5.838174703179523,0.045659565420453345,2.385515571126323,40.76377768943574,0.055283766190877416,0.3674080773151048,8.243348252217855,0.035424746720933514,0.954710852333035,14.421189142840632,0.08529637586591245,0.25392890336454754,0.7062491502571692,0.09744097094710057,0.6611630375778363,3.686496640784078,172.13080317895262,True,0.06266312791426874,80.40609142041818,False,0.0687208943844592,170.99988187929682,True,0.11063244911417267,172.9555238056371,True,0.10769098712984301,174.45919566539908,True,0.09196598693538828,0.006642896130453867,0.052147712941221065,0.05106263727031732,0.039718706033807276,0.045542421389293763,0.006001533970577843,0.016850811849878352,95.47984109712627,172.4987651259761,True,0.06448011197260749,139.04881213018822,False,0.0731398367033999,143.72281265056708,False,0.0710829306725602,145.01690493105062,False,0.06823135122507835,147.15663809773957,False,0.061359664829593076,0.008907647781541447,0.0076116713670520255,0.005089140791921563,0.004867377527991855,0.0027613522049894134,0.002865751035941523,0.006888990201763966,92.6464221935599
245,8164,0.8830664632974815,176.40058686004596,112.0739594700347,95.30561415042084,172.80908420657465,175.3556530747741,169.4812543071169,171.73479876006394,5.778272079819442,45.26344727744494,0.473425,0.5490222499999999,-0.0032999999999999696,0.0008549999999999391,175.5175203967485,16.768345319613857,2.5465688681994436,2.2535444529470396,49.27149475937721,0.10972205076920509,-0.02094700000000005,0.022381180746635858,0.6135792324456139,13.401519460667938,0.009568817641184791,0.27224109001869345,41.063272995768315,0.0554217969671266,0.336032674081613,7.094239455285338,0.053142246048611806,0.29283537579033064,18.723817617180465,0.07675497600548492,0.31004093123989984,1.817273112828891,0.07929683921397584,0.5369335384498096,4.262784382077538,171.32238432004462,True,0.06315860517775869,83.54813240262028,False,0.06848497418412305,171.39812825186246,True,0.11176697756493197,173.28250118968572,True,0.10868867116677804,174.7182561377436,True,0.09146289759787851,0.005732038468119307,0.05287406859699751,0.05166073301841546,0.038880133397404926,0.04721540313287607,0.006065045589276295,0.01813393815474177,94.9770493025329,172.64480747039838,True,0.06937638141327349,136.19562248346452,False,0.0723227427093304,142.2845925728064,False,0.06925018080120802,144.6415693723306,False,0.0637121894538243,147.39172030071336,False,0.05566310765668766,0.003742952978598612,0.003824236525111911,0.006807735379698598,0.01428762205547165,0.003462598446253907,0.005539090358533609,0.008062245654902859,93.24785922154301
246,8197,1.0295448223006827,176.60623871029458,112.43152519910099,94.80731518766471,173.48577760448543,175.58369615237112,168.35972966555036,172.5039452989372,6.141368927672905,45.308437940534425,0.47074200000000005,0.5482775,-0.0025479999999999947,0.0013659999999999783,175.57669388799388,17.624210011436276,2.0979185478856834,4.144215633386835,49.86075952017567,0.10934358714620626,-0.023982999999999977,0.01174584189290864,0.2676947008475418,12.597288598734625,0.03258118595875222,0.36682490768615056,7.425720573375027,0.050394947622248984,0.6298801326156188,2.7078028346690206,0.05390638687501268,0.30609662609311594,12.039076998743056,0.064743308623919,0.3637430628878127,0.3492592261686691,0.06224526405492947,0.38444712605900566,5.507596930390021,169.8014395534085,True,0.06458615642690005,88.44560837154012,False,0.07056335426409377,169.8328866473758,True,0.11124599646279411,172.49892428579741,True,0.10873307374023777,175.56022756799686,True,0.09175522496839075,0.006447079416293843,0.050994937170272085,0.050395533462797994,0.03818152229809594,0.0446317528448077,0.005819316282863504,0.01797804733557007,94.78255930998952,175.35834703054584,True,0.06709902273505926,159.17762875411228,False,0.07973632981270207,164.77648903798186,True,0.07732758605439587,160.9848867609745,True,0.07315371463569023,161.31114160367258,True,0.06520856977422523,0.012637866275602067,0.010352095488354024,0.006264271146749627,0.0028332045460926457,0.00289756604756474,0.004174303534722885,0.0079692584975015,93.17556051928419
247,8230,1.4820813333723877,176.80442697514496,111.82578778489763,95.31243912184623,173.0364389833138,175.31760585966364,168.97277854738218,171.63806735896225,5.82083287138863,44.803380356880126,0.4692855,0.54794925,-0.0022210000000000285,0.0008040000000000269,175.32234564177259,16.513348663051403,2.2811668763498574,2.6652888115800693,49.19553749818848,0.10597822648072576,-0.01995800000000003,0.004750787708811819,0.22029127588697914,12.35759474386934,0.03010593590501664,0.30027626991191064,0.9752636381259312,0.05259546178908256,0.39846574136933705,14.399058243003983,0.03841271690000134,0.5019982849317673,2.7418811349328345,0.05387044018460304,0.32711368049784034,3.042790391702142,0.05408612750526194,0.21925781804017885,4.426350945473172,169.45139418027685,True,0.06513552886865967,89.96060434647397,False,0.07122820119166279,169.57586503210047,True,0.1115571593130624,172.10551202027523,True,0.11067594152750626,176.25311008602824,True,0.09083676260743774,0.006581000075976244,0.050538037209610684,0.05160189345363203,0.037148378161098755,0.04402406052376359,0.005830117408766256,0.020842198732379406,94.74261888717903,174.9495595398042,True,0.06445898734078902,160.85014790716002,True,0.07809697556884004,161.95762777707725,True,0.0740147490842197,158.2971754982709,False,0.06837595209574782,156.8098607245312,False,0.060193368147994517,0.013809533084069136,0.009645596145391955,0.0039737007939702786,0.004315002896870402,0.004175915827695763,0.0056745203321514354,0.008287892856450305,91.69169444169441
248,8264,1.4074587892802506,177.134496912388,111.24800703937473,95.11480176048438,173.42560165831242,176.13483768764965,168.1441586609649,171.9222118575354,6.041559004091793,43.8600067510733,0.46755025,0.5482715,-0.00218700000000005,0.0007230000000000292,175.72703812310775,16.133205278890344,2.7092360293372337,3.7780531965704824,49.586883156976455,0.10944290589161088,-0.022405000000000008,0.02295788927376703,0.5602856424027846,17.72965139081437,0.05258287850373946,0.3811924641409027,23.283314430064852,0.04520318035053102,0.4523010538686025,9.683170278502919,0.02456449606222535,0.36984579439361703,5.899326432878091,0.043588881056385136,0.3725915953365558,5.01020474152348,0.04819291541133864,0.12978239307848746,4.262544740199275,167.92493954272217,True,0.06741569488628005,105.07474445642615,False,0.0735227138032867,167.81675509031916,True,0.10414806222873278,170.55961923361133,True,0.1041735729443893,176.44262250627716,True,0.09241963508367688,0.00687812081894467,0.04082327327640441,0.04300522401987921,0.03626478526063539,0.033964558719347365,0.005643847800924488,0.013474424700149548,95.70565588917387,,False,,,False,,,False,,,False,,,False,,,,,,,,,
249,8297,1.1689804558694392,177.4897598036147,109.17661322102373,95.09221253697918,172.41452991838545,174.84017156062453,168.65776582426955,171.21087659643604,5.729054449944979,42.27441897922573,0.46618675000000004,0.5475635,-0.0017060000000000408,0.0005260000000000264,176.32077934774526,14.084400684044553,2.4256416422390714,2.553110772166491,48.84598311154885,0.10918239530711896,-0.022409000000000012,0.04225642492398667,1.0725399713723027,20.49065245202193,0.05556314572045363,1.2597804376821211,49.435471764264086,0.025009104684812003,0.4866584823458997,5.751095831464395,0.018375436854661743,0.30443231935673326,10.741165696506382,0.02975050452894135,0.33776713185944135,8.535593535210692,0.046930182858060755,0.11506259701229009,3.8867185980877768,166.58867411670883,True,0.06496541899349224,148.82166890602085,False,0.08388055805727579,167.23228594373722,True,0.09879752240314538,165.27901697282852,True,0.09563092307407683,177.49657356533072,True,0.08537996664323548,0.021932858933572774,0.03792707795230213,0.03599700938967011,0.030960787086248286,0.01600855774265748,0.004013808789666018,0.01224178843143435,95.40239626277712,,False,,,False,,,False,,,False,,,False,,,,,,,,,
250,8330,0.7622770270220623,178.35527251490754,107.39871804731335,94.1216992788039,172.61032931506693,175.4120232245764,167.7339018598855,172.50285835678187,6.20463453511154,36.902844268423465,0.4648095,0.54751175,-0.0014419999999999988,0.0005190000000000472,177.59299548788547,13.27701876850945,2.801693909509453,4.768956496896379,49.61016616570019,0.11010663288376404,-0.02704300000000004,0.07431461236477023,1.4487556890774538,23.584158254549695,0.03140904925201548,2.8960282968056927,45.593350360408934,0.013117038340231106,0.279906060401774,4.556229129292053,0.005244898509427336,0.6510780786631297,10.890879915267504,0.03089188296999092,0.3713855719501527,11.052597857647566,0.05365944615993137,0.23119394939743404,4.057305418334606,166.51269715961953,True,0.06842633137177523,152.6142453891923,False,0.08175334985185626,166.03566844701936,True,0.09936919978041488,165.5171425863755,True,0.0971664083158372,178.96868256371192,True,0.08033063659650659,0.015055907046737592,0.034337148542067465,0.03407086394560611,0.025098198760070457,0.019283986646956585,0.0048623286602202985,0.018068163963170097,95.22868442171684,,False,,,False,,,False,,,False,,,False,,,,,,,,,
251,8363,1.3144476369403315,175.59659740222392,103.90816203831646,91.57248144118658,173.00491042760675,175.9667606810268,167.45496557287927,172.6306388698707,5.960600350534836,33.70705276784713,0.4630639999999999,0.546416,-0.0014379999999999948,9.599999999998499e-05,174.28214976528358,12.33568059712988,2.9618502534200672,5.17567329699142,48.688838478206236,0.10828572605842375,-0.02388799999999991,0.11716572413395894,2.61260906831503,75.34173718728582,0.13770630318316515,4.268535636507118,57.04720352851217,0.010061667753301043,0.2678888968639651,7.357847906601155,0.028145800045138843,0.8352165907521538,6.683065322037199,0.04674972006888046,0.6218527129755343,10.980907398034061,0.05674741445886188,0.36731923122790705,4.252542187775126,171.1898848553454,True,0.06790662430867846,153.35712881249316,False,0.08311246598435157,135.20378880400568,False,0.08429097546594175,137.75783067840692,False,0.0837760131839657,164.991976160017,True,0.0781527968533436,0.016702763753343324,0.017267066050722077,0.0182832527193604,0.018786551067186314,0.0020453774712751466,0.004099123808815738,0.009595065658972845,92.40649516291344,,False,,,False,,,False,,,False,,,False,,,,,,,,,
252,8397,1.7626670731516279,168.33953968251632,99.74132590351537,88.42710851640047,172.75080818294825,176.10389185775992,167.63559820812534,172.12954358904733,5.747235306481521,25.87635582177,0.462793,0.5467595000000001,0.00048400000000003995,-0.00039599999999995195,166.5768726093647,11.314217387114908,3.3530836748116712,4.493945380921986,46.43452976305331,0.10608154615200512,-0.022696999999999967,0.24413072601364003,6.40685505518968,116.4897266652738,0.3170263953618172,6.659879148163535,52.87572105468248,0.008935151273214651,0.4512052816130864,5.5107059984899545,0.05644719504735755,0.5134030781359181,13.710472325989628,0.07197026101783326,0.9377280198401836,11.95715891285073,0.06742423720104104,0.513734158055146,5.099009468584657,178.0035415677216,True,0.07688916238976726,178.00198718280993,True,0.08891678902209638,176.7108177244445,True,0.08464215040392108,175.81406171977468,True,0.07653419111743455,174.30140734696067,True,0.06384940594868518,0.012080607476447531,0.008458558269587068,0.005134517406728746,0.013909235097588981,0.0049276591805846644,0.008351161895209548,0.01268581704108964,92.34460277173218,,False,,,False,,,False,,,False,,,False,,,,,,,,,
253,8430,0.4548212847386665,162.35688927228531,94.53099183766817,84.83284177699794,172.504103015371,175.94129984268363,167.82968596573875,171.29424791845113,5.019949352990065,17.754496671071596,0.461041,0.54719675,0.0013070000000000026,-0.00038399999999993994,161.90206798754664,9.69815006067023,3.437196827312647,3.464561952712387,44.62549420706048,0.10638492804904279,-0.020145999999999997,0.5268849809471672,9.946971512893766,74.95928537061644,0.5807524693312286,7.4963625158533755,31.347329568717715,0.02111287852956698,0.15844284627783592,15.667881649137152,0.061042914587781945,0.08343893054078202,15.041158231580194,0.10889369824941424,1.2411805356034615,9.063152147055211,0.0865904453459032,0.5285466056925264,6.377839015117471,,False,,,False,,,False,,,False,,,False,,,,,,,,,,,False,,,False,,,False,,,False,,,False,,,,,,,,,
254,8463,1.9144800857035293,157.9409900124665,88.44847866259661,81.82135223809733,172.20157927781605,175.80625170513525,168.61652464820918,171.37577678443733,4.2880966120483635,1.6133550597361972,0.45859275,0.54797125,0.0016149999999999776,-0.000492000000000048,156.02650992676297,6.627126424499281,3.6046724273192012,2.759252136228156,42.254390228702405,0.1045158571318247,-0.019365999999999994,0.862194216703653,10.291583014352044,45.90508649546673,0.8044994015587791,6.347253267825271,71.09901561201563,0.015565868496570514,0.7462738158931564,20.295152465541744,0.050949539759943804,0.47951088831403066,14.61313316966238,0.14954293474529545,1.225345138659965,11.186495482351367,0.10214576222901026,0.648958378268339,6.8393850314908615,,False,,,False,,,False,,,False,,,False,,,,,,,,,,,False,,,False,,,False,,,False,,,False,,,,,,,,,
255,8497,15.33445510386669,157.87552773021477,83.32717331013633,80.08381555070673,172.0121044099867,176.2498620720006,169.22860779806595,171.71389084993345,3.67600349473257,15.545726732212056,0.45574000000000003,0.5489225,0.0017300000000000093,-0.00042199999999992244,142.54107262634807,3.2433577594295997,4.237757662013905,2.4852830518674978,38.12686777491477,0.1022246168395852,-0.01506799999999997,1.1769118472002238,8.170917273863774,109.5721564808754,0.9889435774826595,4.094448591125251,105.75789236198473,0.048023125869234407,1.487010241238854,25.648295754742612,0.030770282358777695,1.0567972909008296,15.637573618399188,0.18288951560203648,0.7035321867734717,23.938652000820447,0.12883119496621562,0.8699106247180926,1.9930444275081427,,False,,,False,,,False,,,False,,,False,,,,,,,,,,,False,,,False,,,False,,,False,,,False,,,,,,,,,
256,8530,153.92615209113646,160.20955258954297,78.22794434947338,79.17870053483867,173.59073781263083,177.9863204814451,170.11134140974357,171.5165926083949,2.1474383084590127,27.304195258715684,0.45196,0.5486435000000001,0.0020219999999999683,-0.0009219999999999784,6.2834004984065075,0.950756185365293,4.3955826688142565,1.4052511986513139,3.2587476378093427,0.10042705845039968,-0.013687000000000005,1.3752428152161973,4.006702221434061,157.7063446946565,1.0270074866408483,3.3413086867804833,85.08912213399044,0.11519194039794108,2.075933678322232,8.418158102290855,0.026632838967192436,1.5272100114011724,1.1608977199252413,0.18578048170254347,0.5009066911791503,25.657029646217666,0.15781134659488877,0.6413109510902348,10.929004507012381,,False,,,False,,,False,,,False,,,False,,,,,,,,,,179.25322837618447,True,0.09029083547071644,169.34814118217878,True,0.12892361574979186,167.15419317957424,True,0.12621705514707585,166.45165831005752,True,0.12151670929135622,172.03228667015614,True,0.10860038338790513,0.038737094831698446,0.03605314754636549,0.03161891827687972,0.01898292669742996,0.002718356120893652,0.0052640460674276066,0.012921423799256801,81.08480238979979
257,8563,157.66151983648797,167.0865607747548,80.0981168850421,80.41636320648082,175.5072465554564,178.99037356727806,171.01211469486415,171.1590275364305,0.8177116195766788,35.384651034635716,0.4481845,0.5490412499999999,0.0022220000000000018,-0.001411000000000051,9.425040938266818,0.3182463214387212,3.483127011821665,0.14691284156634765,3.343331778273388,0.0968640100140398,-0.01810999999999996,1.3706099912355412,3.6764639507286434,160.77725617935087,0.9724718828875563,3.8221565260076416,61.26360337578348,0.18109075253501264,1.7725562597820774,15.297312900459865,0.07485903277363191,1.1301132459699523,14.649451546353044,0.1547137668029193,1.1040898655996183,14.38484764110255,0.16859393153605493,0.235317272778183,16.841080553661286,173.25571979055448,True,0.06007761866951789,176.360813490721,True,0.11284734301258496,172.65454610730507,True,0.11343599187647636,175.20682604669318,True,0.10892866598375286,176.76099994506708,True,0.10062374167660436,0.05460849183048365,0.05499917792112897,0.0508835297517772,0.04289986557088495,0.0011925535627384043,0.004787980367545424,0.00831693994207001,88.22682656974513,,False,,,False,,,False,,,False,,,False,,,,,,,,,
258,8597,164.16528912954936,170.23941748825126,82.73147411197006,81.40125306388678,179.8134564721567,179.18591874951542,170.56433983916182,172.66731125220778,0.12659670818692578,42.022729211215136,0.44294124999999995,0.5492014999999999,0.0021030000000000215,-0.0020689999999999875,6.074128358701898,1.3302210480832741,0.6275377226412786,2.102971413045964,2.5337146356181037,0.08906332487056609,-0.017860999999999905,1.2177460099059905,7.8942555245420465,143.79629067845133,0.9201727386617682,4.8163658844895245,75.1959172669159,0.23136579963110707,1.5867151543046565,22.732958830514015,0.09868958826012904,0.5457670725237356,16.83293554280342,0.11277292489640167,1.3573804633204662,5.056425132108963,0.16663708484813122,0.5385636444773818,21.579346010626626,177.09596803898359,True,0.09939400956798143,172.02591734271073,True,0.17003071092011585,173.24484634321908,True,0.17828141552051904,174.6588071377272,True,0.17115259983126166,175.3425742315705,True,0.15081341720483626,0.07071333035573993,0.0788920225751628,0.0717643336553751,0.05143362484795337,0.009929138532621985,0.007501760660005087,0.02034457667291208,90.93594208541937,171.88843329804175,True,0.08252557000711969,174.68806554312187,True,0.11388700252882247,175.08776017142912,True,0.11456703153176319,177.32734853993486,True,0.10954206042429554,176.77033872322576,True,0.08887353849712527,0.035700802231882704,0.036347818985463236,0.03048183231041075,0.007588499192857533,0.0006827305471414153,0.00593088627441127,0.022902928393548332,85.78512313354952
259,8630,165.64891187257132,19.475769901050032,85.07552113287288,87.93757296294423,178.7783624070279,178.62362000050783,170.37023886915364,172.14118706310254,0.2822331051223434,43.55247052988029,0.43964925,0.55041275,0.0018960000000000088,-0.003514999999999935,146.1731419715213,2.8620518300713513,0.15474240652008575,1.7709481939488967,37.740221100515406,0.08113658817697475,-0.015090000000000048,0.868560901679758,11.659588348449779,50.04266483278483,0.7325547499044851,6.5809130455333165,37.90068391783794,0.2745464878866258,0.8495285089152222,42.94681728183319,0.11103653699247447,0.0033946324180495575,18.71385779269321,0.06418435333011105,1.3816141916978042,4.846923231717875,0.1344348819569563,1.3105307890973084,15.111453868819767,,False,,,False,,,False,,,False,,,False,,,,,,,,,,178.14755112640768,True,0.11282068294865087,177.08499468141977,True,0.18260164112351238,176.99111350292355,True,0.18965989804120423,177.79497584934873,True,0.18062697493453186,177.0410047571563,True,0.15428678399979687,0.06984273071694719,0.0768432406656564,0.06781044949710922,0.041476683883839995,0.007595992759343533,0.009032949075468033,0.026420898868130985,93.69923691502231
260,8663,165.97938036586743,5.711695318573751,85.87093052328909,90.08136931533068,175.15726056472485,178.9287604158195,170.41641944842425,172.15961695552755,0.4008294226361081,44.65239159699249,0.43825425,0.55144425,0.0011829999999999896,-0.00423399999999996,160.26768504729367,4.210438792041586,3.77149985109466,1.7431975071033037,42.4982052993833,0.07246524807105814,-0.016562999999999994,0.45926288643474134,10.036366213425449,82.16607387518744,0.5458601503125367,4.592038233872634,67.08231874657483,0.2580246562415842,1.4024650628652584,44.51454056257923,0.09886576924290931,0.6893919366361835,15.752811941212363,0.022188673371625733,1.043244726412646,13.525540763938347,0.08091712064633674,1.5109046324709872,1.028375699097773,176.5351780724736,True,0.07376086396592714,174.47299813382455,True,0.12393322880486894,170.64249371508075,True,0.11933109224757812,69.06026337172293,False,0.07421603365850264,87.48574816838564,False,0.07096259488632026,0.052734751208287606,0.047438176061058615,0.0015585368138095672,0.004192696745532626,0.005830335239074984,0.04651587936393339,0.0036570158599601122,90.7458877509223,,False,,,False,,,False,,,False,,,False,,,,,,,,,
261,8697,169.56239736760676,6.436775030931698,88.73344987556729,91.89712498415409,173.7860490656498,179.84764110165906,170.38810320348145,171.27264329775755,0.6955521931219217,45.40893508526874,0.43704025,0.551573,0.0013600000000000279,-0.004129999999999967,163.12562233667506,3.1636751085868013,6.061592036009273,0.8845400942761046,43.30885739388681,0.06733007658543096,-0.013302000000000036,0.21704553174323432,6.166422968840539,97.92433353697857,0.45319937885148137,2.72820581293549,39.18607327241907,0.1850635470505399,2.417588831553844,18.885191372887366,0.06558135344476336,1.0530979270020748,2.4173896506169403,0.008688760112470769,0.4772788632248038,16.35169118822615,0.036131695453205534,1.2463247235451127,11.16894823962161,176.09101688069862,True,0.07038752582666898,175.72556117339863,True,0.11893722682154646,158.58952188137405,False,0.10255886105549335,122.33695392916583,False,0.08029768612481927,130.65271647658741,False,0.07381944037988898,0.05173136816284681,0.03370209816910514,0.011083091852005926,0.0059165971639109916,0.018467747047217212,0.022760253425654117,0.006478581403363,87.14031006660282,176.88230684579878,True,0.06789610594135723,174.60286475122476,True,0.09230248504238658,169.99750383887744,True,0.08255521471112529,166.8319484951225,True,0.07246905078721538,174.04628349705942,True,0.06143912533557099,0.026573225265292853,0.018003876971363658,0.01476463680555671,0.02898083069892925,0.00976565292236009,0.011126637677214047,0.019442275792715215,89.38265844716697
262,8730,176.19751984140032,5.641244339595105,92.89417544330067,93.6793753564132,172.9986409588468,179.7343913479866,170.2408416796722,171.71023432010102,0.28913463906457487,45.071294470981904,0.43706675,0.5512382499999999,0.0023869999999999725,-0.0037199999999999456,170.5562755018052,0.7851999131125353,6.735750389139781,1.469392640428822,44.886654611121585,0.06171950029771792,-0.005306000000000033,0.1463544024697986,3.609164817342805,67.46645670958173,0.36635376360779776,2.845015829722939,9.70641187863848,0.09606352216062675,2.459993084025325,10.101327055658292,0.03081914842888826,0.8512741012818127,12.464960685463874,0.013164563594663005,0.07035133905202615,9.648960178869162,0.017600815165713914,0.7647442649752902,15.632535259454619,177.30471515808273,True,0.06624770293376224,174.1317384735275,True,0.10976338227751549,172.82798648650316,True,0.1133667680848316,159.30633415215434,False,0.09064763361500407,151.97570051490808,False,0.07981269829419381,0.04691882395158679,0.050477784519528925,0.028109081379511517,0.01719154516033974,0.003621108255769204,0.022908085428511818,0.01123562997788733,87.02405263323436,179.9592227536538,True,0.06633125671958885,164.2567255791412,True,0.09442702251474415,143.2459123654508,False,0.07982948558020404,174.90879010415603,True,0.09198669686971046,174.3768321030957,True,0.07075409080046186,0.029425535594105993,0.013647382532925518,0.03227380524512099,0.02837906392043262,0.016275069431495485,0.022664199632901193,0.024873278392684803,84.6020859606072
263,8763,179.62394919829202,3.810130943119116,95.41918738856285,96.32610337634321,172.10044788205707,179.79040212084647,170.15837398853122,172.15402918854704,0.02962855997248214,45.02414679969934,0.437364,0.5512444999999999,0.0024270000000000125,-0.003766999999999965,175.81381825517292,0.9069159877803656,7.689954238789397,1.9956552000158183,46.601585920439625,0.060625745306758884,-0.011035000000000017,0.16303421125928005,1.742469793471006,45.77793577048693,0.26544067724445153,3.0835950122865046,8.759932763137094,0.022713471048690252,1.794924171351483,23.016207873365172,0.016610712849988097,0.2370180288187379,16.455115443525017,0.00980702308955259,0.1605526670946271,2.1872273847413664,0.026349962974239104,0.21511742321365113,12.173179631901048,177.7694419476534,True,0.06437555990436127,175.59103869466463,True,0.10923606802242564,171.64173142253725,True,0.1078810795644909,135.96809228669304,False,0.07867185784637357,146.32174593525804,False,0.07414456994952495,0.048401273227054634,0.04657876169457496,0.016689799519467013,0.01278580290791311,0.0023010895245512853,0.03009973463338175,0.004528975601612431,87.88129452028616,179.15276435990907,True,0.06974676411131918,140.50416374567905,False,0.08302494589579686,171.47280496832082,True,0.10237717263140257,173.43417434633577,True,0.0974881824735696,174.11991581438187,True,0.07764297657869641,0.013398459053189633,0.03460546020500235,0.03435994892312854,0.029406296264575752,0.024324673420212696,0.012023467469910712,0.02331869743360467,85.46874198250629
264,8797,179.21069015058544,4.03859021828249,97.1508096220975,97.78244751108325,173.02035085499114,179.45999592825052,170.1849327842274,172.30597969895766,0.006973860575122975,45.286465001648544,0.43752175,0.55087825,0.002811000000000008,-0.0038040000000000296,175.17209993230296,0.6316378889857504,6.439645073259385,2.1210469147302433,46.091107452319584,0.06168139882492941,-0.01126499999999997,0.18706067854236594,0.5903924886547243,35.80786241377079,0.16030232316613638,2.273481533154447,39.160400217037186,0.026075821910770923,1.0390572166285144,27.52196755964949,0.021207364941291853,0.26072897880185275,8.182829417227545,0.008622546962785992,0.17050613101850984,1.4712644855719756,0.025995805929279667,0.1044741143717811,7.043251114877329,176.31177993121133,True,0.06331910341279322,176.1973598089604,True,0.1104331249761592,113.87455891915984,False,0.0747256551660807,121.12292287008104,False,0.07364410855594625,143.7030084407031,False,0.07239559224842351,0.05085945722282139,0.012323969693244155,0.012731194130952502,0.012487854099083656,0.038606055690785054,0.003247681172775445,0.0017936342994044172,87.95314593141673,179.81733281014922,True,0.0694473471991551,134.86661859968285,False,0.07928219888474336,171.9217215699386,True,0.10127745059982499,174.2904485969229,True,0.09822872033168305,175.28080272518105,True,0.07927500367707335,0.009982551026666502,0.0336940824626521,0.03518855531277184,0.0300137568624789,0.026002651018694214,0.011753087168910105,0.022563294661906128,85.23591015731714
265,8830,179.577603721963,3.652555956798085,98.17549793020711,98.40893175945462,173.2554687145658,179.47654819003952,170.17769298326388,172.1892000380921,0.17039875820277825,45.592619684361836,0.43762449999999997,0.55080125,0.0030060000000000087,-0.003870999999999958,175.9250477651649,0.23343382924750244,6.221079475473715,2.011507054828229,46.097767031178584,0.06268077010535211,-0.011429000000000022,0.19470367646660486,0.6667466507162326,32.284834808818665,0.11392788709186374,0.9431133716551945,30.449381415137868,0.049591036584508155,0.6856300512211901,23.844720220988776,0.03153743789407887,0.31480744661898724,3.1207584106278943,0.010575379919126458,0.1938125521180433,2.3017069962647305,0.019970457489566325,0.2673925327063597,1.7260910137722838,176.45259728875425,True,0.06270065366485426,175.83201039371565,True,0.11078953219957201,120.1198195728591,False,0.07724981108067518,123.38129369442817,False,0.07417981776736851,141.63153638695903,False,0.07124624875739073,0.052301767360195414,0.01586634482166579,0.014193753062527237,0.011657579337066546,0.03652166520026161,0.0038875210610362677,0.0029464151099259754,87.75364776878112,179.2007509220608,True,0.06702333153462306,136.4571141709743,False,0.07860527316917106,172.93856696449353,True,0.10378450882959364,175.0578731079654,True,0.1000022623794082,175.38782894081763,True,0.08130857763483505,0.011910452552275285,0.038283515734582184,0.03896128140859848,0.03180302892807541,0.029320331665927624,0.013358059739348376,0.022216897758238,85.83423384208106
266,8863,179.75178973465685,2.8076568169263223,98.07641090133099,99.18726362734444,172.3342221737335,178.43779866819537,170.92584340793903,172.78624349970286,0.7461245879379628,46.650699224250744,0.4382335,0.5508685,0.003157000000000021,-0.004147000000000012,176.94413291773054,1.110852726013448,6.103576494461862,1.860400091763836,46.50474055749242,0.06306275033647044,-0.012596000000000052,0.15579044242357334,1.5707666631496526,20.80134928857082,0.12584438827047553,0.8056848501490644,12.554127750271347,0.061410300000354245,0.967659171074037,2.7714705102471475,0.037203882610773446,0.25709470267557366,3.5255070324368387,0.011985197289704836,0.09428569251860049,3.9503256937937437,0.010218466917381774,0.17505570624432995,6.827964676511388,177.1309727552239,True,0.06288895205041972,176.4617557328413,True,0.11111395024928233,153.21659141207166,False,0.09148848443383462,123.7204112040329,False,0.07565383840229122,140.21985407955603,False,0.06986050919510965,0.052450617250896135,0.030991486605195375,0.015427637051732857,0.009389969382271744,0.021612379137892216,0.016055017938326987,0.006209832525922055,87.66559006317526,179.84060928969538,True,0.06613152326235956,124.15974505541458,False,0.0749973786008551,174.88312462022515,True,0.10466064831157887,177.51092005625028,True,0.10152778753622087,176.86221199648924,True,0.08317006154260077,0.008935981759157727,0.041541498600796714,0.04393866753783047,0.03592107709966389,0.0346652564969596,0.013963938162280714,0.02098244287493717,87.08816071258853
267,8897,179.96861051408192,2.9390623470019666,98.0601213987566,99.13835839219925,173.34556423155178,177.20007956005222,170.96879602817097,173.66456225579893,0.7957773181957151,47.02254612072037,0.43822125,0.550612,0.003942000000000001,-0.004286000000000012,177.02954816707995,1.0782369934426441,3.8545153285004403,2.6957662276279564,46.16451667916275,0.06593393697482353,-0.012742000000000031,0.09399473965679371,1.6903918037969572,9.3336487054152,0.09113332105804665,0.8636559685640244,9.059412425598572,0.07969283244092754,0.8300742431282996,19.506906372879016,0.041091600894146596,0.19233419419100978,6.960558961201235,0.009739486864298293,0.10231879704722852,3.9523805528917175,0.008701318328366995,0.2495672271627968,6.791460139726145,177.8312103943501,True,0.06288541027138161,176.89667443080913,True,0.11063725096006315,153.78585833087894,False,0.09122384532566025,123.13739190735764,False,0.07452548523156352,146.36897273364357,False,0.07112669676710703,0.05205107784666909,0.031305355340580314,0.014911940182283494,0.01218900881942422,0.020756148390296353,0.017014612220088907,0.0034015208363318765,86.8806645083012,179.43939751700427,True,0.06580245943731892,115.88548733770105,False,0.0725860241988773,175.5986854369416,True,0.10545436709781159,178.65725244304602,True,0.1038860527019869,177.79754549210426,True,0.08549069456964309,0.006980135027347246,0.04347928877063193,0.047512835423704165,0.03864177824583128,0.03889866117233341,0.013768414941452077,0.02074059690558592,88.96222094722583
268,8930,179.5104837184453,2.918033218661814,98.16727971072515,99.32048085519635,173.82019617083387,177.32578353948344,171.3700013493243,173.03484943557095,1.0521101613325607,47.04378814390197,0.43883475,0.55070675,0.003951000000000038,-0.004278000000000004,176.5924504997835,1.153201144471197,3.5055873686495715,1.66484808624665,45.729021774787725,0.06635744842140935,-0.011144000000000043,0.04300798155558815,1.210992824824145,17.64002038904326,0.07037982957565604,0.35009033597352224,24.75146083228562,0.1127094580767739,0.6975251669952863,34.68386428184177,0.04214249278648569,0.26264297809216713,8.641062732896447,0.005696849767667332,0.23870021568782898,4.353090805585474,0.018109419038047574,0.32583054141629336,0.8788034161868117,175.81883431306807,True,0.06285782205899274,176.91234027749678,True,0.112467780710744,90.37712945315884,False,0.0676036847590425,106.59018769866569,False,0.07010323259308371,148.12134307785624,False,0.0720078422534657,0.05406117187039143,0.005942318150351742,0.009573058549909717,0.012846556114383356,0.04816558166367352,0.0036896158336607444,0.003411676713875488,87.40412781254096,177.72955242609743,True,0.06329537747734817,117.96351824745314,False,0.0715544561435554,177.5010088429809,True,0.10736385447626214,178.70212857462994,True,0.10476549370856796,177.38063192100543,True,0.08773704903289146,0.008487152172548806,0.04741083701011828,0.04996465208524922,0.041240768918631966,0.0415740146004689,0.01416791756046031,0.01980802395495316,90.98969669726871
269,8963,179.96133063322992,3.089400147263545,98.06461499359757,99.2736861551022,175.1523553311829,176.86422906029486,172.16556938387686,172.88135866163208,1.4023450945240017,48.567930885157345,0.439559,0.55122475,0.004075000000000051,-0.005087999999999981,176.87193048596637,1.2090711615046246,1.7118737291119714,0.7157892777552206,45.12716616358455,0.06856670110921194,-0.009574000000000082,0.014857105225907396,0.735781317013089,14.77728875010057,0.10582046896964428,0.8663803028346786,4.474612332878834,0.10822843727951119,1.5843253327474336,20.54779928048462,0.023967318280080717,0.4381153752429801,3.645928417591068,0.006123269548587047,0.376915913230739,1.4062684923907145,0.02499500599389689,0.30754690738723434,0.778345925799252,175.21790434362924,True,0.06313987147595414,175.936845879274,True,0.11165935534920485,89.57407222345971,False,0.06783603080959263,110.97273554767206,False,0.07039049289499262,146.5402073841036,False,0.07032771889518387,0.05317804604345667,0.0059914701034053264,0.009825731524929856,0.010814602396759682,0.04724252746202302,0.003899983846120419,0.0015366603398279082,88.36028104837189,177.96490430791238,True,0.06425284632605782,119.59583053361877,False,0.07165884544143873,178.19775692833386,True,0.1091059375561202,179.1491628616484,True,0.10547856929253452,178.66826546200406,True,0.08917418342210932,0.007573879653123633,0.048768992987348,0.05070478858056702,0.04255005452405433,0.04356986206083282,0.014539722487035263,0.01892582851554989,92.71338063335398
270,8997,179.76760940531045,3.284407668600415,97.66311010823424,99.59036577393331,175.80796283611792,176.7574652381877,173.12911973522606,172.0486171645592,2.011856512604535,48.85802931309055,0.4406445,0.55098375,0.0041140000000000065,-0.005113000000000034,176.48320173671004,1.9272556656990787,0.9495024020697826,1.0805025706668516,45.11011559378644,0.07084265655662556,-0.010488000000000053,0.020733391541877165,0.31787221579382596,12.899079845175976,0.1271691331039092,0.09989104993593574,27.262333598887516,0.10211498583984778,1.3699279365978814,13.260913000258688,0.013016112762470167,0.0798249191998352,3.21321534178223,0.019665307825105775,0.32693103124723133,3.357521391942888,0.03707971754301753,0.3593718755819984,1.8072767718191287,174.60563643155947,True,0.062004142264852,176.52882112758627,True,0.11035427024361141,90.05085235041494,False,0.0672809634071927,107.49871503609654,False,0.06880104060259555,141.46424181004818,False,0.068115468911254,0.0532327441806263,0.006645941994931947,0.009314035108372733,0.010130019595242673,0.04662422692120485,0.002823562466105515,0.001962059377287011,88.44677327568814,177.87712083152113,True,0.06458576552925574,112.03240500715202,False,0.06991779488799683,177.24380282026152,True,0.10956275159925474,179.18077617852347,True,0.10664155506180509,178.07496959782344,True,0.08993929341505859,0.005564764595200735,0.049137943068467964,0.051802536125174437,0.04307958167159938,0.04565805852201776,0.014416768292512743,0.019095987065349634,93.75471782942012
271,9030,179.00850727120053,3.3175063868113064,97.28722755615824,99.05720935689271,179.05483788204677,176.1791975549529,174.24003528114022,172.5372562450975,2.022660453750242,49.38561192043536,0.4427415,0.5509419999999999,0.0041039999999999965,-0.004958000000000018,175.6910008843892,1.7699818007344703,2.875640327093862,1.7027790360427275,45.509850512065064,0.07813970530402581,-0.009908000000000028,0.019087484548627597,0.1655521552825469,8.88234408032601,0.11246761247995732,0.9630534098373865,17.58869450351779,0.10519943517977373,0.9671646537252172,9.731840448508505,0.02146783869804884,0.3333799058574683,14.50408734414037,0.02785862332120581,0.16278427358294156,4.551548122170563,0.048752401755869194,0.31705761421884765,1.7282082606743385,173.9901237521607,True,0.06179384762255867,176.4465983836018,True,0.10979472470023319,102.03196674587083,False,0.0709797770917886,125.23210563025144,False,0.0731359463806957,146.8284892742857,False,0.06950823228942021,0.05284479569456203,0.010787975899120283,0.01456041088019154,0.012120958707957062,0.04205761809708202,0.004227791976907103,0.003660485350332638,89.05554187897012,179.1977825838798,True,0.06460284517728299,103.91696349528924,False,0.07019336533462403,178.1688326683311,True,0.11023919405093635,179.02243474315742,True,0.10697274229447423,178.4964340609853,True,0.09140847544948988,0.006057302534957299,0.049379273425193326,0.051446304483412635,0.04336901964536437,0.04602292013768795,0.014366103612323022,0.01815364563937502,93.93374675329548
272,9063,179.0677644810137,3.326172061632242,97.24493924037765,99.33074031489039,179.8428118136431,176.52391352257933,174.48703670899062,171.82753940320467,2.186411741014314,49.40909514485776,0.44373775,0.5510945,0.003918000000000033,-0.00463799999999992,175.74159241938148,2.0858010745127444,3.3188982910637606,2.6594973057859477,45.95144727268598,0.07990158399556299,-0.009704999999999964,0.010808250220790369,0.2757793219294388,6.003665985194096,0.06372170666783708,1.0616406090825106,11.766262183394051,0.11520095824109532,1.3484523517050813,11.16915179698747,0.014955958355916635,1.020474403726157,8.419714471434725,0.030034279606245443,0.03833892970078726,3.204428463788674,0.05791538742081497,0.2822318729935956,2.7971176906518167,174.79867731934974,True,0.061472058376143564,176.89276458803548,True,0.11005239219571739,103.07432764840189,False,0.07095903151114741,114.60906224992257,False,0.06982049444826352,141.99571346887728,False,0.06805504305339914,0.05328943352110245,0.010884135243555223,0.010914101337260871,0.010568789145403608,0.042408703410974434,0.002188795102333778,0.002264014134231431,89.55121435484577,179.90080314177496,True,0.0642234513320485,106.35748395986867,False,0.0705012799103676,177.82030797872142,True,0.10914823583091025,178.1897878945726,True,0.10645112315518333,177.71568764694024,True,0.09091464159858964,0.006520916039944058,0.048580987433357085,0.05073344995168377,0.042557959185092524,0.04430102213267768,0.01325319176651417,0.018155851563614423,94.0841111264828
273,9097,179.02207254152754,3.4479123788367514,97.28148288169544,99.42753103121736,179.96059370581835,176.7822639783819,175.21648070679416,171.23151525857065,2.2326363366213293,48.68571205064275,0.44595324999999997,0.55112275,0.003899999999999959,-0.004747000000000057,175.5741601626908,2.146048149521917,3.1783297274364486,3.9849654482235053,46.22087587196817,0.08283951285467579,-0.024758999999999975,0.019048194715226358,0.3531647030718543,4.923901761309752,0.04134498858278617,0.18526537409100446,31.72244620186189,0.1343365680827731,1.0059009260235894,20.19571008626239,0.051447477395146754,0.8863132154066665,6.291995275156435,0.029668418851529193,0.05596937978751638,2.7170267948517086,0.06751268248862466,0.12973414698721086,6.2250470979607035,175.33403551239857,True,0.061566470826254105,176.3083744965811,True,0.10859556257969295,117.91774992365987,False,0.07516824851624519,118.02456743716651,False,0.07101234660254511,142.42603031671703,False,0.0699382815059106,0.05168084854179548,0.015135235346700054,0.012105098595220116,0.01235127434720802,0.03660134621841123,0.004336137105765906,0.002000482441812474,89.71049987238268,179.51028070851766,True,0.06426731290477296,107.3661391369981,False,0.07080256998866641,178.29313940182868,True,0.10790658834844148,178.6003744154257,True,0.10527258488799447,176.78080493703965,True,0.08647477073112135,0.0068468478148707955,0.04730884552596907,0.049464145287268446,0.038417379361429624,0.04303565242911977,0.01285384992910686,0.02049989975585245,94.95459241958031
274,9130,179.28002294517464,3.583334965931135,96.23603991596745,99.97482315897788,179.65660643710953,176.73594119940665,176.5411871791094,170.19820410735312,3.07537206892388,48.510823961901586,0.44887325,0.55099275,0.0037730000000000263,-0.004813999999999985,175.6966879792435,3.738783243010431,2.9206652377028774,6.342983071756265,47.17477988292827,0.08162101132674107,-0.020132999999999956,0.03167288890985474,0.37426413775273515,4.932429131507418,0.05245493867515584,1.0799569940900613,15.576601494033634,0.11581412649623841,0.6589821798639631,19.09426206102921,0.07045106112027584,0.6304739606780848,7.526810827404017,0.026396756180170712,0.1555585175396425,1.9176347607819708,0.06659934569744819,0.13618636686404512,6.790795987721131,174.811431778254,True,0.06029991961852025,176.05209981859625,True,0.10760526039650668,137.0663127499821,False,0.08312145865539175,113.61094572947717,False,0.0712917088306908,141.71627694646006,False,0.06973314409948828,0.051752693388846964,0.02483194927910411,0.01341732648481055,0.013512531221055493,0.02710144527511407,0.011939073875305435,0.0027372413119782064,90.03341238479965,179.55744207226644,True,0.06509767904464796,113.16113060203975,False,0.07225450190126562,179.11233909676025,True,0.10794529453848373,178.85036663938018,True,0.10434638609937577,175.85300226193743,True,0.08572470554046834,0.007714194319564405,0.046237313611411326,0.047262314257767814,0.0362492397299585,0.04192177877905468,0.012532329272725044,0.02013077007965664,96.16739936217911
275,9163,178.9233347135551,3.3196461446101844,95.50867270321345,100.92472584276342,178.16550306492107,175.79761841797477,177.61351906685,169.02246168569167,4.092625183866973,48.51727162291422,0.45126550000000004,0.5508085,0.003748000000000029,-0.004866000000000037,175.60368856894493,5.416053139549973,2.367884646946294,8.591057381158322,47.99467093414988,0.08156013075026297,-0.01934799999999992,0.0437398590022235,0.4005255181207765,4.000988825493807,0.11197530795217643,1.2069619683910648,105.66443075507262,0.11311550388606684,0.4047806512838476,17.131535020428775,0.0910083976338694,0.5562904432517476,8.498213497041586,0.019546405946860402,0.1813511874064284,1.1875114016536372,0.05854570237060569,0.3184702167006196,6.2365898452252075,174.8968133344183,True,0.05945305227656522,155.48471733205506,False,0.09096779918190827,166.57920652716237,True,0.10200684718194161,164.57550078509558,True,0.0908564830928426,159.01908320440214,False,0.07527516406491581,0.03430710371045619,0.04637797344645405,0.03546118053590429,0.020189018054377953,0.01215231862650088,0.011217986272054347,0.015876680540969516,90.16735627622714,179.94609837374887,True,0.06575170651017356,126.19770113988255,False,0.07564008315701405,177.12892845752916,True,0.1043618675618638,179.26943411829907,True,0.10134715853934934,178.44482923074492,True,0.08290508520591484,0.010529507348399563,0.04134815461420255,0.04314718592214329,0.03243698336775478,0.03523190095637763,0.012795613349894515,0.019688520132300494,97.63642848792686
276,9197,178.60380351948683,3.3688180924743314,95.6748756221008,100.38692738221542,177.8557755221561,174.27218977555964,177.92603135598935,170.7576679477794,3.839166529560602,48.21996772474291,0.45253299999999996,0.55019475,0.0037850000000000383,-0.0046399999999999775,175.2349854270125,4.712051760114619,3.5835857465964693,7.168363408209956,47.67474658548339,0.07969086436976326,-0.020750000000000046,0.055746423453955515,0.35797813912637955,3.1723071808988372,0.03235723773412762,6.017036396252073,96.53437650817425,0.08959301423772409,1.0163997017209767,10.052358232244366,0.10198067333957915,0.2929155298421053,14.824154930284445,0.01433844182907994,0.11056348937321442,2.5009311675569443,0.045271309169869794,0.5526336433359084,5.933830175140257,177.16804227065032,True,0.05978018792208671,151.20405539391044,False,0.08812820853733498,160.85286950689863,True,0.09680803413973448,171.85015371255824,True,0.09964761723192382,169.98379776984652,True,0.08430679213444194,0.03083012928938184,0.04031544629543368,0.044470908873104904,0.029371068553935845,0.0095386050342804,0.005335614116481841,0.015552284076623612,90.6493433466834,179.10064173880693,True,0.0653637764285388,145.26016959183792,False,0.07876867946715874,171.89078934083727,True,0.09831111649249032,175.42823230925612,True,0.09661720294543827,177.01758819820992,True,0.07762238156614364,0.013639163757356893,0.03486098485413168,0.036228253201058415,0.02417005157214189,0.024994142213726808,0.00882091928315861,0.019748798165964473,99.02058661487752
277,9230,178.62390826338142,3.2666909047343715,95.4591939577844,100.93559227629345,178.00330308414976,175.46330125761838,178.78393814020959,169.1887769402059,4.257504428240903,48.02777732021013,0.454184,0.550434,0.003605000000000025,-0.004838999999999927,175.35721735864706,5.476398318509055,2.5400018265313804,9.595161200003673,48.24219467592279,0.07995871455319924,-0.020703000000000027,0.06365706228369912,0.2921773207477933,10.451599148148135,0.2921708936240373,7.6508417807862354,11.260644059556858,0.049545973485986536,1.0772467050426358,11.57147360962088,0.0970376489852417,0.5267203339497051,20.773537750957697,0.012653955972676613,0.06387540589550085,0.7237042817414329,0.02164912181082324,0.7160360301849503,0.31852095205047243,178.5572734991719,True,0.05978417557347425,166.02711498151203,True,0.09578698584880936,167.97651917971703,True,0.10162028950952667,171.89499972348844,True,0.1000804677696902,172.01075840441723,True,0.08777093720588845,0.03953201392542509,0.04621839344892907,0.04537574579001431,0.033559336480329965,0.006856153586377772,0.0023661667312343173,0.012380779014262318,89.96531207960479,177.88985842369735,True,0.06757782048127922,174.2664442336534,True,0.09039761776175304,172.89760559253915,True,0.0940069943408468,169.62203333018377,True,0.08819402891919616,175.5226751433082,True,0.07383355682885663,0.023462348134830866,0.026874089565974146,0.021567526886502344,0.013572123820537442,0.0036969568566592504,0.006118553587245894,0.016042219204337085,98.25430201141482
278,9263,178.59875822602427,2.4571219402867457,95.60416186638489,101.2414184610116,177.62945654093303,174.115144748558,178.67705082404692,169.3497002467524,4.488447630467113,48.381844262807164,0.454744,0.5499575,0.0035009999999999764,-0.004650999999999961,176.14163628573752,5.63725659462672,3.5143117923750253,9.32735057729451,48.65513881250845,0.07997835698487435,-0.016081000000000012,0.06967194494795584,0.7425376292515347,21.237015734887965,0.5323860239610856,5.427854090603419,111.29693693514793,0.0264619533306544,1.7671196202039396,20.192824120895747,0.07060052503238878,1.2587178812298805,13.925722154681269,0.012609677877340634,0.06661574452392327,1.6269134347315068,0.0025472128792731444,0.5440747957656183,9.253946996369455,176.80424838624816,True,0.05979002529686699,171.78815957637326,True,0.10002863264085933,171.1630994331457,True,0.1035496654992183,173.31379189423964,True,0.1027369131130578,176.06390863123625,True,0.09164262757036157,0.04564298405012538,0.04978076023927323,0.04993907889619111,0.040348099001068206,0.004244009542873407,0.002590416375797548,0.01113289360409051,91.50882246476687,175.498848117969,True,0.06445306249512121,177.4914811544664,True,0.08902447205684516,174.97845658922472,True,0.09257362283609731,172.96969895236884,True,0.08694271954568708,177.3606103679099,True,0.07221916677032489,0.024571429343853826,0.028146250194297617,0.022490825351685062,0.008027484039224216,0.0038064182639326004,0.0057415298483940525,0.01495177330620017,100.42592447487517
279,9297,178.9236015136645,2.0632497247033172,95.10767444552101,102.12472218520314,177.52164229567705,174.6374692636462,179.6428321232338,167.78957370771863,5.2270259419082725,48.14828369760727,0.45562875,0.550053,0.0034420000000000006,-0.004630000000000023,176.86035178896117,7.017047739682127,2.8841730320308443,11.853258415515171,49.65370774404733,0.0830015102573441,-0.022591000000000028,0.07748631809420678,1.2897930277194238,64.58478724048143,0.655734021286535,0.6816363065550896,187.79193681054338,0.07717683519486221,2.4301533439173424,9.11680201004336,0.016821316119349592,1.389310051959602,8.900080938585164,0.009637622296892056,0.172008434325827,4.098311299567642,0.015578810144549328,0.22328107793984261,13.037722917781398,179.0701396311118,True,0.059287608528258345,176.4601712637555,True,0.10125262415364855,175.5207446602603,True,0.10180756801436716,178.1292449813363,True,0.09809727566043822,177.9675375960481,True,0.08566924784308552,0.04768507264333359,0.04962422734914863,0.04886766269221393,0.0415514218890281,0.0038478473202557795,0.007141339720248593,0.013682460670508018,95.06991636157082,168.9679321026956,True,0.06166749758178941,178.21191721312067,True,0.08668666530095621,178.38088120820098,True,0.0868761033023466,177.53689815264966,True,0.08075347508311952,176.61746416388942,True,0.06559659974419405,0.025217865353752686,0.025757420542437834,0.02020029187907938,0.009446677511167597,0.002528585770742224,0.006382478593775271,0.015453163947878162,106.48353948156446
280,9330,179.24035332583486,1.3560047491430867,94.90689691766619,102.52043961342189,178.63350428408899,174.8363716288378,179.8795625508981,167.72069082434749,5.2766402717824015,48.1227868793994,0.45581550000000004,0.55078925,0.003489999999999993,-0.004555000000000087,177.88434857669176,7.613542695755697,3.7971326552511755,12.158871726550615,50.363473913562316,0.08137244960058661,-0.010323000000000082,0.0442162749769972,4.025085307438221,110.82446812145349,0.5503277865148455,7.157268686365623,224.0549828194339,0.1482685606522685,1.184362480625,40.41833702392757,0.024574143923830786,0.7955450826389949,15.210261144242708,0.013308628470056594,0.33986551706151524,6.431722192463569,0.017395552179862273,0.3940405563054755,9.079675605331232,179.62266168267928,True,0.05896711200321753,177.28838768454125,True,0.09974213477262256,175.56545877191058,True,0.09879785734518738,178.5379157110532,True,0.09720644271343327,176.7084552510723,True,0.08466569520768134,0.045960716584927196,0.046591751823686564,0.0480970686112989,0.04125947068249906,0.004139575461324508,0.007014204801686353,0.014187616572208267,97.08620775335189,158.88253946917644,False,0.05622976248393731,176.94801350640006,True,0.0814596765093012,176.4372341223939,True,0.0806291719912837,176.60319008611472,True,0.07550971021663376,176.08281545168532,True,0.06091042574962027,0.025624680485812845,0.0256617506222783,0.022295564132804552,0.01608655096656832,0.004288084071004211,0.006626162162217322,0.01586763655999215,113.35698248128185
281,9363,179.28822506479293,2.92073654817554,93.81291265379379,101.23268602300364,178.48209658540426,174.69861218598567,179.67315965503624,166.88531162894807,5.870139399962222,48.25727640043696,0.45584675,0.55075825,0.003846000000000016,-0.004641000000000006,176.36748851661739,7.4197733692098495,3.7834843994185974,12.78784802608817,50.0896485778335,0.08111801359131025,-0.006299999999999972,0.1922490188703522,7.976037112570635,95.88165465698619,0.184046573762591,14.495388365114202,164.31909231382372,0.152009604078336,0.2786782942859011,34.72569232507185,0.037591357392340534,0.595192142696967,9.711860499484683,0.02065827794313715,0.5364888567458737,5.249954551308165,0.02190865679133343,0.455350805887206,8.035906982469596,176.83425840324233,True,0.058747366962273354,176.6223143024804,True,0.09704661961140124,175.06603697248093,True,0.0991859719516828,175.5671556876734,True,0.0958607207358677,176.67086280956826,True,0.08722234539955917,0.04240674673916875,0.04516954399814105,0.045337562406905,0.04305309041172305,0.0030873422226892953,0.008869903494401737,0.012997580582554603,97.66756193853068,150.25716879144375,False,0.05008085539405251,178.3704254794959,True,0.0735898813220948,176.58040599025693,True,0.0753074020930214,176.47996698992014,True,0.07048230595688534,176.66500402417867,True,0.05849663774953227,0.02403772576597045,0.026607335623846345,0.023874792397003127,0.01930643252908216,0.004457057886094892,0.0070859407985108015,0.014019109279836557,119.83680838044747
282,9396,177.86314782057013,19.090497569012243,91.46407944828859,98.86506923497514,178.70718610714988,174.9671706899601,178.88954687303777,165.76035183017453,6.465644921464085,47.939266257178595,0.4571005,0.55097325,0.0032340000000000146,-0.004432999999999909,158.77265025155788,7.4009897866865515,3.740015417189767,13.129195042863245,45.76071262457436,0.08364245169170974,-0.007538999999999962,0.5142084097752052,10.096991293596856,24.47892037008446,0.40663387987381233,17.979596320540935,17.61028791041653,0.13184120488113832,1.1168776081327136,15.555387634013996,0.055785535831767694,0.3073599797198766,12.181613830215614,0.0350268784717581,0.49230941955186724,3.351335005939421,0.025308755345314553,0.337885798702356,11.166922419142736,175.62374730423346,True,0.05620555162081415,176.62565556042128,True,0.0915440538757161,174.3659428848666,True,0.09404276725511643,175.0780414648432,True,0.09296562393164477,177.09512507048066,True,0.08872359551438387,0.03925180409866534,0.04220163800138564,0.04425421428519546,0.04695991141388573,0.003060190353556421,0.007995311876343511,0.013560940159148233,99.43826986608721,150.74545151895876,False,0.04801069514181189,171.96273965259797,True,0.06928088177845314,174.49138820658806,True,0.07012023103213509,174.97054404808827,True,0.06897172638117739,177.8667337543803,True,0.062147260744139,0.02143640314978238,0.023122117896075198,0.022877966343187103,0.018513952846434527,0.004984321418207326,0.0031880903374904923,0.00786839462660585,120.40764103858257
283,9430,175.03345509842742,8.913636142763337,88.56973791660707,93.93419559176131,178.26475621587932,175.27124535357535,178.42263187127023,165.52729356474282,6.602804015334694,46.91182241914956,0.4581045,0.5528522499999999,0.0034109999999999974,-0.0032679999999999376,166.11981895566407,5.364457675154242,2.993510862303964,12.895338306527407,46.843281449912425,0.08346534007598604,-0.0006249999999999867,0.85740935697711,8.384871864140985,114.14008647173401,1.0207634907309318,14.07852992850361,195.37771618039858,0.07722812665784631,1.2319074542297475,10.760401115412938,0.051166238895418485,0.34240035786128836,9.21974655885569,0.04447356028485373,0.3444385038140176,4.199062801373279,0.019100219495272856,0.36599691420041736,10.989941511759767,173.3336450100109,True,0.0542223829243975,157.99178697300158,False,0.08149247062765975,144.51447167730933,False,0.07922764018951971,144.31926921899296,False,0.07834555826592844,146.16360892743361,False,0.07442877911802662,0.030331467241134263,0.028491630279785737,0.029663238022845744,0.028858135300119506,0.0023688615409093792,0.004567118347492304,0.006034825680995228,97.06839473908244,,False,,,False,,,False,,,False,,,False,,,,,,,,,
284,9463,168.77159680247965,4.063672382631085,83.87226090890165,85.70712751965705,178.26635701131218,176.08074517300935,177.09036122948228,163.58296601912863,7.6812701214860475,45.87159130161528,0.4596692500000001,0.55339525,0.004203000000000012,-0.0035680000000000156,164.70792441984855,1.8348666107553981,2.185611838302833,13.50739521035365,45.55894951981511,0.08235276634697826,-0.0006749999999999812,1.0657684825922795,4.1160145505805845,180.87180788736146,1.348337945628805,5.149036814510269,256.1640118238434,0.05520660962222421,0.8346142211403061,14.365212509375693,0.040626109942178974,0.43152639990160013,5.559737062750564,0.05518127472482656,0.2818703548034316,9.536533290142351,0.006002036794836049,0.6019326032283484,6.453851583674218,,False,,,False,,,False,,,False,,,False,,,,,,,,,,166.73614474517916,True,0.06402168870781215,172.29530491809348,True,0.08947849952362857,176.17638087790044,True,0.08593334373222072,179.62247382430346,True,0.08345423577626244,177.428044010074,True,0.07513623595842422,0.025459923723373544,0.02203602695587384,0.019821631264858093,0.012736525311088554,0.004792636017892474,0.0030986167881814535,0.008798961359160522,99.55259090252433
285,9496,158.96738680686778,15.139523732170602,74.9245207358485,69.45700374119254,179.10115501034747,176.71114192166192,175.51825813102388,163.56738579355718,8.439266105575168,47.03798620022729,0.45840625,0.5524875,0.005540999999999963,-0.004055000000000031,143.82786307469718,5.467516994655966,2.3900130886855493,11.950872337466706,40.90906637387635,0.08334363628376193,-0.0073150000000000714,1.0578143766709662,5.367715057495513,158.47400675055894,1.3507910470582443,2.972508449930811,188.91028349512783,0.05279012651576005,1.8783568108773656,20.885196948236835,0.029363033276804795,0.5513446207780455,6.585714181875436,0.057224826438071634,0.5900720009434971,12.177708394386245,0.022366063249952797,0.7791991619772869,6.864331005386887,,False,,,False,,,False,,,False,,,False,,,,,,,,,,167.2609316452165,True,0.05118712808900298,160.30840716238706,True,0.06937949735332474,146.6893066884128,False,0.07247189980261316,135.84267511913987,False,0.07470753268580083,143.97998060121836,False,0.07424908931428045,0.01915596682498695,0.023915672371898792,0.028537679968771146,0.03136592166667514,0.006370985010184875,0.006488941130877941,0.006307041144625563,112.97177479709057
286,9530,139.72797718747938,31.45733910672949,66.24547382995982,50.10120617557409,177.53627183698575,176.79037535161882,176.05089789687045,163.61487043594627,8.568819953465168,47.915529299129034,0.4580595,0.55195825,0.00758399999999998,-0.004012999999999933,108.27063808074989,16.14426765438573,0.7458964853669272,12.43602746092418,34.39920742035668,0.08257761406700974,-0.0049519999999999564,0.9003050947875872,8.63299955562558,100.04330471224343,1.1604238742988608,7.582937291750395,106.71244259780522,0.10996229390209439,2.218814695065325,27.347943862442794,0.013475458734219948,0.6144858492328928,8.259327502191768,0.060449987885718856,0.9228681260324115,4.670877745143811,0.05132295276939313,0.54291090805265,18.362234404731087,,False,,,False,,,False,,,False,,,False,,,,,,,,,,170.26569262919617,True,0.06565853475367846,175.26997723842032,True,0.10285731459162252,177.58741211503187,True,0.11196299893268316,178.3693913860878,True,0.10924539192112412,178.7574680156014,True,0.09417669406493313,0.037385273370673655,0.047309567108566986,0.04636433148445045,0.0345920394455141,0.011655182924347451,0.008591055930443025,0.016356436928622313,61.597680989454425
287,9563,128.46762670766205,46.218891481734126,63.10532764108119,39.67482606816875,174.00887856144197,176.9578683619458,178.36972462341475,163.02502671773348,9.194797797870045,48.17010772159538,0.45709375,0.55227975,0.007570999999999994,-0.003754000000000035,82.24873522592793,23.43050157291244,2.948989800503824,15.344697905681272,30.99323112625637,0.08839501477459007,-0.0015740000000000753,0.6749531142069973,10.116367145342307,37.38756037816065,0.8427981535636995,9.790133926386048,18.207016288886614,0.16389872207910314,1.515155418152574,36.806940803219746,0.013195514307737613,0.5888328776116291,7.771545860701959,0.077538602034654,0.8326975909379181,5.362990229730865,0.05664075639783559,0.6701088496244153,21.367345298158238,,False,,,False,,,False,,,False,,,False,,,,,,,,,,160.57456746623174,True,0.052793018477825304,173.89865123917116,True,0.07786594506586306,174.91660111644478,True,0.08446678212173121,176.03252626771612,True,0.08575909100497751,178.49516983368434,True,0.07701726975166029,0.025073590907566445,0.032788319292089405,0.036854428906170876,0.032313089607773536,0.01242320735559069,0.010160039763701688,0.011473740889526882,38.78169888722195
288,9596,119.04703332034099,56.84866068626385,64.32857016262432,30.19279131314591,172.20290586902422,179.9645687946079,179.06912473375226,161.15248631912723,9.63654112061919,47.808266392066805,0.45627775,0.55165025,0.0071630000000000305,-0.0029799999999999827,62.19837263407714,34.135778849478406,7.761662925583693,17.916638414625027,30.503113205941066,0.09298614738228483,-0.002118999999999982,0.5203882199109835,8.429315915569592,81.85654895308258,0.5152694712395939,8.62205606070186,60.87127772841254,0.19834209377063386,2.116222032177383,9.720720195398798,0.02739975419898558,0.5602959408155862,4.277187036142104,0.08900507794363106,0.5760989951709242,8.657517876765741,0.05551770474241936,1.2682934243536972,13.1557355415453,,False,,,False,,,False,,,False,,,False,,,,,,,,,,161.5504904189636,True,0.047411137183155594,172.39857655366797,True,0.06970243646387117,174.11038492857628,True,0.0770418857310749,177.2760594904003,True,0.077059629852472,179.10473138263507,True,0.06878502030238848,0.02237457101264737,0.032400826686984435,0.034677417925791404,0.030331034090515283,0.015320390399725464,0.006266257894469375,0.010136555677349184,21.209642762192665
289,9630,109.49655050626966,63.06799295709493,64.75281023248014,26.053627335356687,166.0050050052122,179.58721922247807,176.32928774968855,161.5839364937848,9.433159205329908,49.80718839962409,0.45597025,0.5493232499999999,0.0063489999999999935,-0.002726000000000006,46.42855754917473,38.69918289712346,13.582214217265857,14.745351255903756,28.36382647986695,0.10392264635775977,-0.014649000000000023,0.5191526329928737,4.690889173711334,111.37728820328697,0.26784057661702254,5.720976295088588,73.24438675851694,0.2777805218162316,2.162042095047821,6.141203133577903,0.043165483799274304,0.3748080042355321,8.530381092731181,0.10561178134913006,0.3886403016011,10.93227289937626,0.08861485300997982,1.5370443689483395,5.700916630659182,,False,,,False,,,False,,,False,,,False,,,,,,,,,,166.68329251236096,True,0.032738968371040636,136.47145273682574,False,0.039503382766542944,126.49770660791314,False,0.037981422248251843,131.61599673169357,False,0.037334401896909994,141.48935015782862,False,0.03352314551172072,0.013483360115342189,0.012626246077120455,0.012898383813486018,0.011627990411072719,0.0015229609318692528,0.0009718832234378805,0.003816320741237499,52.43481993589309
290,9663,109.80648778204673,65.75016602074867,67.48395014229608,23.662514755170495,156.57937246713195,179.8958635202789,170.6925886119182,162.36882747792964,9.300631118298684,50.336558993380144,0.4556410000000001,0.547586,0.005620999999999987,-0.0021210000000000395,44.056321761298065,43.82143538712559,23.31649105314696,8.323761133988569,29.879502333889796,0.11609595541619873,-0.012619999999999965,0.5366599299121441,1.7504295900281561,88.6683474276586,0.1423075778188594,3.719097380289055,60.09570564733597,0.339201089597237,1.7347324432889273,11.872139631332853,0.04996551005091971,0.15412341995727769,8.433063462957278,0.11500537368099249,0.15649222592343776,16.282462174818072,0.13288120679786247,0.907670972529677,25.844387489027312,,False,,,False,,,False,,,False,,,False,,,,,,,,,,166.141104128979,True,0.042921364843164105,168.09332745767355,True,0.05180966267020082,162.55987448938936,True,0.04915050034333323,148.1077904124973,False,0.04772828311389379,139.07498872458459,False,0.04625769956450498,0.015866118933122828,0.017634319380117832,0.02145119420918096,0.027958288162904413,0.004897759691940809,0.005276377640010227,0.007993498483142424,51.19601559256159
291,9696,119.33698173150066,67.30071224885405,74.62877704559499,21.81359876553521,150.32289256330793,179.8071771560728,166.27474696343148,163.5828837962689,8.725246550406103,51.00375798732841,0.4563075,0.5466215,0.0043159999999999865,-0.0018979999999999553,52.0362694826466,52.815178280059776,29.48428459276488,2.6918631671625803,34.25689888065846,0.12354946307451116,-0.006055000000000033,0.45673777663082454,2.9729864953809773,38.06109905342295,0.04135718857214056,1.851569833071879,61.365884214657285,0.38630316673919557,1.5945448533499198,11.378502414993726,0.04772162970056075,0.2218795312873343,3.1761673543631415,0.09770347224566066,0.6904617836916841,10.561323797017073,0.1377779700405145,0.4566256837046309,22.110469192081577,162.150191982071,True,0.041499008301404065,151.623667652091,False,0.04559187551527134,137.55618891487939,False,0.045228314195866266,141.46901376513267,False,0.04751975501830796,138.22834076375244,False,0.04571426881182721,0.011583170593580942,0.016360969561734363,0.02390831171371165,0.02869306949421752,0.005459899632777165,0.0076370908073690735,0.006613934683681051,46.388151507832,150.9829185159786,False,0.035038515151187534,174.04218196503587,True,0.05630415586792867,178.34003648695636,True,0.06419567806324664,179.86078171990476,True,0.06590842453738373,177.08397077809684,True,0.06282507716668562,0.021419526231922198,0.02978240571209794,0.03310554003486432,0.03325557741191697,0.013663443855778072,0.008077172339377188,0.009662107430576395,17.90667662111918
292,9730,131.1293764222426,68.99749447794682,82.65293889008335,22.32368993861571,150.7992306391295,178.75026180558322,162.67093911965551,165.08353877857613,8.182445153423775,52.47475295490073,0.45670325,0.54327375,0.006865999999999983,-0.0011990000000000611,62.13188194429577,60.32924895146763,27.95103116645373,2.4125996589206125,38.20619043028444,0.1475021364760524,-0.00569900000000001,0.3456135043655677,3.2194296802080222,15.55325210452136,0.030003042942246747,0.39865178776858906,42.113580182146016,0.4370992375440903,1.2811689847013756,32.909771112665695,0.045080433883386464,0.10377228765464669,4.167039704379818,0.07088144005872764,0.8336856066101523,4.130744841515703,0.11703749804379933,0.8303689993176157,7.219894906570037,162.78502919673465,True,0.03620972590340888,148.11196209057442,False,0.040878548041729634,144.37189653209833,False,0.04209517603003936,150.59832354554922,False,0.04427673882525671,147.77699984125942,False,0.04475865864835538,0.010776998654542019,0.015654170211161,0.021747308362185885,0.026153135834924297,0.005144586766689794,0.006266383486509583,0.005101260726526341,43.09203767363304,146.41365846561996,False,0.03091002174052942,166.34552531587417,True,0.04699703992806358,167.78582317455025,True,0.05160512943496995,171.3522081565162,True,0.05186964674065172,172.13092794987298,True,0.048712613931095904,0.016393800352572315,0.023957032954854816,0.027074537281364535,0.02812288420486059,0.011775782351928886,0.006624017587536993,0.0075856683950724,3.202069125313936
293,9763,140.91660660552637,71.95188080136677,89.37834659112109,25.5872656408866,148.41192272079442,178.57149272211026,159.97217008579958,166.0897257061109,7.861654571092175,52.98193220219532,0.45766850000000003,0.54275825,0.0067410000000000525,-0.0012339999999999574,68.9647258041596,63.79108095023449,30.159570001315842,6.117555620311322,42.25823309400531,0.15986916080970712,-0.007286999999999932,0.24859966347658585,3.1420503458110094,25.035834396053843,0.05577363343083382,0.9701828460560487,6.269662913483674,0.47144628730071847,1.4523841482568285,35.60081602180801,0.0409629983519573,0.14752382364846636,2.488931852264266,0.043399747154783216,0.7326284490369818,6.099332851475686,0.09853702739687717,0.8191063985332955,3.799233877797186,164.38115547572255,True,0.029890751914262725,156.97985508489262,False,0.04168150972553659,157.60306925246317,False,0.04444694573308725,158.2360118156812,False,0.0469937124517738,147.9303391870008,False,0.046669212742449416,0.012530345126930858,0.01739864997636312,0.02449296797041957,0.02806794392184793,0.006703590828802142,0.009910478141845614,0.006548557398389349,44.60292206959196,145.87102448467948,False,0.02648596052628634,170.50816565739086,True,0.03962838114281225,171.46523481870017,True,0.04133762849995145,177.0517196094858,True,0.042800761453506836,179.42301823750637,True,0.042803460140507316,0.014132806975261506,0.01914549255046733,0.024466024278578642,0.02959105008275305,0.00852041043612332,0.007748706795330444,0.008643979234125887,17.067464849938112
294,9796,147.67207284479255,75.9744457550209,92.72442368601453,27.314631955096477,152.15868442876433,178.30286459924446,159.4474615061642,165.50221758010684,8.195095177477468,53.03385580683757,0.45808,0.542772,0.0064269999999999605,-0.001278999999999919,71.69762708977166,65.40979173091806,26.144180170480126,6.054756073942656,42.32658876627812,0.174432265140369,-0.005389000000000088,0.1383586927434205,3.1931167272192815,16.58359178933444,0.08352083851261881,0.6524280860312863,6.363243331050835,0.47557408742308355,1.3656601789505394,48.47262897668947,0.03585507985625029,0.25211580530770583,3.8469769752994174,0.022529479668387906,0.499241917686095,6.852837087295874,0.07881531671162377,0.7603984785001926,3.9304107472744816,153.72984879591326,False,0.02498486149651423,158.19178498605478,False,0.04020559784408136,159.41392660971013,False,0.044456771823874065,156.40607913264137,False,0.04542990848549006,147.55654040403167,False,0.04534950046031378,0.01744575919815474,0.02385563641993234,0.02824422413521042,0.03241906229365681,0.007515232065611827,0.007704180813039155,0.00821968983599742,46.76136609640537,150.46270018897212,False,0.03208598588168991,169.3068779067814,True,0.03584093030321626,172.25282323329895,True,0.035536806890884336,176.5203924274886,True,0.03634725464185713,170.85415719684502,True,0.03742394678544742,0.007792023164749978,0.015216407788962556,0.022958195094562667,0.03176228356085244,0.008578729567948855,0.00831416742674817,0.00977856374934473,19.07274751255115
295,9830,158.69499812865178,86.91630224255209,96.83481450316474,19.647067206765072,157.79707840320367,177.3075244663775,159.28718331704016,165.38831832080555,8.447633819460863,53.62285199573246,0.45854100000000003,0.5429055,0.005284999999999984,-0.0016249999999999876,71.77869588609968,77.18774729639966,19.510446063173816,6.101135003765393,43.64450606235964,0.19195058903009393,-0.012002000000000068,0.050388396299646324,2.5050326766510165,29.332910100565922,0.09928023051943562,0.7584084563906638,10.334301856054532,0.41615762185595917,2.354204689766595,43.09930292780285,0.02455042884162305,0.3978425059360397,2.6790041836945035,0.00995529739217127,0.27744794371378073,5.852879747498641,0.06650541492201453,0.5558739735070652,8.77742333917391,155.6405593320594,False,0.023308799411381125,168.3007242525697,True,0.040680242194460974,165.50730542761866,True,0.04616795956071697,162.17712079005412,True,0.04798390323848198,157.29512966351862,False,0.04871716721033771,0.02156096206109551,0.028320314263792962,0.03231519333069196,0.0361813531117895,0.0069259270137649286,0.005894336264584904,0.007274066056890044,54.131005211198094,,False,,,False,,,False,,,False,,,False,,,,,,,,,
296,9863,167.39724204200283,98.05310617621998,100.07242815227967,10.85084564348264,163.87013214233045,176.61427546727748,160.5650448280667,164.1356720348819,8.781561863078522,53.27932093928833,0.46156474999999997,0.5425495,0.0038670000000000093,-0.002223000000000086,69.34413586578285,89.22158250879703,12.744143324947032,3.570627206815203,43.72012222658553,0.20828812584974685,-0.013301000000000007,0.05076321538311997,1.236494007499363,39.980605399181,0.13410081982668975,1.336427051317572,7.537744222446776,0.3184228171984064,3.3692512202148417,24.87196918093841,0.009830729044406485,0.4314347580998917,1.1504903622784646,0.004963424405795792,0.10848861498101674,3.1935997194116625,0.06633788030139454,0.21034005085131224,7.495852166978956,163.0214110707096,True,0.02184153405784493,170.47049902784576,True,0.04093857440116839,163.1936714967037,True,0.04682763676505569,158.17073254779874,False,0.04911770900601937,163.89828038691624,True,0.052077587367311794,0.02438069826727694,0.030612797405660225,0.03451053897000158,0.040317131644004585,0.006251318340958112,0.005179074145057206,0.00840563549055036,61.24900880630059,,False,,,False,,,False,,,False,,,False,,,,,,,,,
297,9896,171.22723944463908,111.35397314577115,100.28063128555557,0.9019431163077961,168.60755173854298,176.54832007400475,163.12607950395503,163.4392576646351,9.421601847081822,52.466033727520646,0.46393300000000004,0.5429682499999999,0.003279000000000032,-0.0026199999999999557,59.87326629886793,99.37868816924778,7.940768335461769,0.3131781606800814,41.87647524106439,0.21657636635838173,-0.015118999999999994,0.06833160855861001,0.13629256810435686,40.804084281176706,0.18744227191077248,1.2386129662616272,21.640024578203658,0.19379334089933106,3.953413461406335,3.61676960756961,0.009621282674177974,0.4293684748244866,7.9963479501688965,0.0029363115869910444,0.2679293401463537,8.107170092366399,0.06951887005380544,0.11991018141209978,1.4506023523783524,159.52315001607553,False,0.04187397899650808,170.12856377136868,True,0.07140810536626777,167.67019576885676,True,0.07175375134444194,168.09378589858807,True,0.0702111912731867,178.8510329976335,True,0.06549228007177645,0.03536766355019795,0.035178981977879956,0.034502015144046376,0.031896031602693234,0.0012898403001922458,0.0023318704938310925,0.005703410996938592,62.93165019513949,,False,,,False,,,False,,,False,,,False,,,,,,,,,
298,9930,175.4613331904088,116.74522360606414,101.81957745825247,3.725184191756723,174.08368530389367,174.6734008752772,167.27865341433338,162.5012828618966,10.695933833413093,52.00235417484844,0.46679575,0.542999,0.002929000000000015,-0.0033210000000000184,58.71610958434465,98.09439326649574,0.5897155713835218,4.777370552436764,40.54439724366517,0.22205565095489016,-0.016240000000000032,0.046661633595319094,1.6777431600725239,39.97724097158402,0.2159604824541421,0.4764752362113652,35.94383789581768,0.053759993056204256,3.6017309651023073,25.866630834364177,0.019407142572452043,0.6206612235951514,6.442238161908911,0.013000994132847523,0.6489901195159671,9.262940714910961,0.07258752360110957,0.21285919893441338,5.361933160748482,162.50842796023613,True,0.021419782375178355,159.2374196922368,False,0.046828649115685676,158.2258487634984,False,0.050264277275218115,162.97387609398726,True,0.05215600147634029,171.60409461575205,True,0.05327629780681094,0.03192453089710171,0.03583122220912931,0.03862136886491728,0.04097686270323779,0.003935953759890981,0.003394070712286359,0.003754582533385042,69.2068494745563,,False,,,False,,,False,,,False,,,False,,,,,,,,,
299,9963,174.19382063612287,129.15517710300935,98.85052040640971,15.132867954328512,176.95683370776592,175.24497203758693,172.86347975505603,159.27385462183648,12.813594983905825,51.40902237814141,0.47070025000000004,0.543435,0.0021950000000000025,-0.004001000000000032,45.038643533113515,83.7176524520812,1.7118616701789904,13.589625133219556,36.01444569714831,0.21634453557462463,-0.015851999999999977,0.04432079390979171,2.7227234082493865,12.870953560826008,0.18721166144171728,1.249187175194847,19.26228243649073,0.04755896906738104,2.267961140027426,43.633938974136974,0.03857486831031837,0.5214279376175838,8.213227827871798,0.04104514360662639,0.8770469351804709,6.450206889861045,0.0689073578870258,0.3201964169061979,3.517079487922475,169.6276851987137,True,0.021761544844059247,167.39040392629983,True,0.05012391373386566,165.08734004865846,True,0.05349883776307678,169.91276498514853,True,0.054609591401145005,175.3501066272649,True,0.052005496065319935,0.03515399109631796,0.03855668709834916,0.04057829973027461,0.03879361660118843,0.003446588168029391,0.003043373950075802,0.003148928071582474,71.1918086976664,,False,,,False,,,False,,,False,,,False,,,,,,,,,
300,9996,174.61787992530793,136.9200529286693,97.73419059447919,21.464806928343236,178.4738184988031,173.5344323269521,176.57913266347782,157.2822087530568,14.262097547048906,49.66538429959635,0.47477199999999997,0.5439879999999999,-0.00011100000000002774,-0.004048999999999969,37.69782699663864,76.26938366613595,4.939386171850998,19.296923910421015,34.55088018626165,0.21231804685659672,-0.015669999999999962,0.13305896258596905,2.0588406963796206,27.390425103855215,0.14259379384653229,1.2236800094362432,8.414808584798074,0.09598136310174836,0.7553993063454815,41.93890180386769,0.047164888953347625,0.15218815786000556,11.018732026485566,0.07050163673862772,1.067889713624563,7.151376313523419,0.05923311432031586,0.19403031846343508,7.655200463571626,166.78140347185075,True,0.021632751951612558,168.17919690349467,True,0.051171702336349864,165.78358690120257,True,0.05465736053817452,169.34303150356385,True,0.055317644219543514,174.7026764664283,True,0.0536227267117217,0.03527064316113333,0.03873009540396208,0.04009954644381907,0.03895881919411829,0.0035221296114709114,0.0024277571954377697,0.0021842843221522453,73.80686622452117,,False,,,False,,,False,,,False,,,False,,,,,,,,,
301,10030,173.4034622399351,153.7812189901493,97.84008982854195,38.993087410270356,178.87537988225526,171.81729568530338,178.02003006766816,157.20695934338542,14.42502516600469,47.85390770598457,0.47772775,0.54527425,-0.0012240000000000029,-0.005609000000000086,19.622243249785782,58.84700241827159,7.0580841969518815,20.81307072428274,26.585100147322997,0.20682754260010922,-0.015216999999999925,0.1804475327214846,0.9604622651860577,29.133478561480615,0.10733209384138452,1.4342810153696481,12.595747666309098,0.09751547754934643,0.5419462591913214,29.437326564377045,0.04375752458020235,0.23616746125621121,10.552689723952835,0.11255796055096172,1.3298081602314367,2.3154550030771106,0.05728379675725888,0.19301776516451827,11.460773330651708,,False,,,False,,,False,,,False,,,False,,,,,,,,,,164.41028127948954,True,0.02124001414782957,167.67416276160392,True,0.05236963960158602,167.89566528627296,True,0.054972795762995456,170.38672999385452,True,0.05499648531497274,174.40031217088082,True,0.050571115520621074,0.03661103692877333,0.039292739087521095,0.03999917624151788,0.036324835278360175,0.0026876536235162884,0.0022015215193133676,0.004656095574620526,75.40232539614021
302,10063,172.89752703616793,149.41636997446477,96.98985873672413,32.63313580580319,179.0999324352702,172.7342156424519,178.76959315181017,153.4776259068571,15.71393283411554,44.533685449492864,0.48367925,0.5464775000000001,-0.00046800000000002395,-0.005181999999999909,23.481157061703158,64.35672293092094,6.3657167928183185,25.29196724495307,29.87389100759887,0.20344096580580817,-0.014521999999999924,0.19534499069438382,0.34004124511970024,20.19104263998358,0.05161361405502117,2.066760045829192,11.744435450883095,0.05968078232270483,1.2173048565504483,7.924848233090254,0.031525122652374,0.5624020504559396,11.043450226657088,0.15941676485539455,1.0021798248221132,14.170291734036297,0.06761672161209847,0.5809584263282617,11.535109128376277,,False,,,False,,,False,,,False,,,False,,,,,,,,,,165.94643368652373,True,0.02146153128273933,170.25840899050897,True,0.05306742100385134,168.3728898307101,True,0.056376080069476246,169.89174134040408,True,0.0557889556095111,173.7246483769689,True,0.05035909654670145,0.03615288924830218,0.03936478788206537,0.03953313067542214,0.0357192250755808,0.0033118804326243007,0.0026301946696014942,0.006743298080316495,75.101190944366
303,10096,172.33460760525904,133.4782765896233,97.1295892664418,18.397043059657165,179.2575103005324,173.19670877280996,179.49419352339717,153.2900210034417,15.182622356205442,40.447653769361025,0.48585600000000007,0.546917,0.00014900000000001024,-0.0052009999999999,38.85633101563573,78.73254620678463,6.060801527722447,26.204172519955478,37.46346281752457,0.20077544175023,-0.014666999999999986,0.1887076948225983,0.7066838589045942,22.05900912676848,0.04876645293711449,2.1536893621081785,7.183171447209871,0.01826994153352831,1.02292221062589,11.860745383484025,0.023899883522909397,0.7973163036889788,4.538716726680232,0.17820137518082116,0.4443601699885717,9.534542983905649,0.08791216695909655,0.9524687338760582,9.169637966551726,,False,,,False,,,False,,,False,,,False,,,,,,,,,,170.30464859448983,True,0.02147105423587769,171.2363314740135,True,0.05168295298258415,168.57157985816085,True,0.057003321140087965,169.21824744285024,True,0.05829954995538135,171.40935811251734,True,0.05343146661846368,0.033705738992047034,0.03893977289353389,0.040879431221581365,0.03726789214592095,0.005333606659662815,0.003030136960600992,0.006134011737843401,78.28666281301537
304,10130,169.37789291432048,123.96867907187111,97.5047892230175,10.286238156930109,179.63266724500775,171.67603176975894,179.76338654963342,154.2064907750244,14.65058399743233,36.37675464757218,0.48802924999999997,0.5475235,0.0006280000000000174,-0.0047920000000000185,45.409213842449375,87.21855106608739,7.956635475248817,25.556895774609018,41.53532403959865,0.2007942732674416,-0.015423999999999993,0.17883975674729077,1.6184557912787578,23.71903656922791,0.11079001504412568,2.105093354123438,11.00099908534496,0.0180967184503842,0.7052462253603576,13.409567686558333,0.043284384415747015,0.7516039849146382,6.455071367578284,0.18681957136459387,0.44592759640464935,0.1622048486409292,0.12422132829112893,1.1695341516361824,8.373981255261484,,False,,,False,,,False,,,False,,,False,,,,,,,,,,167.6698617257239,True,0.020913063309807068,176.4483433463118,True,0.05205194455541497,173.60738389190354,True,0.05646150724165973,171.9920994470577,True,0.05568909854720216,171.99494273300957,True,0.05003951683419816,0.034139114648742704,0.03855304393948678,0.03837454335884662,0.03421929192721562,0.004444832055319979,0.0024941365239297118,0.007136057314792197,82.96330563720485
305,10163,159.21078585016014,93.77219044313085,95.10954346064636,16.070021256851895,178.69235200089886,171.49719301626763,179.4190231154465,153.88573006520653,13.83488202645616,29.43120187322801,0.493841,0.5487040000000001,-0.0002889999999999837,-0.003916999999999948,65.43859540702928,79.03952220379446,7.1951589846312345,25.533293050239962,44.301642411423735,0.2027847017923197,-0.015584000000000042,0.15424187700162947,2.264264280055169,10.61763062374906,0.18440982071421425,2.180653031673294,2.8231130091063816,0.041382226769181026,0.5451715019987516,10.085613247064165,0.06337814376741518,0.37099197048985827,13.02435234344515,0.20396484651936167,0.4551327540556885,6.149746279469634,0.1645839622831268,1.0988110566407505,10.767672108955253,,False,,,False,,,False,,,False,,,False,,,,,,,,,,167.6773978307714,True,0.03601410730533254,176.98815991622325,True,0.06508448645414668,173.3013788333919,True,0.06808669785648305,176.8070775690837,True,0.06975881768636856,179.86892679831297,True,0.06884335140738002,0.03247871358289912,0.036530749458504146,0.03978328686772873,0.04173715146006014,0.004721152825317196,0.0050088811125838925,0.006987472361304908,87.59550377164261
306,10196,147.66680225974017,58.84565265777279,90.14949927679113,45.26461926910179,178.76382852170534,171.18663575600047,178.94643638760922,153.24988383347852,13.19805983490032,24.339900672521757,0.4987505,0.5502834999999999,-0.002139000000000002,-0.0033530000000000504,88.82114960196738,44.88488000768934,7.577192765704865,25.696552554130704,41.74494373237307,0.2040647720920982,-0.017324999999999924,0.1715417954408782,2.034598837947569,17.146604369188225,0.2546853462388306,1.9973301757594764,21.707708060897925,0.05397786483211913,0.3062137833349539,9.98918485794132,0.06326145817407224,0.13633988598047322,8.431423728793698,0.21507681636384915,0.290031250004255,9.740112721028233,0.19589171811249867,0.9616859741786447,10.04923046695631,,False,,,False,,,False,,,False,,,False,,,,,,,,,,173.04950873409678,True,0.03649111284956926,176.24646881010315,True,0.06661206018432406,178.0230134595137,True,0.07619323193696413,178.57026860579856,True,0.07828325504857346,175.3049955613366,True,0.07554904321035442,0.0315722223639706,0.04127564717845145,0.04433518440245854,0.04433387834376777,0.009711636576808253,0.005316210116238795,0.009944235767518773,85.24466145194212
307,10230,136.87620415514522,44.54321426727068,86.40839454589066,51.738799820976844,178.19933312321055,171.10855163461693,179.1028214873817,152.75362277307696,12.544751958848877,17.959048423448014,0.504558,0.55120975,-0.0034270000000000134,-0.002618000000000009,92.33298988787453,34.669594724913814,7.0907814885936205,26.349198714304748,40.11064120392168,0.20432532839567394,-0.019631999999999983,0.23496113424367104,2.0246405918317034,14.883722079401236,0.31807092329802666,1.2588233279356158,48.776854144345094,0.05729712997846395,0.2790089224284143,8.068594226301704,0.054898738098962195,0.21945965380876034,3.4094517259850337,0.22024091708050567,0.5001110319982706,4.587021881703085,0.22324821200397363,0.8362782728121674,14.208702491795748,,False,,,False,,,False,,,False,,,False,,,,,,,,,,178.30477145636968,True,0.03764277250681729,175.7211031377719,True,0.07881855908350528,176.36508815831417,True,0.08329384905261614,176.08940088113152,True,0.0839101248956287,176.17159762158533,True,0.07782445863608697,0.041245763733988576,0.045764846290575506,0.0466094330581268,0.04209952118492569,0.004607180699733778,0.003625034344664877,0.012293677155351023,87.29473729346961
308,10263,120.96578462634066,36.232428367671986,81.9766148870151,50.23096747263564,178.16481808043866,172.18616504212898,179.43218946987557,151.0677467135294,12.156713045970271,9.789091477199825,0.5115025,0.5524985,-0.004145999999999983,-0.0023160000000000958,84.73335625866868,31.745647414379462,5.978653038309687,28.364442756346165,37.705524866926,0.2042357418891218,-0.016951999999999967,0.291632840338826,1.32137330239683,41.36603631146295,0.32463594040909294,2.206153006558471,50.417523940201896,0.051919001942089246,0.3312441843926553,7.135482031987266,0.048690387545586786,0.3509276577035063,3.16155138966284,0.22993173069792594,0.5628175390652301,3.5929739329078,0.23897965096727827,0.8474207246357295,18.343007716794105,,False,,,False,,,False,,,False,,,False,,,,,,,,,,177.47539430240815,True,0.04680863210990038,173.6061215489359,True,0.08581600244709608,173.11062222396134,True,0.08968029827113645,173.6597226522791,True,0.09037502113416077,176.54403350108115,True,0.08082395699914716,0.039009451829011936,0.04287179018888763,0.04368719520637603,0.03514684914754092,0.0039267250986031515,0.00440575317057143,0.012480147835662925,84.9144961048519
309,10296,109.11600582981433,27.16803351112415,78.57231254535215,48.224925154553425,177.22094816234429,172.48094577370097,179.68414285277166,149.1737634088463,12.090760156403583,3.0367328239498232,0.5177419999999999,0.55483775,-0.008013999999999966,-0.002022999999999997,81.94797231869018,30.347387390798723,4.740002388643319,30.51037944392536,36.886435385514396,0.20414701066878252,-0.016025999999999985,0.2850770376675858,1.5006730816058578,30.329530673288385,0.3159787943986594,3.6852357845729684,34.24772283530392,0.04043548306224598,0.3521601443599483,4.125901284528088,0.03178945097994393,0.42298142866816824,1.325412503995396,0.24491857328588362,0.343205321505333,10.647617569388167,0.23586417288202735,1.1108666259257272,9.18679075176085,,False,,,False,,,False,,,False,,,False,,,,,,,,,,175.73178756819527,True,0.061024187704548774,176.71493846029512,True,0.08993447304009737,176.36195593194478,True,0.0924959951619528,175.6911274675457,True,0.09040898867369332,175.26895939411864,True,0.08106509420212865,0.029620855490684238,0.03240158604142699,0.030246385337755678,0.020508384846203695,0.0029274360795754,0.002159825918910971,0.009802788429829639,79.91311527143772
310,10330,101.44417612096217,23.28837089978225,74.42905913029992,43.398171380005444,177.8046400811263,172.68606127772648,179.05337177166578,147.15874863564622,12.162888914203691,2.9905951745297545,0.52411125,0.55822775,-0.009992000000000001,-0.0010850000000000026,78.15580522117992,31.030887750294475,5.118578803399828,31.89462313601956,36.54997372772345,0.2041248808082934,-0.015162000000000009,0.2546380715591639,2.3851993617327163,24.04471702025825,0.39613109415174147,4.279595552184647,28.755948624512435,0.028348968277804868,0.3953894370142162,5.211946209199276,0.020350789565418727,0.2628431248814713,7.087736253847503,0.24909744836293796,0.16342813011175178,12.183093810306948,0.22385224130745965,0.6792370300204749,25.079561873744723,,False,,,False,,,False,,,False,,,False,,,,,,,,,,170.01279489448558,True,0.050951736633798844,172.6835039191578,True,0.07662428400970547,168.49994617834966,True,0.08105532558074144,166.07946987514407,True,0.0833538472057529,170.6094455657982,True,0.08196817719700736,0.026347221978796978,0.03164657998899722,0.035044948994113256,0.03355944446798843,0.006319883305884631,0.004939059930796559,0.0014894727254971933,75.05330271227473
311,10363,91.54459514783555,20.684676948237417,70.71433286038994,34.58366774664368,179.41834268117404,171.87518676921567,179.85457701127004,146.560329305308,11.737896532324498,7.996589886560353,0.53021425,0.562015,-0.011890000000000012,-0.0007179999999999964,70.85991819959813,36.13066511374627,7.543155911958365,33.29424770596205,36.9569967328162,0.2045050345321601,-0.01738200000000001,0.2864846177363637,2.911868095211644,11.112663816195568,0.5244603169932538,3.982525741507761,55.852430063148084,0.014228041119025097,0.46844468390162475,10.471621154990306,0.014230094744704961,0.18638702124401876,6.689511158961945,0.23459978140012097,0.4859750059818262,7.8899935712938,0.21962125958998488,0.586822619960579,25.330136389985483,,False,,,False,,,False,,,False,,,False,,,,,,,,,,157.39883843580304,False,0.04210864553746655,166.71904400971295,True,0.07017917728927864,165.6434397333551,True,0.06585751487112158,174.3696534655083,True,0.07202194052509278,179.11374824592372,True,0.0718025567302447,0.031926158960952356,0.03208341484318645,0.03881192757387858,0.03953197723362697,0.009945208393995562,0.0067622169441685365,0.0019009918463791845,71.30071801141452
312,10396,83.90597089704751,17.253867609930886,68.07836726785523,28.644581742257145,176.9078291436369,169.06902997760145,179.9802463408584,146.89213182591118,11.523230648592877,12.487012872136425,0.536939,0.56413775,-0.01683499999999999,-0.0005920000000000369,66.65210328711663,39.43378552559808,7.838799166035443,33.08811451494722,36.75320062342435,0.20427657331422022,-0.01720199999999994,0.34474721863631563,1.6843407320707904,47.368659315775304,0.6426340626413646,3.455324363930222,84.3339426554819,0.02246051482090107,0.620052556537127,6.740858831407358,0.024611112122278792,0.25955669788475044,39.23374284975879,0.23103119239738706,0.5817037871691478,0.24569255234432202,0.21725475306614306,1.0937095045560379,8.257521143227859,150.46833451507126,False,0.04535306178197891,138.79220766341518,False,0.04862729151412815,124.29152142057,False,0.042351650782466534,104.08710123068714,False,0.033523262669376316,112.564544967023,False,0.03299358248205249,0.007478850780701572,0.009058127234699186,0.018192102269941193,0.031265424289460754,0.006704741307462949,0.010708340300905663,0.01336484616447198,20.9709963356447,,False,,,False,,,False,,,False,,,False,,,,,,,,,
313,10429,77.86534025549714,3.3028054406559355,65.41186407587635,24.243932515251174,174.40548305286978,168.74837211969017,177.77438656910235,145.15312843818776,12.750764653826549,14.975649334829624,0.54296075,0.5655705,-0.019998000000000016,-0.0014919999999999378,74.56253481484121,41.16793156062518,5.6571109331796094,32.62125813091458,38.502208859890146,0.2023970370657634,-0.016257999999999995,0.32570027208916025,1.2728399861592248,27.420953165199094,0.7379864665599236,4.54237319748174,64.8376806212505,0.04488864913111371,0.5570157257388654,5.739552606854831,0.025562163543223555,2.419079508430412,80.46974036417103,0.23130603478769388,0.4741572780846575,9.787535765384028,0.20061892025400696,0.9940142045808454,2.230583235954976,136.30186220474047,False,0.036796005340253984,164.33021405738663,True,0.053696279247262606,171.66497498752733,True,0.053496641810491234,172.6028409724721,True,0.049604067292914625,178.47880436235158,True,0.04155824491000551,0.01770256806228975,0.02029323522753333,0.021138637255036088,0.024212153910794423,0.007605354955556026,0.007993291499751472,0.012831266344363695,19.408499670944575,,False,,,False,,,False,,,False,,,False,,,,,,,,,
314,10463,55.894689001456484,43.90686708705792,66.95016351549532,19.033026316743854,171.12165967952416,167.3135567598501,175.23838189550156,142.87388264334368,14.469475065444001,18.207666858522536,0.5505694999999999,0.56593225,-0.022392000000000023,-0.0027209999999999734,11.987821914398566,47.91713719875146,3.80810291967407,32.364499252157884,24.019390321245496,0.2004200527417354,-0.01612899999999995,0.29183828442330956,0.7829579342518359,17.71384657751886,0.8172464382277653,4.625478238455344,64.19631943167946,0.05951019453983591,0.2829901334176332,9.132763021639798,0.14147182751086507,5.51322277949996,66.13133661453668,0.21703701325671285,0.5761816340019995,8.694530176147765,0.1902535038023487,0.944462586342555,9.00182911898947,150.6013911563024,False,0.03803468808863823,175.6306469439418,True,0.05604719769087478,179.03810817312774,True,0.05534957389176541,175.67955377283852,True,0.051480246668018204,171.6794457179288,True,0.044140013876300524,0.02190921917823632,0.02478816177129718,0.026407535761596494,0.031707479638091646,0.006610115354515435,0.007959850061401886,0.01435214165203224,23.896287973830074,155.43287526945153,False,0.05236608491189698,176.6001347966112,True,0.07573699081690531,178.23168939040468,True,0.07619819163864723,179.74555861218815,True,0.07647986351975267,178.437910613019,True,0.07195481933129987,0.031076061671325057,0.03813211593919227,0.04304222369952556,0.04431562257263234,0.01131996665189433,0.007285247078857439,0.007963119300876932,14.97725970713204
315,10496,25.49529779485555,72.94978275513927,70.89472460881194,17.906703607051476,169.33573907010233,167.4653271638283,174.97780015981922,144.1448368922248,13.062817416603533,27.69031183260194,0.559383,0.565732,-0.02196999999999999,-0.002641999999999922,47.45448496028372,52.988021001760465,1.870411906274029,30.832963267594437,33.28647028397816,0.1927466429539046,-0.013010999999999995,0.28245441267318194,1.100372083415757,32.10705236652952,0.847276163619553,3.88030325694922,77.55026086395497,0.06374420131644988,0.054981401618098814,13.734514970397502,0.3691012908758521,6.753270250406488,4.359563643507411,0.1957027443248306,0.6242239961887411,3.1079369588065315,0.20402568647145072,0.7693061950186632,13.691251453910462,151.2735945508919,False,0.03894990789462793,179.83454219851518,True,0.05557134870596541,178.30504108475338,True,0.05266887733757003,169.16810639779024,True,0.04727354808981442,162.80649274991478,True,0.03828742437145645,0.02029515178558664,0.02115208086690291,0.02211351175186788,0.027358923699590223,0.006443466535957254,0.008234179801291673,0.013642526012436262,37.29883829235598,,False,,,False,,,False,,,False,,,False,,,,,,,,,
316,10529,10.101205176552398,85.12131563914298,82.08467502552735,23.45301865643702,166.8021119242064,164.3539470845094,177.13264756194317,146.4107058184445,12.037256880750675,32.95658260534008,0.56368925,0.56623025,-0.023640999999999968,-0.002645999999999926,75.02011046259058,58.63165636909032,2.448164839697,30.72194174349866,41.70546835371914,0.1823829177335421,-0.012916000000000039,0.21924802738664578,2.757445103371265,28.74781229934963,0.7839772528880673,3.4873595968764652,59.690438835412486,0.0558816108852155,0.6548036281161977,16.99121297387681,0.5818105345270378,5.750025234906455,42.532899876228434,0.17605293897035562,0.6103553638984419,3.9661122227722996,0.2147272475104828,0.12921869627237806,25.402814428881364,175.22629806012884,True,0.05345775784673356,153.5521885643941,False,0.06825688950574882,156.19768649393387,False,0.06675356627177306,158.8532437540737,False,0.05921025113947754,162.14391112673496,True,0.04451573998037098,0.022018515231504603,0.021969353381472104,0.020426578225439567,0.02592065431272912,0.0021660842550556805,0.008333201665626474,0.01668015473549334,65.03182718716234,142.988666657434,False,0.03401793165376174,67.45789484748447,False,0.03448753598040896,173.78912840435578,True,0.03399451923472376,177.83450268145913,True,0.03295131159756773,179.7245861721416,True,0.027693524893014278,0.021476231047369558,0.004827537674632897,0.011662043131458622,0.012299038539658315,0.026030004917402528,0.006979098079265026,0.005258699173750095,64.64160628999873
317,10563,4.953359111429675,97.65040347661053,91.8124273520702,30.39803281051983,165.91002739732,167.43605726034409,177.45662417119675,149.62087372587726,11.446796967057802,38.44926941083685,0.56645225,0.566772,-0.023387999999999964,-0.0024859999999999882,92.69704436518086,61.41439454155037,1.5260298630240925,27.83575044531949,45.8683048037687,0.1519712363080593,-0.00026799999999993496,0.10163795698375833,2.975289435423058,30.179620213190812,0.6984504382266138,3.065956085942865,52.7680440794734,0.03935759898428693,1.1700684111804405,7.472962008601018,0.7534430233836126,4.6224604049951195,74.1200782377648,0.15502128512542238,0.8760352299676974,6.576221910117497,0.19692693709660364,1.0348511989503528,18.474293050035968,176.7861869422472,True,0.056253623927708,166.87366992700802,True,0.07723564073664438,161.3381095229296,True,0.07543167452734961,164.93733385418383,True,0.07042803025074608,172.38146755181592,True,0.05735236058786074,0.024113009455478562,0.0235615402934528,0.021129000023664163,0.018053459502267114,0.002914845107377052,0.0057574005419112504,0.013791348084940803,85.57680800839513,,False,,,False,,,False,,,False,,,False,,,,,,,,,
318,10596,3.032016497701351,107.1142941176047,97.65247056842783,37.49595107663835,165.56197431889518,171.83117584771247,174.24474842348957,150.52972711989264,12.294188265201214,45.30276430358341,0.5736920000000001,0.5666610000000001,-0.02509499999999998,-0.0019969999999999155,104.08227761990335,60.15651949178948,6.269201528817291,23.715021303596927,48.55575498602676,0.12426680232467563,0.019595999999999947,0.047926193749566436,0.7412106546765959,52.05544293625098,0.5995380595935904,4.043069135040885,47.93524499897841,0.06334036355591643,0.9315378520027312,15.658858214286452,0.8844624494657928,2.6503980940804284,111.37782097496824,0.11962100643904511,1.025739154265916,3.0092675244885316,0.1492409648067587,1.3211232101431023,4.013538002094074,177.3895729528095,True,0.058115283643805804,172.76456168225522,True,0.08070927758318741,168.7189091532147,True,0.08139982522094262,169.04315270432173,True,0.07750038282486094,173.03723591094382,True,0.06483351097233594,0.026404000473413083,0.027303835866046396,0.02422696896023105,0.01575452709540975,0.0009395796932672091,0.00396817439132913,0.012715833790986687,99.95802461457858,161.29729040918826,True,0.040131268669206036,47.70570210153131,False,0.05429358165566164,48.97284649343179,False,0.04660983416619289,45.326806847615984,False,0.03607703908305112,60.21340696313164,False,0.029649012276971393,0.01832254141760909,0.014279360840037681,0.014355550285516768,0.02055089667143508,0.008018819988003197,0.010902130525727569,0.008169274753611847,86.7930005248673
319,10629,5.5195072517556465,121.79122714378789,101.9255307428835,50.695418502881786,166.32780580794105,177.05716504178073,174.67071637810037,151.60167379654564,12.234923123633438,50.467834401615164,0.57790725,0.563964,-0.027254,-0.0025199999999999667,116.27171989203225,51.23011224000171,10.729359233839688,23.069042581554726,50.325058486857095,0.10083867954807824,0.032677999999999985,0.055350677575053187,0.796365498947902,17.633676729426924,0.43189035995223335,5.104880588048156,10.467107506413804,0.08411735634282524,0.4906071219552587,15.315045349347285,0.8616572070271699,3.4455799333620116,98.33241734126076,0.09255386820691772,0.7011924304401536,8.364162688066457,0.11311269791347354,1.0255096677030335,4.493247090572477,175.2081087476442,True,0.05318033997634844,171.4803734189677,True,0.07553266711165442,169.9885668579247,True,0.07778173896230402,174.30560452124425,True,0.07269457609065483,175.58767530527717,True,0.05953143896295463,0.02459481361994839,0.026760388711676072,0.022727553343903983,0.014153263969841007,0.0022535121477374057,0.005391267476206304,0.013393665368374798,105.65528904382826,174.7011505389736,True,0.06824139015289765,171.1416096778877,True,0.08260045862463476,171.83865604735107,True,0.08006033590361708,172.2030864081585,True,0.06934486727941729,167.74574760262243,True,0.04883929209151173,0.01530781098001931,0.013974817530114633,0.009333215094489061,0.02131366064288345,0.0035360772050394827,0.011009047597317403,0.020532727096028904,100.92041875735619
320,10663,5.010340297507224,141.28645299157174,106.14822392670867,66.22681273342683,164.61307827799774,179.8062033828856,175.75624427853737,152.4570043165347,12.275342054332521,53.22977422054456,0.5804515,0.56318175,-0.028918999999999973,-0.002933999999999992,136.27611269406452,39.92141119328184,15.193125104887855,23.299239962002673,53.67247223855922,0.08297959050875096,0.03257100000000002,0.04124036199019015,1.6986397483144613,26.909910235460455,0.2610844383873858,4.251406404804604,34.32666939142585,0.09526610914284919,0.3506408206589668,14.09561355722796,0.72093260934389,5.4004659871760365,40.22682136119935,0.08027586538392768,0.47433962290031445,7.312412190076407,0.08188462995918622,1.1649979275759639,2.035846987519136,176.19755186911445,True,0.04970789314585767,174.97674944045818,True,0.07453214078503315,173.51767291428473,True,0.07774550323330613,175.6965106173562,True,0.0708213679972366,171.59160048757164,True,0.054479566233588926,0.027502093538492634,0.030956403214843945,0.025027507946257868,0.013597747828225008,0.0034554792721126614,0.007019070166339735,0.01638134475554437,113.6582656649632,177.70687459228532,True,0.08130449823964231,174.08607869296233,True,0.08844046576652569,115.2647534207769,False,0.056660904634500846,112.71321870356941,False,0.048575961349210585,157.19435600741045,False,0.05160989564027425,0.012458233622789458,0.02464528547207356,0.032751552100625705,0.030096680780444897,0.03298230909139022,0.008180699542215206,0.004136912496053048,114.07229531508597
321,10696,4.947121463650637,159.60670714754292,106.02963615672415,79.23402621737908,164.51218832592323,173.1108444659262,174.6349005366688,153.26530323105678,13.199645930807845,54.90608373120241,0.5824962499999999,0.561905,-0.03146100000000002,-0.00434699999999999,154.6595856838923,26.79560993934507,8.598656140002959,21.369597305612018,52.855862267213084,0.05248596594328814,0.023260999999999976,0.06009773035126343,1.7382156115472225,22.219648732106926,0.15142880578531148,2.881462148016264,34.928626308141354,0.09489937769112909,0.507585711602842,18.35810633173009,0.5697240889780847,5.446936714120667,40.39774449834406,0.06405386118337476,0.5300102558931838,5.683096341816769,0.03825922393771927,1.0863102126521746,12.64832137142101,173.8895366896254,True,0.04883165834783825,174.50652463445934,True,0.07492864799260693,174.31258608248274,True,0.07694372136828322,174.9069843115618,True,0.07114715828478319,173.34631920915945,True,0.056161327085459754,0.02970928348176708,0.03160359367223923,0.02662014885382866,0.01628489401255038,0.0020161031719632115,0.005850851049206494,0.01511941691997413,116.75846487571093,178.64565539629302,True,0.07632781519865481,173.32204557235855,True,0.08534612826602041,176.0975315268778,True,0.08501276923498025,175.99257372898123,True,0.07756197105540835,175.91101876241052,True,0.06297407530087283,0.021008601214740658,0.022848952098509928,0.02090684971486617,0.023186966964223683,0.0023644874708908695,0.007486289401298881,0.014588693772918805,111.76835307678952
322,10729,9.633816426519221,171.70858286641732,106.64840393249247,87.22267163174077,164.06624324040877,175.76389205134325,173.38964567907828,156.89274796708762,13.691046674509606,56.27188962315448,0.5846312499999999,0.56205625,-0.03223400000000004,-0.003938999999999915,162.0747664398981,19.425732300751704,11.697648810934481,16.49689771199067,52.423761315893735,0.030635552957307664,0.020471000000000017,0.08675227832428829,0.48638117097545275,31.257734813928927,0.07243105100966661,2.066085622282631,28.95457562029288,0.06701803408043146,1.0081664019677994,10.642637195178997,0.43259776503471126,4.304052119941957,58.62908961105154,0.04537099078039667,0.47107625369358225,4.6820253832092,0.015555738963326052,0.4014865530341055,18.825205917965167,173.4330542952394,True,0.04711898169527858,175.72965630998425,True,0.07353881369725782,175.0744636814344,True,0.07537280799466074,177.49350327025985,True,0.06996643270883546,177.8456368348981,True,0.056484134099762835,0.030500983918555765,0.03214064630650724,0.027471291087242333,0.017108736744716056,0.0018391326760187952,0.0054426553262171325,0.0135033458446417,116.85872458508545,178.7359523948081,True,0.07161140245798849,176.46734923032656,True,0.08442995904890631,175.17498330991125,True,0.08529263598928102,175.7735493676554,True,0.07546836041679977,173.49204653579753,True,0.05440992355260201,0.028318079401682583,0.030735031999332654,0.028452983709973144,0.031915384080408636,0.0025132888811277227,0.010151219138605996,0.02128387138187034,119.46618219322207
323,10763,9.049713905038354,179.1028312123474,105.71866549464598,93.03221680448361,166.6391179214934,176.67997997888932,170.15399444390326,155.183950614693,15.178989880493488,56.15629310738371,0.58793175,0.5635855,-0.033393000000000006,-0.005893000000000037,170.05311730730907,12.686448690162365,10.040862057395913,14.970043829210255,51.9376179710194,0.02666369254248181,0.01943000000000006,0.0863524392762873,0.46282529088460583,12.860763437908213,0.014867244460416927,1.0252163700945074,27.350334279728273,0.028656300920970233,0.9970356516203687,11.700503753192322,0.30497888800909834,4.149943119085714,33.27408112895903,0.034484755858207004,0.2832616898536515,4.368711403154222,0.011359904888869194,0.26261182098823804,8.391842950842822,173.93108317240353,True,0.04689673670949824,176.9006666652973,True,0.07387591906027292,176.57074980161684,True,0.07641349129571291,178.9919540156349,True,0.07033071263679896,176.52258411647992,True,0.053872501306325066,0.031801489855036676,0.03406613993395788,0.02887501664068783,0.01598356458991555,0.0025417735933792223,0.006124585210444862,0.01646508065573928,116.1569364529088,179.86765529885506,True,0.07208284285459338,178.17001202727775,True,0.0886587067861922,177.49119341349376,True,0.08968648683051422,177.49604686450567,True,0.07798403986714209,169.96097876101544,True,0.05928105574296061,0.03341630250341891,0.03654270020127139,0.03242235981541139,0.0324989396134705,0.003368871769598818,0.011926777016444946,0.018833439728313056,120.53090530678513
324,10796,11.268703185905045,177.50916468217284,103.7033830549573,95.42601133928072,167.3879969328015,179.3463866043327,168.67518573164114,158.32499796701202,15.986837742530092,57.036201262610604,0.5885615,0.56345175,-0.03297899999999998,-0.006066000000000016,166.24046149626778,8.27737171567658,11.958389671531194,10.350187764629112,49.20660266202617,0.02097837898885414,0.019510999999999945,0.07712217058430092,0.43814213686483156,28.37430865837176,0.007260912192404004,0.6602109833159012,16.155495462813672,0.003731235051713844,0.6840696063761248,15.403041915341303,0.15581192525549642,4.197082681753146,25.60673056806056,0.031471918955225324,0.17849295943528365,2.9430755712591345,0.019827142561660484,0.24671620575318948,3.2208836103099316,173.751086716005,True,0.04667575868692439,179.5556516976251,True,0.07269811063569669,179.5099562510995,True,0.07541976458462328,179.17946754524877,True,0.06995586787396754,178.0764766173845,True,0.053634964277045984,0.031500113602969775,0.03391215453196687,0.0290950043993811,0.016284775528081497,0.002723780461050424,0.00546610208466686,0.016335516184069643,117.11269998017619,176.66384524879732,True,0.07373388105884565,178.55620655276337,True,0.08804886816421892,179.4534971744,True,0.08931355042769265,178.49780964678922,True,0.08037111759830147,173.34914127433362,True,0.06079176856285725,0.03410366468577829,0.03833451773532568,0.035310749864595085,0.03534364413865668,0.004479924664545134,0.00909193499756788,0.01979714497092954,120.87930598925844
325,10829,10.171060836566536,177.75329549563597,103.76376537296697,95.21577009838342,168.32542186056693,174.91790333623703,169.01152959179922,160.8594662633267,15.43096612427072,57.3322271994854,0.5901765,0.56364475,-0.032482999999999984,-0.006305999999999923,167.58223465906943,8.547995274583556,6.592481475670098,8.152063328472508,47.718693684448894,0.016553164319851352,0.014807000000000015,0.08209603707515177,1.4546772025423274,34.719526014834074,0.031575987376516984,2.090680521551111,83.11224653694595,0.024979753124693173,0.3407332847229903,12.46073970180195,0.029906195082444853,2.5239045615531195,49.064601177506,0.02452408851881992,0.24601395975300996,2.129679326323136,0.02381444546696352,0.07564900169602434,5.321404638624971,174.70284185640773,True,0.04588580631306377,176.66196799285595,True,0.07225563389106757,176.98162243853648,True,0.07479350189020433,178.8035639875082,True,0.07013354778563534,176.90562968625474,True,0.05402728448663692,0.030902932708725146,0.03345347996845763,0.029545868509827176,0.01717131841181681,0.0025993999307532866,0.004719315628351234,0.016110667087367907,118.00178734852089,175.15261295210868,True,0.07520457803219163,178.41252628558564,True,0.08997732688850006,179.7035083773299,True,0.09048460187788855,179.3507704608125,True,0.0813464316365506,172.84040429295683,True,0.061960125863332445,0.03433638689495438,0.03930845613859685,0.03752833576112855,0.03734938492130757,0.005757695459122495,0.00962497693503728,0.019587733431921123,120.27499873093085
326,10863,10.060339896253643,179.83671637279346,101.91279371250353,94.37495860466592,169.18211336382885,173.58171230923233,168.27144706436357,160.93740740067574,15.68977711208191,56.61109340597595,0.5910005,0.56364975,-0.03247599999999995,-0.006276999999999977,169.7763764765398,7.5378351078376085,4.399598945403483,7.3340396636878324,47.26196254836718,0.017099406831817345,0.01481700000000008,0.15616376760375217,2.462113714605186,32.47599682481565,0.13695048480591965,5.824809341875553,107.29092527992772,0.026527443378483864,0.16813364276527795,6.402791746240586,0.013555631528875085,0.9273772599887099,35.18199494893032,0.01564866423008182,0.3151633678669193,4.54886543365013,0.02040140072911216,0.11831050300892317,3.968709695832091,174.0005934959506,True,0.04627434349615349,175.72080337689957,True,0.07056295360173077,174.52165467942805,True,0.07199727953888259,175.04562544231743,True,0.06678865665665096,177.90700180362143,True,0.04817068192375949,0.028031160322041643,0.02958766596066676,0.02573287368328693,0.012749308255744695,0.0015565738016553633,0.005520499343356514,0.01863153115017652,117.86352770358054,176.25051712228625,True,0.07780545083732889,179.05986373294292,True,0.0936347848238036,178.62805103838255,True,0.0935990007852648,179.47792498154536,True,0.08336055338108064,173.69510843474634,True,0.06491859786686706,0.03393055633201435,0.03842587898799455,0.03742446900090899,0.03949605951231081,0.005613744294140975,0.011159553396081776,0.019105407951676916,118.37120340250914
327,10896,9.243280490591136,173.2009112546551,99.79479404943301,90.98096212972328,169.84789481292165,170.71514247788323,167.59172258292037,161.98505651172192,15.780801317258899,54.94214082845761,0.5918695,0.56373525,-0.032609000000000055,-0.006290000000000018,163.95763076406396,8.813831919709727,0.8672476649615817,5.606666071198447,44.81134410498343,0.017680895735227912,0.014745000000000008,0.24319462343033088,3.5464283771359324,45.4156166442125,0.39817318963237225,9.065657450645116,59.30696277615328,0.01382973530682995,0.2999735668693206,19.32758858025156,0.03990291178693135,0.8365738036573152,20.55386100983976,0.019152950566571916,0.42988675185315295,1.0131793220304095,0.015891967286579583,0.23476677868458332,1.513393160508577,168.26767273313087,True,0.0494713654248597,174.8418333360294,True,0.06562168462482507,172.81460424477942,True,0.06773054924478317,176.47296508931035,True,0.06227708369055186,177.3381938634054,True,0.044496668864084654,0.018046404628069272,0.0197375026282455,0.015331296161773148,0.00511470439028497,0.002252620252062007,0.005645048095454982,0.018988374364331467,124.32161788403687,174.59037540702442,True,0.0767686571459994,178.25755726032565,True,0.0999294488126498,178.2460996280573,True,0.10010057299536303,179.94531175208326,True,0.09003355061864439,174.98203593066154,True,0.0709392579958376,0.034877122874457316,0.03884744864209226,0.03707558664404377,0.03675129011340963,0.005739269814183712,0.011724017954609258,0.020068053468136823,115.31670322420818
328,10929,5.319635612979115,149.68069024666278,93.22761403813315,76.3471556180673,170.1015007410681,170.40424990208118,167.2861665207222,161.49740553083788,15.763788372693597,43.69778030834015,0.59197925,0.5637345,-0.03250800000000004,-0.006248000000000031,144.36105463368366,16.88045842006585,0.30274916101308236,5.7887609898843095,41.83325580116173,0.01954379341376691,0.013480999999999965,0.3692468804982544,4.584284180446284,18.937148320477196,0.7241304084517532,9.668205885228899,6.4900844728571,0.0344671775065821,1.1154451079838317,30.48052342610954,0.06343165056289582,0.8318556904382872,12.474595611200005,0.026554684544869266,0.3765272475681784,4.203233050804084,0.004966830299001279,0.20891023030507933,8.911518141480707,154.50423885505933,False,0.040998254218929865,177.69815359330113,True,0.05702829467027756,179.59444146376154,True,0.05610958336149005,178.41761832831014,True,0.04841067958622351,173.02699812242437,True,0.035482179541285234,0.016337321200245853,0.015182761935827108,0.00771003041498536,0.010067419331685678,0.0021600490735166115,0.008712978652562004,0.01479202910354081,132.89303616942723,174.58072689946417,True,0.06977934101867113,178.79284318643684,True,0.10391271906749432,177.4852775664711,True,0.1062606485252184,175.53858802502367,True,0.09496673954601158,171.48154303683486,True,0.07277460112566742,0.038441048697973886,0.04337363164412224,0.03802122271837138,0.031630928219070625,0.007249294655344096,0.013767024841991065,0.02352318585991279,108.006808042259
329,10963,4.357861782170111,121.80515405996519,86.47055986151602,59.08021794291035,170.11870216259186,172.45821567650697,167.40770357971482,160.65084555291105,15.688028818728048,25.09541547866932,0.59157325,0.564329,-0.03148699999999999,-0.006140999999999952,117.44729227779509,27.39034191860567,2.339513513915108,6.756858026803769,38.48350143427991,0.0217328361701826,0.014257999999999993,0.5110950666044797,3.89632194464631,41.55986635554408,1.042108909256474,8.691343780708179,64.37421345527349,0.0869873179811485,2.2116466729397946,34.26803619225277,0.07519540531875939,0.8430128977085661,7.576310130133346,0.03439521422404588,0.15061784227638672,6.333578757399092,0.004962477884589756,0.37735999878043924,15.05316458596417,,False,,,False,,,False,,,False,,,False,,,,,,,,,,,False,,,False,,,False,,,False,,,False,,,,,,,,,
330,10996,31.941341886629466,96.80792653244099,81.43004781518484,46.41161485922966,169.84143133507717,171.21507485952395,167.32171722124036,161.111928683798,16.18115106637688,5.25968742670328,0.592096,0.56597475,-0.028552999999999995,-0.00541999999999998,64.86658464581151,35.01843295595518,1.373643524446777,6.209788537442364,26.867112415913958,0.02091380006120357,0.012546999999999975,0.6033290001305949,2.2580479357623435,63.02781488638704,1.3045964522171292,5.449907378390286,136.6621890985214,0.18262540439291763,3.3913846563967334,21.159346519451468,0.09822695698551599,0.37563226778690234,17.904666268516436,0.0359699689639232,0.04914977385621746,6.13776576937009,0.029426924883454213,0.8494039632694499,5.438898222050397,,False,,,False,,,False,,,False,,,False,,,,,,,,,,,False,,,False,,,False,,,False,,,False,,,,,,,,,
331,11029,67.72848697569489,75.48926639405379,78.71148497100859,43.77980104663393,165.50473070242379,172.69388521928377,171.07162353084763,161.01981818337717,15.645350108802848,12.499229811556702,0.59227725,0.56735975,-0.02721800000000002,-0.005090999999999957,7.760779418358894,34.93168392437466,7.189154516859986,10.051805347470463,14.983355801766,0.0263925371269986,0.0021599999999999397,0.6227196688043477,1.4179123060356602,53.109715346497865,1.3969286547128117,1.1070970772540034,164.25164363209512,0.3106371963626881,3.5817630816143966,10.988074884260651,0.09192925251087664,0.38498108237764994,17.07902086238891,0.03134560067739931,0.26523579983892054,6.121659375494725,0.06032931267267912,0.7362599856336677,9.242195915173992,,False,,,False,,,False,,,False,,,False,,,,,,,,,,,False,,,False,,,False,,,False,,,False,,,,,,,,,
332,11063,85.24385900671659,1.3977480629754586,78.96804551885609,46.42187365263123,159.5071169606079,172.35677423980763,176.2802418641646,161.91391438498147,15.340482066557227,21.434667051858458,0.5924815000000001,0.56800525,-0.025536000000000003,-0.004844999999999988,83.84611094374114,32.54617186622486,12.849657279199732,14.366327479183127,35.90206689208721,0.04022390714488094,0.0010949999999999571,0.5766607486918908,1.6818062735889894,50.1801778592276,1.2846138986103675,5.631407201137531,125.99764627413575,0.42204754115098664,2.6822886686788654,35.333381348383526,0.07249150106921529,0.7789843790027232,10.55086709135778,0.01864731902719688,0.4550500141222592,2.8159139563722624,0.07863741165825756,0.4011388609145968,12.924855593148818,,False,,,False,,,False,,,False,,,False,,,,,,,,,,,False,,,False,,,False,,,False,,,False,,,,,,,,,
333,11096,98.32051186536488,27.278414994546687,79.9630800065786,48.9533010778006,154.31687960901056,173.0301234830634,178.31422559633194,163.3055306315923,14.349948713348429,26.7307387762513,0.5937235,0.5696695,-0.024216000000000015,-0.006361999999999979,71.0420968708182,31.00977892877799,18.713243874052836,15.008694964739647,33.94345365959717,0.05634869297508144,-0.0016680000000000028,0.5145306501330912,2.5669073896686716,43.528738152737084,1.0218538859488906,8.64805322457696,44.932289235481896,0.48992039326196674,1.2185903551845336,41.68807727323433,0.04990693688532185,1.0575688355918347,3.172200367345095,0.001293947895995719,0.4232752282327003,4.129349235285507,0.08264501298950094,0.47084698321823126,7.981750571989229,,False,,,False,,,False,,,False,,,False,,,,,,,,,,,False,,,False,,,False,,,False,,,False,,,,,,,,,
334,11129,106.23483256076497,37.40466120260231,81.4992579497288,49.46930599483285,157.82383435068854,173.23248492257233,175.7569630578651,164.84693839588027,13.496522427808282,30.585347306080447,0.5944895,0.5686172500000001,-0.021054000000000017,-0.006076999999999999,68.83017135816266,32.02995195489595,15.408650571883783,10.910024661984835,31.794699636731806,0.07853706328224902,-0.0036970000000000613,0.4455824640115941,3.281128945320852,4.72065735944662,0.713858500303983,8.430313318578694,29.698274965966572,0.5024574926684006,0.2940586094831808,36.01816862958088,0.029845135034540962,0.6762102175547791,16.846979424396903,0.0092896659614731,0.29358466552987705,6.173846485686645,0.08390466834765162,0.5624617565417871,3.5237559358960486,,False,,,False,,,False,,,False,,,False,,,,,,,,,,,False,,,False,,,False,,,False,,,False,,,,,,,,,
335,11163,117.87586301956482,40.51003273901503,85.17407170561677,51.66367759852748,155.9158459666542,173.0795092451597,171.83379226869414,164.872077719072,13.629451931626226,35.882874183977485,0.59435075,0.5682135,-0.01935500000000001,-0.0064509999999999845,77.36583028054979,33.51039410708929,17.16366327850551,6.961714549622144,33.75040055394168,0.09629002534530767,-0.005190999999999946,0.3847580008684837,2.585773725685173,33.08302108635776,0.4571671548275638,6.849513252122633,46.77068675430664,0.48777253388816594,1.2563253388682076,43.1172797611578,0.030646454489090355,0.155270039322815,12.286897325487937,0.018420026090047024,0.44626787097702497,3.9452944084551875,0.08963643596194874,0.508982859613072,10.376845806138185,,False,,,False,,,False,,,False,,,False,,,,,,,,,,169.8493842022476,True,0.05130313278933358,20.172274234783284,False,0.04815559489820468,57.41587408645642,False,0.04782404761205385,75.88766716449646,False,0.04526536010019136,85.48608964050102,False,0.0437142460646412,0.009811929983443591,0.015455240793983083,0.021964578598279504,0.027430005924169942,0.00566666127450723,0.00684785083073513,0.005651185539335974,67.52224465781724
336,11196,129.17586666183328,40.28467181755426,89.50077312716851,54.8571158960436,157.2702257342712,173.92627312961065,170.77700164865965,164.62935486927077,13.659231369159428,37.660707556439874,0.594973,0.56731825,-0.018071999999999977,-0.0061749999999999305,88.89119484427903,34.64365723112491,16.656047395339442,6.147646779388879,36.58463656253306,0.10708577511509175,-0.005884,0.3288759119892216,2.5716424959975788,29.654663580729494,0.26135342857279814,5.869499508723849,45.916698217607994,0.427336475661454,2.9482606413577215,41.360305305467605,0.039158906186816396,0.20866453242343874,3.6094324702905514,0.03577627212438664,0.4460449695217427,3.4232024867551645,0.08658578419680873,0.179658241399788,24.857239499748598,,False,,,False,,,False,,,False,,,False,,,,,,,,,,154.02474485167977,False,0.03546720978594174,22.811972399598538,False,0.040404582735130444,5.627856186950779,False,0.03947528340620245,24.331719257760753,False,0.03956653925983422,46.28430489571988,False,0.039140044724041895,0.03239686762636161,0.03764641775786904,0.04333425085310695,0.04820035938662696,0.007016508105888572,0.007085454748991099,0.006882239897010267,66.88533641630647
337,11229,145.1759574571606,40.5682468491678,94.35037830857952,58.66901147306097,161.80722571167064,174.10988433637192,170.07498490361814,164.60118175042103,13.462416864226086,39.37751235755221,0.5954875,0.5655932499999999,-0.015351999999999977,-0.0063389999999999835,104.6077106079928,35.68136683551855,12.30265862470128,5.47380315319711,39.51638480535244,0.12205342558076776,-0.006314000000000042,0.2394288743632568,3.0376548920561506,16.304972348971482,0.14066528828131597,4.493003506923013,61.27652711018877,0.29746508409847694,3.8297093435640255,10.520436166805148,0.04099121512853483,0.13809886313436806,5.512216334959203,0.04567741928116541,0.2583818812962659,3.3071071771436205,0.07851593939101026,1.13217821232525,21.33017253234646,,False,,,False,,,False,,,False,,,False,,,,,,,,,,159.6133644974113,False,0.04063080276095958,22.81131795061238,False,0.03493789418382281,3.972223238382124,False,0.03780000001322742,42.5884938321398,False,0.03725694128615498,67.15771293763255,False,0.036690786813585785,0.03132749573457796,0.03913466813453255,0.04468286478058455,0.04969100620836735,0.007808260561738405,0.006646607330059466,0.006431861083698846,67.18760173655568
338,11263,158.7824926925467,37.65027146909443,98.7221954961863,64.85964211237213,168.43349485771358,173.8397433706337,170.5365988350995,165.38248572607955,12.76903149035221,40.82293796885385,0.59668225,0.5635195,-0.012436000000000003,-0.006763999999999992,121.13222122345226,33.86255338381417,5.406248512920115,5.15411310901996,41.38878405730163,0.13594656687463644,-0.005911,0.14991494769964053,2.778370025447653,20.440312030119692,0.17644851423732688,2.0200081782386956,65.85166851450629,0.17346734879113915,3.352590056937011,14.583041219522041,0.040919823130972206,0.18029940763976343,4.440047983948987,0.051063450543196595,0.3658415944365284,7.933715698437602,0.101888819795895,1.4692037950128696,4.774853627640401,,False,,,False,,,False,,,False,,,False,,,,,,,,,,163.00211837274588,True,0.028075716785150816,19.375137757476143,False,0.03836297706122404,5.278949981993148,False,0.03982619295137311,17.114859903217944,False,0.0396366366004988,32.68260759377395,False,0.03882376031504426,0.034936769226704356,0.04111405834991233,0.04534456538550121,0.04861648693601791,0.007660348425496072,0.006915120244796881,0.006627050626032692,68.29639215908539
339,11296,167.12820449530565,33.325561686650175,102.01624933782368,68.86550623876934,173.94717478930352,174.05290051976306,172.62969115666826,164.75178341706152,12.650155516739805,41.27665152888513,0.59921875,0.5633202500000001,-0.011813999999999991,-0.0067829999999999835,133.8026428086555,33.15074309905434,0.10572573045953959,7.877907739606741,43.73425484444403,0.14329708719998469,-0.0032599999999999296,0.08272128036218067,2.3318336268366697,22.278540578455484,0.20002559687792174,0.12341186510803547,46.876720860133005,0.07615697878611397,2.9527917136063193,15.60166111878009,0.03881091818536473,0.3073834597569312,6.952366965046795,0.0657145171532639,0.7867213989764896,11.129215459185449,0.13159161087354393,1.0634154362301345,18.84992397118257,,False,,,False,,,False,,,False,,,False,,,,,,,,,,157.8657236859558,False,0.02657320727725581,16.89241936904881,False,0.037330953068465796,8.74086574781815,False,0.038388497365747475,8.911584592390476,False,0.038395074814356014,27.5612356115874,False,0.03817984301958299,0.03741979521590143,0.04339835509555638,0.04760129856421986,0.05092017666897874,0.00817401033764946,0.007197006322075868,0.006546449190209937,66.67730329883011
340,11329,170.53109034881044,28.070794519719346,103.27630120061218,72.2907633019871,174.19853976620405,174.93027784879476,173.97348836461825,164.469810330538,12.23142565178148,42.02123868940198,0.60168975,0.5632595,-0.012102000000000002,-0.006381999999999999,142.46029582909108,30.985537898625083,0.7317380825907094,9.503678034080252,45.92031246109678,0.1389611125459206,-0.0033800000000000496,0.047758323019693454,1.6346331018459874,27.146411264232295,0.1740750288610525,1.2424683615111907,30.35127554000154,0.02837026915534654,2.4070780187723475,27.712436856841098,0.026815172860333,0.49607910145094575,4.722620912425285,0.09937366744312183,1.0989242998068856,4.414465854764445,0.14011818894105718,0.8704907939117251,11.73455828988706,,False,,,False,,,False,,,False,,,False,,,,,,,,,,,False,,,False,,,False,,,False,,,False,,,,,,,,,
341,11363,168.66675164547652,21.69923230378702,101.68615572351626,74.17535507367415,175.5070063491767,176.36746580178664,176.59675869476797,162.89959856582902,12.187318540981382,41.441779372039804,0.607164,0.5636215,-0.012598999999999971,-0.005909000000000053,146.9675193416895,27.51080064984211,0.8604594526099447,13.697160128938947,47.258984893270124,0.1360423261084579,-0.0020419999999999883,0.061806689264982936,0.5880917859517019,33.48448637027693,0.11768606159184927,2.0135002326271003,13.45839533332644,0.08790493908050775,1.161997973764496,43.430783911734046,0.01402655572628728,0.486860912274368,3.038931053322801,0.13623772852407087,0.9011534288606707,12.33627969561165,0.14007838370606537,0.6525964798998163,9.096286687884275,,False,,,False,,,False,,,False,,,False,,,,,,,,,,176.73159038438743,True,0.057142663404850164,168.70647922923035,True,0.08236046138773141,170.6582052547622,True,0.0832183662000162,168.22453258661915,True,0.07738486625303427,175.44346607228172,True,0.069130000115724,0.03203881179132583,0.034634975212926,0.031130603238613937,0.025433912734772062,0.0036629104548159164,0.006181300995745144,0.00825538036676689,79.58683887208817
342,11396,160.79216974602488,22.29904538408673,99.49240794486008,70.94138443496716,177.2651297584245,177.25658506384985,178.34599976129198,161.60422028512437,12.160426279459847,38.544383065558385,0.6106245,0.56428325,-0.011804000000000037,-0.005558999999999981,138.49312436193816,28.551023509892914,0.008544694574652567,16.741779476167608,45.94861801064333,0.13421642080237423,-0.0018980000000000663,0.07883408556944811,1.041462645675974,20.182045606713842,0.07319515722688524,1.8279683853357909,6.632717979053287,0.09747339443633772,0.5516926752126651,37.30068116724782,0.012085462016319864,0.33356943781218723,5.8377789582247015,0.15329681994147137,0.5914069323904161,10.292962510776059,0.14581292257822298,0.30742393446985833,11.814484117617893,,False,,,False,,,False,,,False,,,False,,,,,,,,,,179.17162047683675,True,0.05108127290896333,177.3598959713365,True,0.08290889903984969,177.86838310340625,True,0.08606389526973544,179.26292870026563,True,0.08256405882707069,179.40291543059826,True,0.07476369178953106,0.033688828326316124,0.03703840554073569,0.033815342139330774,0.026846563206488833,0.003366033422293971,0.003543110638972495,0.00788473055975914,74.84968325266081
343,11429,137.73581053953743,25.03241036969233,93.42484742216706,65.10844559612562,178.84660500282612,176.64272866376163,179.63600715819882,160.02044678546355,12.24749462463965,35.55875315227107,0.61632475,0.5647895,-0.012726000000000015,-0.005193999999999921,112.7034001698451,28.316401826041442,2.203876339064493,19.615560372735274,40.70980967692158,0.1317735490377337,-0.0015009999999999746,0.11105259058222328,1.46166692151223,25.482972545839353,0.07636794198715213,1.7617700865425667,36.4847563293664,0.054155213743278176,1.3259264881442714,6.449038314853712,0.019295489782831788,0.1463327994153474,6.237098153117836,0.15979607268005397,0.3407923293007208,7.699461105234458,0.13956348114062972,0.6551559464544567,11.301342898508125,,False,,,False,,,False,,,False,,,False,,,,,,,,,,171.86317079221735,True,0.0498973793800836,177.7658549809091,True,0.08656416716517293,176.2054870091835,True,0.09082418992757374,175.1710846190408,True,0.0901181506967381,175.33786291213084,True,0.0827052409463874,0.0367217483516241,0.04105321328471134,0.04033935448169696,0.032912582472361576,0.0045266699680890305,0.0007231106416032909,0.007426782681619302,73.30642229436675
344,11462,119.43882138242012,27.87025179546393,88.42064948645753,54.67234866640329,179.04046304763716,177.64049451528956,177.81114251989524,158.0714805096965,12.288839129237886,31.769889459284908,0.621582,0.56747425,-0.012380000000000002,-0.004843000000000042,91.56856958695619,33.74830082005425,1.3999685323476,19.739662010198742,36.614125237389196,0.12975209289256184,-0.001979000000000064,0.16599888902602766,2.008092498127298,52.67722647796411,0.1007009165580169,3.2083500754114587,48.60657393010537,0.011169175314778129,0.9020257710803615,14.010045440638175,0.0216256106007073,0.15276211974177323,6.910171083059589,0.1651687717611371,0.11911047752970585,8.209125055886458,0.11200575030143835,0.8918147834764745,4.343309874372805,,False,,,False,,,False,,,False,,,False,,,,,,,,,,172.04921659844692,True,0.05236601684298699,178.72752831874382,True,0.08460468323325836,176.2454004442963,True,0.08681073161769798,174.78106517022363,True,0.08946187725506317,173.76578853128981,True,0.08332158282221955,0.03242274875762382,0.03534209937171243,0.038285651333103854,0.03227836879397714,0.006038406826307723,0.003234953168130921,0.006140299829812853,68.27951491614841
345,11496,107.82508738739854,31.320120707148035,82.03785266012238,40.66945244810323,176.82419836243332,177.61062448736394,174.2277612768881,156.39513117965112,13.1254580912836,28.248789245882342,0.62597975,0.5691189999999999,-0.012178999999999995,-0.004695000000000005,76.5049666802505,41.368400212019154,0.7864261249306139,17.832630097236972,34.123105778609315,0.12906462682702793,-0.0021330000000000515,0.2388960327246426,3.636741193463853,33.729425582379434,0.19230609513813646,4.0433098699775805,48.20407319066148,0.010699083730621096,0.3877365246940549,11.71957391365028,0.024610931110606957,0.3871791903722916,14.497916530216115,0.16021217695828177,0.3713302015654932,7.341220365555985,0.10150613624681976,0.6354401623091197,9.036877986781679,,False,,,False,,,False,,,False,,,False,,,,,,,,,,170.03840460253002,True,0.05554335175338268,175.58718990665062,True,0.0820321138884034,175.42148021405515,True,0.08479375548942257,175.93286664858587,True,0.084817114275363,177.75478186029622,True,0.07587989484046473,0.027036821651222162,0.031539321140442986,0.032494764162861615,0.024607821216027965,0.008139256292807106,0.0028640796078321634,0.008960006082587218,65.26948914495854
346,11529,98.95512494693557,26.486406708260294,78.49362683862272,31.57880274720978,177.33496462868723,179.06907784850037,173.6721542160494,155.14443399745196,13.125812180880622,24.403441336462123,0.6298330000000001,0.57145075,-0.011009999999999964,-0.004359000000000002,72.46871823867528,46.91482409141294,1.734113219813139,18.527720218597437,34.9113439421247,0.1289865329288294,-0.0013940000000000063,0.36150311649746814,3.9095609957976114,15.30148699377839,0.2886687291693749,4.105957458292855,60.897484914258506,0.017368446040392026,0.1684078763858535,7.9431587043135945,0.028950284748563548,1.018705785248603,20.176972586849267,0.14283869399675883,0.4249724404878695,14.533855327746593,0.10610046817987506,0.3825821619636414,8.897849324873201,,False,,,False,,,False,,,False,,,False,,,,,,,,,,160.82213419101822,True,0.04598229603880163,173.35557295544143,True,0.07575165752641985,175.0097616239254,True,0.07980844232285199,176.9604329105303,True,0.07864040346412263,179.31514985609903,True,0.07196420463674971,0.032353883306335984,0.038589074166141935,0.03912246007091072,0.03453631343962472,0.00826697042452669,0.004310197791285282,0.007262342597261602,65.38297654748153
347,11562,90.5504285391926,26.824377990820253,74.21438264837661,27.198311076707263,177.25881661029,179.56632914453857,172.66808981987504,152.53510271744545,13.783591429118177,17.60606562498636,0.6334344999999999,0.5718052499999999,-0.013427999999999995,-0.004210999999999965,63.72605054837234,47.01607157166935,2.307512534248559,20.13298710242958,33.29565543917996,0.1322386552411964,0.0008380000000000054,0.47082085739151297,2.9779962467073586,26.04348430590476,0.379329120421037,5.688602727495043,48.59512996952797,0.015166675926232496,0.18141425576217085,5.0937158842786,0.060775552905184736,1.6214930915941435,14.066439837286584,0.13491667452348918,0.7638916977893992,8.27018544834452,0.1067337795426118,0.06031852259422349,9.534328281327602,,False,,,False,,,False,,,False,,,False,,,,,,,,,,155.5445873079116,False,0.03478063842139768,175.41279755672127,True,0.05290763873959981,178.7237695293684,True,0.057714023469170865,179.04401552036555,True,0.057641903542475156,178.90885950074858,True,0.05483881914301227,0.021529722942945563,0.028304784224579414,0.030619024690541688,0.03119194062574499,0.007355240308786764,0.0049880598432657085,0.006034715983374837,56.80782796143471
348,11596,75.08399736541064,33.58670313621845,72.19922139028927,19.328884833293998,179.6272180204872,179.1377354047495,173.81970381857775,150.06954479105028,13.934695227463845,3.1458308204058163,0.6366845,0.5729515,-0.015539999999999998,-0.0043840000000000545,41.497294229192185,52.87033655699527,0.4894826157376997,23.750159027527474,29.651818107363155,0.1337426101883764,0.00040399999999995995,0.5593138582834327,2.2033055001543156,47.81605784706248,0.565949291851302,6.7805407801444275,28.556317759596787,0.009171616034136396,0.2385477009042713,2.3184546759631424,0.11589757620345048,1.7771062820221044,14.551703412561434,0.14506256954825072,0.6665802863190022,15.373298180375214,0.10867012522759131,0.26402448771999704,9.281041512839684,,False,,,False,,,False,,,False,,,False,,,,,,,,,,,False,,,False,,,False,,,False,,,False,,,,,,,,,
349,11629,55.30459870776906,17.594214019391245,70.44768007087428,18.116818304313107,178.79065081867145,179.7796879719692,173.10536690457084,149.69702952418587,14.061761673962048,9.337836913062112,0.639206,0.57407025,-0.017994999999999983,-0.0042560000000000375,37.710384688377815,52.33086176656118,0.989037153297744,23.408337380384978,28.60965524715543,0.13627842817188635,0.001982999999999957,0.6077721010969863,0.7264286327549678,76.75607330926248,0.7593241051119921,4.777428210797081,90.67121036465257,0.006080211835432076,0.2579390641463003,3.2372591473460863,0.16742288719171106,1.2568628162533002,30.18634315630899,0.13755791163300132,0.7145371058891232,21.588653619378913,0.10802409080206997,0.5660181470164407,8.199842677198825,,False,,,False,,,False,,,False,,,False,,,,,,,,,,,False,,,False,,,False,,,False,,,False,,,,,,,,,
350,11662,35.93844083064647,38.98503024047396,70.2368506413375,18.734781323653394,175.9612315991916,177.60208429616125,175.2180134506731,149.93219996717147,12.917214987267373,19.663200368421595,0.6416495,0.5743214999999999,-0.02080700000000002,-0.003807000000000005,3.04658940982749,51.502069317684104,1.6408526969696595,25.28581348350164,20.368831226995724,0.14409683136349666,0.002674999999999983,0.5467303825113876,2.8899343391469534,68.77315819035208,0.8165586142884808,2.8655171317618935,81.71597424157684,0.010917935709521464,0.032899015220737876,9.689340679445072,0.17984019431592493,0.8356538180360185,31.212880347834865,0.10008102033544292,1.1324507203680738,5.114257042360722,0.10414342230636735,0.7241916341984342,10.91241999394933,,False,,,False,,,False,,,False,,,False,,,,,,,,,,,False,,,False,,,False,,,False,,,False,,,,,,,,,
351,11696,13.891429755268858,82.09115674266782,72.36209206651041,17.094720008105984,174.51166254244637,175.3895959647855,176.8619788914775,148.62185998154854,12.199567869448357,28.809753837992712,0.6453537500000001,0.57261575,-0.02434599999999998,-0.0017329999999999846,68.19972698739896,55.26737205840443,0.8779334223391402,28.240118909928952,38.14628784451787,0.1516925506180182,0.0021720000000000628,0.4163599242410563,4.559953014641951,25.721493783317033,0.8027075633258333,1.9030019978947696,74.6976529859807,0.008017764517290447,0.3953163344567615,6.467267468361424,0.1601064309967964,1.2010723993438635,24.312494404460256,0.061718862678293025,0.8877325842955506,8.200718596733099,0.09444424319188577,0.7717256766584344,18.293681382443346,,False,,,False,,,False,,,False,,,False,,,,,,,,,,,False,,,False,,,False,,,False,,,False,,,,,,,,,
352,11729,4.1093945300499275,99.28925068951615,75.44879465486011,21.434986234819053,173.36516541971727,174.39054136979644,177.2838991525402,148.44164801264162,12.069476117589337,32.97566427325986,0.645745,0.5728055,-0.023708000000000007,-0.0016239999999999588,95.17985615946623,54.01380842004106,1.025375950079166,28.842251139898565,44.76532291737126,0.15817263728281195,-0.0004489999999999217,0.2559818659682665,4.610397248820667,29.532527994067113,0.7388150277010908,3.117457295564751,60.42858048476226,0.019799720670386028,0.41344725339157057,4.894964213741056,0.12086334764796679,1.726200145935233,14.802552860489909,0.04060413171697656,0.6169924618147762,5.029846474620337,0.06408016134955018,1.0930237554455757,11.339326107547432,,False,,,False,,,False,,,False,,,False,,,,,,,,,,,False,,,False,,,False,,,False,,,False,,,,,,,,,
353,11762,0.6589263444025556,112.42758514638795,79.28873199434588,26.853540698772356,172.9962604060708,175.24069156056197,178.0945328858531,148.14989826551064,11.798925551908573,34.81621532464856,0.64612,0.57317825,-0.02213200000000004,-0.0017850000000000366,111.7686588019854,52.435191295573524,2.244431154491167,29.94463462034247,49.09822896809814,0.15877545871450027,-0.0024210000000000065,0.12502392716794616,3.3166702871354965,39.04259733624139,0.5975114649301776,4.801800238025131,35.601446003752905,0.02695030931756223,0.1327974239855889,8.230186688457817,0.07122742592312131,1.7742579006760735,13.644494063757104,0.022902002668783585,0.6205533149145122,4.453134025248253,0.02362249413759861,0.989584770949242,8.136960784355365,,False,,,False,,,False,,,False,,,False,,,,,,,,,,,False,,,False,,,False,,,False,,,False,,,,,,,,,
354,11796,2.6948479588577214,124.34512500649814,83.53279212491927,33.33050173891122,173.42144838328898,176.14035221764163,178.410812608668,148.30789301996958,11.66377265218372,33.93981898721417,0.64585875,0.572887,-0.022111000000000047,-0.0024730000000000585,121.65027704764042,50.20229038600805,2.718903834352659,30.102919588698427,51.16859771417489,0.15793533805010204,-0.005429000000000017,0.03799996556367123,2.000313209010418,41.68407740800002,0.4175810591049217,5.1338935261046394,28.46372197507584,0.02429526336656349,0.19017380655139343,5.701437805426436,0.048222760847290304,1.2166072409547826,23.644606942401165,0.011353827752361143,0.3344566989457423,12.820911391993262,0.004843206127893944,0.5509808860742264,11.665480211011472,,False,,,False,,,False,,,False,,,False,,,,,,,,,,169.04739777151548,True,0.07044029054454559,174.1514144088328,True,0.08219256379989619,174.9482816712079,True,0.08137107938327966,177.1750447048144,True,0.0739912157488982,176.68185770230892,True,0.06045848620334453,0.014748303360047899,0.015689147459310798,0.013176035367287087,0.01686457357895538,0.002713387550645854,0.007675465849054388,0.013708235845651338,115.13548482451668
355,11829,5.169129656373928,142.28312619554788,87.88214619139072,45.10749204237644,174.31298578507267,176.27251003240022,179.09751476578074,148.43494493639363,11.336250647175158,33.60123693124203,0.64584525,0.573113,-0.022177000000000002,-0.002526999999999946,137.11399653917394,42.774654149014275,1.9595242473275505,30.66256982938711,53.12768619122572,0.15953804114693146,-0.005052999999999974,0.06293948898913711,1.1494079042487655,31.77030440672256,0.2748525180436421,3.6602896221611045,49.49504408029683,0.018047454668002314,0.31507965911819086,4.417983492067206,0.042988677265629785,0.6643053105686032,21.25010377715739,0.006789945368888469,0.32765310750414883,10.105608736938622,0.016130946125928775,0.2803942696904978,8.325013197180516,,False,,,False,,,False,,,False,,,False,,,,,,,,,,170.63398580544683,True,0.06383811165753571,173.7372323752291,True,0.0800255749432642,176.28421980242913,True,0.08048654936074723,178.0887802719041,True,0.07290579315802004,173.84892618386868,True,0.05270990975139307,0.019970773770688004,0.023036794395054235,0.021346422838499263,0.025921557090576215,0.004738250415501541,0.008930283758089666,0.021567307713296055,125.72618054820082
356,11862,8.106727737642103,156.38057695147876,90.8330725801323,55.4128607032435,174.71555068659654,175.99963444805837,179.7275231743661,149.5969748158627,10.829221386519857,32.69263671951201,0.6448909999999999,0.57358075,-0.02204700000000004,-0.003333999999999948,148.27384921383666,35.42021187688879,1.2840837614618295,30.130548358503404,53.77717330267267,0.15934377483918216,-0.005638000000000032,0.08066383155388736,0.22193776952809333,24.149478022932552,0.22396992754005343,2.260405620998341,18.126610845570525,0.008424463458108414,0.4170034561622611,3.4100531071982654,0.02915893937580227,0.6250596654279776,8.310610496278164,0.012213144243504188,0.4525510911357282,0.9381298645019271,0.023001695843925526,0.27135469657036715,5.7889723457345745,,False,,,False,,,False,,,False,,,False,,,,,,,,,,168.20503885974065,True,0.058900122410738644,177.86884990290403,True,0.07615950502071295,179.12403957274736,True,0.07611462758235102,175.17638889627116,True,0.06760600867526496,170.72172008826047,True,0.05239653165048236,0.024435550433743115,0.027809980510600848,0.024891626805012213,0.02554171366607966,0.0052283153118379755,0.009075389633508783,0.015879106335055522,131.7560087698531
357,11896,10.650889813723762,161.09255601944474,92.46608163064228,60.12092552783203,176.78568050499567,176.528209754364,179.35799394087599,149.68462058330005,10.56934953435444,32.51368881265747,0.644424,0.572614,-0.022065000000000057,-0.00307500000000005,150.441666205721,32.34515610281025,0.25747075063165425,29.67337335757594,53.17941660418471,0.15785256553189111,-0.006117000000000039,0.048072944686338645,0.46889520951686353,4.841566167531421,0.22978009789624113,3.242878348090875,52.29009522237361,0.01279647753110307,0.4959415850542861,2.6463440538943996,0.018814240499307473,0.5276326038058986,5.331325253745591,0.02408269433619038,0.269120329524139,4.192748269421779,0.031256606679527274,0.4032356269230983,2.466843270662757,,False,,,False,,,False,,,False,,,False,,,,,,,,,,168.32191625081683,True,0.061427392928562426,177.25953618881064,True,0.0751735263307502,177.93762431671212,True,0.07502961278055484,171.8154584304643,True,0.06718850902498136,168.9745038216369,True,0.05305607750295911,0.02389344983463042,0.026197019143406382,0.0228948398771427,0.024512117370802604,0.0032101253869591694,0.007916388886354672,0.014574910805902008,133.63011741734593
358,11929,10.209082081221544,161.67599866502425,94.4192229079684,60.89488532738941,178.15899202467784,176.04302391543445,179.6622622254607,151.78324895997787,9.495857200539845,32.02620187581419,0.6427605000000001,0.5713917500000001,-0.020212999999999925,-0.002553999999999945,151.4669165838027,33.524337580578994,2.115968109243397,27.879013265482826,53.74655888477698,0.1566286870691318,-0.006397000000000097,0.05402872645876119,0.1218019771721265,21.47470275499589,0.2580753184934307,5.602401130162162,74.21988351362914,0.02926472284085867,0.47648321663708265,6.667689227492862,0.02575751852533638,0.2726972062074319,6.690594694075947,0.029881234360054444,0.18106995455478717,1.8593656934326774,0.04307379714189456,0.37735698138784673,3.0725798871674126,,False,,,False,,,False,,,False,,,False,,,,,,,,,,167.7241708202569,True,0.06067294346741388,175.8479474711385,True,0.07553128639841906,173.88556050723363,True,0.074663665018535,164.71630941158386,True,0.06559825757594479,164.2138637664405,True,0.05179830222121183,0.024187618692215307,0.026074991332692785,0.022691248577370076,0.0257408771023833,0.0035262871408891228,0.009226599427741568,0.014594138275348768,136.50486032282924
359,11962,12.874168236995498,162.37761629130696,96.43524347448894,61.63929963592225,179.54834371854275,174.95755033199967,178.04925870216266,153.9259212531409,8.205483145970632,32.374044128205725,0.64104875,0.57091775,-0.01969100000000007,-0.0017519999999999758,149.50344805431146,34.79594383856669,4.590793386543083,24.12333744902176,53.25338068211075,0.15565424855428775,-0.00547299999999995,0.054327152752141006,1.287449942659522,31.48299784048526,0.3745923427971257,7.633905216687874,53.9984644317346,0.04063991450627937,0.32936217071365054,7.5484582351780825,0.026341845096611652,0.16543940944714544,4.419236076405074,0.035939169000436734,0.21554196934252542,0.925516807723661,0.051811351777222264,0.31194292914039684,6.887080672942766,,False,,,False,,,False,,,False,,,False,,,,,,,,,,167.2694113361124,True,0.06001858460510376,179.0854068628828,True,0.07750601428276388,174.2256465464941,True,0.07512519775015569,162.23731493379265,True,0.06448833277423136,161.8875688204997,True,0.050871250082929906,0.02605169084723678,0.026010962400495684,0.023517025534705725,0.027826458003130713,0.003442343533118098,0.011343246316641431,0.014929736802770526,136.8264831800021
360,11996,13.425364109214446,159.52136354183583,98.19477565225299,63.88959482772999,178.72519713313153,174.5024672164288,176.96598752087186,154.7144263762363,7.4620225052821985,33.306444553570834,0.6411174999999999,0.56928725,-0.020795000000000008,-0.0013940000000000063,146.09599943262137,34.305180824523,4.222729916702718,22.25156114463556,51.71886782962066,0.15368461094722524,-0.004059000000000035,0.07198279200688235,2.134638018941065,22.260250342183944,0.6092645192067702,9.025863468080392,19.899624626454237,0.04116852967064397,0.2524412639172803,4.717299175338044,0.025286615092821537,0.139418452941122,3.4113882375843625,0.04377763870618852,0.13922033132679515,7.794326952390061,0.06396819051076781,0.4279638736217774,4.422349565263812,,False,,,False,,,False,,,False,,,False,,,,,,,,,,164.1449081248108,True,0.05366638579222568,176.66616978265864,True,0.07377050056763884,172.60825547070593,True,0.07219290245585089,165.96653433379063,True,0.06133589853421898,167.3856639658482,True,0.046903247957897354,0.024813304858482682,0.027272306044777313,0.025552892458584806,0.03193326780960573,0.006842815575477611,0.012915416679302287,0.018114007011150283,135.25239279919433
361,12029,14.01430382392359,158.8077992531655,99.44047832398435,67.85273192755747,179.455434474696,175.02092529428668,177.11572630642442,155.62279677481195,6.856363353190947,33.83312088959656,0.64052275,0.56792925,-0.01848099999999997,-0.001060000000000061,144.79349542924191,31.58774639642688,4.4345091804093215,21.492929531612475,50.577170134422644,0.15295022454707277,-0.0021579999999999933,0.13204375408205857,2.7361238554615115,30.958687874471202,0.9078425408679852,8.553927647780258,58.52579245967335,0.042371155770921064,0.053544680846836015,5.379988509852116,0.021417036671905643,0.15169130366824432,3.047136398677561,0.04513831190863822,0.35004558355696874,11.606493217396077,0.07512438234867609,0.23398034542662252,11.493619324502632,,False,,,False,,,False,,,False,,,False,,,,,,,,,,151.60149947709004,False,0.0487996370990605,175.3602566339493,True,0.08584560076090096,176.31922374924795,True,0.08236869901849854,177.4943497293162,True,0.07188809293617406,171.9987659984999,True,0.05952427439288944,0.04051472538472893,0.04031211089734697,0.035159328164798595,0.03134939554441196,0.00908,0.01289267575020796,0.014051152977602963,114.98675152997257
362,12062,14.474731284509726,166.33909234197398,101.18555518713528,77.77979422564377,179.98843796541223,174.47369143909634,177.0531020914539,156.4690131521042,6.526642131217485,32.75503283956657,0.64026825,0.5672882499999999,-0.017274999999999985,-0.0009500000000000064,151.86436105746427,23.40576096149151,5.514746526315889,20.584088939349698,50.34223937115534,0.15112076402665517,-0.0009139999999999704,0.23386215182194345,3.7205718853940644,83.24084057313938,1.129679085514965,5.979576951699363,91.71542918254399,0.03984983671107919,0.144328145155252,2.019600203307788,0.015436624314750102,0.18765446073838954,1.4178607087594766,0.03775052232145444,0.6512870315067247,11.821082390665065,0.07187317391535994,0.3306161927222764,14.403239415003448,,False,,,False,,,False,,,False,,,False,,,,,,,,,,,False,,,False,,,False,,,False,,,False,,,,,,,,,
363,12096,5.938252776302721,30.032853235155017,102.22806247812632,82.76888399671508,179.97217786765037,174.41229434432066,176.67898064219239,156.79887409826554,6.374128090649411,25.84222587354805,0.63950325,0.566253,-0.016152999999999973,-0.0009589999999999321,24.094600458852295,19.459178481411243,5.559883523329717,19.880106543926843,17.248442251880025,0.15067545921283929,-0.00037200000000003897,0.35068523035962734,6.393906456002693,83.12991214129708,1.2551905932294334,3.951505504071791,98.25519360259946,0.03326256783735217,0.14535068091907596,2.3684786263563624,0.009006596343614988,0.18113929937644618,2.5499605326449304,0.02252499407271367,0.8767576688841062,8.627513048706248,0.056633844836952045,0.748791569528901,8.829823756373125,,False,,,False,,,False,,,False,,,False,,,,,,,,,,,False,,,False,,,False,,,False,,,False,,,,,,,,,
364,12129,0.11092917566748242,18.610022430535206,103.45615201336715,88.26230564612874,179.95369358238236,174.86744056685768,176.2538983235779,157.23247061609027,6.0790058988525235,23.107082973683486,0.6386307499999999,0.565618,-0.013775000000000037,-0.0007189999999999142,18.499093254867724,15.193846367238407,5.086253015524676,19.021427707487646,14.450155086279613,0.15018804955122095,0.0001220000000000665,0.5418196333590485,7.241338735672191,40.444594385197796,1.2917683147959178,3.0196620027333774,92.18507217810992,0.03011803654447406,0.2535279911750911,7.140587209740645,0.005479701129308236,0.11662877103048279,3.6289055644370602,0.030318252725600545,0.9695109864592836,3.1909125695639107,0.03633925855684379,0.9195133281912954,3.145146894401216,,False,,,False,,,False,,,False,,,False,,,,,,,,,,,False,,,False,,,False,,,False,,,False,,,,,,,,,
365,12162,10.920966117973007,23.28337563995285,104.49863374147805,98.10573675890328,178.90918285533078,174.62094641824166,176.61627885503165,157.78224821779742,6.3370867043460075,18.13279492539499,0.63764075,0.56563025,-0.014066999999999996,-0.00040400000000007097,12.362409521979844,6.392896982574769,4.288236437089125,18.834030637234235,10.469393394719493,0.1482464518023956,0.00036599999999997745,0.6999994683119973,5.196584589463812,50.413068560891524,1.1931542333673089,3.6955299895694944,54.058598002902364,0.01734419381546629,0.6081952599831673,7.816130320439488,0.010519070760230639,0.1264911696872892,1.1264915058565663,0.05840954653866283,0.9971173294201184,3.684846123006356,0.03382413387785987,0.856663605023225,5.754473890122798,,False,,,False,,,False,,,False,,,False,,,,,,,,,,,False,,,False,,,False,,,False,,,False,,,,,,,,,
366,12196,28.65269669695831,29.931345344288566,109.31085400038148,110.80723185393701,176.96227617863372,174.12801282172774,175.69534125929692,159.94413359246596,5.564278188148786,13.941831198039901,0.63809275,0.56604775,-0.012599000000000027,-5.999999999950489e-06,1.2786486473302574,1.4963778535555292,2.8342633569059785,15.751207666830965,5.340124381155682,0.148201489472947,0.0008589999999999431,0.8156658856697963,3.9638141618235236,60.75901564005284,1.0774478334721473,3.4044073168926747,48.884317779326565,0.01598219833327811,0.7655706530478592,2.984232331811025,0.013816415924243085,0.08991416587318443,4.070425632346018,0.09085583730847825,0.8262068141224762,14.118692448792357,0.047723876569550246,0.6623546710010524,14.464402317104728,,False,,,False,,,False,,,False,,,False,,,,,,,,,,,False,,,False,,,False,,,False,,,False,,,,,,,,,
367,12229,43.97043131180014,39.650343335355224,118.81278470153998,123.91926192218718,172.66037211291604,172.70894827860928,173.7653383482379,161.703645778964,5.301767519482585,9.527523178559926,0.63803575,0.5679204999999999,-0.008718000000000004,0.00027999999999994696,4.320087976444917,5.106477220647193,0.048576165693248186,12.061692569273902,5.384208483014815,0.14792362448574597,0.0020799999999999708,0.9283267338270164,1.401878758076947,106.66143246009752,0.9678145358156072,4.392659753569434,50.805711646031156,0.03946360936910278,0.6025707512147741,4.390479064992977,0.011460006994017339,0.1831924490551281,2.228386998102338,0.10895340476982528,0.274184076800234,29.138542821516467,0.05674128802658541,0.2540690615686243,27.488915085083928,,False,,,False,,,False,,,False,,,False,,,,,,,,,,164.4333564722531,True,0.07476335308826117,179.97169408462042,True,0.09079616847642855,178.8906385164229,True,0.09054939418902819,178.45160493933656,True,0.07958127066087854,178.09965440085278,True,0.05903063568182206,0.02381647104421639,0.027195057584053762,0.030234172801649428,0.0470689705219904,0.005063951224093665,0.014933353943438135,0.02860939574685215,62.58719801396844
368,12262,53.98236144152821,54.06635362764749,125.33789969489466,139.63935952054064,168.55010138971448,172.45199787351902,172.07206474344713,162.91546364973533,5.286402579082349,1.2598202315359543,0.6371484999999999,0.57019925,-0.007143999999999984,9.099999999995223e-05,0.08399218611927495,14.301459825645978,3.901896483804535,9.1566010937118,6.860987397320397,0.1487598476908335,0.0027730000000000254,0.9081439018569005,3.1396014918599207,107.29185290330452,0.7985771993888723,5.6212333108455095,34.18806851262187,0.05504369552597688,0.4758682716945056,5.21818104240171,0.011290908017852172,0.15430990613556078,6.009840981911738,0.09417815394465194,1.0998608567505663,40.36256306692854,0.03466860807271791,1.1734822931964992,28.31234020926329,,False,,,False,,,False,,,False,,,False,,,,,,,,,,175.19848844546019,True,0.07601822960974551,176.33575897537315,True,0.0952598200397208,179.72133257722504,True,0.09280987706058016,178.56619694536846,True,0.0858799267174815,179.3224223792666,True,0.07289797242722189,0.022458418577451126,0.023344241281309675,0.025096441699970117,0.033535795338712295,0.0059062829258341104,0.01082808371781455,0.0184450196259044,64.79964184650824
369,12296,70.6839827338523,76.64777230624524,134.13646715870283,157.83556864553412,161.82514794021444,171.43819837190813,168.57182983865206,164.55461864126352,5.125061143645749,2.300859437651116,0.63617325,0.5730995000000001,-0.004734999999999989,0.0005070000000000352,5.96378957239294,23.699101486831296,9.613050431693694,4.017211197388548,10.82328817207662,0.15239392115501194,0.003118999999999983,0.7838506350337112,6.12539842636477,49.65214680133212,0.6403543231938345,6.24727965195327,16.200405742934695,0.07069370215510132,0.456271542895357,6.3155240262042165,0.00859381522619176,0.4221105570749454,10.35729579838252,0.03909675042772309,2.5373355241907807,31.90256717881283,0.03045905865958957,1.918840110419764,24.45694444271742,,False,,,False,,,False,,,False,,,False,,,,,,,,,,161.59211218259597,True,0.05090043222802728,1.3296606507155797,False,0.04790826976629402,2.110881923246695,False,0.04141276128200105,7.878796889400563,False,0.035521201176199044,16.134696275495628,False,0.027569601103389258,0.00830878360531791,0.01547657391026833,0.023195427307984597,0.03486769972338289,0.008134345025876354,0.008075873451212575,0.01215986529530652,76.96046946156348
370,12329,87.63035529587728,90.00630870259961,149.50849179342217,170.29445412134575,158.8072508138724,172.17022628807683,166.74713644305857,165.42773891394313,4.813497528289951,7.117612396088873,0.635536,0.573461,-0.004141999999999979,0.0005199999999999649,2.3759534067223314,20.785962327923585,13.362975474204433,1.3193975291154345,9.461072184491446,0.15534751747292264,0.002703000000000011,0.6698075408228295,6.446053385351377,66.69735240488434,0.5037870303124593,6.575832921960093,33.63593368470756,0.08064530386719258,0.47021788817881593,9.997147489449853,0.020322069405594605,0.7417465419590021,13.073121950523266,0.08661585073571541,3.196998436058845,1.3807515161367507,0.10184132566663537,2.461902390600857,27.732581841059808,,False,,,False,,,False,,,False,,,False,,,,,,,,,,,False,,,False,,,False,,,False,,,False,,,,,,,,,
371,12362,97.45716780932143,99.05952045280114,154.73280328946012,176.40604736320853,158.46520608465093,173.24485514721707,166.95939662168917,165.23842342613491,4.846203244219889,9.93154783640965,0.6356982499999999,0.5717075,-0.0024230000000000085,0.0004790000000000072,1.6023526434797049,21.673244073748407,14.779649062566136,1.7209731955542509,9.944054743837125,0.15516903743337465,0.0031529999999999614,0.5858423437268592,4.258480717176771,128.2659757176319,0.4302109121165468,4.086501680274429,94.81965637772,0.08964589634799176,0.4841267343038832,26.342147097879245,0.0427265993871333,0.6777593098812504,34.05592624592931,0.18497769546751242,2.6251375666558805,18.955641679253613,0.19294038909606595,2.917948330292585,13.668107759627144,,False,,,False,,,False,,,False,,,False,,,,,,,,,,176.40521853635315,True,0.0538081378603646,165.7876697480246,True,0.08885615031611489,163.91882858262022,True,0.08983617534156267,167.67616438704488,True,0.08759509886403459,171.9832500378542,True,0.0789599758675242,0.03516482772601055,0.036265985440905854,0.03390258670072236,0.025157397103039103,0.0019017804815487855,0.0027993758232863135,0.009051682053629549,70.43637195413979
372,12396,105.10257679018386,109.02930075635736,159.08502349767355,177.845335200747,161.17824620680338,175.02987295418816,168.10162848172078,164.51899752588255,4.948570019114958,10.603026396706325,0.63563025,0.5638354999999999,-0.002261000000000013,-0.002286999999999928,3.9267239661734976,18.760311703073455,13.851626747384785,3.5826309558382263,10.030323343117491,0.15858947074758775,0.003353999999999968,0.4187217838088611,6.0611659714660675,77.08949317069747,0.41085015658617247,1.5580240801822174,94.72885096128363,0.07272593701027427,1.5410077387392154,33.231454797270146,0.03939790934064677,1.6364357259184046,48.86726263616804,0.25889100744482013,1.9501925484340732,25.40902585146543,0.2900946971205324,2.412004416534809,35.77692646255793,,False,,,False,,,False,,,False,,,False,,,,,,,,,,177.36389932134256,True,0.04391583369355524,170.220475590175,True,0.0814081835259822,169.78474588003903,True,0.08598587100797435,170.87791442833648,True,0.08354876813574215,172.3962860878063,True,0.07800141158979118,0.03766792494948452,0.04226735979452703,0.040087489444962744,0.03553497202756749,0.004601889394585685,0.0037111898361577,0.008058571895813793,61.59919866930616
373,12429,119.96521654029348,124.46737679946106,167.71712003152916,168.6471043412942,166.64464774673448,174.96940034000843,169.8831139615582,164.44939770525986,5.047965471784353,8.981090436512195,0.635321,0.550144,-0.004309000000000007,-0.001706999999999903,4.502160259167582,0.9299843097650466,8.324752593273956,5.433716256298339,4.797653354626231,0.16382366462144587,0.0020369999999999555,0.18981905812854866,6.2468115888022435,34.64801092947233,0.32766540670502164,3.348713210054939,55.237927789662145,0.04380968234835418,2.471462808018298,13.252659762345766,0.07466128379161696,3.186951234706355,40.33539842096462,0.315541168686976,0.9227841126160838,39.97113486591025,0.348392290322375,0.616415863289485,61.311806199657156,159.47552985265975,False,0.006814810488927795,165.84317988488462,True,0.06297095917960914,166.27011869098084,True,0.07175979016831081,166.571938901567,True,0.06947996373056049,173.64099712693567,True,0.06448577788163835,0.05692217783957318,0.06540127140201475,0.06302253871433612,0.05816793770626559,0.011170557953835585,0.003701285857644565,0.006192564977454816,47.304334220199685,,False,,,False,,,False,,,False,,,False,,,,,,,,,
374,12462,159.2239509891476,165.22940381810687,168.46277518573,147.675978412351,175.09535040515348,175.07489835977586,174.0418076708365,165.36536649217254,4.616317693573845,6.737954554467073,0.63599425,0.538313,-0.004489999999999994,-0.0005939999999999834,6.005452828959278,20.786796773379024,0.020452045377624017,8.676441178663964,8.872285706594973,0.16416658528762787,0.0017739999999999423,0.13359850491434996,4.832120792798593,25.48710638441824,0.24385508558371574,4.721345873916874,68.6718070851515,0.10994453032918278,2.243948477674119,19.03924167780839,0.1950306840943183,3.9834806783246672,23.805891144949484,0.319412883384678,0.7009204397085208,48.50569991540659,0.32311990427969844,1.6815476216728407,51.51537087327693,170.86296917565343,True,0.04399341137034044,173.39352307468855,True,0.06331243537410325,178.66337819603348,True,0.06628785943896516,178.01769480110173,True,0.06374089680103345,176.5044793980213,True,0.05534097369038607,0.022572875071642948,0.02341293516413524,0.019806023149537094,0.013931549554877284,0.0064965039829127085,0.0072069040509777586,0.01418325075573298,11.419269393625829,,False,,,False,,,False,,,False,,,False,,,,,,,,,
375,12495,179.45305503084128,147.89719294106843,154.35201856917627,126.8858867793727,178.32662580480215,176.64547884364808,176.43682543932275,167.84809375589177,3.940115289915462,13.37563217201614,0.6381,0.530042,0.0027790000000000314,-0.00115899999999991,31.55586208977286,27.46613178980357,1.6811469611540701,8.588731683430979,17.32296813104037,0.1567285490330336,0.006068999999999991,0.2224154415747209,4.869066140260804,69.30996443834134,0.1482471600787796,7.088967769260726,79.22080797808977,0.1643294379322801,1.8311867678520093,24.655798446582942,0.32078367795102036,3.437108233014303,43.50627495513034,0.2703063087402514,2.2788183502386974,47.88026663354561,0.23829190303896394,2.8811986554125717,33.72371404671343,168.01922850175114,True,0.047566117625890005,174.03656665257427,True,0.06631195406561327,168.34126798005022,True,0.0664957260882232,175.23958475984458,True,0.06069707129672733,177.9018455624481,True,0.04783818140356091,0.01971580142931047,0.019114627121657415,0.013143737444121416,0.009191151505660175,0.004095899412827394,0.0062425395473317494,0.016893591210870453,27.148369365312604,,False,,,False,,,False,,,False,,,False,,,,,,,,,
376,12529,174.36961163534312,129.1945876831403,147.88746872426657,113.7531405693971,176.858780029249,179.64708849303437,178.7301885981716,168.73263067157941,4.4108059349459765,11.993854141421846,0.638154,0.5215265,-0.0009759999999999769,-0.0007579999999999254,45.17502395220282,34.134328154869465,2.78830846378537,9.99755792659218,23.02380462436246,0.1255449084312065,0.0034680000000000266,0.34484438658136907,5.8177819098765395,81.38130230174262,0.27534099895437325,8.639284489822307,36.3764694375898,0.2102220493597473,1.4735249725694008,35.39608068422069,0.4030371093381972,2.0812267108063645,67.34534669152781,0.16907392675225388,3.8377648284334196,32.66883536215775,0.13046195956281376,3.919931736741117,28.64346454063515,,False,,,False,,,False,,,False,,,False,,,,,,,,,,177.64972748936765,True,0.06255749515445776,179.49903764728754,True,0.0832978290233305,177.30934197948352,True,0.08367641481923087,178.68022757144627,True,0.07781032400009658,179.27896703221182,True,0.06394270436101371,0.020792318004493833,0.021144330895064945,0.015265335797158204,0.0014066943520182071,0.0006300071428166703,0.005882663512389566,0.013896648588778537,50.41923114842722
377,12562,166.39456243521818,139.48530254687753,147.79055353649622,111.41953452271318,174.3898404959937,175.81125850077868,179.29400525957857,169.81758289709452,4.241778964507701,3.7313753887698993,0.6383329999999999,0.520701,-0.006599999999999995,-0.0024980000000000002,26.909259888340642,36.37101901378304,1.4214180047849823,9.476422362484044,18.544529817348177,0.10021487287324167,0.0021410000000000595,0.46070445455949743,6.265891137242022,42.49771462098218,0.5326733654956515,7.5101713738168225,64.51318149892971,0.22759272651664364,1.7978904280794652,43.44661201708992,0.4176068279805762,2.0000504943521156,71.49493911097645,0.05027944105030839,4.461956148326101,22.052174064997185,0.025672202025968087,4.796202607335228,6.085550730314023,165.36489542615598,True,0.02668659775992437,177.7015947374161,True,0.09970085001142166,175.28548327732915,True,0.105310565134748,172.94486975114708,True,0.09861640128295095,177.54216451790364,True,0.08170413984615471,0.08019490697669016,0.0856740905116593,0.0789833971034419,0.061596092992981265,0.00561082257784009,0.00672528846964944,0.01738799039567253,34.784755464297334,,False,,,False,,,False,,,False,,,False,,,,,,,,,
378,12595,177.59517798733575,138.2276419870829,143.0938287159005,105.0932704599977,177.60680395546228,175.53927691025015,178.56877282718293,172.0771182171449,4.600772783321001,20.677015584968146,0.63777975,0.52241225,-0.011058000000000012,-0.003662999999999972,39.36753600025284,38.00055825590279,2.067527045212131,6.491654610038012,21.481818977851443,0.0800029577578229,0.001695000000000002,0.5837248433189351,6.074856529980505,22.61832067734599,0.725716872391571,5.362616285900884,80.62731782336809,0.2119709976188541,2.517704589241861,28.432170025030683,0.34165988055907903,3.421812875175294,38.58668056554248,0.13253601305720766,3.9607835855158924,33.42378298792737,0.18656067323551684,4.037297246595753,37.97528203094643,,False,,,False,,,False,,,False,,,False,,,,,,,,,,,False,,,False,,,False,,,False,,,False,,,,,,,,,
379,12629,29.592871349618225,92.69711136460448,73.56178271285282,71.98243821387831,177.65057028203344,177.55597485120944,176.55937821508144,173.92133944486537,5.364718162259343,23.486778404396848,0.6363749999999999,0.52556125,-0.009077000000000002,-0.0020660000000000123,63.10424001498626,1.579344498974507,0.09459543082400046,2.6380387702160704,16.85405467875021,0.07065337753426947,-0.0010209999999999386,0.766645489204423,5.842497858524808,47.31999897995731,0.8461836168749589,3.485026496348344,79.08029654554197,0.1829224330271854,2.4786602483481763,21.97013172044666,0.232397571152548,3.3553089929514517,27.60008513757771,0.24309180246379658,3.3898126103357145,36.95457590530546,0.2956524004247712,2.487981412507126,50.10404162610628,165.6563924447829,True,0.06110613825140647,159.25439774906286,False,0.047476416682390846,160.194046091236,True,0.05324975192430476,161.96134679461952,True,0.05623134450642274,169.5568695265815,True,0.057334737786092625,0.08495670639213833,0.09532039750231844,0.10147430632923786,0.10630482730807662,0.01087233613350874,0.007242625559836765,0.007977866005392607,21.162974044655858,,False,,,False,,,False,,,False,,,False,,,,,,,,,
380,12662,30.776399583043432,89.93828721045467,84.19293465107991,67.48048699588395,179.95966251510146,179.6673218975529,174.1935550065432,175.16579700312337,5.952237309591635,21.021279936208437,0.6360125000000001,0.5341685,-0.006089000000000011,-0.003890999999999978,59.16188762741125,16.71244765519596,0.2923406175485468,0.9722419965801805,19.284729474183983,0.06263463588941834,-0.0009780000000000344,0.9583751867195026,3.684485238346577,89.96045224066238,0.8786595755032969,2.5732916020150336,71.88768646512077,0.18563816135631023,1.3096583666492596,40.89682118038999,0.15581499692996523,2.226321936942221,42.998970493328805,0.33599226072179944,2.1659895068381028,55.59283020654217,0.3501587416900942,0.6813402584440927,54.55560400510989,,False,,,False,,,False,,,False,,,False,,,,,,,,,,,False,,,False,,,False,,,False,,,False,,,,,,,,,
381,12695,22.57745908184409,99.72995959315446,86.61489145970211,48.808144608300026,179.50208964604585,177.90963492140844,174.77338782050788,176.23799882251816,5.433889845762407,18.326516463964428,0.6360645,0.548938,-0.009045000000000025,-0.004435000000000078,77.15250051131036,37.80674685140208,1.5924547246374061,1.4646110020102867,29.504078272340035,0.06084427799719542,0.006854000000000027,1.009267176950559,0.4361856532066461,95.60389611462328,0.8417964351144762,3.274242745877595,48.99480952959298,0.17749380508709894,0.9888303356013901,30.391220747009804,0.10852231021249184,1.4368439652784728,32.326484098375715,0.35985496759878155,1.5498925998126003,58.30771165463355,0.3406013852870746,1.197338031911987,48.405275287467724,,False,,,False,,,False,,,False,,,False,,,,,,,,,,,False,,,False,,,False,,,False,,,False,,,,,,,,,
382,12729,7.903231032715351,34.0769767317337,90.04313520495087,34.092425963854346,179.13938388113095,179.77595384940597,178.26264793008508,175.62928684339144,3.6212915719353322,23.043804610954325,0.6384879999999999,0.557849,-0.01164599999999999,-0.002449999999999952,26.17374569901835,55.950709241096526,0.6365699682750119,2.6333610866936397,21.34859649877088,0.0599062465190401,0.008816000000000046,0.947092479083403,2.9196380466163743,63.128697832564484,0.7493105784908074,4.554990599661094,21.546590616311697,0.1224902579477497,1.541529105733491,5.76785264145211,0.0600487802846417,1.1605221005333444,17.508086033322044,0.3279174075388619,2.5030427956825956,44.434625773868184,0.2874983283681925,2.5959137336286693,36.91805695855532,,False,,,False,,,False,,,False,,,False,,,,,,,,,,,False,,,False,,,False,,,False,,,False,,,,,,,,,
383,12762,2.389509272272221,10.118273108243962,92.8069647576099,67.10503316240606,178.78905652745772,178.10318685035926,179.9663118288191,174.79068652983162,2.7390833758247792,23.364344476059642,0.6397765,0.56567425,-0.012861999999999985,-1.2999999999929734e-05,7.7287638359717405,25.701931595203845,0.6858696770984523,5.175625298987484,9.82304760181538,0.057488024709499236,0.009444000000000008,0.8360787580892659,4.4911660301445995,44.00532752546907,0.6834607246943342,4.689310658989237,28.90798094270673,0.077578917907173,1.2876850022126167,11.860653393978957,0.04682139713670898,0.27002173540392954,23.51943425697369,0.2515846906735508,3.0735437581936655,30.583412314418545,0.19079558466764787,3.4945780238993907,13.514819220853001,,False,,,False,,,False,,,False,,,False,,,,,,,,,,,False,,,False,,,False,,,False,,,False,,,,,,,,,
384,12795,1.0838543928234845,7.479505850443842,95.04266888881784,79.2346960759075,179.52410456835625,175.30737676122882,179.12991610773113,173.1181116983267,3.1419497948707966,21.033367260544008,0.63948825,0.5729075,-0.007451000000000041,-0.00204699999999991,6.395651457620358,15.80797281291035,4.216727807127427,6.011804409404448,8.108039121765646,0.05324175213119873,0.012081000000000008,0.6697052596563992,5.741291797540754,21.048150015601294,0.6318970042967875,4.350586976258008,60.48227807743197,0.041023533974931664,0.8969754075761465,15.858466317108313,0.04223807384167934,0.5682305579273168,9.900505703122818,0.16143856900059067,2.5716773629431993,25.666537981210652,0.09674360870790916,2.8041699719243445,31.684886380383666,,False,,,False,,,False,,,False,,,False,,,,,,,,,,,False,,,False,,,False,,,False,,,False,,,,,,,,,
385,12829,7.129417429728405,10.465793165653903,96.06690749766443,85.61893523086026,179.90898347688798,174.63904906339314,178.58924092316113,170.89806395472112,3.788339465157795,17.418427368905824,0.63978275,0.572725,-0.006290000000000018,-0.0023419999999999552,3.3363757359254977,10.447972266804172,5.269934413494838,7.691176968440004,6.686364846166128,0.053025378838816514,0.010620000000000074,0.496624829360548,5.854191787864337,31.046712770720955,0.5178812960687792,4.84055784506712,52.780953640150585,0.017496283552860308,0.31536201265021285,12.99266066022656,0.04510602234819005,0.6539059453874078,2.278379323735803,0.09890073481274729,1.820383889552799,18.44392792461694,0.07702668354184504,1.5228989676892493,36.29146300779064,,False,,,False,,,False,,,False,,,False,,,,,,,,,,,False,,,False,,,False,,,False,,,False,,,,,,,,,
386,12862,11.096447705117955,10.07542741024485,97.04208273262272,89.97406214015751,179.80739356892178,177.34395617257175,177.61814377300888,171.1194664896541,3.5486792569182177,17.49923161581776,0.640288,0.57115175,-0.005222999999999978,-0.0023360000000000047,1.0210202948731055,7.068020592465203,2.463437396350031,6.4986772833547946,4.262788891760783,0.054945931105041784,0.009870999999999963,0.33295531664913164,5.485874437480509,36.226743478366124,0.3863487576143971,5.020108756478286,30.00868432635075,0.020580967355206953,0.07410863722853639,5.643108537920743,0.05675296996151856,0.47001395660618744,10.83252056078399,0.06882376496301931,1.3391220750390755,17.818820019813046,0.07396916826084624,1.0404928447530417,28.501983570491515,,False,,,False,,,False,,,False,,,False,,,,,,,,,,,False,,,False,,,False,,,False,,,False,,,,,,,,,
387,12895,11.290579480442103,8.689285354313883,97.89124359292856,93.30293346204944,179.93813851646703,177.6443805268796,176.80706564834043,170.94668180299576,3.195020151483442,16.728395889454973,0.6407907500000001,0.5700505,-0.005649000000000015,-0.0015610000000000346,2.60129412612822,4.5883101308791225,2.293757989587448,5.860383845344671,3.8359365229848654,0.05586795257569408,0.009524999999999895,0.178893384853868,4.374194205898511,49.74026038151011,0.2549144649570326,4.158430600678263,41.21558118062167,0.016436363124906504,0.06190104100503946,3.675064561627016,0.05865061255830666,0.07424508930984501,14.844887162480196,0.0691965832403952,0.658796322666913,21.888411940356868,0.05153631494916867,1.226022820531784,14.095459273414294,,False,,,False,,,False,,,False,,,False,,,,,,,,,,173.31532787150678,True,0.058274805619581475,176.92869452085137,True,0.09696361082901155,178.58702564532783,True,0.10213031094146348,179.29385688564702,True,0.09178317288043598,176.5618277632537,True,0.07129751180090373,0.039254494328675255,0.045274174857196474,0.03806883988250751,0.02761002558854296,0.007710683756969988,0.014286248807857206,0.023109526195921833,89.34617236048229
388,12929,10.890804765726346,7.875786716561997,98.68743789120828,95.10299981595986,179.97155913715068,177.02722702463367,176.10669096340584,170.6927934733205,2.8661727604560214,17.27033409964725,0.6414397500000001,0.56914075,-0.006184999999999996,-0.0016879999999999118,3.0150180491643486,3.584438075248414,2.944332112517003,5.413897490085333,3.7394214317537746,0.05455955434202151,0.005812999999999957,0.13531494134309718,2.2046781743240405,62.54803253423844,0.20473061329723133,2.274266770221452,55.33086010039975,0.023666076359760774,0.17371100686976654,5.312233574211956,0.05187938221432466,0.5403754594730142,11.164550582687925,0.0586972416424236,0.4303519648888242,14.098639895381424,0.04111864545824215,1.0149472366098593,10.711469494991695,,False,,,False,,,False,,,False,,,False,,,,,,,,,,176.12505091449663,True,0.062266986252748666,178.3454684905252,True,0.10005883069974379,179.78824671747765,True,0.10578387938150113,178.5618016822981,True,0.09727913656072401,177.37828825680165,True,0.07868220869421491,0.03837317722055345,0.045261167284991626,0.04014531007477711,0.02951472913648369,0.009130843663101356,0.013200871524259295,0.020521164123899024,92.26309609763905
389,12962,11.507579173788068,6.800119242516071,98.97065579681554,97.92475615084663,179.30490183741503,176.52775586686826,176.33642848808765,170.35632682190874,2.808751553182267,16.94537821888514,0.6420097499999999,0.568308,-0.005974999999999953,-0.001655000000000073,4.707459931271997,1.0458996459689018,2.777145970546769,5.980101666178911,3.627651803491645,0.05352751654990168,0.005747999999999975,0.11606412853589088,1.529368799971141,55.2764128263247,0.1994464191316893,0.46805373933653516,43.14598633511681,0.022954819168933088,0.29577603612053527,4.498678357271826,0.03223490161934555,0.8221961810265885,7.379796121818285,0.040530754472074465,0.42540448857911595,8.357869677118943,0.05003637259015256,0.5625854908410883,10.041221923061002,,False,,,False,,,False,,,False,,,False,,,,,,,,,,178.22495349200818,True,0.06623826579855484,176.9458557122347,True,0.09921984504120128,178.6708691994501,True,0.10334246752424678,179.12113285219735,True,0.09637147973337341,175.88470012707594,True,0.07941109656087121,0.03386312794175986,0.039275682883942314,0.03512980002789652,0.02452243138434685,0.007433171597642591,0.009916335815209128,0.017745208395507733,96.0275772097294
390,12995,9.903653587404222,5.084755660604104,98.90214848342468,99.76268657273327,179.16202269649054,177.00184272891914,176.59838699992693,171.15531818029504,2.498320905968156,17.27313776914511,0.6425190000000001,0.56764675,-0.0063409999999999855,-0.0005380000000000384,4.818897926800117,0.8605380893085908,2.160179967571395,5.44306881963189,3.320671200827998,0.05395130750037475,0.006059000000000037,0.042384913578216096,3.1384534202522807,32.39228527904205,0.2067332341392306,0.6110951135137265,20.935238275126412,0.00966079436579517,0.20014800202758956,8.428749603312669,0.01363043795917335,0.5632247373881534,16.184071051894378,0.03443303351444956,0.3214776464698558,10.742881456764296,0.058703228254640395,0.3713847237306819,5.03993172945639,,False,,,False,,,False,,,False,,,False,,,,,,,,,,178.5286927302417,True,0.06498063909350224,177.65501824488248,True,0.09808575442438111,179.92431846428275,True,0.10208057274525845,179.93800642783003,True,0.0960366956168318,177.5134948743719,True,0.07884573460245012,0.03480623291883227,0.03937814019224376,0.03468348878068647,0.023180699903152205,0.00485164765827033,0.006896306910223802,0.018083022811466003,98.72511345760725
391,13029,8.869139107401834,3.7240619056683877,98.55910688338504,99.7166712439062,178.268651486874,176.5427429607519,176.91846129294876,171.90106071789484,2.0101309579101634,17.670481247257616,0.643265,0.56722675,-0.006512999999999991,-0.0009740000000000304,5.1450772017334465,1.1575643605211638,1.7259085261221117,5.017400575053927,3.261487665857662,0.052915558780003404,0.007674999999999987,0.09911633285816848,3.558962839916481,8.018083024023442,0.21968117892327518,0.9346733795321667,23.368784287241347,0.013649946437875649,0.3097738167220397,5.76768890410027,0.008123887174464106,0.3270269468497761,13.656597648347349,0.04426889114124326,0.5750304451830649,6.890252429158686,0.0720027277786534,0.230620674310531,8.684444959756602,,False,,,False,,,False,,,False,,,False,,,,,,,,,,161.00190532765066,True,0.030754541290677645,173.84760896340532,True,0.06640408982133554,177.5168511502919,True,0.07048924730765681,178.1068119706613,True,0.07122448074222797,175.7862031473576,True,0.06462148806705083,0.036411416300385836,0.04039563030824011,0.041184578533718263,0.034525949342487317,0.004118852388712216,0.000884480073263397,0.0066586371728756255,77.54104395169561
392,13062,10.80399447283549,2.580104624600028,98.15522376458559,98.14103692406988,178.0244257746653,176.57638522081075,176.27673546294443,172.70457647146867,1.0322336514075439,19.895434954197334,0.64494125,0.5668335,-0.00638099999999997,-0.0008589999999999431,8.223889848235462,0.014186840515705512,1.448040553854554,3.57215899147576,3.3145690585203704,0.052500465236033855,0.008131,0.20025019238733593,2.9173590087076073,15.308281111654901,0.20622324233379521,1.6787962517493007,18.16383421938676,0.029230414961003558,0.2239526994559697,8.521210535859996,0.012117914453022913,0.42319923339709564,3.6024491127360774,0.06646549974281266,0.6569886735069844,2.2286473482921894,0.07201026954025595,0.2948920294456403,5.764657994079747,170.79814341832733,True,0.04939657822157323,179.30448153299662,True,0.08126518797738676,178.6176796058671,True,0.08832297876543803,174.99012065180708,True,0.08458334824302008,174.52851437436576,True,0.07470688858465473,0.032311491593549194,0.03970738059857393,0.036688330188221985,0.028901813956912888,0.007640292729994119,0.005222570439927061,0.011308856440860847,90.41633825752366,176.97464393080202,True,0.06627877503394287,174.62470051548007,True,0.08865240933556177,172.68454560119577,True,0.08953855652734195,173.35867383773808,True,0.08073250515746432,173.6514192646556,True,0.06699179096725218,0.024097222101312803,0.025067286350939532,0.018031519431262553,0.013565202136348735,0.0009754434888808416,0.009081669560163538,0.014347276048086555,96.1288161691101
393,13095,12.299105156276298,1.2958122882198253,95.72350880044664,93.54620672262463,176.62562491960858,176.06164906303252,176.2158195300792,173.1107875501202,0.34039463033919554,21.186730726319787,0.6456897500000001,0.56669175,-0.006036000000000041,-0.00021499999999996522,11.003292868056473,2.177302077822006,0.5639758565760644,3.1050319799589943,4.212400695603384,0.052830849359062966,0.008379999999999943,0.2866116963291812,2.674576007894244,37.70381190333943,0.18161202578153515,1.769175551281773,15.630687178691995,0.02818124679107743,0.2703307230577358,6.9582371742836155,0.019812269432203506,0.13765127846525707,6.470365160717352,0.08547566205857551,0.449365749308831,9.80993372892501,0.05735815945771033,0.31356618642104767,15.09583052240101,173.6285980085805,True,0.05723373181961836,175.1785072385763,True,0.08966674091322817,175.0750062338937,True,0.09381433982073309,174.80525750424528,True,0.0895793653136703,174.57903453755617,True,0.07870570557462776,0.03276015781402765,0.0371455964819519,0.033556690778442394,0.02485189489757269,0.004679670287530972,0.005410972001406016,0.012050085476875298,82.62203474433227,179.78104116420243,True,0.06419879458369919,173.41550577853067,True,0.08536341715863995,172.38583382749405,True,0.08632745251077434,174.77101542133556,True,0.07847569830845724,177.78045214898668,True,0.06369503355835522,0.021937171308078797,0.022566097691005378,0.014790024645009862,0.004775327632738956,0.0018625815418392652,0.00786247607309554,0.014847209872565307,88.71467990950595
394,13129,14.7886430413166,0.3831965992382774,91.18736435323268,87.04687532254034,175.55280759411997,176.08360450883652,175.7074235230616,174.13904539813905,0.7763171221761566,27.49581838477188,0.64718525,0.56673675,-0.00606000000000001,0.00022700000000008824,14.405446442078324,4.140489030692336,0.5307969147165466,1.5683781249225603,5.161277628102441,0.05249919018423052,0.007703000000000015,0.3791847381570014,2.7137661189544473,49.51702922304882,0.17752301207226373,0.7075743970250036,47.01399348843055,0.0190400325110662,0.25251203034280373,1.8033137686847571,0.017194024012861468,0.01229843564024569,5.247751955539655,0.09345679618093178,0.20622080241284443,13.861694431155879,0.06609101842530948,0.8741588062705552,24.914258510833893,173.35225499321066,True,0.06215465499059577,173.77561788995436,True,0.09484267458270029,172.54674082911325,True,0.09817360971768328,173.75062739283712,True,0.09165778007894367,174.24983677908625,True,0.07760204730546738,0.03290130077975641,0.03622604129628304,0.030096092769660396,0.018047011968744336,0.003331834479682398,0.007082363729716226,0.014819192454381604,75.06693642295731,173.98318882324202,True,0.06687028866394996,172.65532650682886,True,0.08540210609229723,166.04907544852082,True,0.07862818864758363,167.53750194331323,True,0.06948852403814605,172.8602898977502,True,0.05713131982546875,0.019631004482705418,0.01186160275848086,0.0028045258066204774,0.010280903316343331,0.008573660886692442,0.0091536356165187,0.01259365753067791,85.23071902676784
395,13162,18.60036406515137,0.11935927611575377,86.21270568982231,79.41261779838923,175.8166255009758,175.83086329497675,174.48854869830402,174.4163160190656,1.7778096321094545,31.586537560952944,0.64868925,0.5672575,-0.006504999999999983,0.0006110000000000282,18.481004789035616,6.80008789143308,0.014237794000962367,0.07223267923842513,6.341890788427021,0.052776006376003846,0.007305000000000006,0.43383421429638597,3.0884262611323536,39.19255840438661,0.20025338004806986,1.6858666870409966,57.77593639708509,0.016263805441847145,0.21898452037441174,8.6856392588818,0.019135842421200686,0.24244026626459325,15.588528325106815,0.08564895256471204,0.4802196314039871,18.14235843576984,0.11354280564779723,1.5936894430620006,12.746834828906904,175.38882629385432,True,0.064777167613288,174.92025773878092,True,0.09038725042836523,175.7780040611228,True,0.09270595847624906,176.1494649662091,True,0.08605792157030061,177.7433531747908,True,0.0680238119558145,0.026939623234187953,0.029363111636882096,0.023013740091519224,0.008612066244519934,0.0024248944306918046,0.006648118079577119,0.018035404791686808,63.05042323373364,168.61011377073504,True,0.06692160943223052,173.658574929106,True,0.08651926219056662,161.07087716963775,True,0.07774140290089958,159.31318920022557,False,0.06907477423777797,173.37154868517337,True,0.05585944973771228,0.020385120970943537,0.011543232476217347,0.0056578622287926875,0.01135340407102647,0.013774772629702593,0.008804792388239484,0.015132975946587584,79.91403163163099
396,13195,21.54237731925339,4.278059886804226,78.16372803131392,69.3163449109573,176.13313191337872,172.6986963778595,173.34535907073433,173.16012310182558,2.5810672358858135,33.6039715726461,0.6493525,0.5675472500000001,-0.007931000000000021,0.0008259999999999934,17.264317432449165,8.847383120356625,3.4344355355192135,0.18523596890875638,7.43284301430844,0.05244661991015247,0.008248000000000033,0.4824757196045136,3.0281766349443333,34.61943584416562,0.2674567931932814,3.4548521581812213,43.39545331069814,0.01482265271346527,0.8257150104577465,16.84805998994188,0.0016747525312567804,1.0411403245242286,26.272505947027835,0.06670328630379434,1.0265184209885627,15.738565229830929,0.1712710764017711,1.4251620393742772,22.000396024180393,174.45765628668303,True,0.06011837484496729,171.87162625704482,True,0.07708022990365296,170.3507339913459,True,0.07790400557737706,170.6327341829494,True,0.07192963370544851,172.89048603707073,True,0.05785462734302241,0.020791556459293755,0.022329775480286383,0.018393584017259944,0.015968163732877926,0.0018059072512174954,0.006111963677902574,0.01449953447528572,47.99580641247332,170.73997599915361,True,0.06850591857642661,170.1748060262434,True,0.08348002377215762,165.05374801483703,True,0.07376810922071944,171.030842393133,True,0.06917815507803023,171.3806811332943,True,0.058331753762423354,0.015303532173978706,0.013813684012601362,0.014808958504905103,0.016027995788619378,0.014548305915122907,0.005240544437365256,0.010913907870236111,70.705425375357
397,13229,27.74904723133064,16.090650160641765,68.95463617777882,61.20563221048469,175.67993488354523,168.95015845725578,173.07502757747778,173.68824884045776,4.055372135346544,38.001168740756114,0.65140125,0.56784625,-0.008877999999999997,0.0007890000000000397,11.658397070688874,7.749003967294136,6.7297764262894475,0.6132212629799767,6.687599681813109,0.05279953706236446,0.007966999999999946,0.50584881624186,3.1683120307636985,32.26150118712745,0.38314162611144054,4.267858331721479,45.288820951234364,0.05055425525275939,1.3439732939632187,2.877291205081594,0.05548819357503257,1.7772630944850671,24.66526366250588,0.06409505315754939,1.4333294027279637,7.525564025529632,0.20536246069386796,1.0528042373708346,29.38164307353048,178.52825441381455,True,0.05752935070031643,170.1712031697963,True,0.06919830901113116,173.41002400266703,True,0.07204448799179573,171.3119290551124,True,0.06788900972175095,175.27922837612567,True,0.05495719778154629,0.018599714245116784,0.0200400044411173,0.016039200260611536,0.010429031978088844,0.0030376109033251786,0.004358271331617626,0.012969882998701264,25.590342463603783,173.5516824615027,True,0.06791581792925709,169.58713493205383,True,0.07241876345947926,163.711327574436,True,0.06359845936027067,166.42949337821332,True,0.0557331805121509,170.54706739518136,True,0.046406868651095196,0.006243446484114417,0.014289329445428822,0.01923127205881087,0.02459820117406958,0.013256685860349874,0.008133925313156026,0.009445954477976228,53.18949037307513
398,13262,32.76611511599115,40.29519030368872,62.2331098435203,58.55708662809112,176.00195695112382,163.5772383584329,171.7411716328184,174.75558897296526,6.356465896877847,42.446569772869914,0.6540662500000001,0.5677535,-0.008835000000000037,0.0008130000000000637,7.529075187697572,3.6760232154291828,12.424718592690908,3.0144173401468493,6.661058583991128,0.05274594907668271,0.007637999999999923,0.5205877974630365,3.1269188001647494,43.559930438485395,0.4860332513569759,3.9057182654093903,62.59124220000777,0.09583205664020368,1.0167632447720132,16.215281799564117,0.12013108837219179,1.9890366575778198,29.988163298297625,0.09711790996237955,1.4516161645200902,10.096812374681164,0.2117172728226394,1.1442412896841123,27.84650971941043,177.6737838646946,True,0.04960270365615163,172.98387955653533,True,0.06333326975610845,174.45797412391713,True,0.06474578426430552,176.51193181033412,True,0.060636727154423496,175.87878552886562,True,0.04542350550100685,0.01730099985549966,0.01884700129994154,0.01587165807343387,0.010535505398413447,0.0015573214183333722,0.00415736887947167,0.015214899145245755,12.75532351609447,,False,,,False,,,False,,,False,,,False,,,,,,,,,
399,13295,37.84161783540328,64.38612898393554,56.41678094337161,57.88851013991383,174.0340367625948,153.7631377283292,173.26755711174712,172.83178223443818,7.832417188544817,46.47671719891438,0.6562695,0.565951,-0.013488,0.0006319999999999659,26.54451114853226,1.4717291965422206,20.270899034265597,0.43577487730894404,12.180728564162255,0.05392074266921779,0.0070109999999999895,0.5153653833234082,3.0528386411481163,34.430942638530695,0.5187410234492656,3.2391395937807603,53.432981279207795,0.1161580652645892,0.3367220948993033,19.433979952195617,0.17530066855672047,2.7404075495871507,35.30722389208717,0.13416476603405422,0.8033106310008293,19.77031446904257,0.19150798200680325,1.4595522444568279,18.419639208568892,171.77810635807631,True,0.04289525775653991,176.51897137459707,True,0.06665594986946027,176.83137430749363,True,0.0688160192469748,175.53342474181025,True,0.06738086681692362,176.43373110972996,True,0.057856956064072304,0.0248304289330652,0.027028555732780155,0.025792359818364842,0.017030829721419904,0.0021998277205272504,0.0015835940136285501,0.009556288819411066,22.298494224467024,,False,,,False,,,False,,,False,,,False,,,,,,,,,
400,13329,40.35913633831347,75.17006633974377,55.450129505329336,57.46241006449436,172.70559170700363,145.0915479102053,172.87754288614957,168.1729980104926,8.819836297756384,49.50473006802121,0.65639625,0.5625705,-0.01584000000000002,0.00027800000000000047,34.8109300014303,2.0122805591650206,27.61404379679834,4.704544875656978,17.285449808262662,0.0592582431396679,0.01087400000000005,0.44413903193357573,1.9114975182203089,69.00258680299741,0.5230764981848324,2.6781963097324404,50.05906677629489,0.1141225783762458,0.3417437512799561,15.91739688640087,0.2811791475267384,4.2060743317007425,27.076495061336168,0.1465978163960817,0.19098607749038146,21.187185954954312,0.15157496849133945,1.4300584982123987,15.636263047535358,170.16593492556487,True,0.036808745767819846,173.5137838543026,True,0.060241550212457154,177.2581555622313,True,0.06319290970512428,177.02968484580586,True,0.062089598565299074,174.16641831350364,True,0.05691069354699513,0.02382573921203709,0.02688481683032264,0.026121265378997224,0.02150478637420052,0.0031040439752039097,0.002204181707573152,0.005468170626452665,28.038347158877006,,False,,,False,,,False,,,False,,,False,,,,,,,,,
401,13362,41.69169693953582,77.17197681567437,52.03265355986909,60.35984128571241,172.42083357471222,135.76918274967161,172.08747772604337,160.98263904584041,9.218155745219079,52.07864541032857,0.6555657500000001,0.5595235000000001,-0.016125999999999974,0.0005780000000000785,35.48027987613855,8.327187725843324,36.651650825040605,11.10483868020296,22.89098927680636,0.07046691322883385,0.009614000000000011,0.4582798487585956,2.0810344538368812,85.70526932279519,0.49446824665974853,2.799568956951382,48.87985264639432,0.09711026687354796,0.809482962749713,14.96451579340671,0.44317736640605426,4.549160529041017,30.98485172931528,0.13873310709932254,0.7558061818015995,18.959400043021326,0.12484836714320802,0.6265820454544858,28.645105793405644,165.19490584120544,True,0.03317544689977811,172.37608648024346,True,0.05315212658022256,171.18483188605057,True,0.05584832639390364,172.36528264031827,True,0.05425405806942005,171.91927961593353,True,0.05086288825853284,0.019995489816456172,0.022731271323883313,0.021513669793877633,0.01895255309978055,0.004173530040625089,0.003850187008445118,0.004790556230752405,37.744933000655905,,False,,,False,,,False,,,False,,,False,,,,,,,,,
402,13395,43.77227486794829,86.62151628015363,52.42738272794108,68.53904449171635,172.61456763228003,133.68927127962405,171.84533166610527,157.43955480831843,9.430839796712524,53.74327474813489,0.655532,0.5564660000000001,-0.01890900000000001,0.00020100000000000673,42.84924141220534,16.111661763775274,38.92529635265598,14.405776857786833,28.072994096605854,0.08488465902034352,0.013251000000000013,0.5696690934637443,4.022098346344098,5.650047998851845,0.41309621737143337,2.589803014212664,50.87134157714464,0.06405889363408515,1.2885291863282478,6.542130566741828,0.5725943565367673,3.1483459981299515,76.07083290999655,0.10653081394521728,1.2591515011855952,12.044696939875884,0.1161310738581166,0.5408425288527918,23.75641743628838,173.399311378591,True,0.022064168350517985,170.96298321329235,True,0.042794766981489644,174.555242031112,True,0.04792860999444904,176.12108947230513,True,0.047948167024402424,172.38893439059146,True,0.047032027183611755,0.020744666495270504,0.025887076177119748,0.026305790275146578,0.026272221108996432,0.005769586206999639,0.005322811005474477,0.005305261539264556,40.34373464117728,,False,,,False,,,False,,,False,,,False,,,,,,,,,
403,13429,57.119100060590675,98.45639652834531,45.0054753561352,74.61840285200616,171.30079162912173,134.59352456964476,170.72256962872495,156.6072405708032,10.588423114538418,54.676839126196654,0.6555895,0.55462025,-0.018473000000000017,-1.799999999996249e-05,41.33729646775463,29.612927495870956,36.707267059476976,14.115329057921741,30.443205020256077,0.103702910783642,0.016115999999999908,0.7001868456858878,1.93466937701572,97.96168475937876,0.3323640432925977,2.730208735258915,30.913868655423617,0.02311889337887693,1.2275925067231193,11.7673820783838,0.6215336770388442,2.613298781725291,82.95085942075224,0.07819501771136346,1.514350717142652,17.025475291587583,0.1256450640157083,1.0187639976240233,8.965760571212767,158.6352841539021,False,0.021744467549241104,179.04044133607002,True,0.04408801889402599,175.73122433505523,True,0.04722009420786874,176.02548979220478,True,0.046233823311510734,176.5781754285959,True,0.04565304971193049,0.02239881409807218,0.025713324950305445,0.02520194613516976,0.025501948258907583,0.004103728670367994,0.0038215343777075346,0.004383385221492604,59.637116096471274,,False,,,False,,,False,,,False,,,False,,,,,,,,,
404,13462,90.0539076367065,110.02180518482301,16.862154916653093,78.58553604970317,171.40666951842763,142.19434309139876,171.0771561949292,157.11925630185232,11.141380792076166,55.96659614975098,0.6563954999999999,0.552906,-0.017463000000000006,0.0008270000000000222,19.96789754811651,61.72338113305007,29.21232642702887,13.95789989307687,31.21537625031808,0.1330720519305237,0.028378000000000014,0.6840963914846573,2.70657825414576,89.11186011453292,0.23829840909795336,3.252335649975068,14.850759281017332,0.031115101431918594,0.5140646567544396,15.425855774495401,0.5811790079369488,3.753304079215472,71.40752252754126,0.10208102153832385,1.8207073583879412,10.521666172291175,0.15669375999709517,0.8303168491839252,17.162905479774903,168.94082124826147,True,0.018729647300469835,162.12201858902114,True,0.03438108189106323,165.43067754808112,True,0.03943662485558311,157.1011911902397,False,0.039798758385155626,153.520596961652,False,0.04118041215189567,0.018271382213724326,0.023648455425249293,0.0250383391821423,0.02780098381352724,0.00537728593251281,0.003081806775253735,0.004223579761292552,61.84338714679731,,False,,,False,,,False,,,False,,,False,,,,,,,,,
405,13495,158.33486810789347,125.6317832934265,55.62230621270155,80.25380872869029,170.6404459718611,147.29761723555842,172.35400836156413,158.3134515970339,11.724945859324787,57.506797453195894,0.656949,0.551713,-0.017472000000000043,0.0008939999999999504,32.703084814466976,24.631502515988736,23.342828736302693,14.040556764530237,23.679493207822162,0.15191554439227073,0.030158000000000018,0.5225360910027493,4.148143583085313,13.663618380275226,0.13409748420775447,2.8238273964040665,33.32947724951178,0.02938783456008766,0.5178898519566689,7.843534502609963,0.4851789859888904,4.9928566847302775,57.36773635639633,0.1555334531214436,1.362222334347185,18.12308114958798,0.17372675423853567,0.11784727861486521,22.25660091273106,165.1477743487184,True,0.022125555360261548,150.1228321598711,False,0.03350413899804021,136.67483638452435,False,0.03812760135387486,131.0476385920546,False,0.04046469933163961,149.50719102763142,False,0.044703055913438365,0.014245041593480836,0.01917787175366441,0.022292919144876393,0.027507713827215754,0.004955131178889228,0.003343171099420375,0.005386332704168971,73.18648068559803,,False,,,False,,,False,,,False,,,False,,,,,,,,,
406,13528,156.84482236477552,142.83674697940896,59.15134026893113,83.1625589996041,169.43452437637598,157.05630542843883,172.86399429554476,161.24716674453956,11.906730709437843,57.93233264757813,0.65597525,0.54983775,-0.016091999999999995,0.0004950000000000232,14.008075385366567,24.011218730672972,12.378218947937143,11.616827551005201,15.50358515374547,0.16726120321222135,0.027155999999999958,0.4131986047432281,3.6029582251280123,14.688706577504215,0.05273823663494527,2.2195323965267013,24.268506070140543,0.04233098736577774,0.9001259523766982,6.216738484858164,0.35349314043648955,5.972257100125227,37.36847780333797,0.18271646016614734,0.6417611152355694,15.155246312729991,0.15273861445471826,0.6542497662914925,8.963759018670949,,False,,,False,,,False,,,False,,,False,,,,,,,,,,,False,,,False,,,False,,,False,,,False,,,,,,,,,
407,13562,154.23368403595674,154.50122862212768,60.96592059955947,85.70791912307742,169.11554032111033,159.71663702023906,172.29387896728988,164.2054301130785,12.305090948456353,57.998576248731574,0.6536482499999999,0.549544,-0.013236999999999999,0.00017299999999997873,0.267544586170942,24.74199852351795,9.398903300871268,8.088448854211379,10.624223816192885,0.16716718697459745,0.013998999999999984,0.2863441971129856,4.9661711536584745,21.11419824500491,0.02095181608315995,1.5199203295147838,26.138287915834475,0.0750265172968686,0.8186913874309518,7.874358711539712,0.24564655070652483,5.338555366160761,64.07283332411347,0.1967197896267208,0.3889169552552768,11.902175244933009,0.13035560279894662,0.6043488698279108,6.902838342415233,177.9955391598515,True,0.060745776519853606,177.5847509296946,True,0.08912607721649149,179.54914966452435,True,0.09175413761787533,179.93853377824684,True,0.08931173921719361,178.5515674107546,True,0.07846815129719828,0.028542368524703796,0.03124810427849988,0.028939637886469843,0.018133366730974165,0.002793465589550025,0.0026441679220503686,0.010860963585244169,56.86635114260948,,False,,,False,,,False,,,False,,,False,,,,,,,,,
408,13595,159.89452410400474,159.4092192959877,61.07009793151931,83.87485737186431,168.92235514820322,162.35679716939072,172.72444145553234,166.79620403518535,12.19904114908054,57.34391904445641,0.6509425,0.5490740000000001,-0.010353000000000001,0.0004250000000000087,0.4853048080170481,22.804759440345002,6.565557978812507,5.9282374203469885,8.945964911880386,0.1692992774142878,0.0064070000000000515,0.08415385672013974,4.896561104804751,46.17874287974511,0.053029244611849484,0.553276998163055,25.772903618045905,0.0955932725949803,0.4190356639214755,16.31682002695611,0.21764459044795326,3.3519605763923264,82.48463691579745,0.2028265095782764,0.28496250457194033,12.479150725936108,0.11614787352316304,0.6868119525454913,0.6139617267519322,177.9210419521104,True,0.06863225412297043,169.91914840042656,True,0.08825942742279716,170.14315291977053,True,0.0889537623712454,169.61431495122926,True,0.08474962424105487,168.4022765107966,True,0.0762445658194733,0.019838181998358677,0.020866209286787115,0.01681973427257401,0.00852035944077482,0.002199069121241977,0.004209500801757849,0.008544176964459475,61.7710157538879,,False,,,False,,,False,,,False,,,False,,,,,,,,,
409,13628,164.2119242941987,165.5416738384351,61.6431801318796,86.10971132703472,166.8100097987296,164.0678064536942,171.37614308993597,170.6531134514266,13.720491514391934,57.205512634746334,0.6476519999999999,0.5493669999999999,-0.010938999999999977,0.0005089999999999817,1.3297495442363925,24.466531195155113,2.742203345035392,0.7230296385093595,7.315378430734064,0.16459678196732766,0.008346999999999993,0.05761312951599405,1.9588001364639143,76.85348815407869,0.057032802398291345,0.20087999997941386,18.805485892830674,0.09732770629898808,0.3469915164596474,15.789532100387746,0.1649937732593898,2.706949064272329,50.97454430589648,0.18579392008817996,0.48736429155378985,6.400320529591322,0.09421813627594011,0.6349859892509637,7.14699217894508,177.19692701588045,True,0.06665571514131408,177.16753513804804,True,0.08698030501786025,179.6046580233407,True,0.0955238122616555,178.23277369938558,True,0.0950403062126801,174.83370236514173,True,0.07776163527730115,0.021064357621347,0.028868234618694633,0.02843109178346828,0.011610559504175496,0.010748630424384316,0.002108387535535191,0.018225461969453585,60.416537802788504,,False,,,False,,,False,,,False,,,False,,,,,,,,,
410,13662,162.4593463086423,160.37796489001408,59.70785418205486,82.43043259861518,167.8067601521136,163.26356819944434,167.50059523857456,173.2211801623742,15.202604817365923,57.47995193181669,0.6441385,0.54947025,-0.010382000000000002,0.0005309999999999482,2.0813814186282116,22.722578416560324,4.543191952669275,5.720584923799635,8.766934177914361,0.1577205370774523,0.013449999999999962,0.06947418475987197,0.36874692874919907,29.053683433820634,0.04412523064143261,0.7148487559232849,17.372249118522724,0.0793280330338172,0.7041104549460228,12.882200798940323,0.1129613238203052,2.170701654782619,37.22125533135369,0.17023031438301295,0.4960347163678307,0.8305543198305727,0.08053617509930781,0.828241987750239,22.263581239821114,179.6362915289168,True,0.06673406304129842,177.99794885094295,True,0.09521308935750372,178.54886403136112,True,0.09855620046450649,179.71700200466384,True,0.09516586070645287,176.25004350581784,True,0.07378981518475294,0.02896123659307386,0.03223076418578995,0.028867508829131763,0.007683693968398307,0.0033552384416014277,0.0033905447939822217,0.023148703484212642,60.440305050084135,,False,,,False,,,False,,,False,,,False,,,,,,,,,
411,13695,158.74002121911596,160.3879074318039,58.63191661034714,78.66193811131369,162.17072409785237,165.28163552552485,171.78067420284842,177.1888374874155,15.207805071716832,57.069067241664925,0.6430569999999999,0.5504095,-0.010118000000000016,0.00292199999999998,1.6478862126879505,20.030021500966548,3.1109114276724767,5.408163284567081,7.549245606473514,0.1533636844790839,0.012554000000000065,0.03293598378580075,1.044740446230191,8.691969209583904,0.011564735455263967,1.2087201287253555,5.582366840947467,0.05139648451160939,1.0418355697090176,8.020973944951752,0.08161316410852666,1.2358501634577888,36.3318096490481,0.1526050533604987,0.5228654967261132,2.826608467045173,0.04053228405489007,1.9082043349626638,34.83685896618902,179.7498439791571,True,0.06296833886962558,174.9618166077166,True,0.09315228457209195,177.49706074113664,True,0.09685286034495834,177.79529916944628,True,0.09109988308444744,174.0061999565528,True,0.07360114404002155,0.030394985655532062,0.03402609000458326,0.028148036556747563,0.012922498829560794,0.0037595544948836926,0.006286652925046899,0.02009201458291326,61.30087547992769,,False,,,False,,,False,,,False,,,False,,,,,,,,,
412,13728,155.65277177703683,158.76201598962462,55.40021306182046,79.12791061651306,164.37712967887398,167.52967883016427,168.29084133561255,177.77112149636076,15.738982960048485,56.902843899458254,0.639229,0.5505727499999999,-0.01019500000000001,0.0029439999999999467,3.1092442125877824,23.727697554692604,3.1525491512902875,9.480280160748208,9.86744276982972,0.1536105068346564,0.012863000000000069,0.08071038371787315,0.42050284903918383,80.86686873489145,0.039999405854867456,0.9942343459169565,10.986307273602986,0.010634859565982497,1.1089570831159856,8.349944887056756,0.0467621371507816,1.1239781033289196,13.128628606962621,0.13573009336329359,0.6811258360882908,7.239922898792348,0.04541880372745302,3.0599966368824614,33.88391578771558,179.39307414091266,True,0.06410501060759607,174.3419007024331,True,0.09221098590732021,176.45441172890997,True,0.0969849937103674,175.96728775748028,True,0.09238456672518416,171.48295204237783,True,0.07943335594698239,0.028114526014144353,0.03289185203055611,0.028279841619075582,0.015749789839867686,0.004778487312947453,0.004758669561967892,0.013616196605513626,60.432589185764,,False,,,False,,,False,,,False,,,False,,,,,,,,,
413,13762,154.92807393262933,156.0355877405065,57.66365192584692,77.75387777318117,161.66335894715203,167.7932246763498,171.13112221895477,178.2989021239288,14.700982247608396,56.39708898124555,0.63713225,0.55087975,-0.009191000000000005,0.00404199999999999,1.1075138078771545,20.090225847334253,6.129865729197775,7.167779904974026,8.623846322345802,0.1521555515188322,0.01223300000000005,0.04576452909954876,4.6164273907152,87.20813671478464,0.061319477235729065,0.5440670443360278,10.198366971269198,0.023308976032783264,0.6139189354260068,16.892674768670197,0.008412992348406784,0.8663643201026083,12.391028828011933,0.10697967819211253,1.0066629575491195,1.9115825764818533,0.16453707372873863,4.17631801386644,14.606934854257537,179.9185864447999,True,0.06699637199132503,174.8243680971186,True,0.09646216736109552,177.85769532763695,True,0.09825004432568975,177.73200361658354,True,0.0909425683604768,171.85333985209365,True,0.07424959114365547,0.029716041728332525,0.03130278853393096,0.02399167388908074,0.012161599278055499,0.0031203708112978947,0.00825038047607504,0.019368362475955466,61.175866997957414,,False,,,False,,,False,,,False,,,False,,,,,,,,,
414,13795,154.00690739132588,159.5255369646959,57.082939303153495,79.08463023225296,163.13222367084472,168.83479237288688,169.9267383417976,179.67940900206636,14.474029206533816,55.66857080369724,0.63309525,0.5515505,-0.00858500000000001,0.004288999999999987,5.518629573370021,22.001690929099468,5.702568702042157,9.752670660268763,10.743889966195102,0.15259350097890795,0.012629000000000001,0.23050077017925993,5.438450587498083,70.00821709468003,0.07139450184190112,0.8123172560955013,8.125461377534823,0.03127556331298674,0.29682623646786427,11.699715075980453,0.016783854052683934,0.3293834888042375,10.805680177707668,0.06831930083208922,0.5782164127522722,23.30492947008913,0.3252276183298215,4.019704947096868,38.74912863774102,177.2390103043875,True,0.06773381390413509,175.9866668519965,True,0.09564266885130297,178.1680698722252,True,0.09774454004188676,177.64121478021968,True,0.0899693993533357,171.65448910922834,True,0.07328585396923477,0.028379518618186588,0.030191322760024945,0.02223682643724144,0.010152901555713021,0.003090503033488216,0.008781701429677538,0.019224911443229048,58.8406023544026,,False,,,False,,,False,,,False,,,False,,,,,,,,,
415,13828,157.35605224029376,155.13171998244488,57.404990974292815,82.11922117463298,162.14879435072166,170.18415745302605,170.40445784201466,177.148752813263,12.695071144181075,52.52989820903294,0.62795875,0.55171325,-0.008933999999999997,0.00417500000000004,2.2243322578488858,24.714230200340168,8.035363102304387,6.744294971248337,10.429555132935445,0.15528782032406788,0.012670999999999988,0.31975695716169705,0.525541352993532,125.89534767844377,0.10325940683995583,1.063508160005173,3.7836216160245004,0.03344252455506289,0.2680687329647318,7.747850807945757,0.019910960271587036,0.154447571806941,1.7169215258820028,0.06909280933428356,0.5636191119779188,24.4194388661137,0.42974041250084505,1.6998420001141283,64.37244110564112,177.0860394011012,True,0.06824178029623792,178.5139689015562,True,0.09562029682551715,179.0995512325468,True,0.09795224081153024,179.98473813229626,True,0.08988202228477063,173.03059519614436,True,0.07329023379687093,0.02793091851336076,0.03002109661554687,0.02165955807490077,0.007464045283892613,0.0027858171153182705,0.008940738783791884,0.018109207492322806,53.557598993034254,,False,,,False,,,False,,,False,,,False,,,,,,,,,
416,13862,158.5314435954673,150.06392264640348,55.49393919447022,85.28830655491538,161.60079375546636,171.02209989792843,169.8789243309133,174.94658553558685,10.94905699297538,48.2546912373724,0.6218085,0.55182,-0.008794999999999997,0.004014999999999991,8.467520949063811,29.794367360445158,9.421306142462072,5.067661204673556,13.187713914161149,0.1571935022384832,0.011944999999999983,0.2371180553422021,3.158434749750482,56.44783298456525,0.13710436421844274,1.0107343694030155,18.7667184166116,0.030199443267885626,0.30122011153517253,9.902771283278696,0.02597243556303685,0.2971383312622749,2.452818128588753,0.10435939892867964,1.1544947173665059,13.108144905442122,0.4367314402277827,0.8368091819259438,46.35512547761305,,False,,,False,,,False,,,False,,,False,,,,,,,,,,,False,,,False,,,False,,,False,,,False,,,,,,,,,
417,13895,153.4085630678664,136.08807245049599,51.81119959988829,86.75953254517094,162.4177231347067,168.5794612361497,168.36977232741398,172.01343064649882,9.820321464472828,43.15637206869079,0.6146635,0.55202375,-0.007698999999999956,0.003005999999999953,17.32049061737041,34.94833294528265,6.161738101443007,3.6436583190848353,15.518554995795226,0.15789281174898373,0.013189000000000006,0.16299126653228013,4.037090837690795,35.86307682122234,0.1689644556369227,1.1605678165950362,34.92539680416523,0.0152315616749608,0.5148899984280741,3.666468036076839,0.03703651280862558,0.30942766336388317,2.9029854011631904,0.14068776024378857,1.2877288222643282,11.864158582300012,0.4177985911201276,1.597186464889069,33.46929109968372,,False,,,False,,,False,,,False,,,False,,,,,,,,,,,False,,,False,,,False,,,False,,,False,,,,,,,,,
418,13928,80.96929853613709,115.77045916358604,14.386332659981338,83.22360868386836,163.6857530310451,168.07612073397618,167.9904323505223,170.11033180960516,7.914455425597711,36.73507569625421,0.6053547499999999,0.55252725,-0.007942000000000005,0.002214999999999967,34.80116062744895,68.83727602388703,4.390367702931087,2.119899459082859,27.53717595333748,0.15970204987100203,0.013877000000000028,0.20416792239066353,5.146726370424076,39.47711400215788,0.19341065268756533,1.9571160901308307,25.72346798154235,0.005979434208396909,0.29593063027191757,12.097210798189414,0.04630480381852402,0.10785936025871377,11.566783867147462,0.17324905449087963,1.1729896530954078,14.866806246298088,0.3484445050568526,2.3967953480676623,12.302236838661388,,False,,,False,,,False,,,False,,,False,,,,,,,,,,,False,,,False,,,False,,,False,,,False,,,,,,,,,
419,13962,54.722534533015505,101.37836698885772,35.046972543940704,78.75105775516118,164.09446530981242,165.81616480469506,166.77956946150564,171.26309256522876,8.58766498005755,31.60667273859378,0.599834,0.55415025,-0.007062999999999986,0.0020540000000000003,46.655832455842216,43.70408521122048,1.7216994948826425,4.483523103723115,24.14128506641711,0.1613853707279567,0.014171000000000045,0.3595609496351912,6.679336114679205,21.47685569488525,0.2213136572913282,2.1598737524123552,24.400062083414475,0.005343332777242277,0.31466164030963695,9.163401633197815,0.04413014209363077,0.4732774271147653,15.344953770566779,0.19699041607213083,0.9946951253159555,19.292833052927843,0.26528475457150974,1.8616890782634623,29.127233678911768,,False,,,False,,,False,,,False,,,False,,,,,,,,,,,False,,,False,,,False,,,False,,,False,,,,,,,,,
420,13995,53.311334829501234,98.41302517690964,32.34197732292992,75.65630749405706,161.75009098172825,161.43051211820878,167.75508979856338,169.60470957939447,8.2622782727966,25.758908266477892,0.5959315,0.5580149999999999,-0.006288999999999989,0.0007630000000000692,45.10169034740841,43.31433017112714,0.3195788635194674,1.849619780831091,22.646304790721526,0.16103395208775073,0.014397999999999911,0.5834000916672765,6.4639103412923,32.149621755720915,0.24764902735255107,2.3936330762969056,20.184666485625026,0.02006666020107753,0.7963246748946343,43.224426383374386,0.016799669730631905,0.9224154360095729,5.537628004049342,0.19984034610350768,0.9358692941878671,18.301537218956007,0.22753007302546743,0.6433362913301022,42.99208571983239,,False,,,False,,,False,,,False,,,False,,,,,,,,,,,False,,,False,,,False,,,False,,,False,,,,,,,,,
421,14028,59.475209704982426,91.77348874125379,28.52378269537503,70.46124584085662,160.21169625435923,161.9904755131904,167.45965491644714,168.59507834404266,7.654350425001432,19.94186894491439,0.5900920000000001,0.5603817499999999,-0.00043599999999999195,4.100000000006876e-05,32.29827903627136,41.93746314548159,1.7787792588311788,1.1354234275955264,19.287486217044915,0.16100161932415463,0.013448000000000015,0.7551760765415805,4.590660728990103,38.86457242190649,0.26676074875661376,2.551260066533127,11.981549355083075,0.05770031111555479,2.613734094906373,44.089426697484384,0.016853689489060047,0.7536527520297936,9.550504002889292,0.1849601468006838,0.5359833211885634,28.555905003058975,0.22509789013462475,1.114593598601224,31.00180835801789,,False,,,False,,,False,,,False,,,False,,,,,,,,,,,False,,,False,,,False,,,False,,,False,,,,,,,,,
422,14062,63.655256780918975,89.95903470935914,29.781060544113423,67.60813224762319,160.05495488664224,163.07737922948118,164.21772693388112,171.1360559323444,8.860019924273407,15.884369884214843,0.5844094999999999,0.56151975,0.0039859999999999896,2.4999999999941735e-05,26.30377792844017,37.827071703509766,3.0224243428389457,6.9183289984632665,18.517900743313035,0.16093866572393356,0.011669999999999958,0.885571159029719,3.9997336196864253,52.58721724530914,0.3182295317415384,1.9011517003135472,43.32078650571844,0.1657498951396901,3.4838870455043662,12.742030942872127,0.034420706687697096,0.28376926907466304,11.64009857282284,0.1673103546271871,1.0684493019673407,28.73836153396296,0.2780675720715897,1.6887173295914655,13.337170012011283,,False,,,False,,,False,,,False,,,False,,,,,,,,,,,False,,,False,,,False,,,False,,,False,,,,,,,,,
423,14095,71.6168120589367,80.65953804258,29.091277005062942,65.58302908592516,159.60847288089306,161.9730044648124,161.7714941091737,172.76465287132723,9.224181291891703,6.727561642474497,0.57786675,0.5650580000000001,0.007909,0.0006650000000000267,9.042725983643294,36.49175208086222,2.36453158391933,10.993158762153541,14.723042102644596,0.15562300370446525,0.008531000000000066,1.0055120610751032,3.232596323104916,79.42296767162806,0.32735241478470795,2.329821885487609,52.365909336033816,0.27916449168723073,3.3029906357961374,13.40726628243044,0.03573336053701099,0.04253722256534142,7.366985784134933,0.15808213222650266,1.7429004505408574,8.320993126133017,0.3195728647587657,0.5456222509535922,42.484344438469435,164.74513846053745,True,0.029658749299321458,176.06135337206896,True,0.07640820851845695,170.27425350395663,True,0.0859514160907195,168.96630276219904,True,0.09109077329784837,171.166218795823,True,0.08912723679100566,0.061554134329060275,0.07246273669963063,0.08036382057866588,0.08153132288881366,0.011082468542702922,0.010677064952504492,0.009489817806470307,68.76085067605956,,False,,,False,,,False,,,False,,,False,,,,,,,,,
424,14128,100.2022409019316,70.76070483022008,20.372899246275153,66.43069859250318,160.19644283761681,162.24223206273234,159.7520185766094,172.95514561545573,9.120846542952002,4.4224363492721,0.5694460000000001,0.567099,0.010355999999999976,0.000288000000000066,29.441536071711525,46.05779934622802,2.045789225115527,13.203127038846333,22.687062920475352,0.14274617833062983,0.0015279999999999738,1.0131628106449762,2.1566922687859775,97.3679901871423,0.2666869934206014,3.187385015020494,22.170312612573408,0.3801707282551969,3.307868735877473,19.005287290995796,0.032550753188744584,0.2040069022836445,9.77094618884377,0.17545307843375788,1.4523860042715786,15.643116529633732,0.27795858805671964,1.2263137595992164,17.88243904404559,,False,,,False,,,False,,,False,,,False,,,,,,,,,,,False,,,False,,,False,,,False,,,False,,,,,,,,,
425,14162,170.92688228307628,58.72801226855924,16.19923223792494,69.25138198213105,164.4311595938741,162.37970065308414,161.57904946626897,172.66246062049143,8.097389521101832,16.012732909559052,0.5617945,0.56730575,0.011818999999999968,0.0002260000000000595,112.19887001451704,53.05214974420611,2.0514589407899564,11.08341115422246,44.59647246343389,0.11818052734693646,-0.004362000000000088,0.9165868020425828,4.091183185376198,68.63582166736033,0.24128628847125622,1.9948770411248977,51.97117001555788,0.49123307616031175,3.404533314823977,27.373154104264234,0.022137133239336967,0.6822860223708654,5.534820225092198,0.19643610164948408,0.7182143870621202,25.098390835238156,0.23780536719660716,1.0768477970864048,3.2939829167650223,,False,,,False,,,False,,,False,,,False,,,,,,,,,,,False,,,False,,,False,,,False,,,False,,,,,,,,,
426,14195,161.49678193151226,32.466664115564825,14.8633171491427,73.18857315041265,168.93285773353375,164.07901580914242,160.831839385885,173.38015951022476,7.376714773915283,26.620147097614996,0.5550987500000001,0.56682675,0.012380000000000002,0.0003049999999999997,129.03011781594745,58.32525600126995,4.853841924391332,12.548320124339767,51.18938396648713,0.106977787535544,-0.0062510000000000066,0.7412515440564245,5.671351227222435,22.646278409079496,0.19917493249409116,2.078816375598971,39.16439355147893,0.5905754255504974,1.911245536990278,62.12111760157023,0.013226890432980084,0.5708490652314868,17.340658872169804,0.19140604171928502,0.6226434459902574,23.04365675532388,0.20612390005587525,1.446286793671218,8.285587680360964,,False,,,False,,,False,,,False,,,False,,,,,,,,,,175.30218232036282,True,0.05641146266495841,165.35129197337542,True,0.047891086644593905,163.26585898595252,True,0.03811838532781787,157.02517986162314,False,0.0349629804936593,158.57577737801415,False,0.03398598024185853,0.01454594445197698,0.0352508578619018,0.05100845346606777,0.06376717278506235,0.020851614805573276,0.016044567460670258,0.013862952643646995,144.00342112447834
427,14228,153.60334483389687,12.473833217469013,16.418741932631193,80.14313741732973,164.92700109342977,164.66681319381956,167.12527543308389,174.70461064380243,6.781414272925781,34.281705521750844,0.55191075,0.56611325,0.012983000000000022,0.0006579999999999364,141.12951161642786,63.72439548469853,0.2601878996102016,7.57933521071854,53.173357552863784,0.09187216981219073,-0.01134500000000005,0.5450035368903335,5.568449135544266,18.592715417627765,0.10743189575176236,2.328776478710355,16.981205209003924,0.5934901742087577,1.3068890831113709,52.02094311621489,0.01763749226776263,0.5308859111736285,16.1721441591914,0.16073879437456223,1.021679333290525,11.600425951388013,0.14363404428837662,1.6224559346046912,9.862210753787835,173.06264649780945,True,0.05985536892376489,178.29192756783817,True,0.05758452813907566,177.21683244593768,True,0.05049927227198425,172.2659493442476,True,0.046321362425990845,164.10009100356643,True,0.03980026875537395,0.017043812366955974,0.029422327253295286,0.03957837604045926,0.05130617744482623,0.013994380050577439,0.010917402117720094,0.013942355970208155,144.53670961679927,,False,,,False,,,False,,,False,,,False,,,,,,,,,
428,14262,151.9487877923969,2.673757797039331,20.15679885043323,86.49179462616583,161.8506157136573,164.69963825882616,172.63035504560128,175.53707483952354,6.617295269023132,37.38435780651897,0.54831825,0.56644025,0.014394000000000018,0.0006429999999999492,149.27502999535756,66.3349957757326,2.8490225451688502,2.9067197939222638,55.34144202754531,0.07050569669182774,-0.010329000000000033,0.3822635296338281,4.537187515268847,34.749114884260685,0.043696575911088505,1.8222108799657124,28.403997362676613,0.5369443163454087,1.9569384085281407,29.504430016856187,0.027593521326436943,0.6596162297001507,7.5526870420598975,0.1232914949539415,0.9693489583315,7.4903727544295,0.09816302427688116,0.8306178750265399,22.329238809919044,170.25938587117216,True,0.06978009601598428,179.57921216297962,True,0.08332981177225827,171.44274126278697,True,0.07952341424385649,168.9975388033624,True,0.06613805999573918,163.6193162979753,True,0.05034160237815231,0.030031636152564226,0.03194223638069198,0.03857110446953784,0.0516258961568707,0.006060997360170987,0.01779136321364952,0.021660925972820304,136.68366450301593,,False,,,False,,,False,,,False,,,False,,,,,,,,,
429,14295,151.920502211988,3.6026838484646015,23.65592484169174,90.43025669779624,161.2566340364554,165.24970231724913,176.31745388088942,176.41015867767868,6.665058684862245,41.160019505436885,0.5444387500000001,0.5662585,0.015423999999999993,0.0006500000000000394,148.3178183635234,66.7743318561045,3.9930682807937217,0.09270479678926336,54.794480824302724,0.0493992229189893,-0.01013200000000003,0.2628457199451311,3.3224870719288546,32.893634533627356,0.0314685945106666,2.242509901352036,19.514647426113676,0.4717466633568707,2.6334500333772968,33.395556953354834,0.043974746503463454,0.4250951297571567,15.625035405682747,0.10218194463146363,0.6444515522075286,9.855810191111331,0.08798530501179498,0.19393187675045082,14.012543527024125,168.74239787344874,True,0.07279443402486206,176.28891374420098,True,0.08349977782605167,174.91997830282548,True,0.08232427730019856,171.8807463738687,True,0.06962107847484116,168.06968897596798,True,0.05414964302744746,0.031159966399211734,0.03620900056615757,0.04290225780771923,0.05437851959183883,0.006537332789448531,0.017298955488699357,0.020823927967604922,136.18231137869392,,False,,,False,,,False,,,False,,,False,,,,,,,,,
430,14328,151.10917822024686,6.196612613000684,26.21104835092093,93.56487600230109,162.91186129519673,166.19411142414526,177.00195835336254,177.77791838200767,7.000141827820867,44.40512473105153,0.541122,0.56575975,0.01647399999999999,0.0010450000000000736,144.91256560724617,67.35382765138016,3.282250128948533,0.7759600286451303,54.081150854055,0.03643638781493036,-0.01048899999999997,0.17760050198482508,2.5729974167206096,23.995660194875196,0.11723700331418459,1.391856982626642,40.7368432551951,0.36650244080405253,3.9159427493873666,33.68789788597016,0.051708766348946354,0.553892655059501,12.16574272473923,0.08936418543951641,0.33267089837790664,8.201684110657052,0.08826905172094464,0.11199546424894406,5.718057621444337,165.64120221267362,True,0.0725156603776039,178.73083713104862,True,0.08411637084420605,176.422219637481,True,0.08435001449318186,174.4315265073675,True,0.07269618838013447,171.86036740828115,True,0.057229556314897255,0.03298927831887197,0.038787371205071274,0.04446228407313322,0.055268189367845146,0.006636712815844887,0.016294877047710415,0.02129508058214386,135.91984249866886,,False,,,False,,,False,,,False,,,False,,,,,,,,,
431,14362,152.3321454989747,9.893259442139346,30.02882317673033,95.43082574307702,156.43734410535475,164.11571703838234,179.88996195671695,177.8177568328615,7.427999518828392,45.25843157931149,0.53859575,0.5661470000000001,0.018004999999999993,0.0010390000000000121,142.43888605683537,65.4020025663467,7.678372933027589,2.07220512385544,54.39786667001628,0.020570047787985334,-0.008395000000000041,0.10902949193046538,1.8465936955007742,26.74412242656173,0.12431515000716047,0.48697041945610325,32.912912262013386,0.21051383799618403,4.755612245691576,4.763926656985795,0.056020216946138374,0.7519927689642381,10.05236046894111,0.08145519785230428,0.14798247380090257,2.0202595408302613,0.09429606615816569,0.22541494873474227,0.3968838019062591,166.34574765706444,True,0.06804570347935268,170.43758761207218,True,0.064441932412056,172.01705469707113,True,0.06070990141649052,176.77365458577611,True,0.0571964932928584,177.6976523836695,True,0.05039047494318737,0.024324748405687553,0.03455818843631702,0.044400391541066314,0.05468540336323749,0.011042764010880555,0.010768477376119613,0.013192632640985616,136.5895547043427,,False,,,False,,,False,,,False,,,False,,,,,,,,,
432,14395,153.9306618135932,11.461783571380822,32.2220267462398,97.34946691117278,158.2683337898801,164.97438303531143,179.0086178139706,177.25957450079423,6.890736970542189,47.45976027702503,0.53566225,0.56641575,0.019345,0.0012520000000000309,142.46887824221236,65.12744016493298,6.7060492454313305,1.7490433131763723,54.01285274143826,0.02093599168895507,-0.005567999999999906,0.06879231640979235,1.1737965607390937,25.443491722286375,0.08611300408197896,0.8135377121930031,8.617487001548765,0.048437240580710715,4.152984220076093,36.298236474176775,0.06275586375306891,0.7748665056872011,8.920450314851436,0.07944940380164744,0.2031450533841978,3.840430643762081,0.10329663446473845,0.12680526162824524,7.002775600617076,168.56565735752187,True,0.0654518577582027,178.35085747172093,True,0.07220408831915266,175.4318676578244,True,0.07125650138057574,175.19098999388405,True,0.0648752119457038,171.59930732558152,True,0.05297221649128903,0.03131896016792388,0.039074572563241136,0.04608180561783577,0.05487164561046076,0.009012355796349732,0.011970886099199234,0.017494711915318817,139.87219344971723,170.4515422698162,True,0.05066858854359379,174.8853859430584,True,0.07196600614873667,173.70955071919968,True,0.07027627278107454,178.91687717367768,True,0.05896782431970848,177.9087228575443,True,0.04159421172470993,0.021422471939531156,0.02014555050128931,0.010177927981666963,0.016552074250679286,0.00326162490179358,0.011475746990936987,0.019866351955001745,117.18154201129725
433,14428,155.5909245610488,11.250208660171381,35.02870737490579,97.91760158194799,158.89064678758106,166.88638839740665,176.90129740585556,178.6923705403253,7.211551448730339,50.070416888582564,0.5321065,0.5662795,0.020002999999999993,0.0013210000000000166,144.34071590087743,62.8888942070422,7.995741609825586,1.791073134469741,54.25410621305374,0.02311995579580542,-0.0021900000000000253,0.03274638003432123,0.7768843867732105,11.410741312645197,0.070899803984041,0.20149996783397248,23.857891850202726,0.06688630674738917,2.378991256166397,54.475324430747506,0.061810480424126235,0.80931452325526,2.93408831434226,0.06863848082856817,0.40131524359711784,4.093041276543689,0.10065943908506331,0.2507552837379661,11.102711935653414,165.18091103426704,True,0.066096339898666,179.42814197745827,True,0.07878994090618419,179.37663156914556,True,0.07974464371354352,177.8451693131582,True,0.06991628054323248,173.29037483944276,True,0.05541613462701988,0.034486565152244436,0.04177859960553978,0.047137512970032686,0.0550627458904839,0.008196448804207957,0.015166749223218517,0.0199041939801641,139.41026227249836,169.17661580126216,True,0.05062249690601996,174.92321973163993,True,0.06798302201285253,179.505294854705,True,0.06644697288063618,178.32035076825602,True,0.05551122128903309,174.81582264340912,True,0.03716564463318238,0.017468318894501497,0.015830231583902996,0.004983845904519921,0.01609069202986621,0.0023100028138510957,0.011046063914354289,0.02018200906748385,114.969682458483
434,14462,155.89884957147356,13.605582549179605,36.635057760204226,96.49296806966633,162.84491024099262,167.03714020862776,173.99025825944915,179.89852983347902,7.956387600510295,50.10486542278569,0.52985725,0.56602525,0.02073799999999998,0.0014089999999999936,142.29326702229395,59.857910309462106,4.192229967635143,5.908271574029868,53.06291971835527,0.026268250284326142,-0.0005730000000000457,0.025061618503408167,0.5247610913309669,28.38947306658002,0.0855267630222866,0.8715311071153643,9.449556942952544,0.11315118196988667,0.5969377335352892,50.861404629732576,0.07766449726210424,0.6027438510797282,8.887899669817902,0.05258063303385314,0.44429536314663803,1.0755108090900187,0.08802280323227467,0.6494547295934461,11.852481532739654,164.17834358297344,True,0.06852562977455957,179.64942660324203,True,0.08245403078685717,178.2630503974406,True,0.08377677927086949,176.83174864031037,True,0.07293199052542029,173.23780204866236,True,0.057942650862728026,0.035170088328009635,0.042240434384603565,0.047407806804365106,0.05555058074403911,0.007832698896293658,0.0162421408995243,0.020442791810317884,140.17926298695366,163.76433447533083,True,0.04633675407276602,178.69295864796268,True,0.0661234355807379,177.42525085068397,True,0.06421098180996766,177.28002733289702,True,0.05298674136989362,172.75947279886933,True,0.03513516820793657,0.020003259659365502,0.017932544744123743,0.006658198329878718,0.013341828397937091,0.0025786895896947456,0.01138970078623668,0.019349002041449067,117.11665197002138
435,14495,156.77838682134688,13.252543939529602,37.53092947594766,96.38428614717316,163.6132863157548,167.59750538495405,172.68926753496098,179.80018267240493,7.187720122062098,50.995051972899596,0.526573,0.56636,0.02152299999999996,0.0011689999999999756,143.52584288181728,58.8533566712255,3.9842190691992414,7.110915137443953,53.368583439921494,0.036032344095270855,-0.0004110000000000502,0.007157574668037394,1.8179696095815705,79.20297497766748,0.1196952901992904,0.6350936338154796,14.011491540457097,0.09893172273389829,1.1396956904856985,29.189482555988864,0.08625439845852782,0.30919232008161823,10.001448683457536,0.03920277284528545,0.3298000127896636,2.881374795715911,0.057643401236174334,1.0286909341722972,3.5263016570761376,164.55015430278524,True,0.06974786941548826,179.15608238192183,True,0.08468310429477652,179.44800030684618,True,0.08508798975766198,177.9320111414562,True,0.07454135415995605,171.96701571907585,True,0.05912087066341297,0.03586538583369765,0.0426338908967971,0.046905704898231676,0.054936696260332256,0.008049068766012621,0.015151746994983686,0.020647578937977223,140.1403091478581,167.49590661912214,True,0.04938446671778487,176.20112166528858,True,0.06489412993484078,179.79686872984024,True,0.06270347474422773,179.04503002596974,True,0.0514319234425469,171.7624379264078,True,0.033442440610697066,0.015613118874843667,0.013338760137284142,0.004391614737200923,0.01907590220671095,0.0035974998262682596,0.011844025751407314,0.019495041036119952,117.31070798217468
436,14528,154.06011018448072,14.885121455807322,36.45192832732731,93.84626173016153,165.07007849048358,166.8507516985539,169.49389457099724,178.60323361520338,8.439655755561102,45.68047643441575,0.5245425,0.56664925,0.021953,0.0011339999999999684,139.17498872867338,57.39433340283422,1.7806732080703114,9.109339044206138,51.86483359594601,0.04216312821648787,0.0005899999999999794,0.09817657782483467,5.285991207869583,107.44634307795694,0.12719103995448108,0.656503600056506,2.140863580925532,0.05476497046667413,1.4943729368965604,8.559028806159949,0.07995611891972365,0.1880378115919524,10.791181364281751,0.030823106786028474,0.28118091154285074,2.188106493824103,0.023320132153971343,0.8400716455210422,7.128999107630574,162.8558976750207,True,0.07119783043042816,176.2012047912704,True,0.08737410768070827,177.8441420899356,True,0.08687987745157111,179.5743527401475,True,0.07663056007233666,174.26601583968664,True,0.06110605194250396,0.03472502701222852,0.04127846532999988,0.04487925660034933,0.052429633548213915,0.008575852435764033,0.014298645565227563,0.02017703508942783,139.12200523196998,163.12952807996786,True,0.04540799614605336,175.76526630199683,True,0.06109690339125214,178.8512626065269,True,0.05650623416933743,178.45274500242505,True,0.04616778671324844,169.7196884264066,True,0.03086072236678852,0.015725552009389066,0.01308706514081747,0.010232300425612996,0.021971265712288846,0.008246304869455157,0.011238386450020291,0.017409225284314055,119.59811559886388
437,14561,149.65242803724672,13.113015535139127,34.00845507615097,90.08884182400757,167.11230684457323,165.0206270122429,167.24433974424696,177.9362428442852,9.338944652587621,33.632305212694135,0.52338375,0.56775825,0.02093600000000001,0.0003769999999999607,136.5394125021076,56.0803867478566,2.0916798323303283,10.691903100038246,51.3508455455832,0.043204478297972755,0.0006880000000000219,0.34300367904508006,8.900311186118804,66.74629476861392,0.1519764035730808,0.6282178877060771,16.72303043722997,0.03755297735079993,1.490763194775926,8.901581882052977,0.07708238407034487,0.4203265145253414,18.29602748460249,0.020755253759562848,0.40457178218180223,5.204477243369998,0.021545178770159365,0.6118919786646827,2.1794842462303796,166.19207447681057,True,0.07332449287925559,174.9907471134185,True,0.09143664684359333,175.19788342823645,True,0.08972459609828289,177.17773281423473,True,0.07774780465710912,175.34906058157404,True,0.06187455963479659,0.03440109070945271,0.040101555742888505,0.043314163376429134,0.05053800512485619,0.00885639074341241,0.015809023056470008,0.019740536390888633,132.32032763087062,158.44242806708243,False,0.04151894721690327,173.06458733471177,True,0.056065403779871244,176.19046386530994,True,0.052195842171575337,177.9012679401575,True,0.043146314709370005,170.46510583680234,True,0.028729851513713062,0.014665490274791367,0.013674898244594051,0.01338320518411041,0.02449558837831824,0.0087475988133888,0.010986172445396986,0.017835472547706694,119.42488425982712
438,14595,145.67537298583426,5.076175268055009,32.5837302991188,82.27936388758859,169.71558441856044,160.8054087176171,164.94911308946527,179.85659997819184,10.193582037620876,12.14665062694686,0.52215375,0.567832,0.020533999999999997,0.00036800000000003497,140.59919771777925,49.69563358846979,8.910175700943341,14.907486888726567,53.52812347397973,0.04607006718032865,0.001578999999999997,0.6927606715711027,9.479749616018415,40.817384209993754,0.16899775158831415,0.5417798789548125,27.55979242094288,0.0680021580435623,0.9027820149638806,36.32433823265395,0.08991914373483746,1.0438998568868063,30.689383197951827,0.009450365588394061,0.4867077509155026,2.9994979533730866,0.03187292606431122,0.8018971145008664,4.693834341640838,168.76824626761,True,0.06852925238903457,173.23989343126777,True,0.09376215548930177,173.29355069456992,True,0.09229939433170722,178.01504476204937,True,0.08245789837850585,177.2858474432366,True,0.06505996969719552,0.03200320441768294,0.03580033643696659,0.03418682442111286,0.03728477464059564,0.00868077646296693,0.012071995733928932,0.02037917780480855,121.3487942071885,163.01827432026124,True,0.04550581726548813,173.0218586311268,True,0.05231444608327609,176.28490474026407,True,0.04869007374198563,176.37034422507313,True,0.040333802461459,171.86367121725033,True,0.02968919401061602,0.009809833943548736,0.015168199629488007,0.02182941648326861,0.033889452665984435,0.009374330162736946,0.011662730040603718,0.015815978060176983,126.77864911562929
439,14628,136.69683431221102,19.27165488854779,27.879387455293024,69.08302864853796,171.31815850032598,156.1352643305826,164.4037898008967,176.84810738781562,10.422127097412307,6.520505155922795,0.5218895,0.56785325,0.01974400000000004,3.500000000000725e-05,117.42517942366324,41.203641193244934,15.182894169743378,12.444317586918913,46.564008093392616,0.046272765737526464,-0.0035680000000000156,0.9733359243504749,6.445046864712014,108.48046827975271,0.14859469560827593,1.439310768621377,22.18350715282996,0.07486321901340241,0.9632909297366945,41.45522397958011,0.14219680741127502,2.1123869861693136,29.096859601255524,0.020029502835120675,0.39231234235381324,5.805084169501274,0.056232594625174666,0.7683249920699143,4.599618230612383,,False,,,False,,,False,,,False,,,False,,,,,,,,,,163.8981383019114,True,0.0429821663600149,173.03068210063472,True,0.04433558805294,174.92035366497083,True,0.04181426837815055,173.38330534074126,True,0.03496628812156069,177.63246184863723,True,0.02612937733663012,0.00863665635532639,0.0173281177569868,0.025625268974198097,0.035829310417589647,0.009576165412105242,0.011069212121917275,0.013604592643662611,116.67329122821147
440,14661,124.46624049901604,41.45837031312102,25.841564190445844,60.49525844095338,172.65574404289313,152.74402762544494,163.1718051044598,175.4425459901963,11.08729110059698,24.31788645418586,0.5214872500000001,0.56833775,0.01790999999999998,-8.500000000000174e-05,83.00787018589502,34.653694250507534,19.91171641744819,12.270740885736501,37.46100543489681,0.04942332827724174,-0.0016130000000000866,1.1134904371356542,2.4618213422268607,123.38455007941225,0.15386991111898318,2.0009067078310436,12.848867104085553,0.052057717307572436,1.8408200784210706,8.753415120470539,0.2272063068832983,2.5721209439732435,9.932884179713142,0.029762050087186995,0.36084827143976694,11.869138257703415,0.07297080997578256,0.5356977155077751,5.8422593894842825,,False,,,False,,,False,,,False,,,False,,,,,,,,,,,False,,,False,,,False,,,False,,,False,,,,,,,,,
441,14695,62.722033673496846,60.357497442068436,25.8869174992248,56.286259580565684,172.21831156926018,142.70578199772163,163.63178139990796,169.69840026523596,11.293926223519104,32.68767515558578,0.5213,0.56773775,0.014626000000000028,-0.00020100000000000673,2.36453623142841,30.399342081340883,29.51252957153855,6.066618865327996,17.08575668740896,0.05511726703130331,0.0012539999999999774,1.1288275550558655,2.0254789779359017,118.5222352894231,0.19117531919077388,2.2834003963189655,3.424551963478549,0.08031565741519774,1.3912819526438736,17.2397818900851,0.30648280005905176,1.8731984266100112,27.820528756828438,0.0439039137468348,0.7618080053006545,11.64024028873479,0.08801957852800571,0.4070787690463534,10.100355032829812,,False,,,False,,,False,,,False,,,False,,,,,,,,,,,False,,,False,,,False,,,False,,,False,,,,,,,,,
442,14728,54.21887913169984,75.82586404061456,27.184487084985662,53.49183667992118,171.9323542729531,133.56727271827592,164.10144909808847,164.50709366985643,12.36561001167154,41.44128835845685,0.5226895,0.56709575,0.01269300000000001,-1.8000000000073513e-05,21.60698490891472,26.307349594935516,38.365081554677175,0.4056445717679651,21.671265157573842,0.0692044903239667,0.0033159999999999856,0.9899338958681486,5.663901564057609,65.43686501352302,0.2409633085272946,2.033613584402638,19.337095138919,0.10581474826467174,0.723607141625248,18.300777257661082,0.345516108813037,0.9170995947216478,33.356772921026426,0.07001646749322654,0.9898477397312462,6.5518119043445715,0.09614191955540895,0.24685054272589244,20.521382587711923,,False,,,False,,,False,,,False,,,False,,,,,,,,,,,False,,,False,,,False,,,False,,,False,,,,,,,,,
443,14761,50.1348401363889,82.75878655710324,31.981628079592404,54.58567176696421,172.5839723489359,125.45528818132433,162.33071585498408,159.8617502757762,12.906737169159147,47.26606816900942,0.52332825,0.5676337499999999,0.010229000000000044,0.00039400000000000546,32.62394642071433,22.604043687371806,47.12868416761157,2.4689655792078895,26.2064099637264,0.09740722466531929,0.0035089999999999844,0.7613176581329053,6.17315135173196,24.30102022192001,0.2869993141784498,1.1211054379924796,32.70206708992223,0.11668778908931268,0.3503919021791736,10.812547097676907,0.35241410652684146,0.9815553741867393,35.2571322688128,0.09883360551485822,1.192903093140833,7.51210068319961,0.07708626261982524,0.9824187284734813,23.541940782509638,,False,,,False,,,False,,,False,,,False,,,,,,,,,,,False,,,False,,,False,,,False,,,False,,,,,,,,,
444,14795,44.61242565989993,86.15471444935343,36.19488102816728,57.11674189738847,173.87874634993966,128.57529360553164,162.8930353610346,158.87247474260928,12.433042998189423,49.3413354193602,0.5228459999999999,0.5671435,0.007583000000000006,0.0004810000000000647,41.54228878945351,20.92186086922119,45.30345274440802,4.020560618425321,27.94704075537701,0.11323377111091905,0.002845999999999904,0.5807514735286075,4.0952847229406695,49.229555514521316,0.3128019376499001,1.010018907101953,32.58850413180035,0.12780824970469779,0.1956190506276546,13.792517555408342,0.32718517146400833,1.9109448993870093,35.823711727916354,0.14663943448002648,1.4923453041320107,7.755484994738224,0.030362088681831517,1.7003727436975364,14.193327281970344,,False,,,False,,,False,,,False,,,False,,,,,,,,,,,False,,,False,,,False,,,False,,,False,,,,,,,,,
445,14828,41.123136168799746,87.06490640893193,40.72827832785471,57.52088911822214,175.3677112327897,131.8880183692039,163.9577243206404,160.4551849772117,11.491620725099096,49.80178675192647,0.52021825,0.56618225,0.0040020000000000056,0.0002790000000000292,45.941770240132186,16.792610790367426,43.4796928635858,3.502539343428708,27.429153309378528,0.11783039391006041,0.0013199999999999878,0.4907556775767217,2.876728010098361,16.51115391568541,0.3337595092550036,1.6677820520788669,25.557883174700816,0.1254455828201053,0.6016033034232836,12.659724227869182,0.25751500248396764,2.788653879238003,20.85603474565473,0.19527107542407585,1.1559387824222433,18.091129299301247,0.03748184498228147,1.8913352948553375,4.310140874579752,,False,,,False,,,False,,,False,,,False,,,,,,,,,,,False,,,False,,,False,,,False,,,False,,,,,,,,,
446,14861,40.74221111138165,87.74970635658559,45.613323618872286,63.388837614389764,174.3701358195035,138.96193665627968,163.3924443979471,163.8600236470415,11.469397286222486,50.56128688457943,0.5177395,0.56505675,0.001212999999999964,0.0005960000000000409,47.00749524520394,17.77551399551748,35.40819916322383,0.4675792490943991,25.16469691325991,0.1259693407540104,0.00029300000000009874,0.39467212995979006,3.010700370976857,22.92717936320318,0.3380616410914454,1.8779625466428054,24.398337858653086,0.0890272848783601,0.6964276855233055,9.894236344403497,0.17161843437175756,2.6481313249575686,19.00997926431522,0.21271741896696547,0.9606362520153762,12.332846297597232,0.09486748320618532,1.4301852706508806,14.862774279492283,,False,,,False,,,False,,,False,,,False,,,,,,,,,,,False,,,False,,,False,,,False,,,False,,,,,,,,,
447,14895,40.6025888521461,94.7488271965026,52.03828675747576,69.87732424853006,173.35933232973701,146.05475726126323,162.72601535745804,165.63371304013796,10.73879859177771,52.64168103872245,0.5129465,0.56284175,-0.004710999999999965,9.40000000000385e-05,54.146238344356505,17.8390374910543,27.30457506847378,2.907697682679924,25.549387146641127,0.13958809584273293,-0.006229999999999958,0.29858971473447976,1.964424382989634,43.979863748348514,0.32417880449790204,1.882772668095256,28.97705209987598,0.07899139203122632,0.21452768277889528,12.128392280394072,0.11189058933975496,1.7695577726260312,25.344392111201042,0.2310122190688808,1.003860728149669,7.807999999715161,0.13318238287637188,0.8976889664639569,14.331495823859443,,False,,,False,,,False,,,False,,,False,,,,,,,,,,,False,,,False,,,False,,,False,,,False,,,,,,,,,
448,14928,37.89080796528339,105.23303175680262,58.07306217602379,76.36054850118215,171.43090291083033,149.31953414871643,163.96621621146969,166.65852093297238,9.034825681428725,51.958184263487446,0.507793,0.56199975,-0.007814000000000043,-8.900000000000574e-05,67.34222379151922,18.287486325158362,22.111368762113898,2.692304721502694,27.608345900073544,0.14482386365858352,-0.008836999999999984,0.31375361268790813,1.4182434605392287,20.70438917778854,0.2918638093231086,2.108360878715393,29.027477210350018,0.08821457919514354,0.25728828980799534,3.386536442841259,0.08401755729167239,1.1783824195605195,14.809826287459895,0.24532604693604404,0.8388970134153686,12.791922373498,0.15501216815177252,0.4710699073581442,10.022572597432381,,False,,,False,,,False,,,False,,,False,,,,,,,,,,,False,,,False,,,False,,,False,,,False,,,,,,,,,
449,14961,41.0060104014048,113.83784393344472,58.6144199352836,80.65927443211203,171.5266253298016,151.24493332122807,162.97906827654265,167.87682134528154,8.828606169222168,49.35939392642283,0.5029699999999999,0.56248575,-0.006313999999999986,-0.00017900000000004024,72.83183353203992,22.044854496828428,20.281692008573515,4.8977530687388935,30.01403327654519,0.14559666441234148,-0.012627999999999973,0.32300884240638106,0.716404618908574,15.928791995346996,0.23260415089183376,2.2154008279196167,20.59459539358076,0.08388412734118998,0.2924735156733895,12.116669961394175,0.05651063555299488,1.3129227509741266,8.11025280551255,0.2447014497336653,0.6699014261566618,18.072035080413503,0.16426230944921502,0.24283328155520517,7.544375694072677,,False,,,False,,,False,,,False,,,False,,,,,,,,,,,False,,,False,,,False,,,False,,,False,,,,,,,,,
450,14995,40.652425788832865,119.64846751247337,60.08527171716351,82.62850688213186,168.0154213281188,152.51963658352076,163.7588084153333,169.04321703662794,8.239174128168798,47.45785384041956,0.49690275,0.561882,-0.006299999999999972,-0.001048000000000049,78.9960417236405,22.54323516496835,15.49578474459804,5.284408621294631,30.57986756362538,0.14507496551783147,-0.012353999999999976,0.31587946001832895,0.3545564053272028,6.62720942685873,0.16874857786716446,2.094570295470776,9.594554584368618,0.0748043023844182,0.698587610197998,26.669744792258463,0.04802014306537816,1.0152732785261316,20.550244279340298,0.2335826858841804,0.8521287215233557,21.015903319751065,0.1709958794938567,0.07072177607850788,9.638600476264308,,False,,,False,,,False,,,False,,,False,,,,,,,,,,,False,,,False,,,False,,,False,,,False,,,,,,,,,
451,15028,44.73734943747577,112.43765041866277,53.75379466203681,82.72498478109296,166.69745168024022,153.35306795674506,162.94310677978982,170.33225172418594,7.614971505584029,47.36414649157405,0.48962900000000004,0.56088775,-0.008345999999999965,-0.0019970000000000265,67.700300981187,28.971190119056146,13.344383723495156,7.389144944396122,29.351254942033606,0.14523073270489278,-0.012181000000000108,0.3356374175227143,0.985689003938185,27.31736187293781,0.1159789148108387,2.026699147440947,7.264971710910732,0.03755233331023725,1.9386551728273453,46.94507733819892,0.04462842968225369,0.5284422361030956,18.884417863719484,0.19172592264792748,1.2861131265120915,10.5902917581527,0.16238805771809572,0.40642882328706237,9.57068193220516,,False,,,False,,,False,,,False,,,False,,,,,,,,,,,False,,,False,,,False,,,False,,,False,,,,,,,,,
452,15061,47.8392301152498,105.09659597932718,49.70111740631652,81.20012420255453,162.5839446858842,154.54168396431152,163.05992428510154,172.88990661271225,8.30375822261698,47.524123142697945,0.48533675,0.5602882499999999,-0.008041999999999994,-0.0030010000000000314,57.25736586407738,31.499006796238014,8.042260721572688,9.829982327610708,26.657153927374697,0.14639972131804074,-0.01243099999999997,0.35393880770760755,1.9675081139411212,61.98848512230163,0.08416905679516107,1.6407712310492237,17.7734945094001,0.05337639842683217,3.779494627670553,47.9877673797259,0.022127766323779344,0.45086481263894185,7.03164436290164,0.14940677565987412,1.276992456458232,6.664094267650061,0.14419134656309282,0.6524926234341467,4.886225917201172,,False,,,False,,,False,,,False,,,False,,,,,,,,,,,False,,,False,,,False,,,False,,,False,,,,,,,,,
453,15095,47.788640053364865,99.36726503889919,49.030920778221535,80.8067429974586,157.2474684458463,155.594585155884,165.35872862741007,171.74414915923543,7.050255619109381,43.653982768674865,0.4808165,0.55951925,-0.00891599999999998,-0.0031849999999999934,51.578624985534326,31.775822219237064,1.6528832899622898,6.3854205318253605,22.84818775663976,0.14713092973606878,-0.012685999999999975,0.30707176425999977,4.15486036211286,54.67184880549009,0.0868722559864228,0.8358775813312408,19.517100827221437,0.21567636652664945,5.134250220004325,9.780012291939585,0.016947449077677902,0.13252388416858787,12.165458515311098,0.10700361840227213,1.2314800665399854,12.70767918102105,0.1187241379326618,0.7253615650582557,7.59853334162102,,False,,,False,,,False,,,False,,,False,,,,,,,,,,,False,,,False,,,False,,,False,,,False,,,,,,,,,
454,15128,50.68082254296087,94.63960048139373,40.9318687717444,75.12115327998603,153.82356131723012,156.34768878165454,170.48591668358887,171.66694347673678,6.274185231533004,41.57310159924499,0.479723,0.5583235,-0.008627000000000051,-0.002695000000000003,43.95877793843286,34.189284508241634,2.5241274644244243,1.1810267931479075,20.463304176061705,0.135173451110046,-0.012978000000000045,0.2620099426379996,5.306375089399421,21.68165762056571,0.09366661965063176,0.33977496052155304,5.3628398375778525,0.3965969126229856,4.164721318705624,47.09940907832103,0.02815776072535028,0.47588890498257663,6.375171085256116,0.07020948862618814,0.725489568428063,18.09150594941168,0.0959176355276806,0.1660841626298295,18.822592809403282,,False,,,False,,,False,,,False,,,False,,,,,,,,,,,False,,,False,,,False,,,False,,,False,,,,,,,,,
455,15161,56.63048819682232,88.6693376927501,36.03181849558281,69.19288148427219,152.4932575628563,157.57686981276933,172.47766055480983,172.1250110783634,6.783932944048828,39.35946980608242,0.47777699999999995,0.55812525,-0.008954000000000018,-0.0023050000000000015,32.038849495927785,33.16106298868938,5.083612249913045,0.3526494764464303,17.65904355274416,0.11997326154189528,-0.013834000000000013,0.3422107071239114,5.585317410442364,35.2033823184245,0.0996926382717359,1.1511846734728903,30.916106878661097,0.48949827382940003,2.1509416258378242,54.1326903520227,0.04784251437946999,0.5367836696653361,3.2417234844787224,0.06890923552185009,0.16923889944271198,10.777518529694962,0.10933713890043469,0.5233863264425948,11.794216065512966,170.2544263135336,True,0.04524579984926781,173.13761582729944,True,0.07873921863976047,179.09150976483485,True,0.07660205428054785,175.6326835987462,True,0.07555599261474896,172.93705086838494,True,0.06409115360172572,0.039038421740639095,0.0389866330426212,0.04016834226103935,0.0348739673968994,0.005021455565869315,0.004579778597268564,0.013308659511761531,66.99642157536127,,False,,,False,,,False,,,False,,,False,,,,,,,,,
456,15195,63.43409526416348,82.90099862930249,30.932402453650532,65.42801733847193,154.11557753853904,157.8775743836918,175.41607370353972,172.06192599534737,6.593687010556787,35.75002795901693,0.47448075,0.558073,-0.008301999999999976,-0.0024620000000000752,19.46690336513901,34.4956148848214,3.7619968451527654,3.3541477081923574,15.269665700826383,0.09359911585586693,-0.012820000000000054,0.4849415304690041,7.131308465236914,59.948099118337694,0.15288862358748714,2.410948074540807,13.735759087127352,0.536334516782721,1.010029008908633,54.88666920361896,0.06358859677540513,0.2589870039485644,11.95637896374541,0.07253409074346079,0.13982500915738916,2.2152995794981973,0.13093179137336985,0.6405702400964656,3.002844077310582,102.49570565429019,False,0.018579753550572245,177.3642796278326,True,0.05259097878914219,176.8629591551991,True,0.055176425808491844,177.57206211746097,True,0.054092181172513285,175.19985206620953,True,0.04858746624387819,0.046430956311495485,0.05024999694527358,0.05091689426899486,0.048012307442988046,0.004813184912300816,0.005081538841728952,0.008273690591265807,70.18054039620046,,False,,,False,,,False,,,False,,,False,,,,,,,,,
457,15228,71.14932559273394,80.08265698223339,28.085850821743783,66.07613833414945,158.62307436287702,158.08176455022007,176.29932620211687,172.56676753597503,6.438715463389045,33.316480152031346,0.4728915,0.558503,-0.00688500000000003,-0.002202999999999955,8.933331389499443,37.990287512405665,0.541309812656948,3.7325586661418413,12.799371845175974,0.06920431136858461,-0.008453999999999962,0.6894485353092631,7.62561830442245,67.78073155488246,0.24013419180249188,2.0714332044679398,27.10220221768102,0.5311687840512933,1.8050815296069433,56.23128681691032,0.06515911437940888,0.2692283716520494,16.195179836224725,0.07540523122302838,0.045838592234025706,4.99875492141129,0.15218834115657887,0.5663344166533508,8.791494541308309,152.9180306402084,False,0.0422518316407703,174.466807325026,True,0.07027111845559308,164.78722192125144,True,0.07721731169239185,162.8067789397602,True,0.07625341514319206,168.1560288721489,True,0.07244371782977455,0.030254684298468552,0.038171624277727544,0.038509101911106645,0.037074667361960204,0.008195524754401003,0.0040276258515408335,0.006540438670303335,77.16462366685025,,False,,,False,,,False,,,False,,,False,,,,,,,,,
458,15261,82.15705851229542,76.4366361306153,26.461899412859182,67.5148147462811,163.94780949066822,159.31261703854167,175.07373557685113,171.99832458945482,5.398200325402546,28.346130573782247,0.46797300000000003,0.5584370000000001,-0.006780000000000008,-0.0020919999999999828,5.720422381680123,41.05291533342192,4.635192452126546,3.0754109873963102,13.620985288656225,0.05711594427128033,-0.005218999999999974,0.842171920791001,5.425164876400719,98.23450923728527,0.2799420724166609,0.7013803619636566,37.17033566896511,0.43893492241734444,3.1393907978748175,26.898491273961636,0.045998406709041664,0.8145571231032378,12.287921991346067,0.0754185537113273,0.23042932505866542,9.404683360551996,0.16686323445110027,0.2537435870469706,11.13241663639663,178.90061844438154,True,0.030423984436625005,164.75217690524764,True,0.0799129700236451,146.96973475642676,False,0.07406480525863823,154.46850595337122,False,0.07488875569135865,163.8453260478738,True,0.07144860750217605,0.054099123181434235,0.04853715225474192,0.04991670169392202,0.0473012216861256,0.005858221231739162,0.0022735181987395777,0.004108997566317066,88.26370789461882,,False,,,False,,,False,,,False,,,False,,,,,,,,,
459,15295,108.53225031624609,65.44292175692814,22.389000531565443,68.5422587020282,168.2345005605106,161.76386363349198,172.13556365410028,173.4087521988677,5.583907528899089,24.22963712926325,0.46254425,0.55814575,-0.0065130000000000465,-0.0022539999999999782,43.08932855931795,46.15325817046276,6.4706369270186315,1.2731885447674074,24.246603050391688,0.04918033355925925,-0.0012280000000000069,0.9010506231504165,2.9905658881938475,112.58681289163083,0.2771960198583055,0.5386624959739518,34.364562990932626,0.3306680382510349,3.0411957617681162,18.477823259081596,0.014370681038723855,1.0917631838182549,0.5926735370673946,0.06041393185053211,0.5922392933430006,8.153645261256573,0.1594470783250664,0.3425460885050412,7.3909082424375745,168.77712021960002,True,0.04973479365595077,178.1153758629915,True,0.09149556035677357,46.94047911057554,False,0.03465357524123597,43.39296454419328,False,0.03521038554176881,178.07826026145645,True,0.06304548301028394,0.04183563487028729,0.01531750217888019,0.017385112999345177,0.022177631343315293,0.056863040228253656,0.005757736447598183,0.028151206901303516,76.38303574317793,,False,,,False,,,False,,,False,,,False,,,,,,,,,
460,15328,151.31469024608356,45.57199491318745,18.76716130674426,69.05659100861944,165.62965284413977,161.5354130368079,177.03544659612112,172.4548773623665,5.1705082979918275,17.329073041217836,0.461656,0.558706,-0.004740000000000022,-0.0015260000000000273,105.7426953328961,50.28942970187518,4.09423980733186,4.58056923375463,41.17673351896445,0.03072919141467927,0.002031000000000005,0.8674326669378472,3.7406740907342315,112.72766843300253,0.2485533419691158,1.6418639360775866,67.24651625068309,0.2379223391261227,2.5897625954066696,15.467191048647646,0.030294148133387922,0.7782238241336717,14.68132147600527,0.039752318592479643,0.7739200567285542,1.0095131121408458,0.15597097187525327,0.5367299871409329,9.248598244441636,,False,,,False,,,False,,,False,,,False,,,,,,,,,,,False,,,False,,,False,,,False,,,False,,,,,,,,,
461,15361,172.471787598138,35.63533831533644,15.305975573932704,75.91297284356118,168.08234163116947,163.88303683948646,176.45197584407728,173.56128265034667,4.895378903673043,7.794005876851496,0.4592285,0.558393,-0.0031749999999999834,-0.001483000000000012,136.83644928280157,60.60699726962847,4.199304791683005,2.8906931937306126,51.13336113446091,0.029831226190017712,0.004365999999999981,0.6884453485123666,6.5415997027826815,61.515665668029406,0.17232568696292963,4.751946758541162,92.5084187719218,0.15974373506499817,2.32337101912182,2.9322688752638837,0.043225554287767434,0.13220457098151103,14.316332024733123,0.024024657723048914,0.6585919072853769,7.884680464308708,0.14003128818214486,0.8892417806013141,6.282411655215083,,False,,,False,,,False,,,False,,,False,,,,,,,,,,155.30130880362265,False,0.046965529912905285,175.40401286075192,True,0.05982353651364979,157.3403679715354,False,0.05362828262213883,147.0536868572541,False,0.046388075127127226,146.1810803574108,False,0.03955052110908276,0.02642220530160187,0.02903334202257818,0.03468518591560382,0.044558142331116116,0.009697010879647411,0.011932935808090087,0.014830653728005372,157.69160833564223
462,15395,158.6430840107445,7.104989083901345,13.428653224077529,85.72102382547753,169.14296220493097,164.0109545997471,176.69237759678447,173.7438206009233,4.883651156132566,1.4143394710201704,0.45807475000000003,0.55783425,-0.0008679999999999799,-0.0003929999999999767,151.53809492684314,72.2923706014,5.132007605183873,2.9485569958611677,57.977757532322045,0.02862212006473316,0.004500999999999977,0.4389143088090932,6.858556166683555,34.58969180174843,0.12061388452099128,7.793058507482597,15.191466701830056,0.08281824149059525,2.3933963850106106,9.296170463895775,0.039151853433642865,0.1814161539233778,6.793039958966347,0.027031253762814678,0.25221043631550455,9.853133719487357,0.11402716934145098,0.8595095052046797,6.322041691551023,159.3766950320654,False,0.05522573643691862,171.17103696641212,True,0.06416468849764642,179.16702260884517,True,0.06220145078693905,177.24831653551269,True,0.05491616815656388,173.50869150451018,True,0.04646173776345426,0.025653128561639392,0.03277719885835272,0.0391002707151754,0.04715243078569757,0.009467559875701864,0.012420753801601613,0.014111843430253936,143.3852238661473,,False,,,False,,,False,,,False,,,False,,,,,,,,,
463,15428,153.5523295940827,1.0907882624762697,13.54295247308588,92.31297618283095,170.43355072628825,164.7569935481008,176.06488249359063,174.463619584029,4.692877130191842,9.602652282935313,0.4562795,0.55725325,0.0020950000000000135,0.00020199999999992446,152.4615413316064,78.77002370974508,5.676557178187437,1.6012629095616262,59.627346282275134,0.029156466538317,0.004070000000000018,0.23326941534419787,4.553724699040897,73.08516588527476,0.38437623416290645,5.721603812728818,103.14841022884177,0.0008086542514579619,1.8198061698524,30.547418849676827,0.03196955941237945,0.3242654090185546,4.698225520291338,0.023725497418912535,0.13876149890842457,4.282249407359103,0.1025442172410225,0.5133395681642717,10.614261971148407,156.0701563387738,False,0.057927261880741404,170.60631383483494,True,0.06905171221628038,176.56380219775565,True,0.06696160512562402,178.23786766465818,True,0.05952340212051052,172.06308739479073,True,0.0481712847763063,0.02689427487403227,0.03360353850415162,0.03835652196172122,0.04621680484412568,0.009480942621912661,0.011503411189729796,0.01629879875941779,137.53506440114054,,False,,,False,,,False,,,False,,,False,,,,,,,,,
464,15461,152.2889571050633,6.889656215817727,13.516717044558048,96.80219654842462,171.33112553927367,165.37527932220908,175.5111408892815,173.5568525171175,4.041877254572527,19.481461855704172,0.45527425,0.55573275,0.004673000000000038,0.00044600000000005746,145.39930088924558,83.28547950386657,5.95584621706459,1.954288372164001,59.14872874558518,0.02996300594065956,0.00434699999999999,0.14138854893283118,2.0440595611414065,53.30056074734635,0.4744231708299448,1.1939824205579668,96.36437288807544,0.037445475804561465,0.4114821258697041,30.645195808418944,0.018405695962683377,0.4017424123422518,2.673575572335365,0.01995802490878503,0.08848369276954138,3.3053882555028435,0.09000836715261633,0.41038229150208205,6.50588586903866,159.36434666962964,False,0.056941137624743635,173.0557116231671,True,0.06989944670024219,175.65060406279537,True,0.06669458458525696,179.50971697932107,True,0.059467587978662736,176.78013578721828,True,0.048592219799058325,0.02729906923321746,0.03361140944679347,0.03885983666975452,0.04706608206553844,0.01038932115202912,0.011952801554447421,0.016544722693354517,142.01436426426764,,False,,,False,,,False,,,False,,,False,,,,,,,,,
465,15495,151.80836832522937,18.393169491091346,14.434732951677466,98.50803088577706,170.4864066412654,165.08177031641316,175.43987952737967,173.73789309697747,4.09366035653618,20.922340011252174,0.45517149999999995,0.5549580000000001,0.007249999999999979,0.00046800000000002395,133.415198834138,84.0732979340996,5.404636324852248,1.7019864304022008,56.148779880873015,0.03321752924285612,0.0041680000000000605,0.10036459035629333,1.0788907263394947,26.88743620034057,0.4444714378922849,1.3682281460338532,17.519256187468443,0.028334923836042955,0.2857869759046118,9.899139714863711,0.012141789299452846,0.2810781374397562,4.856890738179542,0.017891443995992278,0.11720937347792396,2.6406015528735662,0.07531953119903971,0.426921008705859,1.281956086954169,160.09249215163746,True,0.0565954075345341,172.00007478456345,True,0.06847664548588811,174.94339644007113,True,0.06496917399043947,179.17716692816515,True,0.0589448495884076,175.7170148745998,True,0.04844073791758338,0.02765211899656154,0.03443460749013988,0.039831753978452886,0.047238103687595234,0.010857364413152939,0.010789325928898436,0.015669460903298467,143.01677895958005,,False,,,False,,,False,,,False,,,False,,,,,,,,,
466,15528,149.26499568625246,171.71389800664485,15.826568728725269,99.34896232274407,171.59833451332602,165.0481692968088,175.52402409597718,173.50333799749384,3.9554804888497053,19.934012786961336,0.45566225,0.5546212500000001,0.009409999999999974,7.299999999998974e-05,22.448902320392392,83.52239359401881,6.550165216517229,2.0206860984833384,28.635536807352942,0.03206633752083329,0.004969000000000001,0.0929265720155554,2.4596292933215396,75.1706002887916,0.42613678351341155,0.804779762979633,24.135973904130566,0.02654972730807718,0.26937543529901564,5.258236205867709,0.017010793925219675,0.12994600996572622,4.4986649001017565,0.019109728516347346,0.0986370111497625,2.406935662229526,0.06143767129341283,0.4959730733034335,1.6631416156048564,161.0168568337283,True,0.05512033976673218,170.1448122938656,True,0.06986479022368852,169.25339464648337,True,0.06538718524298165,174.38339973775297,True,0.05977488352979028,179.84952057874452,True,0.05083870675971211,0.029329228305565818,0.036338140431232846,0.04017193992079543,0.04548242202213948,0.01280016347551856,0.009408090613934383,0.01309712037052418,137.35264369980183,,False,,,False,,,False,,,False,,,False,,,,,,,,,
467,15561,147.28540046620375,149.63958272368276,16.362393815775896,101.61184177355881,170.8375222723483,165.33251641089427,175.4950071521944,173.6468866527146,3.7020948861784633,22.567855339267673,0.45493300000000003,0.5545454999999999,0.010653000000000024,-6.500000000009276e-05,2.3541822574790103,85.2494479577829,5.505005861454038,1.8481204994797906,23.739189144048936,0.03408758285651833,0.0035329999999998973,0.1547273545939085,5.882291836148626,85.35533030694221,0.43234238264683794,2.3909539814712186,112.51111772809351,0.014943078238640026,0.4206238886030113,2.6010905183326076,0.01827250959804342,0.015904693123946913,3.5278855711027406,0.022641002182924353,0.07036455805484831,2.716778307521423,0.04351061244302044,0.31795914565175165,11.430132010128405,169.0153494133419,True,0.04919715041544576,165.2836087308668,True,0.05518135305517614,168.06787225071494,True,0.059066072630571904,170.49250004394762,True,0.056204975669419094,172.28830268611514,True,0.049797106281389454,0.013837393757496434,0.019689716224465987,0.02001321046209222,0.020700160023536023,0.00588123192877132,0.003710806111884585,0.007216129710585841,144.9968297446491,,False,,,False,,,False,,,False,,,False,,,,,,,,,
468,15594,155.82404836742842,148.24229026983087,20.50458673259218,105.24864873028547,171.14918921067613,165.52747956221492,175.7141394105992,172.48366615797272,3.0024301685720687,23.659017333313113,0.45431275,0.55457825,0.011075999999999975,-0.0003890000000000837,7.581758097597543,84.74406199769328,5.621709648461206,3.2304732526264672,25.294500749094624,0.03402240770433509,0.00375100000000006,0.4013725076990614,8.07057913880405,36.75632895125964,0.2889509448719974,7.831953816079955,111.61275650202953,0.007698872295289383,0.25283845273169553,5.968370983716337,0.016630671950134096,0.1035894614066066,3.296386057369824,0.023285849682101564,0.12752175534152752,8.125593207912218,0.040593407483708405,0.3301150077954644,10.0298513967162,,False,,,False,,,False,,,False,,,False,,,,,,,,,,,False,,,False,,,False,,,False,,,False,,,,,,,,,
469,15628,172.41984662902138,164.02368194030618,28.932649569207033,107.76068705715323,171.16436136767382,165.51950708020692,175.99819510891587,172.1514221946522,2.6511298497718054,24.115961912489315,0.45421625,0.55577875,0.01398499999999997,-0.0016959999999999198,8.396164688715203,78.8280374879462,5.644854287466899,3.846772914263653,24.17895734459799,0.033477673037414016,0.0032039999999999846,0.6787830705398926,8.315347773555334,31.262116381179872,0.21190799191407708,9.8652998685218,22.2178108583475,0.006405246718028051,0.05967342197963562,4.398911044913187,0.014002860651173635,0.23148346647060547,3.218593233451412,0.016836799225135826,0.48055579384127445,8.999744015393153,0.05592658448781847,0.4085692678100268,3.4911009405142353,138.18437723101727,False,0.042905800680094516,172.5399225255275,True,0.05427709507702113,177.69471401550248,True,0.05727030613677554,177.93881459890332,True,0.05706592573506533,174.3222262930249,True,0.05683242489987558,0.032607144646534005,0.04379723339435946,0.05449230716348861,0.06511062478582123,0.012421707813340411,0.014836315748864279,0.015795580647763503,168.99377529567178,,False,,,False,,,False,,,False,,,False,,,,,,,,,
470,15661,160.37303431026024,178.13924795403668,43.7184494732647,108.94587974369104,170.7905700578283,165.26261806792968,176.24797955410398,172.28245692884687,2.6608262437689545,24.051312204709877,0.45447400000000004,0.5562819999999999,0.015647999999999995,-0.002601999999999993,17.76621364377644,65.22743027042634,5.527951989898611,3.9655226252571083,23.121779632339624,0.03429540343836177,0.003218999999999972,0.948841765963491,6.747863987287187,92.57238382618009,0.47453792330592115,7.049035953657146,69.6972494028206,0.00538038914800483,0.055935280825167875,3.602600047321932,0.006730253278608428,0.30943412951715227,5.56684876028158,0.024742201935309526,0.7142701997481105,4.658009561831326,0.06461569137659458,0.4310053449429148,15.389984014348142,,False,,,False,,,False,,,False,,,False,,,,,,,,,,,False,,,False,,,False,,,False,,,False,,,,,,,,,
471,15694,67.7674774301018,131.90762693979292,65.48424862910964,112.7662066178813,172.45399356857388,166.1825292590581,175.92426885242358,172.1679799425376,2.451653729186343,22.858523184575024,0.45429474999999997,0.556387,0.015880000000000005,-0.0027279999999999527,64.14014950969111,47.28195798877165,6.271464309515778,3.756288909885967,30.362465179466128,0.033677864837308225,0.0034760000000000346,1.1090105704537667,2.6772347254513993,115.1957894733189,0.6361156061828205,5.266947193406712,37.997414543056315,0.003017653460890713,0.22352724758404025,2.5642393212525625,0.013681218200464244,0.4183812018746041,11.995869317170236,0.04830276394261525,0.6126142571007802,8.06008826991713,0.06768477929434648,1.0549986907975408,17.207379944016758,,False,,,False,,,False,,,False,,,False,,,,,,,,,,,False,,,False,,,False,,,False,,,False,,,,,,,,,
472,15728,3.308828776063784,16.111464593701037,87.41107787033289,114.17088581418247,172.34378975278162,165.32202914211112,178.46859889787737,170.12905554167105,0.6013214351243042,25.785964403058657,0.4532165,0.5572437499999999,0.015637999999999985,-0.003406999999999938,12.802635817637253,26.75980794384958,7.021760610670498,8.33954335620632,13.730936932090913,0.03505650491706208,0.0037159999999999416,1.0993586448569042,3.76121461219221,86.77236156650822,0.8128887082635251,4.5055679820071655,74.90852050075225,0.010408016007753236,0.22692564671308402,3.957965386200172,0.03419253351878119,0.8084235046801763,6.879422202991093,0.06515915286330244,0.4356281114279374,10.808057247159974,0.0911629730334024,1.5125508244631245,9.694342076357554,,False,,,False,,,False,,,False,,,False,,,,,,,,,,,False,,,False,,,False,,,False,,,False,,,,,,,,,
473,15761,8.60042863576143,20.260479175015035,97.81827808527838,115.33739757910526,171.74630515745747,164.58397679149704,179.56709900567813,168.92488357139112,0.6210071193845652,22.144387844088786,0.45176775,0.5586085,0.015517000000000003,-0.004781000000000035,11.660050539253605,17.519119493826878,7.162328365960434,10.64221543428701,11.745928458331981,0.03618863017578868,0.004276999999999975,1.0871238677994548,5.9628808926117856,18.61474888811469,0.9315862910950237,1.0121483819125918,152.09929212691665,0.013172200225740982,0.20108488515900733,7.234884655954162,0.06584017554506633,0.794567098957182,7.226555801381973,0.07521831277736526,0.42644252341279354,11.62752993629442,0.128869563995559,1.3289978653513224,21.11163394239879,,False,,,False,,,False,,,False,,,False,,,,,,,,,,,False,,,False,,,False,,,False,,,False,,,,,,,,,
474,15794,27.989252878684816,25.45979371956057,107.51215038515352,117.98531229014206,170.3038207869319,161.9173395884468,176.45795114522892,166.62140799852776,1.9627870190483758,15.270368840829539,0.450835,0.5620065,0.012342999999999993,-0.005071000000000048,2.5294591591242472,10.473161904988544,8.386481198485114,9.83654314670116,7.8064113523247665,0.03798821866052682,0.005318999999999963,1.0737247874204112,4.3697486409488935,89.79411565917121,0.8502630151238738,5.633545697432049,116.19999264588498,0.016842063266874395,0.41326985951823847,4.375475905053927,0.08515557865270625,0.37232071181943927,13.568527327124423,0.07522086440496353,0.5251492589088567,15.246699942923263,0.14317354789172593,1.0636780538205584,22.24783680114559,,False,,,False,,,False,,,False,,,False,,,,,,,,,,,False,,,False,,,False,,,False,,,False,,,,,,,,,
475,15828,39.41894283689324,30.268883447746088,119.14725261934495,120.86893394021074,169.61307327036403,152.54596623437445,175.3959369829713,160.51682280129225,2.2943773174893543,14.063661702049183,0.45029824999999996,0.56581375,0.008143000000000011,-0.004718,9.150059389147149,1.721681320865784,17.06710703598958,14.879114181679057,10.704490481920391,0.043342325041464944,0.0044039999999999635,1.0577392418960117,0.8453378959679766,132.41055226550216,0.6149809435067216,7.618826574288628,19.35549699811971,0.028348278032732398,0.43752729528061657,2.7182701489238212,0.08877422664884575,0.16867039559248007,13.67469681436444,0.06297052127612793,0.7538438719169811,27.049110434186574,0.14278581429648582,0.9555307371201166,27.51736812255787,,False,,,False,,,False,,,False,,,False,,,,,,,,,,167.49780438300218,True,0.07558384115669166,179.05477950685048,True,0.10865023019763922,178.88471894300162,True,0.10964483576530176,178.92004041676307,True,0.10457070252226477,177.50538850414924,True,0.08934459670287843,0.03403185980812684,0.03413558170003845,0.029741836022680237,0.01948451251635513,0.012434514867898969,0.007386908690379225,0.017687145671362568,89.99003535916317
476,15861,59.175561993228925,38.62179009055997,139.5257117093317,125.53913867817425,169.09117390983133,145.74491664821855,174.34949593571412,156.5988180467434,2.2803359222354644,14.625704012239325,0.45037425,0.569124,0.004401000000000044,-0.0031010000000000204,20.553771902668956,13.986573031157434,23.346257261612777,17.750677888970728,18.909320021102474,0.04789914608842207,0.003949999999999898,1.0175546199072092,5.271866893061805,111.58991631732557,0.4827599285264991,5.056157320528847,72.0098763164856,0.038023692351653315,0.2400905772007092,6.478353257526408,0.07727873811379604,0.5694633179533323,13.199606345596425,0.0251280387086963,1.6112015896303657,34.4519327110177,0.12724554063107393,1.3401512742377908,43.42943660282556,174.77209679651125,True,0.08070515904203399,173.6753411903172,True,0.10578513028304115,174.9651585910729,True,0.10622049925038006,177.88896882478738,True,0.0978894557038704,177.56414464266857,True,0.07747403273355527,0.02536593796807044,0.027720000450937907,0.023144164059218045,0.02132407887811335,0.00806240373585942,0.010191132665214347,0.02195290071949498,94.11066582370509,,False,,,False,,,False,,,False,,,False,,,,,,,,,
477,15894,99.0313059205472,52.64137926800622,175.18188380152685,133.6327815251586,171.42231101651186,142.566120949608,174.93741539848926,155.17570006283788,2.1112817138529247,13.059311621087092,0.45027125,0.5698025,0.0012309999999999821,-0.0030170000000000474,46.38992665254098,41.549102276368245,28.85619006690385,19.761715335651388,34.13923358286611,0.04899724492254636,0.0024290000000000145,0.8302000259583724,8.008096534794628,74.18611650320165,0.49880732290519386,3.4829366431917643,29.7759942225523,0.04204982541025494,0.01726670839645209,5.63462124078843,0.051762881642867145,0.9776722115716384,4.662863140741346,0.051851603677294134,2.665251867000786,23.898642466935875,0.06297172082266064,2.8049940312099197,40.06438419262585,,False,,,False,,,False,,,False,,,False,,,,,,,,,,20.697302031087464,False,0.010696928577867604,179.45428325177406,True,0.10735142329750454,165.09279392869183,True,0.0908422059287422,159.06664908259296,False,0.08401532104324781,165.59463298436154,True,0.07327395658076614,0.09772710783093906,0.08060740415743457,0.073630703819806,0.06285814742736218,0.02230401116391396,0.00814806602820573,0.010797051495663037,109.85407377076982
478,15928,112.07920922703204,65.82660008898394,177.2178336744698,141.52398691006437,173.2240791311904,144.61509322082608,175.67859478946528,157.5710405232022,1.749305220638156,11.098862148296176,0.44993475000000005,0.568945,0.0010680000000000134,-0.0027760000000000007,46.2526091380481,35.693846764405436,28.60898591036431,18.107554266263065,32.16574901977023,0.048002776305126345,-0.00027300000000007874,0.6214959584491146,8.729383646436402,74.07312706628426,0.5308344155127958,3.0806483125052897,64.71959423681936,0.038265337767009376,0.14093479266158812,3.305768113718208,0.011995402475088141,0.8033048195617677,18.9215980569964,0.15975153080639196,3.09448534958941,8.916017945368425,0.0623619583640085,3.800036058172455,9.813497881217511,175.38092111091075,True,0.07407783513305446,171.64610302348288,True,0.09483580075583269,171.15477490620265,True,0.08812827860000445,174.2840558935248,True,0.06718630147582168,172.8556077955894,True,0.06144584064849305,0.033075064278093244,0.02703575197770539,0.016279169757699573,0.01750690792230311,0.006991767873721169,0.021772340273842894,0.006045958402106302,117.12093305115091,167.11222554589153,True,0.05280588877199209,178.764698845886,True,0.09821232518375683,179.3357702022889,True,0.10661174474231253,177.7780542686554,True,0.10563228192650202,177.8337041350117,True,0.09646247977840917,0.04624127213864254,0.05624526655639568,0.05626910521769477,0.048317176842195594,0.013020866061825577,0.004502199462484959,0.009685628528908212,49.150945568437486
479,15961,127.71837193159556,89.95435843689907,167.57281890087253,156.17167394435842,177.51221828072914,146.5843352383665,177.9385076826392,159.5879842603748,1.241990354423074,8.036469544448162,0.449062,0.5652075,-0.005170000000000008,-0.0015439999999999898,37.764013494696485,11.401144956514116,30.92788304236265,18.350523422264388,24.61089122895941,0.04785972737072371,-0.0008599999999999719,0.4093965468897067,9.068353739057395,102.67542717183223,0.5155623743956357,2.4388124002648808,98.45426870095812,0.03272759156922365,0.2134978415759591,12.50659388867843,0.00459819218159969,0.4343677352410757,25.472497588920124,0.25866866138137495,2.068271865807314,37.44705726272918,0.1934289058423316,3.3208012756908776,27.572510094734763,175.4744080216848,True,0.06167160800562927,178.31462498717062,True,0.08580683926704209,179.10725040299042,True,0.0874009523517908,178.8286641004944,True,0.0854382209201479,177.0047342830641,True,0.07901063749268195,0.0333745617649131,0.034854761080805007,0.031929830691690156,0.02386528493439791,0.001621563751444913,0.0030377508126902078,0.008067658706217045,133.24382571457843,,False,,,False,,,False,,,False,,,False,,,,,,,,,
480,15994,144.9532684726922,114.19031238376817,161.00701814319456,171.72421200276796,179.78872882395186,155.7840751629011,179.7206765031098,164.28845228459303,1.1654493765210694,4.554042585494819,0.448921,0.55393125,-0.008284000000000014,-0.0020529999999999715,30.762956088924028,10.717193859573399,24.004653661050753,15.432224218516751,20.229256957016233,0.048437576869616444,-0.0013770000000000726,0.25615371932292264,6.857323701004486,146.33003327796402,0.3865747627769196,4.464159031020096,53.9453125588506,0.050075725809354814,0.6910719427774398,9.246201067206478,0.0348233455033248,0.999816587255906,8.008752021866645,0.2958295073249515,0.6353808124807706,40.704354831845244,0.2789981921450213,1.9826312576187586,38.85230795622669,,False,,,False,,,False,,,False,,,False,,,,,,,,,,163.1365567867987,True,0.03272577921150232,164.5032987201082,True,0.06706681406627271,168.78969487088148,True,0.07194207683963535,173.65546069174883,True,0.07146814320380793,177.81804765339112,True,0.06737005840876192,0.034550548852369925,0.04055096897732534,0.04224392562250816,0.042400315293639024,0.010374637005698094,0.009822820419818324,0.01291179650552161,24.987513141816688
481,16028,160.7853454351927,129.03029497771902,152.44310886733913,177.75986624844626,178.30797541396967,162.04927915436525,178.734411467302,168.503347506145,0.48691931668461497,0.4511316428599223,0.44772775,0.54540725,-0.008338999999999985,-0.0012760000000000549,31.755050457473686,25.316757381107124,16.25869625960442,10.23106396115702,20.890392014835562,0.049163485189721856,-0.0019700000000000273,0.1460079560829775,5.325235186058734,111.27205342967963,0.2302820179462567,4.7768885720880805,13.944401359593087,0.07880038259988853,0.7397817581373146,10.23744758691589,0.06823422122155956,0.9095332791322485,7.356574023858638,0.3004501600664363,0.6610358590028831,40.281682404814525,0.3258616658697705,0.7229504440360472,48.95540629256237,,False,,,False,,,False,,,False,,,False,,,,,,,,,,161.56264510884355,True,0.04631800757804675,175.52562602823107,True,0.06089622938245025,168.80700875551383,True,0.06103014963933805,170.347025506072,True,0.05794670103638339,172.0980092545586,True,0.04878981838457688,0.021358610746019954,0.019947379201288553,0.013539935635002108,0.007290064471594196,0.0024997203843629932,0.007773457660526617,0.01736420758341708,9.228603850163351
482,16061,165.12957720959946,178.92298335526337,127.01368940326621,149.5244098290273,178.18494214530583,167.72910008484487,178.00325271796945,171.2547443138091,0.29507163601565123,3.968430221120456,0.44805,0.530497,-0.004732000000000014,-0.00245799999999996,13.793406145663909,22.51072042576108,10.455842060460952,6.748508404160333,13.377119259011568,0.04971420104959948,-0.002874999999999961,0.13003836808893904,4.712410893212128,41.7167816390612,0.12047250546317714,4.573447718158999,51.542942321025436,0.09809715629110226,0.5636940662643927,15.293276981170395,0.09570474872090629,0.6156232832835993,14.963567568053257,0.25212498634040764,2.0652096236534176,30.020965071762326,0.3267835094063238,1.3357188695635214,68.34614132731939,,False,,,False,,,False,,,False,,,False,,,,,,,,,,163.50727094805796,True,0.049259118394465805,172.525311015797,True,0.07118930445649826,168.15508602311667,True,0.0714252091351506,167.91083472509638,True,0.06462756043670531,175.38222473419157,True,0.04869533899666372,0.025338934665845782,0.02425788822218456,0.016831533768495346,0.00421824382889374,0.0034619365967619785,0.007442404181445705,0.01970636140945353,42.0870846093026
483,16094,167.99393546336597,151.66577362047138,124.55795705574717,127.29762164833467,178.37628444206013,173.0311050114594,178.4722614835234,172.11179356568212,0.55696066779033,5.320329810959841,0.44812175,0.5264825,-2.8000000000028002e-05,-0.0036720000000000086,16.328161842894588,2.739664592587502,5.345179430600723,6.360467917841277,7.693368445981022,0.0568948071883542,-0.0035810000000000564,0.22267038902425798,2.845417070622747,91.05845921698226,0.09829044293697177,5.961627457529395,59.06056790577207,0.10185413988823777,0.5974231919598129,13.89739215159479,0.10616632152398116,0.4881441318437132,14.763111765029395,0.1652592280636204,2.639604826107646,9.844272808384689,0.2414402407022638,3.8061418109265843,57.92788405570854,46.82448919533044,False,0.024535041573227456,162.7253844169483,True,0.04660937807995296,161.24823479076719,True,0.08498690909193016,160.3726658219884,True,0.11292094198154744,166.47269868554505,True,0.11949559466775334,0.07011026586741773,0.1090564816964127,0.13665107398407084,0.14164137114558017,0.03934648817874347,0.056315074935580085,0.024570879695281565,52.24307000471436,175.7221981732455,True,0.06979118088985165,176.49756306970372,True,0.08422863558790435,176.44081969485762,True,0.08262357035374349,177.67625412676813,True,0.07610506165821034,174.26613164100124,True,0.06345750358310666,0.014569357055134562,0.01289669740670073,0.006314481768126376,0.0067765658707047175,0.001757202606417294,0.006675241718469851,0.01287949133312339,63.560839607511404
484,16128,161.25371524801326,131.74615754637816,115.85172994356138,114.97203025080647,177.9961703602707,178.26311051149327,179.19991311227662,174.4160956451903,0.7245835997793277,8.74390286401489,0.4483245,0.51999925,0.0011390000000000011,-0.0029479999999999507,29.507557701635108,0.8796996927549117,0.2669401512225704,4.7838174670863225,8.859503753174728,0.05697527583083734,-0.00831000000000004,0.2919971487994323,3.3007851740862644,112.13809484163731,0.3016166123529304,7.586527907244248,13.752636757191924,0.09407691327221131,0.8832748149635539,12.307165377370536,0.10344959963526391,0.6240058958783639,16.271436135963928,0.07797384466870158,2.721124301672357,2.6551896150920675,0.07670137162096662,5.155965204700958,9.655991203679084,,False,,,False,,,False,,,False,,,False,,,,,,,,,,,False,,,False,,,False,,,False,,,False,,,,,,,,,
485,16161,158.68009385032315,138.61603050183595,113.34933336730292,114.87808195346648,177.1000973551743,178.91692670024256,177.29873883907942,175.4756327532991,1.3216196077494662,6.863159581936602,0.4473905,0.51885875,0.0006800000000000139,-0.0033090000000000064,20.064063348487196,1.5287485861635588,1.8168293450682427,1.8231060857803243,6.30818684137483,0.056115155430596475,-0.007363000000000008,0.35885711971917944,6.472791840293545,65.01015866489857,0.5617676849704754,6.800146494969099,55.36186772962841,0.08908452159863901,1.226799500150512,10.79426489374607,0.09082880437227477,1.1297014517683248,12.97151565820784,0.030162122095255317,2.721680269432245,5.476306353367489,0.10648601144627017,4.324098777380919,39.98802613242747,,False,,,False,,,False,,,False,,,False,,,,,,,,,,,False,,,False,,,False,,,False,,,False,,,,,,,,,
486,16194,160.65994902465727,141.19412783083772,111.96241652530748,118.44132980597968,176.59881271581963,175.7328850193179,176.25678028027272,175.6304719091183,1.740966603792698,7.479724106273387,0.446345,0.52245925,-0.001352999999999993,-0.002989999999999937,19.46582119381955,6.478913280672202,0.8659276965017284,0.6263083711544084,6.859242635536972,0.057230348539913656,-0.007663000000000086,0.556946765884907,7.537441730284862,10.168428159349768,0.744198747775209,4.8736854557625335,68.4096201557918,0.08834436256097476,1.3349335659827228,11.164592137560112,0.06653047231121081,1.328325754461357,6.271648058807942,0.10610652599415912,2.779522519727548,5.123641854608136,0.21377694846135004,2.623590972811629,48.40895389820249,,False,,,False,,,False,,,False,,,False,,,,,,,,,,,False,,,False,,,False,,,False,,,False,,,,,,,,,
487,16228,166.03485573224046,140.13139190580128,104.3512747902867,103.6456263348201,177.3679347484803,174.98128703512512,176.12519237400656,175.40063148828003,1.6595375065996048,9.378941306414902,0.44615875,0.5271907499999999,-0.011941999999999953,-0.0027490000000000014,25.90346382643918,0.7056484554666014,2.386647713355188,0.7245608857265324,7.430080220246875,0.057331742638786085,-0.009817000000000076,0.8028606641749558,6.738683255922471,56.91970892803914,0.8818194094740052,4.6001590969395965,47.95151888216304,0.09775344599345391,0.9432827975260611,16.57311995912242,0.07507803372843182,0.7193909758020864,14.226900357007056,0.2034155624690791,2.515345771813237,26.146592281437222,0.2822500287859765,1.814594877403013,44.543157120887656,,False,,,False,,,False,,,False,,,False,,,,,,,,,,,False,,,False,,,False,,,False,,,False,,,,,,,,,
488,16261,19.282557880291456,6.336693978341733,92.37799533386202,50.57033859598771,179.16748743779385,174.81699410884062,176.47529385719224,174.54319132739798,1.7505716897557322,7.694612905285239,0.44597875,0.53526275,-0.016504999999999992,-0.003273999999999999,12.945863901949723,41.80765673787431,4.350493328953235,1.932102529794264,15.259029124642883,0.05491172381195108,-0.010093999999999936,0.9835325053657613,3.8168249101548435,105.98631188686954,1.0097259030051673,2.5538299578763226,101.47465639164044,0.0945034583528135,0.7677907334997307,6.233342822221803,0.07514326412449363,0.6174633052011982,7.608101098304108,0.2718409722447403,1.0832705859410143,44.37226545453066,0.31965896943581323,1.2941886460494423,48.83891680656941,,False,,,False,,,False,,,False,,,False,,,,,,,,,,,False,,,False,,,False,,,False,,,False,,,,,,,,,
489,16294,2.689069206719718,0.3949545639015265,87.40269466942726,65.17743155602754,179.05225748206752,175.51022851613573,176.72923000797047,174.03464007016305,1.7441672404255582,6.966709996369938,0.44506524999999997,0.54236525,-0.011144000000000043,-0.002866999999999953,2.2941146428181916,22.22526311339972,3.5420289659317916,2.6945899378074216,7.688999164989281,0.052329171711388615,-0.011073999999999917,1.033604322300667,1.770234527903169,112.2395837072913,1.0065724134876814,2.1913099568282024,118.18779876001658,0.09094378994805255,0.7714535876881546,5.596038412271685,0.07377267671913906,0.6350018578286265,7.473683200392826,0.27110399448435385,0.7121033933399139,35.83023316601571,0.2899670519994676,2.0510407238487036,31.650798632146945,,False,,,False,,,False,,,False,,,False,,,,,,,,,,,False,,,False,,,False,,,False,,,False,,,,,,,,,
490,16328,1.9357694666973992,9.271682926216027,89.08590350257988,72.33061636046259,179.94815254347765,175.23625438199855,177.09042004567073,171.92791678330317,3.033322073451405,2.9780206519498655,0.44271925,0.5527035,-0.004772999999999972,-0.003083000000000058,7.335913459518627,16.755287142117297,4.711898161479098,5.162503262367551,8.491400506370644,0.050569058227338974,-0.011874999999999969,0.9594359663961164,4.40614428018823,79.26550689683074,0.8636381423980671,5.520316338649017,72.27281888845792,0.10777077976856335,0.7592140988022699,5.133374416324624,0.07710361510418452,0.1246781177844415,12.914441726306292,0.24714424099586277,1.58199645012069,27.406441315464647,0.23971112644018217,2.223169092385394,24.360995000592723,,False,,,False,,,False,,,False,,,False,,,,,,,,,,,False,,,False,,,False,,,False,,,False,,,,,,,,,
491,16361,8.823269975969005,13.797518422691903,88.01578858476609,80.38533405796807,179.5797123717875,176.331405176636,177.33030321579028,169.39302588961584,4.2013371638371115,0.5545777033509081,0.44013599999999997,0.55819125,-0.005143000000000009,-0.0031999999999999806,4.974248446722898,7.630454526798019,3.2483071951515115,7.9372773261744385,5.947571873711716,0.05005068895629712,-0.00903200000000004,0.7826957518881987,5.9838891854262855,23.040539660082583,0.6555011387071961,6.954896028168911,24.541160785335016,0.12787243588625377,0.4749750930388301,13.235875108404898,0.07858320255924375,0.23051640161298545,7.444526461830742,0.1960253104805119,2.4068429334169577,15.278223340643866,0.18912000476891658,1.879324892330417,32.970955160265504,,False,,,False,,,False,,,False,,,False,,,,,,,,,,,False,,,False,,,False,,,False,,,False,,,,,,,,,
492,16394,13.52509222767821,18.43553224704371,87.57110683682869,82.45368970432514,178.83278515818307,179.33295693670325,178.23636590421057,168.24060817960836,3.8006472751575835,1.043294435428262,0.439433,0.562718,-0.006842000000000015,-0.0023279999999999967,4.910440019365501,5.117417132503547,0.5001717785201834,9.995757724602214,5.130946663747862,0.04869254945060898,-0.006593999999999989,0.612135637130673,5.783256549280236,13.989111912251621,0.45471924523395557,7.07335321105787,5.55359590765736,0.13190577092807157,0.1766728853336763,16.496773027006608,0.07446103203475653,0.3712108149465119,5.98931792092057,0.14078150084382376,2.3920517195102335,15.79237348118997,0.12773576187307759,2.0684243419982726,17.511607013107252,,False,,,False,,,False,,,False,,,False,,,,,,,,,,,False,,,False,,,False,,,False,,,False,,,,,,,,,
493,16428,17.436058880503627,19.918759383547037,89.61598694581453,84.54214513170633,177.18788228671133,179.8149537571541,179.5716908007228,168.67451972919318,2.6473310027413692,0.19446980278537498,0.43955875,0.56673225,-0.0042159999999999975,-0.0014370000000000216,2.482700503043411,5.073841814108192,2.6270714704427576,10.897171071529613,5.270196214780993,0.04605220179318249,-0.0070909999999999584,0.4860808421699416,5.517368177960785,31.454261796097697,0.31815202148635596,6.6069364098229615,35.68248013167024,0.11679356616816376,0.6489616019407266,13.224440179147525,0.05973334612559958,0.4114194597515416,4.781969658646212,0.118697661028738,1.5464626874614693,31.521733752751647,0.050727753399085626,2.1236486473602563,11.510272818326714,,False,,,False,,,False,,,False,,,False,,,,,,,,,,170.6377629514755,True,0.05189975524027068,175.81257207370874,True,0.0788372288325763,177.74015280056767,True,0.08459776783107222,176.05992882666567,True,0.08187948500082297,173.61774782725578,True,0.06643636985868506,0.0394281148928021,0.04429994875843539,0.04202633814645289,0.03094771206406058,0.005761103366543581,0.0027190016550197446,0.015476852651621367,84.0821859296745
494,16461,18.366558459503167,18.65136672801014,91.0959136320126,86.63884425872985,177.7041421705011,176.76944604407586,178.022260163749,168.15495941733985,1.145504256295125,2.3153561749877767,0.440256,0.56776525,-0.0040060000000000096,-0.0003309999999999702,0.2848082685069713,4.457069373282749,0.9346961264252229,9.867300746409143,3.8859686286560216,0.04533517612185926,-0.003686999999999996,0.3351787956267582,4.904115962547682,40.59859066688544,0.2850491355137473,5.244589223124249,62.85305327600384,0.09031054976381493,1.0262659809390886,7.330992236889443,0.04828856745394572,0.4501037627850868,3.776883748767925,0.10977647336371003,0.7934019745472397,26.65220058927168,0.015468392863359232,1.2973090878529179,27.85796743324558,171.3020407620248,True,0.04617921857286024,179.51889587052005,True,0.07595809342657309,179.90521473891704,True,0.08013209477481545,178.43884155411874,True,0.07814828438935817,177.02353287741425,True,0.07038161638524654,0.03199275675836642,0.03739466038086187,0.03698049000486604,0.03235586650052813,0.006303190461980369,0.0045931411909498135,0.009270293738603979,91.4776587930009,173.0045065901608,True,0.05658799692514306,175.46897046802147,True,0.08349856923923904,175.41480028597834,True,0.08437079895911855,175.48135712764437,True,0.08010861167814605,175.70922394725827,True,0.06925362818654339,0.028891448786794983,0.029596315057790524,0.02561706331725004,0.015970750921606613,0.0009804366374223626,0.004269917563607076,0.010860563705443659,96.14919878126445
495,16494,18.082173060404752,15.986833150441875,92.47826585527106,87.8378842313587,179.82083132507864,176.21850396549124,178.13537328829187,168.52793450559312,0.33904196750276067,3.605440191160835,0.44099075,0.567691,-0.0028980000000000117,-0.00042599999999992644,2.0953399099628776,4.640381623912361,3.602327359587406,9.60743878269875,4.986371919040349,0.04498655888151479,-0.0031519999999999326,0.27439266613586655,2.8491751158626766,63.55069028015305,0.3094180638294167,2.730902014429644,69.65125665583132,0.05287879078895595,1.0854818076746076,5.960022761393678,0.03012666225024166,0.5756749969600026,2.108216139855197,0.07924024260110102,1.1214326717243834,9.221321212791652,0.03545467962731997,0.2996165474961567,21.66855581482762,172.977317443124,True,0.05011492896333379,179.34015587402354,True,0.082118013237048,179.36834407835784,True,0.08627715642045694,178.897536044302,True,0.08298057026798497,177.2098315085953,True,0.07385466292658842,0.03356037796271071,0.03860808968338114,0.03669558928536234,0.030464884916900605,0.005818665310876761,0.0052152769820978636,0.010311984581059046,87.94489044739974,176.9573821637409,True,0.048686979984385974,173.8925101082504,True,0.07703454841173536,177.6570406576641,True,0.08497930645162974,177.2003440817157,True,0.08084125915026316,174.98214839983214,True,0.05390322455104151,0.030130335958963323,0.03994353120343767,0.04144808792936052,0.03153712309326897,0.01095151149385328,0.013867294833528259,0.029900782197126552,100.98452861427579
496,16528,18.80933538274826,13.402363973043915,92.76819373201491,87.77506934065147,179.05696359333447,176.52518568348424,177.60018429084263,169.48036825350704,0.38360794920183244,4.812149074551871,0.44138625,0.5666322500000001,-0.0029679999999999707,-0.0004750000000000032,5.406971409704344,4.9931243913634376,2.531777909850234,8.119816037335596,5.262922437063403,0.04505054772142069,-0.002774999999999972,0.3013801018562211,0.6767260669865026,64.48785296034853,0.32826600384646676,0.9262666459554404,59.27108749271629,0.019703837689448632,0.8034286180835832,8.752767382029099,0.009731023254089114,0.3839768023287031,7.064471773057471,0.04354065748121012,1.1534975876326772,6.781917624843905,0.035536804407727676,0.20111850505508108,10.508135857092624,173.29036754926827,True,0.05491399571147601,178.6169811361711,True,0.08784299578793979,178.4511168888789,True,0.0929948236032523,177.35145226780725,True,0.08827509895774689,175.72520716823547,True,0.07698461861956585,0.033741185515627624,0.0394885961512941,0.035994761188261795,0.027574971931082687,0.006312527386079165,0.006421314896499024,0.012343064449317298,86.86083274381815,177.784359441665,True,0.05227368539714796,179.2988833125909,True,0.07671755692799402,179.78363531545008,True,0.07903590203192475,176.327090619802,True,0.07225966877864862,177.01503687007192,True,0.04988211936155081,0.025243262071293435,0.028673522995962698,0.024896415264049607,0.021972357292743976,0.005267553227068491,0.00917259014673612,0.025080320651857696,102.5688682244647
497,16561,16.513344161808785,10.098795170161186,92.69182929343198,88.28569330702699,177.29893637908845,177.13600877216638,178.1223358125008,169.7542585249072,0.5072089045905873,2.8327688592283327,0.44109075,0.56542125,-0.0030850000000000044,-0.0009000000000000119,6.4145489916475995,4.4061359864049905,0.16292760692206798,8.368077287593621,4.83792246814207,0.044205427359092456,-0.0034319999999999906,0.27623566690553836,1.4731427290810921,58.67006817313989,0.2993513366692495,1.2453882039021305,86.74320840530278,0.007607929591381887,0.5030354295767481,9.506751225988907,0.006781742318029482,0.15878291103162467,4.936965769051455,0.029841555826481476,0.7596044748118084,14.864778761271412,0.02880234412166421,0.42343551586351,5.332682891351065,173.60115839474597,True,0.060528143173238035,177.56030457117006,True,0.09187905119775673,177.8517803384388,True,0.0982539322215656,176.42869172048444,True,0.09368980446131801,175.5726722615621,True,0.08114090305758251,0.03191870243289972,0.03877157310453112,0.03531821071345489,0.02583324232457085,0.007218945352335079,0.006315726799031172,0.013632619887607812,85.95421971744338,179.0819293944206,True,0.05679988823932667,173.652174598974,True,0.07542274760972317,173.16429784346374,True,0.07547517304385591,177.15861338696305,True,0.06760410151018945,179.67788029738404,True,0.05069316503237888,0.018624613955730746,0.018742153184733035,0.012166923399117766,0.012267465304617729,0.0015289686066103448,0.009180400699315883,0.018058910542997856,98.57304476115753
498,16594,16.197140938187854,7.15183368707846,92.87126120493382,88.49580800583719,176.28314184737692,178.00133711387062,178.24792076523275,170.59512852469305,0.7874881479459089,1.747033541984657,0.44073775000000004,0.56499125,-0.0031979999999999786,-0.0011830000000000451,9.045307251109394,4.375453199096626,1.7181952664936944,7.652792240539696,5.697936989309852,0.04317527571423253,-0.004017000000000048,0.3099366089615989,3.295733402261382,31.03517367051278,0.2874362172503819,4.799150353233045,63.13593790409676,0.020604209946553,0.23149733117582524,9.878027076338357,0.006987464793017607,0.06705142639860727,2.6994233465464332,0.024537668001729913,0.44381462883472883,14.255266817885826,0.016865913379905475,0.4242937557529441,11.446243972855328,174.90441356321452,True,0.0644646952059808,175.74041372008412,True,0.09212117644168472,175.5443208828428,True,0.09756339441614362,174.71944085027891,True,0.09362158482422739,172.7602108004888,True,0.08097618795670741,0.0280586284233567,0.034081665598969774,0.03133434513437292,0.02212231470710067,0.00669192745029412,0.005858559976649504,0.013561008406457105,84.39452064647085,178.55794259131665,True,0.05890750384288915,175.23949040506227,True,0.07691802442210802,170.47633771388922,True,0.07790764780174027,169.4275722701141,True,0.07024423791315552,178.25730608427247,True,0.05227487814428646,0.01801464126759124,0.01908931861015477,0.013176171864392154,0.018147673018874842,0.0019351033564127696,0.009557826635799686,0.021702204427200413,95.34131113303889
499,16627,15.757724192666604,5.596257822482419,92.57778085486032,88.97815027681374,175.80842979282275,177.79007192893485,178.5110362201044,170.3795761872532,0.7022787651755794,1.5905257863961981,0.44070725,0.56454475,-0.0034789999999999544,-0.0017199999999999438,10.161466370184186,3.599630578046586,1.9816421361121002,8.13146003285118,5.968549779298513,0.043340889111784464,-0.005012999999999934,0.4232135198772916,3.2596899978832155,40.13701322189535,0.455366213043581,4.956172990419235,34.01901967248534,0.0214160796244066,0.1594403860900622,9.46864555529095,0.007589260754276467,0.058950124556524645,1.550877766148609,0.020605081050541506,0.2771805889579237,15.170988839807725,0.007947766570875625,0.42571727259791864,21.875907438154865,175.58496895135457,True,0.0673123708763849,173.6104847836541,True,0.09454401658486904,173.10228548476772,True,0.09776348006285371,173.52453612373034,True,0.09209592534417575,174.01154786587728,True,0.07971475170882739,0.027584060197875175,0.031037788017189673,0.0265146761247427,0.018742403181022445,0.003699379677729801,0.0071360914371944115,0.013846494321668549,84.46734799793123,179.89288634525303,True,0.05894428655094578,171.15945873941752,True,0.07364746736989675,165.3800069019252,True,0.07339542968060074,166.3153347145615,True,0.0675059473676209,179.40796322068067,True,0.0497697274756453,0.014703818721679057,0.014467341048029516,0.01054498975817424,0.018632284347336554,0.0006620453156695481,0.008506170231073428,0.021270448537818884,91.95303705945845
500,16661,18.055331400719197,2.3656064677164848,91.45125243414957,86.97664221463312,176.1455157899584,178.24472019786816,178.06901515173953,170.4921296646358,0.6909445538952639,0.8582946577136452,0.4406555,0.56363925,-0.0034410000000000274,-0.0026480000000000947,15.689724933002712,4.47461021951645,2.0992044079097525,7.576885487103738,7.460106261883163,0.043318772893515836,-0.004889000000000032,0.4813927062899318,1.7427626644223908,92.70166532799462,0.5140773809104591,3.2773633770269606,15.619683603262843,0.010234167004491961,0.402991719477989,1.8870788262382192,0.010463320413035168,0.047723036030313505,0.8778705038860899,0.006116173762595311,0.6687945436979702,9.128964625983512,0.021238213338829644,1.1699098942411785,16.86552660203835,176.5633868915379,True,0.06878186843202216,171.777732192107,True,0.0922143978400336,170.63586706524595,True,0.09308942739645573,171.6726507010282,True,0.08745100981120803,170.94316291950096,True,0.07359883575845472,0.02368526601075015,0.024776260411934606,0.020072042447145215,0.012811178244017956,0.0017708783131541862,0.0064686777628817,0.015006232571834992,84.1757596526286,177.89800644502654,True,0.05805968581554677,176.5260588391099,True,0.07120852494610459,175.17534461778445,True,0.06915247866851919,166.32693672560148,True,0.06023760537239175,177.6365061754201,True,0.045689672016769795,0.013170701120289662,0.011143620820900169,0.0038032559735048576,0.018104399520558614,0.00208554477295502,0.009979553547128308,0.018069408678758708,90.03853716400668
501,16694,22.526130058126878,0.4214228955835645,89.99071546262648,84.79535389888841,176.40081309273253,178.80604040437356,178.5045134531765,170.16042771572432,0.3361833541003765,0.779325333634361,0.441161,0.56320175,-0.003514000000000017,-0.003047000000000022,22.104707162543313,5.195361563738075,2.4052273116410277,8.344085737452161,9.512345443843644,0.04283821888220843,-0.005871000000000071,0.4392261127592665,3.2253825038833543,101.92203393344792,0.5815535435853127,4.330135293068518,76.57703052440063,0.007591191100903433,0.2832980033019423,6.785475785987564,0.009331563371237984,0.01900894345735099,1.3038758273106448,0.02683361307517578,0.7613557223863822,1.750918440236415,0.07200579363899103,1.4829069919417466,1.803453949690999,172.89477002428188,True,0.06621406032709368,169.88885634243573,True,0.08668593669102269,168.50121634859863,True,0.08654596395557682,168.85221575953784,True,0.08332615747770926,170.27864326831406,True,0.07533726967444468,0.02065926729097617,0.02063174801125682,0.017701329130887317,0.01131520574271633,0.0008478236845005254,0.003452823916738277,0.008426250530336764,86.83265133325858,176.00277570577575,True,0.04871139529925211,176.9943198958682,True,0.07735085097140175,76.52600732888754,False,0.03412415310304422,79.13923475622116,False,0.028913669085745584,83.62657755157127,False,0.023825537265715572,0.031020417566499654,0.014878473342382905,0.02058557834990314,0.025715143592832588,0.04368266027842168,0.005765206414344659,0.005195280358171213,89.22347757503209
502,16727,28.926901132160403,17.461563116616187,88.96763184517124,83.0488180892055,176.32450356951378,179.2847144568225,178.33023628377498,170.95666396627857,0.6711079309659662,1.2423304982780208,0.44168375,0.5634079999999999,-0.0037659999999999916,-0.00292199999999998,11.465338015544216,5.918813755965743,2.960210887308733,7.373572317496411,6.929483744078776,0.042005855639422426,-0.006318000000000046,0.26950968280813786,5.618120411570049,63.78877586494437,0.7877470909329389,5.947778649573101,45.283695974694744,0.01060184084949574,0.05080343465870123,8.321033445824085,0.010254086746308844,0.03911983202969308,5.837316386567108,0.04774802577059316,0.5923451884744411,7.237868721673016,0.11898310145742332,1.143780758378318,15.968074059435766,175.5790894069897,True,0.05873897980046987,168.05534425317012,True,0.0758621237772843,166.56797320643165,True,0.07745272044931671,168.63697765696816,True,0.07171648224083502,170.70747959444444,True,0.05958208479904009,0.01810959093960985,0.02195112719201454,0.019139084016744388,0.01637048090313781,0.0064797926664362125,0.006715297461765892,0.012753808686035695,82.15309391595126,,False,,,False,,,False,,,False,,,False,,,,,,,,,
503,16761,33.606890601078064,100.2925769491939,88.21183972723203,79.43926220841406,176.23347267271959,179.41217952951615,178.9624907627334,172.26665326779974,1.422865872295037,3.524972733660979,0.44474575,0.5640270000000001,-0.0038060000000000316,-0.003489999999999993,66.68568634811584,8.772577518817968,3.178706856796566,6.69583749493367,21.33320205466601,0.04185920844927672,-0.005723999999999951,0.13829439872242186,6.125847844510376,18.42549502439954,0.9742840035958399,4.983804690566687,80.59335597131536,0.004235575543376653,0.28357263600241156,6.1547891554033525,0.008506223065705098,0.3799609138171987,11.080619907439546,0.06633173243171822,0.528788334310138,10.459434524286353,0.14861328053428693,0.5555389201965889,24.360779233201256,175.21947847800854,True,0.05603904339833073,155.16293342436754,False,0.0704954525909296,149.2387642560129,False,0.06457216788988887,156.9561851627276,False,0.054214252710887735,159.02745168834275,False,0.03610960041318645,0.020378806073958325,0.018997592189538077,0.01899969331331431,0.027255494143383237,0.006956758009302922,0.010982368642510608,0.018378844495778323,80.34870664020944,,False,,,False,,,False,,,False,,,False,,,,,,,,,
504,16794,29.265666285857993,149.6528618841407,88.98896659482493,72.59112053219232,176.593343709541,179.0458357449956,178.51707506496672,172.85843075045406,2.5734618060318732,6.658335796267084,0.449336,0.56389725,-0.003601000000000021,-0.003210000000000046,120.3871955982827,16.39784606263261,2.452492035454611,5.658644314512657,36.224044502720645,0.0415056023326972,-0.0040960000000000996,0.23994536628934046,5.509437614557228,41.13843590152042,1.1016050513975129,2.3919242612461247,99.57455342837987,0.008482555245338582,0.4630881736146103,1.6582560631988255,0.018933810087679262,0.7781543627744443,6.014007959971577,0.07989792543053688,0.5239881806466296,7.898096608922373,0.15157529936573536,0.6467209614660511,25.22244622732464,176.61622681270356,True,0.06301559388754496,172.380980268459,True,0.07312634275690258,159.9095923165429,False,0.06504525265536291,164.6435343324681,True,0.054322774827874884,159.68296795202374,False,0.03567570401547809,0.018628992511673836,0.01617005831776743,0.018336491540095715,0.031715824000016136,0.008200602173011457,0.010829893812960508,0.018857731411810897,82.28414932865556,,False,,,False,,,False,,,False,,,False,,,,,,,,,
505,16827,20.232543637672944,153.7761417624296,90.4105804244086,76.14211163028408,176.73344087136084,178.44216467138529,179.3808084992113,171.26183609051193,2.2890466091101915,8.0155948324971,0.4531529999999999,0.56377375,-0.0036249999999999893,-0.0031999999999999806,133.54359812475667,14.268468794124516,1.708723800024444,8.118972408699364,39.40994078190125,0.0414976314504816,-0.004145999999999983,0.3769695043386676,3.4138973687420826,80.72221697734342,1.0322717066324247,2.811010375105856,41.9489821677274,0.02652056054838301,0.2533600401553604,11.590714961372077,0.04719972106309087,0.7646211175350884,8.2238646127696,0.08285103815013356,0.42656330544776094,4.614102614105145,0.1252686432198942,1.2537152850401712,15.756156001861662,175.0333661283213,True,0.07222898400226885,174.93454746390861,True,0.08222096435824627,173.43911281610568,True,0.0802974403826175,175.78052409833535,True,0.07099860320457019,176.8909861710248,True,0.05171156733265778,0.016763560779261614,0.017637177381882828,0.0157609039398126,0.02521748080201513,0.0031961239024793395,0.009355017530715853,0.019327444243872526,86.48416056453041,,False,,,False,,,False,,,False,,,False,,,,,,,,,
506,16861,7.767495722926009,154.24108810275033,93.89883122093273,77.93812841969884,177.69762291039237,178.75700642959387,178.64803215944792,169.30949591037313,1.0396584574199785,6.528695987682545,0.4568175,0.5626055000000001,-0.003265000000000018,-0.002238999999999991,146.4735923798243,15.960702801233893,1.0593835192015035,9.338536249074792,43.20805373733362,0.04164077079017629,-0.006463999999999914,0.43972875821371216,0.27755847955213986,88.43851943513474,0.9949266925042526,2.5443398131517396,88.92579095743353,0.025221362846274492,0.33354455203456396,12.127653612936108,0.06813694856139904,0.2513277094039342,22.150781236119048,0.08765797449793969,0.22425568557743797,5.6295263303239125,0.08335304272174596,1.4564557568443968,6.121122834349726,,False,,,False,,,False,,,False,,,False,,,,,,,,,,,False,,,False,,,False,,,False,,,False,,,,,,,,,
507,16894,5.744145782299644,159.50573510964236,97.90851872307331,81.71618845983495,177.85999714377772,179.85754912010592,178.08748512377383,169.1695243681614,0.8137399585480265,4.584888792499545,0.45874925,0.56021775,-0.003737000000000046,-0.0014979999999999993,153.7615893273427,16.19233026323836,1.9975519763281966,8.917960755612427,45.21735808063042,0.04120977990720164,-0.0024980000000000002,0.39014569868878746,2.635847928369791,65.61281380463706,0.9228929520892011,7.5573145466122424,140.1452551226992,0.012753137614797155,0.5694099601365411,8.06132087416189,0.062389837990862694,0.7195743681073583,27.495253320693298,0.09067037610516882,0.050273699839243936,5.672664015763134,0.05341645477938775,0.9718816568526952,20.27240966897481,,False,,,False,,,False,,,False,,,False,,,,,,,,,,,False,,,False,,,False,,,False,,,False,,,,,,,,,
508,16927,3.6091080794531605,165.64976684550982,101.41344024399258,86.74121169370007,178.4242361859334,178.95115982636017,177.3936776624743,167.67771895991987,0.2742754110558697,0.49569636379641396,0.460083,0.559028,-0.004006999999999983,-0.001418999999999948,162.04065876605665,14.672228550292516,0.5269236404267588,9.715958702554417,46.738942414832586,0.041076952175155335,-0.0011799999999999589,0.26608650526285577,4.077800325450087,22.030894998415466,0.524470570993023,10.837153490761388,29.69647309678414,0.014483295327062459,0.7599098780294663,3.9783764274991347,0.022716298366383718,1.5633863443012166,17.871497043738444,0.08856681284994321,0.15057099719005193,5.944560503295296,0.047592691130850066,0.18500198067036486,20.237702165460494,,False,,,False,,,False,,,False,,,False,,,,,,,,,,,False,,,False,,,False,,,False,,,False,,,,,,,,,
509,16961,2.168205309077084,170.65383443133996,105.75629416095036,91.20643255468667,178.8280373527098,179.16268502034046,177.50810876042846,166.82577334694682,0.22614487958835405,0.26524817044247456,0.46232375,0.55845325,-0.003919999999999979,-0.0007009999999999517,168.48562912226288,14.54986160626369,0.3346476676306622,10.682335413481638,48.513118452409714,0.04117844691097515,0.0016089999999999716,0.15771710183831186,3.486157229224936,29.967096034143253,0.22835734453121398,6.736645433875157,113.65213536645766,0.043621229866337964,0.8207412407223182,13.515170080110913,0.05166406949153429,1.8638917214385013,5.260167957858802,0.08608610785087636,0.34983194066496137,4.990184993440578,0.042407936373205696,0.4353378857077085,8.355662874929214,,False,,,False,,,False,,,False,,,False,,,,,,,,,,,False,,,False,,,False,,,False,,,False,,,,,,,,,
510,16994,2.9236896258820733,174.39434697450218,108.62150936052582,94.21223313237022,179.53888188281513,179.48290511077164,178.39562747146937,167.13082399507516,0.7842023017581127,0.9938067030994537,0.4637405,0.55826275,-0.003805999999999976,-0.0005850000000000577,171.4706573486201,14.409276228155605,0.055976772043493384,11.264803476394206,49.30017845630336,0.03750761421364998,0.0029679999999999707,0.12270089806249909,2.0823750720374816,34.36759728108367,0.12830535951501956,3.3217682370447092,83.87402110875156,0.06765125371381975,0.17699216285482336,42.44976287564114,0.11076568930748829,1.2109562198955963,30.859201506103837,0.07813095306045252,0.44351476840111786,6.759499279937367,0.04241997347647097,0.4759860879236799,3.114770320753597,,False,,,False,,,False,,,False,,,False,,,,,,,,,,,False,,,False,,,False,,,False,,,False,,,,,,,,,
511,17027,3.9472221159270537,177.1552532919614,109.14441567826653,95.81008473876781,179.67549659282423,178.295287562495,179.0637484067982,167.10113094987685,0.9084291906888431,0.8628749363903042,0.4646245,0.55778225,-0.0034809999999999564,-0.00018799999999996597,173.20803117603435,13.334330939498713,1.3802090303292402,11.96261745692135,49.97129715069592,0.037639673019302385,-0.0032279999999998976,0.14124988722550352,1.2836126374510646,52.80198378625467,0.08988009411383878,1.6144176306497702,47.952632603497044,0.03346127305616546,1.9842196871336346,39.81352851323586,0.12842447109833427,0.3672860771042679,37.99615728069438,0.06233105207420997,0.4515096281216498,4.448323777964886,0.046460620821840964,0.22976333571202723,5.98189405381651,,False,,,False,,,False,,,False,,,False,,,,,,,,,,,False,,,False,,,False,,,False,,,False,,,,,,,,,
512,17061,4.14809043354926,178.60697131681925,108.13504990822214,96.71043050239494,179.15323185612485,174.84848116038438,178.60790343603054,166.0357551192901,0.7299942817946162,0.7067774918650667,0.4664452499999999,0.55761525,-0.0035109999999999864,8.60000000000305e-05,174.45888088326998,11.424619405827201,4.304750695740466,12.572148316740453,50.690099825394526,0.030806085275477655,-0.0069710000000000605,0.1290960406891147,2.9259636192662803,82.05035681261747,0.05407752873210118,1.1436644966967955,29.17705080851828,0.06529716570489749,2.820768228429884,7.719316413890721,0.10727774596079673,1.4594910944548314,21.416246082059605,0.048051378815553616,0.34820738959910125,3.004768888647811,0.04734042088528788,0.11634316080886327,5.216298445446525,,False,,,False,,,False,,,False,,,False,,,,,,,,,,,False,,,False,,,False,,,False,,,False,,,,,,,,,
513,17094,4.358531887340495,179.31957307006397,106.19997834979701,97.0514069808516,178.34219659507593,175.37734772854003,178.3993912579135,166.29488611326667,0.6167404835643964,0.8840498816398522,0.46846875000000004,0.55765325,-0.002954000000000012,0.00011700000000003374,174.96104118272348,9.148571368945412,2.9648488665359025,12.104505144646822,49.7947416407129,0.028856439714559378,-0.007472999999999952,0.08578203963723732,5.493075709514758,55.917309961086104,0.03333253883860043,1.227873983075481,15.187874584688853,0.15569007628771514,1.6653081716612768,41.3395849493859,0.0917493046686632,1.7160719522883667,10.311313360292091,0.03900561946081243,0.2891088803023591,3.147473472299748,0.04485068208142525,0.2912526694069334,5.288208807417492,,False,,,False,,,False,,,False,,,False,,,,,,,,,,,False,,,False,,,False,,,False,,,False,,,,,,,,,
514,17127,4.596490624919545,178.21386358078894,104.99518215800681,96.43880002364718,177.16352628212678,178.94983634886316,178.0023043672314,167.75305082960136,0.32112061180879525,0.21849319539163015,0.47015075000000006,0.55746175,-0.00281300000000001,0.00033199999999999896,173.6173729558694,8.556382134359637,1.7863100667363767,10.24925353763004,48.55232967364886,0.03212892007210948,-0.012228000000000017,0.25962476991920136,6.553385331441614,45.26915962410789,0.027528127680128574,1.277108602612385,54.13164903760094,0.17408865046403132,0.3092337578771869,34.87479250578726,0.09751823571305326,1.0127447330574542,27.218627419003006,0.03217855180310982,0.27611578525895647,1.7560628365090345,0.03329730965159908,0.3710700865204788,6.387659581025358,,False,,,False,,,False,,,False,,,False,,,,,,,,,,,False,,,False,,,False,,,False,,,False,,,,,,,,,
515,17161,5.830945517818062,177.2764370721998,100.19489559762282,96.54183603613254,175.8248007579754,178.5217346691723,176.80737176829066,168.5252426360202,0.4406777115803042,1.4554537504176261,0.47127125000000003,0.55717625,-0.0027040000000000397,-0.00016899999999997473,171.44549155438173,3.6530595614902808,2.6969339111969077,8.282129132270455,46.51940353983484,0.0367879264025577,-0.021915000000000018,0.49985939912293664,8.489562858875336,39.06621802594558,0.0587122233140479,2.922856893611682,138.04347230191635,0.16441491916364603,0.7449022855666493,25.29994998937387,0.09402402447879382,0.23277928947982882,27.550231884739073,0.026962859782730973,0.23544290099252346,4.208896797219953,0.021336587458642337,0.38274787628647383,9.496662533757892,,False,,,False,,,False,,,False,,,False,,,,,,,,,,,False,,,False,,,False,,,False,,,False,,,,,,,,,
516,17194,4.427456592271692,176.8172120397012,95.82211995051158,96.50326700694848,174.94642068119532,173.26628997719655,177.29561022541537,171.32091548796663,0.5370462856004949,2.873746900651528,0.4735045,0.55696525,-0.0024020000000000152,-0.0002969999999999917,172.3897554474295,0.6811470564368989,1.6801307039987705,5.974694737448743,45.181431986328484,0.03789233531995617,-0.025475999999999943,0.8253465679879801,9.168830023824848,21.54888052535295,0.18140981370793977,8.230546258089369,125.19302594570478,0.13096295858829593,1.6107111534512806,12.02206872971211,0.08199917826036551,0.8498227849717146,13.150237835805434,0.01802257113562039,0.25729312408204014,5.511150448130256,0.014404496035685228,0.5113163939119227,10.739344833783655,,False,,,False,,,False,,,False,,,False,,,,,,,,,,,False,,,False,,,False,,,False,,,False,,,,,,,,,
517,17227,1.2591484256205536,177.75745767090604,90.89677661096482,96.68820743213058,176.2179294751152,171.84380600813824,177.08347674970867,172.35692976479785,0.7983235745788463,4.579258472233538,0.47356875,0.556966,-0.002261000000000013,-0.0003429999999999822,176.49830924528547,5.791430821165761,4.374123466976954,4.7265469849108115,47.84760262958475,0.03441836819199887,-0.020737000000000005,1.1022252931458951,7.626652207335693,72.0719646317264,0.5124638487627661,10.851473236742395,34.09477914721893,0.07082798360249323,1.4777592724521353,28.025651322160673,0.0735095318907277,0.9861412341282706,12.047220165039286,0.009984656563947958,0.258626073183356,9.474356396755256,0.03067687746114744,0.6348616809747385,7.095178886147513,178.14537121934603,True,0.08358792210600759,171.35344623117908,True,0.07940158497788316,171.30270222209774,True,0.08110350755670188,170.2573548296796,True,0.07714317883649857,168.91490789945559,True,0.06722572758996359,0.006087939963567201,0.009142912446261272,0.01237111720904778,0.020431314495156665,0.004554755427023558,0.004415370086414028,0.010178593272157074,78.70724551308965,170.4121856921361,True,0.07088604669467752,168.31177895851863,True,0.09217120488525687,165.09325781718906,True,0.094506335475459,162.04560169356975,True,0.09305015643726774,170.31460248784796,True,0.08878035303489168,0.022173503512074946,0.02604500483778032,0.02700271417839325,0.028247744494029954,0.005833711768676969,0.0054512266509474374,0.00892035873718092,88.69920175809182
518,17261,146.87520112113646,178.96022957604546,88.69457197343223,96.61164575376296,176.0904230968116,173.00495223516302,177.19523444851671,172.03658134117373,0.8828168186965374,5.835647479778046,0.473449,0.5566325,-0.0010640000000000094,-0.0005880000000000329,32.08502845490901,7.917073780330725,3.085470861648588,5.158653107342985,12.061556551057826,0.03554123515017452,-0.023360000000000047,1.3301014425487614,4.682624203223436,122.55676760625428,0.8875233833017767,7.317017157610353,141.44482451622892,0.04883430471353969,0.30028103175632703,46.202312293827596,0.061089686179498066,0.8742768993030208,18.553874329833558,0.01742100178657643,0.5759077513625616,8.462762607120743,0.05593742249594423,0.555463211783297,7.89917911860026,,False,,,False,,,False,,,False,,,False,,,,,,,,,,170.7763700784241,True,0.04312108993288551,179.89387330011374,True,0.07717533938376948,178.58934941840064,True,0.09054393869276949,179.1161502224138,True,0.09159592683629551,176.66117849397156,True,0.08305076101397266,0.036931020592450466,0.05281797161004956,0.05728574821017878,0.05667221698504481,0.017015277635113714,0.01063488077037065,0.018988855310418256,99.27276867959353
519,17294,167.96850489217948,177.83613819456716,88.1217952357422,96.2959821138382,176.11920643055637,174.25834099590577,177.82509091895648,172.11744904325474,0.5517442323424914,8.3151097277021,0.47366425,0.5547685,0.0010230000000000516,-0.0010109999999999841,9.867633302387674,8.174186878096009,1.8608654346506057,5.707641875701739,6.402581872709007,0.03689686135703144,-0.026056999999999997,1.4020806644199786,1.756308651308548,121.06581297910436,0.9860192216571865,2.4262035926603063,75.28131687492873,0.07871674884309703,1.621979939419178,12.462961059364101,0.03930753689303087,0.815631825509752,18.415262222381863,0.04032508336933403,0.7639885944616296,3.5051809656594,0.06736114446891665,0.4851693868112802,11.891266557990305,163.65884027787394,True,0.03413230148993768,157.84491386217897,False,0.06588748032820801,163.0727835739389,True,0.0761696685695822,160.56694491463097,True,0.07868470114323368,166.61086566470803,True,0.07561324561874062,0.03460139148936066,0.04610779896069646,0.049692396168830505,0.04806393335964092,0.011838224613513658,0.004898181295133888,0.005213702043653868,92.40496284056155,,False,,,False,,,False,,,False,,,False,,,,,,,,,
520,17327,168.50048701726195,177.44956864008762,89.14523747605406,97.07207101611449,175.50396432670067,174.62493777312656,178.79186003971037,172.41522832479586,0.39885859301502635,7.863147725693063,0.473333,0.5539342500000001,0.002733000000000041,-0.0012220000000000564,8.949081622825673,7.926833540060429,0.8790265535741071,6.3766317149145095,6.03289335784368,0.038872458630758076,-0.027254,1.2943305898033202,3.9197768028360804,73.94875613671456,0.9859210485488407,2.349872088959188,48.71902127981083,0.1350939124306105,0.7710951799029855,60.32435868237236,0.014952206663428233,0.7427952118406819,17.394193342818518,0.06621637816807875,0.7045538443298967,6.205246749412406,0.07688286500798663,0.6858268735950752,3.109320274927447,,False,,,False,,,False,,,False,,,False,,,,,,,,,,176.99650780407137,True,0.060886972416108784,179.08265966485254,True,0.11441956694988842,175.55390904615257,True,0.11614175001695126,175.5503544929354,True,0.10995270485986233,176.8723218712816,True,0.10132743354097155,0.05479559771551001,0.05667113922447656,0.05083361793144378,0.04243813626916252,0.0020478051665136585,0.006354148330028211,0.008626536848585237,86.48254891936726
521,17361,167.72102929299243,171.27529046236853,89.68482522933458,93.83125630603118,172.67707232938446,174.7035613534391,179.14371546584417,174.03295027112327,0.4130307211393307,6.556389846259366,0.4738465,0.55210275,0.003798999999999997,-0.0017779999999999463,3.5542611693761046,4.146431076696601,2.026489024054655,5.110765194720898,3.7094866162120645,0.04606457946188159,-0.034109000000000056,1.1781238596762384,5.697431955361645,69.94318769835782,1.1417649653163566,2.9128718723955633,65.99034783326563,0.12640685835659243,2.7028072117765944,54.25290671253432,0.014192089850522978,0.9332800376920916,8.286097485370513,0.0874995309809367,0.3817226601743589,10.826062677669123,0.09300635532930429,0.5861767074265632,5.285058099287044,178.8236525215423,True,0.09640652994481233,172.7736125268764,True,0.12022248881137013,173.60313546519075,True,0.11631185168330874,178.26000067701577,True,0.11178168789206938,175.618170058907,True,0.09548882552948276,0.027272692423008126,0.023156435520174583,0.01884716477351441,0.007779698516009494,0.004149005905033177,0.004594940913657106,0.01648850911999024,85.45271431045178,,False,,,False,,,False,,,False,,,False,,,,,,,,,
522,17394,170.24778724269058,162.12148805678075,92.46210465229143,93.08229116641776,167.88960782119437,176.72429662983092,176.01097692768369,173.53832937128917,1.0771544717744401,5.495043586639427,0.47415100000000004,0.54994425,0.00149100000000002,-0.0017560000000000908,8.12629918590983,0.6201865141263312,8.834688808636542,2.47264755639452,5.013455516266806,0.052658590657175756,-0.04063099999999997,0.9381186816629324,7.923417891754831,37.81513659873567,1.1639175154209704,2.268069251583926,93.20896969143514,0.16813214201014248,3.7123398367673643,14.01365426606679,0.04829332207323249,0.539327570390914,28.650646214468697,0.09150462059238051,0.07594083978952869,9.582756031113776,0.10276916258295292,0.4431099949091735,6.978789855328924,,False,,,False,,,False,,,False,,,False,,,,,,,,,,175.4096638693104,True,0.06912333176287158,176.7876621540331,True,0.12270540940806152,174.68483799414406,True,0.12334632626065516,174.06213987783966,True,0.1193721753927607,174.98527701261574,True,0.11096073733082358,0.05564791209021222,0.05655740941733439,0.052770930482605685,0.04455720315504558,0.001507434907384056,0.003994325975680854,0.008416081332781883,88.60237208783361
523,17427,173.05795633991244,162.99179848652267,94.96836271919895,97.3833575000323,164.8437426806489,179.10309005722246,172.79623774828872,171.3041963248679,0.5198867913323835,7.672710795967721,0.47261374999999994,0.5483975,0.0008100000000000329,-0.0021439999999999237,10.066157853389768,2.4149947808333536,14.259347376573572,1.4920414234208295,7.058135358554381,0.05503967378173675,-0.03790300000000002,0.6677815103611026,6.922632434226448,35.09534068508549,1.0341875591678182,3.676125227060927,18.718257948999018,0.2639960439218296,3.4789711122010964,29.04146851442167,0.04958358471253462,1.0138182890246374,40.49754604946756,0.08639452332532928,0.30248148400925357,7.114391667349235,0.10648064965096839,0.25240991100571747,9.643321310432388,173.27122641564605,True,0.07759233777248885,174.4949953516842,True,0.11015429360674063,170.46130134366624,True,0.10772227302651946,174.5201413078521,True,0.10556843113829065,174.29086393251734,True,0.10214898333806358,0.03440597728593108,0.03221537870334601,0.03079641959708959,0.027585082671617946,0.002481551530796903,0.0028548178575873847,0.0034213801308829754,88.54623187625414,168.7342873487466,True,0.06704520709193165,176.4863435186459,True,0.0890085312877367,178.54895872208658,True,0.08588900950063402,176.8194204637965,True,0.07841894830332778,177.00749033199722,True,0.05473264485661186,0.02311375088556593,0.022147221609041628,0.024444915319959654,0.036028813316566495,0.006121143438933644,0.014113272122367645,0.029413084435332477,84.63949933798176
524,17461,174.74006210856234,5.181181423042098,96.69071298508175,97.31560092867828,163.8862306318864,178.97740225553645,170.09336849136452,172.7637095892868,0.8874490817979381,8.643649597230583,0.47195225,0.5459935,0.004496,-0.0020540000000000003,169.55888068552025,0.6248879435965335,15.091171623650041,2.6703410979222895,46.98632033767228,0.052248613225615886,-0.026160000000000072,0.47776174397406107,6.111099954120737,16.399577367903152,0.9364851583980818,1.7910914491476055,31.329793414085287,0.35756255370406337,3.323448816136839,48.83326238565136,0.03748972482387416,2.2616825334851387,17.56264956275964,0.0765245450950689,0.523916240144493,5.035090563261367,0.10454822007888609,0.27269770105273705,15.438139639720466,175.3328918005426,True,0.07965816423945517,166.6195849726093,True,0.10113962326407996,164.9457705987879,True,0.09893921281777013,168.39083658182267,True,0.09695708205695974,169.69900536449663,True,0.09518126332950208,0.022704656262537905,0.02111785133483041,0.019860608475069496,0.018627088473510845,0.0026713264495378543,0.002410447676262575,0.0019069598842136341,88.63130472707725,174.89913637975903,True,0.08165894128630377,176.9703330337636,True,0.10226554659806011,178.20076881120244,True,0.10474411491344039,178.95828321045633,True,0.09803973745884881,179.38353322508704,True,0.08280993177149709,0.023161992250236157,0.02747660817859438,0.028020050767263084,0.03618857770070556,0.005321241396516387,0.011601369057141535,0.022808719933393905,85.3253182315959
525,17494,176.04109815453404,4.947405839242578,97.88182168476662,97.97797384686037,166.82756785403836,178.79747464227276,167.6057697648684,172.55534991946323,1.0654657137942714,8.852375924617338,0.4720925,0.545213,0.005610999999999977,-0.0018849999999999145,171.09369231529146,0.09615216209374466,11.969906788234397,4.949580154594827,47.02733285505361,0.05817340936372909,-0.009369000000000072,0.26151349814404184,5.961698894135279,8.372036843594424,0.9178862712802145,2.1077935039658104,83.41955244246974,0.4220994676682214,2.3798954025696974,67.03378626115443,0.11348504575212909,2.1690850093336826,13.676897357844606,0.0589936614907804,0.6181636920035357,2.815166508651626,0.08823459944723973,0.8806196215897901,11.259161623757064,174.57643847909674,True,0.0756533891507842,145.1583559834325,False,0.08653638069621349,141.5919425370159,False,0.08327459367658305,145.83654247278662,False,0.07924365958232861,155.2482927499277,False,0.07643345069405144,0.011446090424245279,0.008846929071717555,0.0053817322490067555,0.0031810364663109577,0.0034375805445108322,0.004049961975130288,0.0029429007798428327,88.96249828103275,175.57242064469307,True,0.08702793322261536,178.46639767077104,True,0.09999234354689365,177.2086065115276,True,0.0989569804005761,177.30135905620142,True,0.09531249973114754,178.57043638862788,True,0.08919460757243122,0.016329734382408097,0.018325293039948953,0.021556518318132944,0.032464189763491705,0.004454175793567219,0.007618800758649615,0.015179222937950375,87.91401059467405
526,17527,175.44399770195892,3.774031508676442,97.69807059426563,97.88655804136734,167.53317730570296,178.0825020066066,166.52541934638077,172.53738557692552,0.9907372997434242,11.60530547518927,0.4723685,0.5450045,0.007290000000000019,-0.0019980000000000553,171.66996619328248,0.18848744710170706,10.54932470090364,6.011966230544743,47.104936142958145,0.0675858923222887,-0.006828999999999974,0.09261637545928973,6.218957193821703,44.71811285413283,0.7977146273796865,7.173999866171437,106.96832193322379,0.3971771136639488,2.5033638235233653,47.46064737512363,0.16872977875904716,1.3609485594566988,25.106068498751736,0.04681504832698816,0.4240060039205826,5.324066850331893,0.05414500990123527,1.0157977255938646,9.911256844293062,173.42144927490585,True,0.07135140383342159,138.8133832868701,False,0.07944245044684872,139.7985019214387,False,0.07816678816479533,144.957225186674,False,0.07637632519308579,149.8036583808127,False,0.07345406796086931,0.008237257067738065,0.006819052500164379,0.005083051150637653,0.0022866440475071493,0.002249801102320022,0.0018792876309921022,0.0029262074430907036,89.8804270777964,174.53592696081708,True,0.08516952631663509,176.52994358714272,True,0.09976341619050538,176.18293802538653,True,0.10040820795632195,177.8792568334994,True,0.09710176517962996,179.98229696520494,True,0.08831560632753417,0.018180472738628096,0.02178243558466314,0.025725781037706133,0.032016742182801795,0.005126735901136297,0.008813953142602941,0.014030636550064288,88.45516633293651
527,17561,174.6797178484515,2.953789864354237,96.96713941022719,96.94059177291406,168.56947942224008,176.98700972381857,166.28628089693905,172.38182726803024,0.9514522484774477,14.547963603948633,0.47354,0.5447500000000001,0.006552000000000002,-0.0015479999999999938,171.72592798409727,0.026547637313129258,8.417530301578495,6.095546371091189,46.56638807352002,0.07058872895866591,-0.009220000000000006,0.1594699809201048,8.873339300351175,65.9600490581128,0.43899936063918366,9.268211664267952,51.37807113740439,0.337909138344118,3.060607224173489,14.12139477160762,0.2027351796658293,0.49750575545672104,34.495215556792246,0.03691026584603882,0.2753112276900409,4.797894240140587,0.020576610648523303,0.8424593425281464,5.818249490306136,175.9758967231311,True,0.06744537085671642,116.4424937280368,False,0.07026122294694284,118.93595286005561,False,0.0684526581003252,130.7160030151448,False,0.06713449284086392,138.8474224528001,False,0.0639510035026818,0.003030264014900296,0.001202038684901648,0.0011411121767819356,0.003628104325953104,0.0025498033257488075,0.001393407334558028,0.0031849185232905855,90.16921697100986,176.51464732382345,True,0.08172518124788712,176.706403734782,True,0.10285397202344691,176.2944350973482,True,0.10589565691755254,177.79816766403547,True,0.10264696208363887,175.6166071790077,True,0.0933125804005012,0.024455729410508293,0.029241808152027777,0.030584669770981655,0.0313917903439737,0.00539728867117553,0.007705943744928325,0.012931845034642182,90.23670254666115
528,17594,172.5797061384792,2.3507082570324216,95.37288478756551,96.5067183781012,167.86879195160301,175.20825574799173,167.14172640921385,171.14135359793312,0.4784083750086184,17.990104884751943,0.47490725,0.54594675,0.007398999999999989,-0.0014600000000000168,170.2289978814468,1.133833590535687,7.3394637963887135,3.9996271887192734,45.675480614272615,0.06368700388619335,-0.0049799999999999844,0.5095252711354079,10.626157338532181,10.201459386558287,0.1768203886362799,4.996485103389454,139.55574486158153,0.2932225563893099,2.7399287446557388,34.1730770213146,0.20029260183363487,0.9502816580142819,42.19073368277032,0.03612174106742858,0.40489585180707877,5.647049553315155,0.0033346588180154274,0.7856000400200566,16.305467264807273,174.08927138429846,True,0.06665367257698564,153.8013358246706,False,0.08170422273664928,152.58097418914602,False,0.08164904747760374,157.43699329097396,False,0.08124068552763453,162.85228278038412,True,0.07952589141279724,0.01596771621115547,0.016582501439770674,0.016995455892679055,0.01603716274781802,0.0019371858454985836,0.0018844535016815528,0.0020033671655489914,91.33966609466361,177.33482532743486,True,0.07696733887175783,177.02644188059293,True,0.10887432205988704,177.2793506056827,True,0.11213699591571018,178.44759122771802,True,0.10927844824117883,177.23745225327565,True,0.09455038598546281,0.03394308567293198,0.03868623858686703,0.03918362894117898,0.03267757348702621,0.006143169296055569,0.008112976334243792,0.016922241931848145,91.38666307775047
529,17627,166.22916628892753,3.8951086341479204,91.81864898110933,95.42822226925179,169.1186668333646,174.34130965285775,169.20537648998933,170.18506436318123,0.0007600585321165571,20.778190579888534,0.47661725,0.54633975,0.0069130000000000025,-0.0016019999999999923,162.3340576547796,3.6095732881424567,5.222642819493132,0.9796878731918923,43.03649040890177,0.058357705446667504,0.0025720000000000187,0.857544207075638,9.231393598729966,87.9372870204715,0.16453077563009355,3.071804394257085,85.05319772153688,0.2658281088747548,2.099705633684067,52.67138572514791,0.14090348349888965,2.2892760989078775,16.18583424311863,0.048090656251651674,0.486524635872219,3.2531922558350685,0.03641746903704089,1.0020660180267353,8.29864433101477,,False,,,False,,,False,,,False,,,False,,,,,,,,,,176.48661468463624,True,0.0731354487851138,174.11287698153896,True,0.11044787376857913,176.39803365251746,True,0.11762993997278076,178.33681805862324,True,0.1093555835108569,179.33194714185453,True,0.08731100407737848,0.039225521704624844,0.048060496345751554,0.04265660307619439,0.029109037084726782,0.010030889990424622,0.010460649167236253,0.022993020897655,91.49406375296003
530,17660,156.2178727473001,6.027176391711053,84.12722173287732,86.75056171217118,171.17804615717486,174.410237877345,172.40457444145608,168.68197890881024,1.35272698986864,25.665135174714678,0.47877475,0.5465012499999999,0.006772,-0.0016329999999999956,150.19069635558904,2.62333997929386,3.2321917201701353,3.7225955326458404,39.94220589692472,0.05590242016227918,0.007298000000000027,1.1164570461186962,4.992354045502082,141.41156356935053,0.2383595426487397,2.545896558572335,44.287387520706474,0.18324615913948775,3.0239329686921095,20.38544246697365,0.059810939855456234,2.0164818345562927,26.29206797766352,0.05771155936262355,0.19117946033239727,12.745702924473926,0.06474710358239871,0.8430932446089467,8.163369506172048,,False,,,False,,,False,,,False,,,False,,,,,,,,,,178.27266201956058,True,0.07541477686103697,172.8266616893816,True,0.11106902365646326,175.24873820363314,True,0.11836568063843503,177.1172545987956,True,0.11026116898527785,177.03935213838946,True,0.08916540450757796,0.03824918154679914,0.04652004062766927,0.04046265869910183,0.024197583763673623,0.008496428955743695,0.00911892235957733,0.02116616585496767,91.17716513851026
531,17694,140.12551276832448,9.479666435898197,71.70063505613737,76.21492351158822,171.9108543485324,179.94431908486447,175.12714103538087,169.08610461443516,2.731924911376321,25.717274246771584,0.48214900000000005,0.54668825,0.006526000000000032,-0.001526999999999945,130.6458463324263,4.514288455450853,8.033464736332064,6.041036420945716,37.308658986288734,0.05390121925337126,0.012205999999999939,1.18550654254815,1.5362127226336284,143.78676312230834,0.32254413299852563,2.2371701288852197,47.24609519463849,0.0740683661853902,2.6176631734314175,29.03171253848358,0.03492297095089919,0.805948075814573,36.303147203633145,0.05659340714940574,0.40771924812229127,16.55352225260032,0.09141079749775692,1.062967068815345,12.181322714973241,,False,,,False,,,False,,,False,,,False,,,,,,,,,,176.07521959152027,True,0.0744242205736815,176.45941055118314,True,0.10312151120886469,176.4163768181801,True,0.1053764434871475,176.9078344809837,True,0.10243816683248484,179.00785140407342,True,0.09005943973287864,0.02881765170863168,0.0309657037704619,0.028019833689727706,0.016068917978507458,0.003051123071919559,0.0034226495584561015,0.012925226535732347,89.72269269759657
532,17727,122.79344579442153,15.239625919399346,57.89723202555168,64.19540720479839,172.42801324083865,176.98105547744976,176.65701763020598,169.66364931819268,2.6564555861136,21.21902554750243,0.48863749999999995,0.5470582500000001,0.008658999999999972,-0.0005760000000000209,107.55381987502219,6.298175179246705,4.553042236611105,6.993368312013303,31.349601400723323,0.053006472680230336,0.013589000000000073,1.1071665101826251,4.944716657678221,120.49039980522407,0.38299428246280737,2.986043746658492,68.64768222024276,0.05637078850634086,1.3001995332884424,35.316517466169294,0.005819391813087309,1.224849292949262,16.58676044143755,0.030394794660692614,0.9789319562820527,9.279415355814267,0.1303157597669477,1.249025982128645,12.487596291213888,,False,,,False,,,False,,,False,,,False,,,,,,,,,,179.70931131600835,True,0.05029115199515712,172.49108123180872,True,0.1079787286181866,170.36945647632214,True,0.1084832589895786,171.9993393738695,True,0.10997924370080013,175.0060711221315,True,0.10544695802629868,0.07276351300617638,0.07458154336027109,0.07663393133592974,0.07350326395473879,0.003422754008105141,0.0022615963388721593,0.0051212486758601865,73.25252385263941
533,17760,110.35137597212022,23.259303316472117,39.57268432671939,55.452509924862284,171.81309929667225,173.70771141408733,179.72892667346918,167.9429921639336,4.64370899756396,20.41928133388473,0.49335599999999996,0.54589675,0.00932700000000003,-0.0017340000000000133,87.09207265564811,15.879825598142894,1.894612117415079,11.785934509535565,29.163111220185414,0.05191018656294733,0.011314999999999964,0.8827774523048331,8.239737520989316,45.43912658994914,0.46679050023716545,5.327870844520091,67.94806977216187,0.08385211579961521,0.6484239574507644,22.171098401013033,0.04629551321720642,1.1740803845293653,16.730949993847794,0.011419459436667403,1.008211873604156,6.674038953275775,0.15848691267965,1.0723864164072834,15.886777159423632,,False,,,False,,,False,,,False,,,False,,,,,,,,,,162.89734419484424,True,0.08900240763597357,178.7774316983541,True,0.11923281557104991,178.1143434320753,True,0.10862531937812658,179.25073795483368,True,0.09896724218144104,179.62790540732576,True,0.08690786920641877,0.03027113668166425,0.023859929274832332,0.02172012974178567,0.021297718398927155,0.017548645446301508,0.011947403441752538,0.012502487152562929,94.54650709904097
534,17794,98.8960604045547,33.01685087297947,22.163440946293704,48.79235007370265,165.2984891076132,165.08647891500232,178.66173056144302,169.30510791638983,6.6213183546747745,20.036225118637653,0.49824975000000005,0.5455895,0.010487999999999997,-0.0013460000000000694,65.87920953157524,26.628909127408946,0.21201019261087595,9.356622645053193,25.519187874162064,0.04787065708761471,0.004256999999999955,0.5849564205297927,7.78428721018628,65.8232647140652,0.6090181717313654,6.498271808424866,64.85594918128402,0.09606743908716206,0.2499448526313834,21.723654203502267,0.07657266142318116,0.9691016351766518,25.553503186831932,0.0381959681645504,0.5990935575150583,14.52645922701889,0.17654939793699995,0.536137471821453,18.75398570820848,166.10483182076828,True,0.028316002295521867,128.46909249935277,False,0.03347274672027972,137.92616598586176,False,0.03240739807513097,149.45698680692684,False,0.033355556193833784,164.83951660970354,True,0.030168773740409133,0.01097950604535551,0.02273594247001861,0.028701691396152935,0.028737757549955046,0.01441491411698308,0.0066050844809132595,0.0038879364706744354,57.09523215195037,166.39264705888795,True,0.09480121354708491,179.11007294232408,True,0.12521728814345087,174.2034169938552,True,0.10956636728941961,178.0398137040114,True,0.1075297362035265,178.98668858130344,True,0.09449756658242582,0.030872879813843134,0.022176054405597084,0.024855506472409708,0.025200178570795876,0.02056512934556944,0.005727090448037292,0.014169131307176161,91.10138228023588
535,17827,94.13868333783803,39.36753343937538,6.966936263450297,44.23623197901032,163.302796076191,163.58220997601282,174.79624102003146,168.50163035270887,8.018626141312538,19.444198496025265,0.50205625,0.544788,0.01083400000000001,-0.0005459999999999354,54.77114989846265,37.26929571556002,0.27941389982183296,6.294610667322587,24.653617545291773,0.044164662038783886,0.003786999999999985,0.4046677526705721,4.0716290180300145,129.8941788476859,0.7287346427048566,5.117927412050356,103.89542681401844,0.08762343421071388,0.9375738683578492,10.41520668880542,0.0988964887725639,1.1205062952565197,25.210805545208466,0.04699017449232555,0.2870468884206314,4.4870727010597875,0.16648895180490692,0.3606429276217844,7.784370442227569,169.21056333917005,True,0.03034058288827033,20.400288292428325,False,0.024569992266991025,25.551061066010885,False,0.02410854481299102,22.08677108542165,False,0.022783849104135105,17.426782084348307,False,0.02422218629686425,0.005910053299252114,0.00942435615838035,0.015313528202213895,0.02157908341426955,0.0052525476675609455,0.005992575823466834,0.00650866476322148,70.39000116481367,167.91279152610278,True,0.10384971651381628,178.06755553539566,True,0.12373498824908016,178.63786917611938,True,0.1197487574591069,178.2315520871548,True,0.11138110389558904,178.63784716485452,True,0.09647268539851066,0.020763158454339254,0.020293683771065323,0.020033072779780906,0.024332554818596457,0.008367597026625985,0.010839105221373237,0.016127967044857177,89.34221055168533
536,17860,103.72377217970917,49.02660629029758,9.659162949617736,36.7394063156106,162.32141067318975,161.75481127234423,171.80801773434303,167.2565311968511,9.175839901603899,18.528016975206175,0.50492925,0.54263275,0.016351000000000004,0.0021579999999999933,54.69716588941159,27.080243365992864,0.5665994008455186,4.551486537491911,21.72387379843547,0.04844426347876494,0.006230000000000069,0.3269752881542618,2.3279195925802414,131.98900254813668,0.7210181779161352,3.9750676627084447,80.77730802050866,0.09031970035421961,0.7294921497294844,43.25311112065693,0.10413036039734172,1.2992662943386397,34.29254325041263,0.044455042557661605,0.46497089478990006,26.2044279362043,0.15571286632779793,0.10995621898418732,8.494566615867374,,False,,,False,,,False,,,False,,,False,,,,,,,,,,170.45316438763572,True,0.10497928451842296,175.12495749794667,True,0.13264448572028922,173.95700661639347,True,0.12984300995432907,173.17194019129857,True,0.11896650467253382,175.6112854087899,True,0.09683641466411275,0.030419054061558218,0.031067489438317972,0.028095938567700526,0.030818811609145444,0.007435705884447017,0.013099898320216062,0.023637559793684364,87.59979884373378
537,17894,116.78214532429249,58.19007520661781,15.759531717728848,21.586590386125398,160.9373665203222,156.39140666388306,170.85295546405902,168.55812186848226,10.122812234141637,17.865511029525564,0.5079985,0.54178175,0.01869700000000002,0.0025880000000000347,58.59207011767467,5.82705866839655,4.54595985643914,2.294833595576762,17.814980559521782,0.046259439220552576,0.0013060000000000294,0.37083766266900814,5.548485356348147,85.20366099546766,0.6603719324633233,3.7041941835076586,43.10175213951105,0.057578026873520115,2.3083408365388753,58.85868344988035,0.09924302864505899,2.464197826792348,41.181315753129375,0.07733041654455561,1.791007151086171,32.42058335677086,0.17385384792228673,0.28173324930297655,4.2688209389877825,,False,,,False,,,False,,,False,,,False,,,,,,,,,,170.29863427398158,True,0.10937071553665537,179.3962666052091,True,0.13718008043808688,176.17922031564893,True,0.13775811247981007,175.47873756426338,True,0.12959284215573022,177.31708588205746,True,0.11069789237831047,0.03260294603252903,0.03635911639465408,0.03493673678236139,0.03384718969131708,0.006391755079788337,0.010942000731127737,0.020609393901810887,81.39054981983644
538,17927,120.5560500037621,69.33675021469259,16.299788084428616,15.932647929100058,161.24643838855806,152.9180287775602,171.80438049639244,172.26476213773313,9.028014298258956,14.995554140602064,0.5099165,0.54141975,0.01819700000000002,0.0030519999999999436,51.21929978906951,0.36714015532855804,8.328409610997852,0.46038164134068893,15.093807799184152,0.04189734087027481,-0.0036960000000000326,0.5768678084860527,6.729334693452675,39.9448733266419,0.5886217774835865,2.4729774266104205,67.33770844778545,0.07237517747086895,3.890452499331483,17.603204781191078,0.1526376067372938,3.803748116101734,29.033004621528185,0.16254369340890223,2.612666752259432,23.955835895796042,0.17303527946700945,0.17693375950497575,11.59012917467263,177.20679865951877,True,0.07507041990025096,174.78165435141983,True,0.1044602078544744,170.3942221021332,True,0.10313180481791248,168.47878300884358,True,0.09828096827463596,169.5212437204193,True,0.08748634863222941,0.03129085957592092,0.03050548017979724,0.027302961469408478,0.021768942486946868,0.002024341868361142,0.0057957468888832605,0.011880050673292652,92.40198122615222,169.3398078306438,True,0.1083234629108579,179.27249585829364,True,0.13894152640949362,176.57000501185084,True,0.1441205668390185,173.79005414905515,True,0.13839042375106747,175.2502722457846,True,0.12318667483944848,0.034672290521394755,0.0440157724117162,0.04282265406300735,0.03766036862538653,0.011506340382589044,0.008488468648702115,0.016597555482660734,76.3664608746655
539,17960,122.63918640495186,103.68022974098609,13.61358292724184,13.548454510777281,159.94623017813865,151.98683710495345,172.46823545274134,173.89896942719827,9.053103225665337,15.278196753311986,0.5097642499999999,0.5406617499999999,0.015698999999999963,0.0034159999999999746,18.958956663965765,0.06512841646455847,7.959393073185197,1.4307339744569276,7.103553032018112,0.037259151063866174,-0.007516999999999996,0.774832199886208,4.748230671813467,113.85637053469799,0.5449913484581694,0.7721351055495553,80.63185123024834,0.2033432206508551,3.3901413482611207,35.0964443919062,0.26356479804110594,3.9474255406470595,27.90002613187301,0.2493910119408601,3.3028535751914583,21.201365488479755,0.16238926279654997,0.8428458456239988,42.241426803615745,,False,,,False,,,False,,,False,,,False,,,,,,,,,,172.21587190752928,True,0.06288792438139458,178.41657980117958,True,0.09865886432044516,175.568222655077,True,0.09990111461340154,174.65950787668007,True,0.09563368595845301,175.22839401707037,True,0.08646618567972103,0.03889061627179496,0.040769560434225874,0.03728328559824102,0.02953928172789582,0.002513941924547905,0.004490291415932756,0.009227269368561946,94.3584674908397
540,17994,121.23300361076556,143.96302300986503,9.385588635452676,42.20851598111411,161.15832043012844,149.4825776227862,167.79449649552026,177.11019023929472,10.42940262484711,18.615706924559255,0.5095395,0.5381212499999999,0.020838999999999996,0.0023199999999999887,22.73001939909946,32.822927345661434,11.675742807342232,9.31569374377446,19.1360958239694,0.03039765439964076,-0.008191999999999977,0.8945972745572791,3.3578276164378407,148.59146915082133,0.5947502679226234,2.9701177577891658,36.22520251320801,0.2983937198796152,1.550975703155569,74.60943863675583,0.3648051728506506,2.6583213640106775,60.262556101413786,0.3833826763310447,3.938034451507334,22.49826109932077,0.21811608518971365,2.657723301161305,34.55404514265157,,False,,,False,,,False,,,False,,,False,,,,,,,,,,174.83508323209367,True,0.04236813259986803,176.9802803518491,True,0.07907832753036706,170.96355468709012,True,0.08133099577651812,171.39021557200851,True,0.0798590425812882,176.1358702966673,True,0.07732467679208237,0.0392058686550879,0.04136190230151417,0.04007464108385752,0.03791025371848624,0.0022551880187691633,0.0015747672843947846,0.002733668780229217,102.2801119533821
541,18027,125.79096965508205,171.42674559786863,0.5266782455372987,69.28700444275681,163.37340404180904,154.0272834327281,165.01993115967187,178.5092172944071,11.430392029565775,25.883584100698258,0.50613375,0.53390025,0.018354999999999955,0.0008839999999999959,45.63577594278658,68.76032619721951,9.346120609080941,13.489286134735238,34.30787722095557,0.03718650229586,-0.022792000000000034,0.8587990764237965,6.324381105460154,98.02445930453094,0.6547125377959503,3.1859125229319294,23.71762001040787,0.30601138777269926,1.6116182000062493,87.54594140487133,0.40357428315593075,0.4390900706890825,78.3862625512657,0.5122729623650123,1.83521798847221,83.71339399539632,0.332602182047574,3.1154526042644495,12.940413378080143,,False,,,False,,,False,,,False,,,False,,,,,,,,,,152.52802953865225,False,0.07714003137800761,177.46167184457232,True,0.08215544243688298,175.2469654291248,True,0.10405983649804573,175.49721227426232,True,0.10811155396163723,175.07963766616655,True,0.10920440663727818,0.03491737740724523,0.04894444488397028,0.048676974238339846,0.04691740455310805,0.02200508563946081,0.006351865237865127,0.004354196711220112,73.81399880740436
542,18060,142.00999581678457,151.8165904140492,5.257887849738712,60.516897561796256,163.8407319420951,159.95366640768748,165.3794528236655,179.01663869585377,11.73111252038404,33.048607607899676,0.502949,0.529378,0.012083999999999984,0.00039800000000000946,9.80659459726462,55.25900971205755,3.8870655344076113,13.637185872188269,20.647463928979512,0.03136974504199865,-0.023001999999999967,0.7376016101541378,6.406033002847599,80.50321185904473,0.69107686110224,2.6557188490644212,41.00199746872817,0.19207639786120476,4.227578218762591,61.170098188957326,0.3511725330108294,2.5510847547888997,66.66481789051582,0.5040635438797827,1.6510071420763415,78.03761169194684,0.41928218191483585,1.8879976396148348,38.92778237713452,,False,,,False,,,False,,,False,,,False,,,,,,,,,,163.6883191298661,True,0.052850686513989595,173.92836390330953,True,0.06565576895444901,179.731178809465,True,0.061753985822779085,172.21620026722323,True,0.059523123548752055,169.54773438257416,True,0.05730565742577257,0.02977475685878892,0.02507016154714605,0.02470898476263241,0.023291512316721774,0.0049258284582392245,0.002392548432111664,0.0022783893433739296,89.44067734141852
543,18094,153.02575448008676,137.20927724417126,3.1758749765290974,59.43890051357336,164.32862194964034,163.80902087873852,172.53364891177245,179.03783273734112,8.718483768509321,38.20728035249978,0.49987750000000003,0.528067,0.008043999999999996,0.00024400000000002198,15.8164772359155,56.263025537044264,0.519601070901814,6.504183825568674,19.77582191735756,0.02619132260883361,-0.021765999999999952,0.6195567308076534,5.312365242489608,103.89835311914759,0.705936897394237,2.5081945900334564,53.2040525368307,0.03624974266778169,5.661315937654107,18.0467912126433,0.24390613494160154,4.5309967534096245,49.66644268917746,0.4122098968193961,3.4094752559380126,32.631734063372406,0.45282795881352644,0.6742916046633419,31.883674822610097,,False,,,False,,,False,,,False,,,False,,,,,,,,,,,False,,,False,,,False,,,False,,,False,,,,,,,,,
544,18127,158.01823587042063,118.42591217631406,4.001282266469034,46.097007016945064,166.32809470778443,165.59068757814256,179.1227905061022,179.34794083834794,5.966611962511907,45.93268980305569,0.49593475,0.5277735,0.008220000000000005,0.0007779999999999454,39.59232369410657,42.09572475047603,0.7374071296418663,0.22515033224573244,20.662651476617548,0.021424893652011497,-0.02082800000000007,0.45491917858089514,5.364363901361385,42.7072797327418,0.6505004306762242,3.422372285346576,45.55714420388062,0.1928173241511503,5.398132690450537,42.7744651479427,0.09662224748902383,5.8428497402378134,9.283037029539537,0.2872909572916616,3.631388702022815,21.507571141084625,0.4520962588770859,0.27968152643130784,23.589031032010517,,False,,,False,,,False,,,False,,,False,,,,,,,,,,148.70516848136575,False,0.055097448625140544,173.56589203347397,True,0.07230072813602921,169.82315532789033,True,0.09297012729904158,175.43505472551703,True,0.09695599738541186,178.3871710950999,True,0.09687655824295167,0.038335667882534674,0.05465779564709865,0.060298646634895495,0.063064988781415,0.020680208823897248,0.005848117731373064,0.005380540121586257,90.61516515335663
545,18160,,94.43510492647506,,31.84279693353567,164.44611212430817,164.82281686749744,177.91764998042095,178.97314521041895,3.6285591216429047,49.20012111827961,0.5003225,0.52762725,0.006826999999999972,-8.20000000000265e-05,,,0.37670474318926495,1.0554952299980016,0.7160999865936333,0.018207400281204357,-0.017668000000000017,0.2655375350760635,5.880953108710028,76.42209669278681,0.5631490603650834,3.937619041410164,21.17689984331738,0.33820346957868597,2.839316125899111,74.19734711772375,0.17711919934030787,4.9155355103546405,51.998216808936796,0.1762088131817912,2.626377297421588,29.26291362144854,0.4349324956584778,0.9463847401957789,18.91675045607349,,False,,,False,,,False,,,False,,,False,,,,,,,,,,152.0114852858593,False,0.06825447120885199,177.60114058656038,True,0.07677536444068504,177.37604069965016,True,0.09912206439537065,178.2388036986792,True,0.10845121113662132,179.84839191389042,True,0.10133991483122534,0.021363148761360043,0.04496880423137795,0.05754003358532213,0.058584460482281435,0.025008319595686522,0.012689166284669803,0.013243286034817845,78.68265539413075
546,18194,,81.62715071126345,,21.12843656801323,163.39615677732468,164.99171024700385,178.43958309443258,179.76323419228382,3.15717177298143,57.25197896538489,0.50301375,0.5254755,0.005684999999999996,-0.00016300000000002424,,,1.5955534696791744,1.32365109785124,1.4596022837652072,0.02178747759608713,-0.01789799999999997,,,,0.4538826947553053,3.3973675532755587,39.38518894594216,0.38196823315348655,0.5084562316427769,60.944692700574386,0.29711857369422356,2.4629347309852063,90.74582376150533,0.11153753307989081,1.7896590468104854,33.26544796722344,0.3895317176986758,1.5420812408167095,8.617352725387072,,False,,,False,,,False,,,False,,,False,,,,,,,,,,155.23547837560258,False,0.07390293058465268,178.1273952573091,True,0.08633330048133213,178.90933641210594,True,0.10703582548847831,179.74170396019554,True,0.11085817301850137,176.0190135197807,True,0.10016497296460475,0.022880631918721098,0.046458364639750276,0.05380219439762656,0.054450925152838336,0.024038200806216783,0.008255961543030585,0.017067373904616906,71.43812280133014
547,18227,,74.65492102504038,,16.68190054980711,157.76787388202334,161.83786152745384,177.4823658224292,179.37221353014732,2.49554718880901,60.90995419373668,0.5056665,0.52484875,0.0043360000000000065,-0.0004650000000000487,,,4.069987645430501,1.8898477077181326,2.979917676574317,0.02557267066616237,-0.021923000000000026,,,,0.399343261236687,1.3855955703794458,44.92994370309741,0.36907286166586517,1.280486743485464,23.846181532506336,0.3206980993018173,1.328812869251031,100.97695923706421,0.05630559655431473,0.8675346895706677,51.93347332451051,0.332057343943629,1.0191270475072782,36.01462778447775,,False,,,False,,,False,,,False,,,False,,,,,,,,,,154.98398865185894,False,0.07055018674674081,176.37033324297352,True,0.09995299693856101,178.6919394601304,True,0.11564497319814639,179.97584460296332,True,0.1142257065725575,175.48928904018368,True,0.09916533267730206,0.03669793341592949,0.05476939981412973,0.056905341331020924,0.05098333693472794,0.01808191762507509,0.007418185492423322,0.018486882187107763,76.08923483276561
548,18260,,70.5521751345634,,12.383054739523171,155.21959020047527,159.9131792511735,176.71292536071243,179.25480921005328,1.5880604856746907,62.230321560173024,0.50868475,0.52543925,0.007097999999999993,0.00011099999999997223,,,4.693589050698222,2.5418838493408487,3.6177364500195353,0.020393523923049668,-0.018206999999999973,,,,0.38307540582656807,1.0725815198234114,21.909764677665613,0.3044735104068291,1.1781052037430584,20.403667210872488,0.21394706206379008,4.204848518097917,81.68784748452303,0.08605814253937161,2.050127884775986,27.514302434071052,0.32912397703678303,0.9159505930999073,45.02806056436588,,False,,,False,,,False,,,False,,,False,,,,,,,,,,161.11360389372223,True,0.08250819150847985,178.4122165874442,True,0.11370078512481777,177.8641568506278,True,0.12096965004495958,179.3707669714645,True,0.11482755017851763,178.4355494611901,True,0.10452965230019655,0.03801499372616021,0.04798156072909679,0.04625938704738751,0.04318910385733886,0.010390763302087118,0.008805921643984835,0.012281331605326845,79.71817038805258
549,18294,,67.68348698987324,,9.851812233487776,160.55675121352914,160.93816870122453,177.8785749773946,177.2408197511205,0.486025879111023,63.17277034244045,0.5092807500000001,0.5251907499999999,0.008846999999999994,-0.0001100000000000545,,,0.3814174876953871,0.6377552262740949,0.509586356984741,0.02329058447098314,-0.01853300000000002,,,,0.3276223523652011,2.412629866530975,37.264988407858766,0.2975113120541899,0.45175319572795386,12.408198730796009,0.09902759469709313,6.317421295253609,28.94042458656928,0.17610182736663224,1.676966531416696,31.19592426037251,0.3887506936439987,2.095818521594108,18.173034860223407,,False,,,False,,,False,,,False,,,False,,,,,,,,,,162.5189196696446,True,0.08446202179086174,179.98345570208494,True,0.12454328237604782,177.24865585496417,True,0.1312847288758293,179.48505148878772,True,0.12840935139233436,178.9438617399621,True,0.11712704820407624,0.046438910086262705,0.05429916832696425,0.055737402612608344,0.0528827588728122,0.007931998045889888,0.009386235720457946,0.015827564436766643,81.32311238645363
550,18327,,65.81891328350459,,9.928687945593659,163.6860641399554,158.80425461333954,179.51963577162323,175.64601721006704,1.0484721633162506,63.74196638179291,0.51074925,0.526447,0.009728000000000014,-0.0010419999999999874,,,4.881809526615854,3.873618561556185,4.377714044086019,0.02843179419241778,-0.01641999999999999,,,,0.22569784973957124,3.5170576626467915,13.120520751584882,0.31969070228926083,1.000661043693347,32.15541238037205,0.2433609733907067,6.07875845008475,64.88503496050551,0.1970546675925424,0.09618597139502011,39.708715747837005,0.46947059105328953,2.0378760582684787,11.841700101255816,,False,,,False,,,False,,,False,,,False,,,,,,,,,,163.25875162635293,True,0.08648838193653521,178.52241606420833,True,0.13136797774572007,177.35048418143444,True,0.14154718318991727,179.4400934326949,True,0.13854085094296195,177.26698070644224,True,0.11869869533402629,0.04927353846640209,0.06144341358518426,0.062173026643392595,0.05331060862530084,0.012725538574064341,0.009551385082803438,0.02437942201939989,82.4390367241661
551,18360,,65.26024327529869,,10.415873131576056,169.21699611128892,153.01834901530285,177.4017632775782,170.47606867518317,2.4410812471792274,62.47709580727292,0.5143777500000001,0.526031,0.010195999999999983,-0.0011539999999999884,,,16.198647095986075,6.925694602395026,11.56217084919055,0.047269371267238174,-0.014357999999999982,,,,0.10928604341952183,3.22671479724685,34.59642593851469,0.28404285614640057,2.152520611931026,38.4814458376474,0.37922112966106,3.2117012619224794,75.39126540646421,0.17530226055877163,0.9794149564361265,22.486170494394553,0.523241510032632,1.6334882729162743,17.545394751133774,,False,,,False,,,False,,,False,,,False,,,,,,,,,,165.78893423153784,True,0.08864656496446996,176.84535342363762,True,0.13819393608259373,177.70704783046574,True,0.14835475820141392,179.17721300981543,True,0.14218389765722422,178.70770545165277,True,0.11982388407158229,0.053730686297496714,0.06585616391044956,0.06339605783485285,0.05222465075038799,0.012837424858592152,0.010761924920756463,0.026276039446613803,82.13443574648066
552,18394,,66.89502038887956,,15.264372106727519,168.73629270097948,156.47783836949705,174.49779417144788,172.97612424892841,0.9722031060850035,61.43665458798135,0.520091,0.52538425,0.013093999999999995,-0.0012389999999999901,,,12.258454331482426,1.5216699225194645,6.890062127000945,0.07668825496775888,-0.011460999999999943,,,,0.04415693772629615,1.4571915482282995,59.39469904301286,0.2343907886685013,2.9023853130054236,52.24902932810402,0.3993517186549207,1.8667731257592186,28.85777821441726,0.13416484674467258,1.4770525050686003,8.015121522768728,0.5729001909154168,1.971688549698616,13.495523525819545,,False,,,False,,,False,,,False,,,False,,,,,,,,,,165.53803414922797,True,0.08620471560767426,179.17470118465195,True,0.13707024768344148,178.68112993224744,True,0.14590682907938202,179.79902333130093,True,0.13860168882448726,179.5135672305146,True,0.11886412715365387,0.05536850412463748,0.0661950378578334,0.06286248232451529,0.05333499291272098,0.011685910319696935,0.011609649650183252,0.02357872797671666,80.75538355931182
553,18427,,64.21497042642596,,21.84680834540866,170.4022814160639,163.44890031104026,169.9533587755486,173.50532593672023,1.3744355518794427,58.79017207915683,0.5287895,0.525188,0.014162000000000008,-0.0018159999999999288,,,6.953381105023624,3.551967161171632,5.252674133097628,0.10643428609710312,-0.010255999999999932,,,,0.018453388151743404,1.0091353484450858,42.106417289510816,0.13040086406875687,4.555196854219805,64.990867408108,0.4498345031136047,1.3380390734716883,31.24070614463113,0.09179294949183639,1.5092183861623731,6.248985939813436,0.636397554192915,1.403565372747132,38.449076979318455,,False,,,False,,,False,,,False,,,False,,,,,,,,,,166.25745862880137,True,0.08143419361668658,179.31168898714833,True,0.1288105596991178,177.89630330160267,True,0.13557496680803582,179.32721972611833,True,0.12923615732448868,178.5167608081651,True,0.11262612565475207,0.05159507108242027,0.06016272737334978,0.057759358531756566,0.05129445476852253,0.009502061092205277,0.0109013946355501,0.021340039456383346,79.27357424887047
554,18460,,52.65227746248861,,35.9928359224513,173.16862336095727,166.48685629954585,168.0351416303343,167.99754736806358,4.048364404025818,53.16189703848951,0.5366647499999999,0.52447175,0.013867999999999991,-0.003558999999999979,,,6.681767061411421,0.03759426227071572,3.359680661841068,0.11503206457766464,0.0033250000000000224,,,,0.05053554792505342,1.4211677717704085,21.357981246316804,0.10978616259166875,6.7269587716414545,60.74075793577901,0.48400320135546854,0.6852491379053767,33.218031956850474,0.059749646316704375,1.4969156300714177,8.50938361871676,0.6355474203324344,1.245069145096387,43.84882189108988,,False,,,False,,,False,,,False,,,False,,,,,,,,,,165.6937730218475,True,0.07265665756831922,179.07622712471235,True,0.11685645825969562,177.8607324165483,True,0.12177085287128434,179.8011811162352,True,0.11740547425908204,179.50477615204764,True,0.10672059836788769,0.048039374267365244,0.05487226120728022,0.05410460450830401,0.05131939190013848,0.008320411648470239,0.009426850428430507,0.01618431839775772,76.97820059127352
555,18494,,38.436798357170204,,55.270311293089264,170.96987659728052,168.27825678363823,169.04238632750216,167.0366205014171,5.92678361941498,46.41058619457887,0.54219775,0.5258545,0.013433000000000028,-0.004757000000000011,,,2.6916198136422906,2.005765826085053,2.348692819863672,0.10428087686627883,-0.0047639999999999905,,,,0.09852081571920385,1.8420036779082596,9.751209865265412,0.3501933588177124,8.385443582577924,26.485009739677743,0.48181462167075473,1.2512551230510485,33.32591769180473,0.051269412301257825,1.220727926722541,20.34972177707131,0.5867312561157652,2.087489942690599,37.17623309504892,,False,,,False,,,False,,,False,,,False,,,,,,,,,,166.4422647050633,True,0.062250557266581956,179.7474907731412,True,0.10209547165276234,176.2247929895797,True,0.10448680014719568,179.64528158699147,True,0.10335691433571347,179.83727064970665,True,0.09870120275356327,0.04338677867738052,0.04726313101139201,0.04942528835525399,0.05190506022537692,0.00550160967354101,0.008393751247207652,0.014120206868173045,76.01802128996063
556,18527,,17.870192293296057,,68.61839960408228,168.62004541040002,173.64522092895962,172.45990916644166,163.30180318198123,7.912472643600656,39.68973159787403,0.5492312500000001,0.5273515,0.009545000000000026,-0.005422999999999956,,,5.0251755185595925,9.158105984460434,7.091640751510013,0.11767308447559278,0.00014099999999994672,,,,0.17350782426776573,2.041632235454622,12.342473629978533,0.6287491635016669,5.848855318658948,114.63439674572123,0.47152974717224844,2.4580385234760738,15.311126778024859,0.059813247065955505,0.4691472851514286,25.578872384354202,0.5092273294603202,3.186765362255945,29.541944542864353,,False,,,False,,,False,,,False,,,False,,,,,,,,,,169.77094035868265,True,0.055002557195097786,176.8898379400668,True,0.08676125782859541,179.6924599213573,True,0.09128572280482866,178.95909122809,True,0.09215345550764772,179.65784402717568,True,0.09067996810762564,0.034744966628275836,0.0410968870110621,0.04494904679745726,0.049576086271507974,0.0076167657178096496,0.007757994715130984,0.012425570811837998,76.02389274618233
557,18560,,6.5128672469719495,56.39821671342788,80.23022430888672,168.23235311641335,174.9275871292264,176.5430094911145,156.7095061804189,9.543471597540956,33.530311927980414,0.553813,0.52832475,0.00714999999999999,-0.0064870000000000205,,23.83200759545884,6.695234012813046,19.83350331069559,16.78691497298916,0.12164541166028416,-0.00436700000000001,,,,0.23313878393050189,1.1111871437483032,44.12228486441787,0.7172148394022841,1.450624512229618,121.12430919130828,0.4614799187812274,2.1647158439289536,39.69496934721699,0.039246764211247294,0.7059874440527119,9.743418238056451,0.3819156349424409,3.6893949019722334,8.910576341312593,,False,,,False,,,False,,,False,,,False,,,,,,,,,,,False,,,False,,,False,,,False,,,False,,,,,,,,,
558,18594,,0.2788019365111161,59.97324232315262,84.40932890507737,175.6866451018407,176.22705940398302,175.76656972277385,155.36445348663773,9.31759545677946,26.70192773224905,0.5593745,0.5288415,0.0050200000000000244,-0.006911999999999918,,24.436086581924755,0.5404143021423238,20.402116236136123,15.126205706734401,0.11185705009519963,-0.009534000000000042,,,,0.2456541575663798,1.3095488116176566,40.62822338820548,0.6828274950678588,2.456241717003886,90.41910571770768,0.44684344195728554,2.2875337015164745,69.52222069109318,0.017500245035790264,0.5931138813841647,7.78174781911513,0.26424695595791037,3.1933692571252172,16.027569794662046,,False,,,False,,,False,,,False,,,False,,,,,,,,,,,False,,,False,,,False,,,False,,,False,,,,,,,,,
559,18627,,2.8079184935492982,63.99949123129092,86.79999941317423,179.05921985160617,176.38706256413803,179.48690463273434,156.9469320778909,8.716373014593131,12.025870345104284,0.5648650000000001,0.531833,0.003159999999999996,-0.00702400000000003,,22.800508181883316,2.6721572874681385,22.539972554843445,16.004212674731633,0.07654986548649191,-0.011315000000000075,,,,0.20297044446113183,1.8794191684371837,14.712570686752972,0.5594233514854101,5.11727395352649,61.28703545355502,0.32849397202098435,4.440659464578181,39.89984614662299,0.00835674960757088,0.3535801456068822,7.749117009078004,0.1702763454702707,2.616092472544443,19.565101840492243,,False,,,False,,,False,,,False,,,False,,,,,,,,,,,False,,,False,,,False,,,False,,,False,,,,,,,,,
560,18660,,3.805493738862621,67.97682504525568,89.7291260005865,,174.05798928514957,,155.40708501965577,8.455992574859192,4.251629510636843,0.56694325,0.53478525,-0.0003929999999999767,-0.007274000000000003,,21.752300955330824,,,21.752300955330824,,,,,,0.16801524906097648,1.0820233404488262,22.71755289010756,,,,0.16065337842942817,3.884439821297912,53.58566116656031,0.006222332066636904,0.1678970420061888,7.774474402605441,0.10076693745127407,1.9192941048660965,22.527169553400253,,False,,,False,,,False,,,False,,,False,,,,,,,,,,,False,,,False,,,False,,,False,,,False,,,,,,,,,
561,18693,,5.656784002710536,72.82046543059059,90.25313829672659,,172.8626643388869,,155.4069159432656,7.38049472656087,2.5154403938082823,0.567678,0.53510775,-0.001890999999999976,-0.006859999999999977,,17.432672866136002,,,17.432672866136002,,,,,,0.14965038283230683,0.9914223672242903,11.68734419879068,,,,0.07681929416243678,2.4903046739384336,41.68757021233233,0.007983014988139945,0.2599427097592173,11.318172676435543,0.06250095165676679,1.1474349824270897,24.669549207228606,,False,,,False,,,False,,,False,,,False,,,,,,,,,,,False,,,False,,,False,,,False,,,False,,,,,,,,,
562,18727,,8.650151162175648,77.9785382596685,91.06162025071961,,174.30065097270696,,157.0919215227472,6.3032185814389,0.35350284001526944,0.570133,0.53534675,-0.0035209999999999964,-0.006531999999999982,,13.083081991051117,,,13.083081991051117,,,,,,0.10471533383183747,0.9961187499772938,6.693351032639659,,,,0.08977070006176546,2.3022142285742246,12.304537413153556,0.017959057505249256,0.6241073016888743,10.403831356519149,0.04274280892079157,0.5137818004680887,22.25835519034685,,False,,,False,,,False,,,False,,,False,,,,,,,,,,,False,,,False,,,False,,,False,,,False,,,,,,,,,
563,18760,,9.59298940709369,81.81980779070638,90.9582212582326,,173.47338519323296,,156.05609801715443,6.2826622575795765,4.636753418511991,0.57238275,0.53136,-0.005934999999999968,-0.0065749999999999975,,9.13841346752622,,,9.13841346752622,,,,,,0.08358967009016828,0.5479080496605762,19.286916407426222,,,,0.14452268572439084,1.7476041969450617,32.15742111793204,0.042580808902884494,0.930858808492256,10.126202771719056,0.028199447631826018,0.5825086277836506,7.493502991935197,,False,,,False,,,False,,,False,,,False,,,,,,,,,,,False,,,False,,,False,,,False,,,False,,,,,,,,,
564,18793,,9.60594396430013,84.93606933845986,90.76089589324606,,173.53168720170615,,159.3503356348391,5.225377224074553,7.132035224599033,0.57395875,0.5302100000000001,-0.0070209999999999995,-0.0064509999999999845,,5.824826554786199,,,5.824826554786199,,,,,,0.07460494256739379,1.5364324281593247,47.021577885316766,,,,0.1578026969391282,1.0169881572113384,29.1725375760725,0.07568246416064758,1.1796725034174012,4.777715093558155,0.03243553776023393,0.35131909877624967,8.603064395413668,,False,,,False,,,False,,,False,,,False,,,,,,,,,,,False,,,False,,,False,,,False,,,False,,,,,,,,,
565,18827,,9.729993451741874,86.77191030815287,90.47825319948694,175.44041351394497,173.61733820511617,178.59362028151443,160.50385781673097,5.268090219405963,8.843871607634393,0.57577925,0.52942825,-0.010324,-0.0062989999999999435,,3.7063428913340744,1.8230753088288054,18.089762464783462,7.873060221648781,0.07897545812466049,-0.00026900000000007473,,,,0.10353862862544294,3.4904187883126854,54.28315384016297,0.01907955774894968,1.0720013849521182,11.328556559713544,0.15257034242314596,0.7110117769514994,24.313386851009255,0.1162699546200431,1.0482719762796995,15.195636261366095,0.025995286183595336,0.1909595858303818,7.946155720645898,,False,,,False,,,False,,,False,,,False,,,,,,,,,,,False,,,False,,,False,,,False,,,False,,,,,,,,,
566,18860,,11.298030211099512,87.91667072421501,88.4818550687893,179.41691688866644,174.12729811078898,176.11494169763895,162.1065824884385,5.228731130958711,14.28104541592927,0.577917,0.52847425,-0.013384000000000007,-0.005947000000000036,,0.5651843445742912,5.28961877787745,14.00835920920045,6.62105411055073,0.07888898108101024,0.005369999999999986,,,,0.24386643542960604,5.1549809224257235,17.019518749857827,0.05265245882606948,0.8521928586093939,13.83323840983388,0.13222903117672008,1.1370693416767255,15.388724116943454,0.14202686202887888,0.16329072556055765,22.60528178863486,0.02192364813132942,0.3211305681405159,14.347439362947092,,False,,,False,,,False,,,False,,,False,,,,,,,,,,,False,,,False,,,False,,,False,,,False,,,,,,,,,
567,18893,,16.932056785189534,84.70000390233656,86.91133620696607,171.40833032431934,175.01412740257956,173.09717268622765,162.78218663484415,5.769806599240495,22.204939269004413,0.57964825,0.5265227499999999,-0.015826000000000007,-0.004341000000000039,,2.211332304629508,3.605797078260224,10.3149860513835,5.3773718114244105,0.07774491914588379,0.004457999999999962,,,,0.4244989103538219,4.439409203890288,48.7212987270867,0.07480577999762701,0.6819063311470763,11.72943813408884,0.08051330048384932,1.2081346237413235,2.462406044651264,0.12644413097477566,0.4530030990694272,8.004104258778181,0.005430149393861205,1.08321622609725,21.961792938105845,,False,,,False,,,False,,,False,,,False,,,,,,,,,,,False,,,False,,,False,,,False,,,False,,,,,,,,,
568,18927,173.46059956865182,19.173341621197643,87.55731041535874,85.71697102826468,167.22749232264852,176.08062891959096,171.22253961373545,164.20411063536832,6.032437599645048,43.08893982191471,0.5810112500000001,0.5258192500000001,-0.018230999999999997,-0.004398000000000013,154.28725794745418,1.8403393870940619,8.853136596942448,7.018428978367126,42.99979072746445,0.08357235323359034,0.005740000000000078,0.03150246164423895,1.2841669856286975,77.513305513288,0.5269697865947556,2.3266021869721634,68.60212089294245,0.08985652782005007,0.07224127441875523,24.80132782871671,0.053683550381016035,1.0160957787003446,2.8640927932534783,0.11167579211400565,0.5517599051666053,21.94752966209641,0.0506835971340016,1.7832592615978344,4.4949241525760115,,False,,,False,,,False,,,False,,,False,,,,,,,,,,,False,,,False,,,False,,,False,,,False,,,,,,,,,
569,18960,178.7449397295721,25.00389704519298,87.59553142360899,80.4286046958184,164.79060235949686,178.46473577546718,170.90824178134352,166.4857736978915,6.228659604619554,54.06256739628727,0.58221,0.5253205000000001,-0.020682000000000034,-0.0045280000000000875,153.74104268437912,7.166926727790596,13.674133415970317,4.422468083452031,44.75114272789802,0.08401875638213169,0.008767999999999998,0.07740128022551199,7.038151288413648,181.55520696082885,0.5578188939513165,1.5963416610217414,108.3222149576737,0.07941135508270816,1.0267538242225542,17.01795355740322,0.024655435001694256,1.3908551544866927,6.086993623733639,0.12894768216233907,1.1767901707679642,17.069957565921587,0.11434433841020572,1.354868774945364,19.798928727230674,,False,,,False,,,False,,,False,,,False,,,,,,,,,,,False,,,False,,,False,,,False,,,False,,,,,,,,,
570,18993,177.81964557119574,31.75016931279804,87.63979270153294,73.43019814999387,164.3682684156233,179.1407937479148,170.74308499397236,166.80737584615576,6.183698012738435,56.246875967673425,0.58159025,0.52518225,-0.021076999999999957,-0.0045719999999999095,146.06947625839769,14.20959455153907,14.772525332291508,3.9357091478165955,44.74682632251121,0.08446109722233074,0.0032119999999999926,0.4765091848307186,12.792139949151638,48.28600130716615,0.5239781603968132,5.041464668775042,51.69063634681629,0.07346903146129763,1.1219865423339466,10.977942180642305,0.044946970826352385,1.198009414623376,11.680408088472426,0.166927407722689,1.396113770056162,17.279617334058997,0.1398449164930549,0.48687382565599485,13.030820327480654,,False,,,False,,,False,,,False,,,False,,,,,,,,,,,False,,,False,,,False,,,False,,,False,,,,,,,,,
571,19027,94.00604698196244,,87.93717164460126,61.53437085529023,164.5805154052236,178.97174040375188,170.25424963546845,170.5272977331669,4.631383746965927,56.31656482696263,0.5793985,0.52417025,-0.020408999999999955,-0.004678000000000071,,26.402800789311037,14.391224998528287,0.2730480976984495,13.689024628512591,0.08418515846038421,0.0025010000000000865,0.9046418415902207,10.134097970121477,143.2237594868984,,,,0.09258328565909459,0.9755057750383114,51.34751234386197,0.06698923152390435,0.9923584118091595,13.364819269412225,0.21624669372672659,2.1257892953451347,26.91035730918295,0.1465003641880812,0.4831233299189781,8.254157253259415,,False,,,False,,,False,,,False,,,False,,,,,,,,,,,False,,,False,,,False,,,False,,,False,,,,,,,,,
572,19060,176.65007944438906,,85.61932941898664,33.178994397201606,164.38378832736635,177.09601237682904,171.22797249526178,172.8241064225291,5.34513356310196,61.3613926647535,0.5835735,0.5232315,-0.021255000000000024,-0.004955000000000043,,52.44033502178503,12.71222404946269,1.5961339272673172,22.249564332838347,0.08693552545421242,0.001695000000000002,1.151299285373253,3.1969760058581835,200.9307174805373,,,,0.06776545051882348,3.3611838159201333,61.745713389590655,0.09853063706007775,0.33071951672301125,42.362174995033776,0.3081670557080412,3.162601209684121,16.4917362501807,0.17206888409862856,1.0269961106451524,20.228217158315395,,False,,,False,,,False,,,False,,,False,,,,,,,,,,,False,,,False,,,False,,,False,,,False,,,,,,,,,
573,19093,28.080328953723544,,85.09403890676391,14.400688772079944,162.98254205019865,173.55854765756655,169.54252800084183,175.30918417922237,4.9680746688053645,63.89745667202455,0.5876272499999999,0.5221405,-0.022404999999999953,-0.005736999999999992,,70.69335013468397,10.576005607367904,5.7666561783805435,29.012003973477473,0.09096473850894084,0.0037840000000000096,1.1154314357401676,3.1460113303015165,105.92491036895252,,,,0.16243310542482658,4.787391268601831,23.90253245237563,0.08877462983763898,1.8774829417294194,48.280147557288174,0.42436430912478296,3.214220690720115,23.708187602597548,0.21427366022679,1.8169246813871953,21.260864940982355,,False,,,False,,,False,,,False,,,False,,,,,,,,,,,False,,,False,,,False,,,False,,,False,,,,,,,,,
574,19127,24.472285521211894,,82.99111384405828,34.70425903695895,161.91856353562432,169.06560041049823,170.23868825286326,178.09061742744518,5.686482073946581,66.24171992880403,0.5920512499999999,0.52121675,-0.02508499999999997,-0.007303999999999977,,48.286854807099324,7.147036874873919,7.851929174581926,21.095273618851724,0.09213232514704063,0.004861000000000004,0.9454517762387641,3.94563549381817,48.62733914441307,,,,0.3091152332716887,3.903750890613887,57.144417571621524,0.09777535247031406,3.0421348885780586,21.380234455245724,0.5229809397524877,1.5994021432238594,62.560487386153824,0.29378316353390793,2.4508171402474783,8.372306257804743,,False,,,False,,,False,,,False,,,False,,,,,,,,,,,False,,,False,,,False,,,False,,,False,,,,,,,,,
575,19160,30.597886884703712,,80.61820748550389,59.41581280336422,156.55072908386146,166.9355599631536,170.15521586577444,177.13493763458703,4.895125957136892,66.61195508214314,0.59398625,0.5190184999999999,-0.026185999999999987,-0.007985999999999938,,21.20239468213967,10.384830879292139,6.979721768812595,12.855649110081467,0.0813870433177173,0.002882000000000051,0.8633297149087201,6.400038838589758,82.2437802003276,,,,0.39278004430268487,1.8525636573321338,72.43453040973404,0.16745259855380662,2.8683992078157723,22.507293145448088,0.5301365868794505,1.019615712154959,53.37830802079522,0.3784690202702179,2.3740479392615996,3.045017088315775,,False,,,False,,,False,,,False,,,False,,,,,,,,,,,False,,,False,,,False,,,False,,,False,,,,,,,,,
576,19193,32.14510465779593,,77.32987951449513,65.682398970617,157.15368468133437,166.06861640919786,177.17710887727515,174.58698027037948,5.649820878192916,67.65564955434566,0.5974125,0.5180675,-0.02487499999999998,-0.008691000000000004,,11.647480543878132,8.91493172786349,2.590128606895661,7.717513626212427,0.045605539279784814,0.005252999999999952,0.5385942668709767,9.092541239148877,67.07338288775571,,,,0.38370028930206884,0.8967017723911993,58.32470276336645,0.232914963509298,1.792020238290932,37.964251298119166,0.4586194421518437,1.958628381626013,12.983369362108093,0.45045429475792786,2.3236111976260507,20.768889924428954,,False,,,False,,,False,,,False,,,False,,,,,,,,,,,False,,,False,,,False,,,False,,,False,,,,,,,,,
577,19227,47.58501391215088,,76.053295174279,62.7446425300208,164.22627326009666,167.63967142257525,178.6167880447184,172.12607918915725,4.880742489860633,66.30467767133247,0.5963685,0.51679125,-0.025042999999999982,-0.009172000000000069,,13.308652644258203,3.413398162478586,6.490708855561138,7.737586554099309,0.011733464620477587,0.005163999999999946,0.25781869792445844,4.2737175645687975,147.90294634682516,,,,0.33285829446464427,2.078917728656715,25.431903977204808,0.26614777286195773,0.32699756718764256,40.15882360969128,0.4005742460706272,1.835720173428267,3.4665609242570565,0.5338550348941012,1.1167651312952709,65.26847263446979,,False,,,False,,,False,,,False,,,False,,,,,,,,,,,False,,,False,,,False,,,False,,,False,,,,,,,,,
578,19260,99.78763680206983,,78.29032704398902,48.02782872137691,168.04597721357015,169.5103532030607,172.98962013243985,173.81915281883806,1.87898114520392,65.87461412173059,0.5991452500000001,0.51620175,-0.02342799999999995,-0.007212999999999914,,30.26249832261211,1.4643759894905486,0.8295326863982098,10.852135666166957,0.008597693876848528,0.008525999999999923,0.29936706702555005,3.201474653995448,29.35565681499123,,,,0.27590344415209417,2.511167660012364,9.267769232066389,0.2538643976897474,0.989206398327874,36.68745600464379,0.33640735064650557,1.743721495193135,25.242985519264618,0.5212222399918229,2.131531521724321,60.51188091055463,,False,,,False,,,False,,,False,,,False,,,,,,,,,,,False,,,False,,,False,,,False,,,False,,,,,,,,,
579,19293,50.570516148438394,,72.92819073644472,,165.579121448303,,164.54838934114588,,1.1555941408170949,63.71243672695527,0.600877,0.5156017500000001,-0.023235000000000006,-0.006344000000000016,,,,,,0.011776542149544586,0.011776000000000009,0.3146800896358386,2.544373089579653,63.25438132711072,,,,0.19651070259632572,1.6249055555096776,46.142265550539804,0.20109134713122345,2.1119189314240314,10.485947424336782,0.28697648933560227,0.5910751889382403,54.390183344398224,0.4035389920435099,3.0443477759848383,13.517705560815054,,False,,,False,,,False,,,False,,,False,,,,,,,,,,,False,,,False,,,False,,,False,,,False,,,,,,,,,
580,19327,149.63780836581228,,47.35367529796182,,161.19611648258876,,165.4923159809031,,2.1074784581913835,61.18384399089256,0.5969075,0.51736075,-0.024517999999999984,-0.006525000000000003,,,,,,,,0.2645678179038266,2.515433379368893,57.13831455446297,,,,0.1967674471718734,0.580365942308068,49.30110514349994,,,,0.32619850579938203,2.058318091366895,29.791597957739192,0.3356819587236632,1.3792438534549722,50.522535801996106,,False,,,False,,,False,,,False,,,False,,,,,,,,,,,False,,,False,,,False,,,False,,,False,,,,,,,,,
581,19360,133.72545454490253,,28.02750177026109,,163.12269416117317,,168.1895209088599,,1.966620951939852,59.59045086360046,0.5973999999999999,0.5177097500000001,-0.026503,-0.006295999999999968,,,,,,,,0.18997245689277245,1.5245658168943266,122.97225886757542,,,,0.22505278048144134,2.0460042022710074,45.49090239518935,,,,0.4178301547037628,1.9851066854400468,30.752320316622107,0.34122846673994217,0.6114680340833556,29.015786091395512,152.826078773648,False,0.03480451614374199,18.55275709550717,False,0.03527024425773088,31.666604468031192,False,0.039361833811447325,39.079259155597306,False,0.04468634539767152,56.175793513628534,False,0.051083334366503516,0.0076529383899258336,0.01705232127893445,0.024645512796450424,0.03077382800367874,0.009453547323624056,0.007706442240100175,0.0068134018669090725,106.7038199620325,,False,,,False,,,False,,,False,,,False,,,,,,,,,
582,19393,148.9965236242852,,40.291129396411584,,165.67636556703727,,172.62764407508456,,0.0833537976919728,56.26888489794264,0.6024795000000001,0.5216952499999999,-0.027597999999999956,-0.0036209999999999853,,,,,,,,0.2029667980650228,5.674452125821433,138.95367157643673,,,,0.20679419402528645,2.950607653343388,38.866212376553875,,,,0.452045183042872,0.6884028283698229,49.66811592015364,0.3712429341587518,0.6355410227230294,7.939989531605446,145.99296716130027,False,0.00765960579925625,131.88773598760176,False,0.012299996788617491,98.88402906622817,False,0.014585117791776663,98.7406807541761,False,0.020746053239110367,102.654359057288,False,0.024887027022125436,0.006281597249107885,0.008749305343854423,0.015643972193787624,0.020216236766520117,0.0024785883078881727,0.006928080975277392,0.004643277829292562,100.91234157404536,,False,,,False,,,False,,,False,,,False,,,,,,,,,
583,19427,118.26836172912631,,8.04909295974618,,169.60864140284374,,179.3098537941368,,2.700672583192981,49.70829993399423,0.60058575,0.52727875,-0.027195000000000025,-0.0019199999999999218,,,,,,,,0.4693827329911649,9.327167837753882,46.68098468117743,,,,0.18425240963158346,2.782264952529249,39.457125877138814,,,,0.41788266643057453,1.6335542965894096,28.12176014283659,0.3826784538400811,0.7877650113032274,9.294564400892542,174.31355194234771,True,0.04656722188406775,177.23151562760827,True,0.05558402590672972,171.4443195746113,True,0.05125934890339517,172.05483234097528,True,0.047504488651073803,177.51551992223975,True,0.03851602741716753,0.01261262327987322,0.009619890228063933,0.004630009935194532,0.008459675762108121,0.004325378364952609,0.005294545117382594,0.009113043948099869,95.9610808841516,,False,,,False,,,False,,,False,,,False,,,,,,,,,
584,19460,73.90694067536393,,35.72183235627381,,172.43392963624459,,177.42827354211607,,2.276687584903897,42.44341870726018,0.59792775,0.5302975,-0.02457100000000001,-0.0031170000000000364,,,,,,,,0.8034649317914636,7.756166376860315,105.36748373290668,,,,0.16838608061033508,1.6480386485177874,51.402238009094155,,,,0.3649498891871612,1.9861579736996922,16.963916030701146,0.42229817231268546,1.2464974805233748,17.95230188425681,177.97098652492645,True,0.06428527235689367,171.967094820397,True,0.07087702026044831,178.031279580235,True,0.06760569373211107,175.26742625804653,True,0.05514998789664418,168.12472422376493,True,0.027530012731562623,0.009536426007682345,0.012098614672763153,0.01904825348949347,0.0409478864533934,0.006109947299281703,0.01400603191485728,0.028236591331107938,110.71497210821869,168.0061856415982,True,0.04290405058965881,179.20606029882643,True,0.0610678980889305,177.982864272076,True,0.06319143373907576,177.03769144833691,True,0.05727601219533357,167.10713716112977,True,0.0496356909693015,0.022819765862076638,0.027492344261630337,0.023709336093615085,0.022445339761295636,0.005837155557289887,0.006095935121045856,0.00889731178502811,77.82152036911357
585,19493,32.75291111883056,,73.07366461956018,,175.6335031830961,,177.7120244239225,,0.8695447600127354,34.24693204993749,0.59576875,0.53206925,-0.022033999999999998,-0.0022090000000000165,,,,,,,,0.9810303853030148,2.8634489023185186,136.83222409408384,,,,0.1320735759983579,1.321712978969925,44.209163874209345,,,,0.300086627339185,2.214006681183964,8.880626420494757,0.4607423322961153,0.5348129989338463,58.52812545877398,,False,,,False,,,False,,,False,,,False,,,,,,,,,,171.18388032306484,True,0.05620264143258749,166.84615081563413,True,0.06821646985882517,169.86603895383067,True,0.06633582966240793,171.3665256419153,True,0.05939266474068999,175.0577387751194,True,0.046967921872273645,0.012059609280569601,0.010757936465698247,0.009650640859549187,0.022438291757618252,0.003406212706217828,0.009300904902212484,0.017836434901627597,68.96470718719533
586,19527,24.66047139981785,,79.74354624855006,,172.137442927948,,178.33790775581298,,0.5571959824451423,28.667934539651135,0.59358025,0.5345854999999999,-0.021216999999999986,-0.0025969999999999605,,,,,,,,0.9850414664170416,1.5074784436305517,119.30562627883792,,,,0.08007862820069458,2.333303146296281,30.05840908768008,,,,0.22296760101171,2.0435024274407594,15.661252821479065,0.39555451836884953,2.701611649691208,39.7795232405561,,False,,,False,,,False,,,False,,,False,,,,,,,,,,171.57716147519196,True,0.054786654296461665,165.45046464192973,True,0.07433981579207743,166.9909758868528,True,0.07297308479843789,166.81061302119048,True,0.06754430397894401,173.49308264089564,True,0.05502077928383059,0.01955412450098447,0.01838059525695513,0.014662729520795165,0.020967944915990244,0.0031877962607419165,0.007647360655808061,0.0204203909120271,67.79397388734948
587,19560,24.259376804678503,,81.45892349865444,,171.57889379982007,,178.90257425985862,,0.539757275347891,22.136470534444296,0.5924105000000001,0.53831825,-0.020475999999999994,-0.00261100000000003,,,,,,,,0.8894585957270984,5.2049730397683485,110.21362329495001,,,,0.042473723257359396,2.9745259849451338,16.27487835351354,,,,0.17065322600196023,1.1861863546241802,21.63990683185659,0.27998547089102627,2.9863766687971354,14.699396484435853,,False,,,False,,,False,,,False,,,False,,,,,,,,,,174.34162360593723,True,0.06150083915687654,171.5801632605173,True,0.08054374327034966,172.1240663508064,True,0.08112579634740114,169.97070190580632,True,0.0753393583527229,170.89564721080848,True,0.06401579455884306,0.01904315218129602,0.02016305874613277,0.015942183790183823,0.024345544356206096,0.005438030617788052,0.007019171603544123,0.02197484056824982,64.44591711266368
588,19593,23.54654747292355,,83.09866062621,77.19573849851568,174.8572354675099,161.90779381158427,178.06385126112687,159.72838697128776,0.17213827826877776,18.593045353043212,0.5911435,0.5404610000000001,-0.018615999999999966,-0.0019599999999999618,,5.902922127694325,12.949441655925625,18.33546428983911,12.395942691153019,0.08670028360968605,0.00286300000000006,0.6415425822356077,8.582309215625257,45.030168805053556,,,,0.13065090092821252,1.4235736838610178,49.67158831345336,0.2705492785279572,1.7151425899501407,15.013643653241788,0.14832355472030048,0.7943770833090793,5.855201847231349,0.20022060950239523,1.7664337610251668,35.48594423030712,,False,,,False,,,False,,,False,,,False,,,,,,,,,,178.59767448958553,True,0.07121285192997116,162.82006137875982,True,0.08288057290463191,170.2055486167103,True,0.08505493628238169,168.1444429372198,True,0.08133052202586674,167.78644593970859,True,0.06979652365268631,0.011965830058963768,0.01429682796986806,0.013735902482181504,0.02372905430058265,0.0023762291556161217,0.007348401526862898,0.019886267749379172,59.59424137640615
589,19627,23.008946478403626,,83.56123916290424,70.55603683486198,178.76630649510903,171.86664787371782,175.64569541037307,162.44354124975362,0.4343874826428377,14.451718082665801,0.5890762500000001,0.5410755,-0.01627500000000004,-0.00193500000000002,,13.005202328042259,6.899658621391211,13.202154160619443,11.035671703350971,0.10787976057166604,-0.003878999999999966,0.314642788700069,8.211027170377768,58.02567252462189,,,,0.13373349964403594,0.35771812788091,30.515776725502413,0.3349033435307523,1.4104854817729184,39.22210113416386,0.11786070553030399,1.493950000945562,21.07874774875734,0.1618971728237902,1.2663964168711377,21.373632517268643,,False,,,False,,,False,,,False,,,False,,,,,,,,,,179.05265043598857,True,0.08989760981249728,163.0155790174179,True,0.10131886496107223,162.4239648285756,True,0.09932298489775665,160.4718229706045,True,0.08877268250988027,161.16390159090204,True,0.0694902011005868,0.015068022995734981,0.011931825049002306,0.002682351580237055,0.027044501640814237,0.0032509506302003293,0.014418339883634316,0.024743830847304173,71.36560649565703
590,19660,21.229286001828868,2.8553731923891634,85.42087795476718,64.48338273658831,179.32513028973844,175.213080561598,174.50320756431287,162.26017546520936,0.5226501186516244,8.51687478414088,0.58778875,0.541879,-0.014454999999999996,-0.001611000000000029,18.373912809439705,20.937495218178867,4.112049728140448,12.243032099103516,13.916622463715633,0.11504211660952701,-0.0010850000000000026,0.09716959563400608,4.80961358662616,104.7598864315397,0.5151638851793686,9.589131403774207,34.80187422192168,0.10690856767236147,0.6459025001810856,9.107747291498622,0.35565617288326806,0.9907142516406966,73.93482611094595,0.05374036602435962,2.010089540958661,10.183170670974313,0.14465640905283958,1.377420040423249,2.9539582966471722,167.735322000045,True,0.06851981220785708,178.36224646030385,True,0.09194500784708214,179.08423154147764,True,0.09011834668922859,178.8899735398385,True,0.08322869592274051,178.47282711466502,True,0.07084755400153199,0.02645745598125409,0.023789269450741855,0.01584326241656057,0.0024731957059641913,0.003144669457987546,0.0080917207687858,0.013377423705631893,70.44395021480737,176.15578334097,True,0.09106301371028742,174.509567462409,True,0.11149078127361024,177.8128369925056,True,0.11020551140936648,177.7676295519691,True,0.10381184836038712,176.60662443476843,True,0.0892234169374834,0.0272830398782834,0.027492196220018566,0.021885591104651544,0.010899415947655191,0.0023334185222544297,0.006568677264107259,0.015833594222412102,60.38133593768197
591,19693,19.821467578914305,6.721421273195564,85.6863699004274,57.65815755243199,178.95423244745092,174.80369197767362,175.05887463577804,159.14231583803746,0.33507986216917923,5.200005025991475,0.5862977500000001,0.542782,-0.012736999999999998,-0.0003789999999999072,13.100046305718742,28.028212347995407,4.150540469777297,15.916558797740578,15.298839480308006,0.1335090559662527,-0.001555000000000084,0.06016757566019605,1.4759256255714808,82.09953920954837,0.8424928128793786,9.86687404465513,43.06675791433204,0.09204111236898171,0.9549917643371206,17.74222701528312,0.2726093162143569,3.6393847769318306,41.974464482714765,0.054595083654078405,1.189580015099981,25.31868730636638,0.13653125079468656,1.0874342863447224,11.251054650058508,,False,,,False,,,False,,,False,,,False,,,,,,,,,,179.17926355848192,True,0.08169571668698428,175.27643331638873,True,0.12042829483555768,177.06326850107843,True,0.12323390901046673,178.1805188435793,True,0.11839400797759998,174.9045985952346,True,0.1094856041313195,0.04744973964101384,0.0513125297076649,0.0479757881644481,0.0412696059709806,0.004066308522480742,0.005132163773692283,0.008960909384655116,62.43306682679198
592,19726,19.765036031179662,16.899613263544403,86.35938243212723,49.58628185311032,178.76451313888685,169.87017977139635,174.26054509664493,156.61011050329085,0.1561169859811309,3.5857552281938374,0.5843812500000001,0.5428145,-0.011100999999999972,0.0009510000000000352,2.865422767635259,36.77310057901691,8.894333367490503,17.650434593354078,16.545822826874186,0.14650015230367505,0.0011029999999999651,0.0782725790912391,0.7280804357089703,43.85618715868153,1.162670740982208,8.486146902407457,98.30565633217789,0.04904508850914394,1.6388613318971483,8.190733817718801,0.12858342171748297,3.7597016731673514,34.17522897962476,0.06793915078465737,0.35408036707084184,12.764907553883194,0.13104695985285492,0.9889214016184157,13.843988842878698,178.5632723020238,True,0.07601136247956608,174.19250210975395,True,0.12230603205075373,174.05146947482356,True,0.1265150350353664,172.97190402463298,True,0.1187516149363873,172.63725961317536,True,0.0999819750955141,0.04630352308410243,0.05051705367497202,0.042880463616896784,0.025426719214243963,0.004220161371322166,0.008329041721590732,0.01990609901512599,86.53888611746012,,False,,,False,,,False,,,False,,,False,,,,,,,,,
593,19760,20.540628070115808,39.55464809468058,85.57506365393422,25.825229768207823,178.81802128739545,164.22679423006144,174.6752061060777,154.3079191413195,0.715377165368965,1.6780000009201397,0.5807152499999999,0.53968575,-0.005473000000000006,0.0038319999999999466,19.014020024564772,59.7498338857264,14.59122705733401,20.367286964758193,28.430591983095844,0.13975464965789147,0.0010100000000000664,0.09330098448260579,1.5693561180366244,21.312111904386505,1.3946779669241898,4.587287255351627,186.65369786245603,0.04004578523686808,1.3804036047636377,24.2691260868948,0.10309526428514407,1.4860660940957726,62.858395160551574,0.07280930574714162,0.34131463110827,7.789886804371629,0.11842180656500892,1.4342841064007437,12.290102251072692,175.22881455098465,True,0.0758847826971917,173.09074517926604,True,0.12170658652677757,173.28929347296454,True,0.12675678799969653,173.56145075033123,True,0.12034351851678593,173.93180936140106,True,0.10242568757884911,0.04590035687225095,0.05095213896393359,0.04478348235677966,0.028002728527770252,0.005052380429065152,0.007240683185998423,0.018600778505213134,88.27962537810996,167.26616269278122,True,0.07638219410962219,175.2965430671513,True,0.09307420730256052,94.46372884849615,False,0.06517155405543128,11.993940064996597,False,0.05838567767012729,0.6992795710998235,False,0.054574909885404393,0.022557349888672657,0.017555827095298026,0.0276415532125096,0.03605751034112027,0.027917243793039507,0.01020759192953949,0.008416049667153768,63.502978000480645
594,19793,16.765645555670588,69.37643656660171,87.74676416138006,3.793628614497149,179.25362875301855,157.0475078966793,173.59363987050426,154.6466828495459,0.34217255944521746,2.287284289260379,0.5763255,0.54054325,0.004168000000000005,0.004641000000000006,52.61079101093112,83.9531355468829,22.206120856339254,18.946957020958365,44.42925110877791,0.13881467398297628,0.005311999999999983,0.13809761931870415,2.0533585534234624,8.104733267572904,1.4172836852724882,4.940125152366946,205.83275930015083,0.048204848408969,1.1112723486721003,19.42988545977748,0.10248379673908586,0.5800776840897699,44.04606932472295,0.0880921184185806,0.8758364709016863,13.60319158271197,0.107675902970222,1.4120211832060994,18.1436559337065,175.4275084285883,True,0.07990377989181739,171.94572815483428,True,0.12098182192379145,171.2918733301968,True,0.12884246210003894,172.11888544582055,True,0.12293803477362081,172.8245058185757,True,0.10642495137889418,0.04116670544262674,0.04902190821459309,0.04334380930421321,0.02781286797509379,0.007861093308185543,0.006634248864792395,0.017096036090275466,89.22300486046416,162.56159767327918,True,0.07434098146379292,177.73664940022104,True,0.0944191567479821,179.43311332882217,True,0.09156977508435857,175.80607335426572,True,0.09032713986947671,178.04912977264758,True,0.0819260501672088,0.021043507122150574,0.023272581850753076,0.02755471418831997,0.029835520927243758,0.011032928260439286,0.007812514319986917,0.011846786104256254,62.976796225821424
595,19826,17.067726274734376,95.42442895900771,87.8426413010981,20.580637700351524,179.2287634339018,160.00441949557194,172.43816978413912,157.7843587518973,1.4723833972165,0.2358794713588357,0.57567725,0.5379065,0.007095999999999991,0.007730000000000015,78.35670268427333,67.26200360074657,19.224343938329866,14.653811032241833,44.8742153138979,0.14222224789392124,0.004069999999999907,0.1992670807995873,1.1314829457048226,45.63592523333718,1.1378028281603902,9.966143647195844,99.73342300997918,0.06128753320519487,0.6809960744930058,11.504484517635952,0.08298507020676144,1.4214727643362757,12.56560308281844,0.12560280931839032,1.2350113155609859,4.537215691499051,0.09927766525693145,0.8668031154646598,25.798561027974955,174.94171749731447,True,0.08057083951405739,172.90138800550196,True,0.12129125126735228,172.75208245731892,True,0.12787923766194406,173.62937342422217,True,0.12226881599165006,173.48878439581773,True,0.10542104922642347,0.04077534139648619,0.04736901114652908,0.0419611379254662,0.026417716025425076,0.006593670070605556,0.006343664950168779,0.017779271076171752,89.12461611009819,164.12405465460952,True,0.0837557417315374,178.4892717788473,True,0.1020866002764319,174.76335763561215,True,0.10790799537569025,172.19979427989026,True,0.10688735682015901,174.51010836916473,True,0.10053149802922458,0.019546528924594235,0.028910168332266756,0.03314600918662762,0.03437747391825058,0.01144583775876628,0.009101576676598435,0.010194681358433906,64.65901003909856
596,19860,16.940061084574644,129.30428203168506,88.12692577774715,48.0863972174209,179.6497434443986,163.41372849212453,171.6797916025393,161.4701053040661,2.4331055895896396,0.5946110390451034,0.57219175,0.5383535,0.01027100000000003,0.008430999999999966,112.36422094711043,40.040528560326244,16.236014952274076,10.209686298473201,44.712612689545985,0.14758005711138616,0.005540999999999907,0.19738740969135277,1.2720364358601328,46.36471441972356,0.7914397367036236,10.487471773384037,41.43644046495785,0.06892908498978606,0.7218779065316613,11.361842134673024,0.12309475442631855,1.2631932768476455,24.768319428153724,0.16421005802959884,1.0188044703671013,13.48524375307583,0.07700699277199259,0.7687579962944399,23.96241169541011,175.3514283329718,True,0.08060191325892954,172.92139745756822,True,0.12072103593409066,172.1143107768519,True,0.12763775632625324,172.97870528646501,True,0.12051335874499557,173.5686002341755,True,0.10271529946410127,0.04015260016487104,0.04709203356195185,0.04021676910195544,0.0240433177619063,0.006957447879790382,0.007899568848994258,0.01876976345082694,88.69148048273075,161.3176226677499,True,0.09276376612126086,170.64669519928506,True,0.11520797890771269,169.48073348861274,True,0.1180979280512575,164.61268053328868,True,0.11348911994107622,173.7356561580876,True,0.10975411622804852,0.024781937716813,0.031194416631826975,0.03017061010321139,0.031976255972205374,0.00892745663669113,0.006531969457981314,0.00720212024337275,73.33128567770989
597,19893,17.208594985034033,151.8808381444924,89.02458271816401,64.53491777843728,178.53197420567759,166.56757703367418,169.2785909625145,163.83844367496246,3.7787964811569554,1.0390700866746803,0.569827,0.53844225,0.013934000000000002,0.007437000000000027,134.67224315945836,24.489664939726737,11.964397172003402,5.440147287552037,44.141613139685134,0.15330644921202763,0.004268999999999967,0.1260604260850204,2.1493999855902026,23.40110541052244,0.4787853696616557,10.339306509776923,50.41815214974342,0.08637226256990743,1.0085168530241932,15.404663010954177,0.1306500114279181,1.1833108502422607,40.58410608777704,0.18603543295585295,0.4287676853566843,21.399192871371106,0.0479627274948983,1.121730032331066,18.19059424094091,174.99128523371087,True,0.08264742917356831,172.94513403124014,True,0.11981533217414204,172.0836043316839,True,0.1264655406859908,172.83306517176678,True,0.1197210277687257,173.33532150539023,True,0.10169052502568765,0.03718565213896356,0.043866223407081746,0.03736674009062072,0.021190387938874664,0.006732902865777887,0.007511561022850069,0.019005395286602094,88.39176846882677,162.9611991354124,True,0.09454398757192338,173.73815911808197,True,0.13169621234113005,168.67062947548106,True,0.12737025747402722,162.6475300657948,True,0.11479988728217466,165.49827698424508,True,0.10624682877620399,0.041063238023809095,0.03808299385552553,0.028754224906959322,0.025765089423481536,0.00499369462422371,0.012801895055029874,0.009310987326809123,83.85662414375227
598,19926,15.466706171970927,160.98493497356216,89.19282610018682,70.36426723497468,178.54775405456587,170.39767594479497,171.0023930300861,166.7412971545668,3.0724776917891385,0.08931402906617131,0.5653265000000001,0.5398320000000001,0.018098000000000003,0.004141999999999979,145.51822880159125,18.828558865212145,8.150078109770902,4.261095875519288,44.18949041302339,0.1487596611047498,-0.0020160000000000178,0.06082318509272901,2.365865371062454,22.799994801839897,0.18891095591733267,8.574848423506491,83.88458444633493,0.09311950659367767,1.03850718758916,18.27341562439384,0.09055349367753567,1.9098284749728152,25.291072757166773,0.18399270697793063,0.4113261990405345,17.653864977924865,0.04150748897642558,1.3786264207033192,5.649275826707467,173.85308066500804,True,0.08216666428668015,173.50059947434184,True,0.12092550914509308,172.86762524829473,True,0.12716253524525217,172.50383372595485,True,0.11982256803290434,172.3609266086028,True,0.1009183226277567,0.03876322569136884,0.04504506927511601,0.03799813924391558,0.02127597504228653,0.0064994972113234005,0.008260217914801075,0.019991863244830398,87.58265985302222,161.887048961721,True,0.08518610131353584,177.08890734555905,True,0.13799171870804416,174.6061877470473,True,0.1397980964426912,143.59691884693402,False,0.09963509361665694,150.7998655032198,False,0.09289251430013076,0.05830362555622078,0.05959812153079995,0.021573842054673532,0.020376219276401604,0.0022245666993821874,0.04051253994752736,0.007684972413743562,91.3228452117469
599,19960,14.67275123502334,166.45678465483994,88.15479963366822,72.11463827998386,179.16138100510128,173.34265673685988,171.9607592277792,168.04330203098684,2.351261977975482,0.08849818138622285,0.56074075,0.54046525,0.019560999999999995,0.0040280000000000316,151.7840334198166,16.040161353684354,5.818724268241397,3.9174571967923555,44.390094059633675,0.15135581408389973,-0.0022560000000000358,0.033275797305144864,3.3792102798695374,7.585304863456283,0.1694969084779576,5.415930292285895,75.55639880016041,0.08886582238168092,0.660429618509685,19.39253711786136,0.06275420271896533,1.8062568432856947,29.921513371675587,0.15850335835739124,0.8248185382649607,10.091210327013073,0.07430892898698127,1.308652018715809,4.868854155399987,173.1849025131189,True,0.08101370664893691,174.03428441579624,True,0.12055147950149761,175.02899855568407,True,0.12775391089512675,174.7633160169556,True,0.12182858390788268,175.01525035330164,True,0.10400770198884315,0.03953914749966163,0.046768720936112784,0.04113887387860783,0.025669297847818146,0.007373259862503102,0.007421590799821817,0.019600272753204213,88.33677103544565,160.79426490174458,True,0.07916236410062544,179.73026339823963,True,0.12270553881956593,179.9520772559806,True,0.15228663206269935,179.18931630562327,True,0.14955595186083367,178.4238779785455,True,0.12342281780934995,0.05072298024564417,0.07756425159182545,0.07511446492520606,0.05198422970478648,0.029838416311862036,0.002846812252327069,0.026568361353308974,90.94873349606458
600,19993,13.935772728928924,170.26210373105775,88.47102566940247,74.71853428613785,178.26439182700747,175.68432124604067,171.45100027351106,170.77953442656337,2.743184360411053,0.3971708892404686,0.5566015000000001,0.54161325,0.021560999999999997,0.003898000000000068,156.32633100212882,13.752491383264612,2.5800705809668045,0.6714658469476831,43.33258970332698,0.14177000990689106,-5.299999999996974e-05,0.1666816309499508,2.8083269029902183,28.150650803417474,0.2500471170852408,4.237273413360432,18.560961065366584,0.06596815794504735,0.3034154965207014,21.265189288044297,0.04927430329837753,1.5158411690977198,24.880028472654836,0.12875825416193787,1.0818174078273766,7.025855931107479,0.11304849600758028,1.0544157841750572,11.419478421174352,172.65183254060992,True,0.08187064541091638,174.17692388698538,True,0.11949995759831886,175.61204887107806,True,0.1255841516434299,175.8381450800742,True,0.12028808965562637,175.9258479714672,True,0.10286027146085125,0.03762960751854848,0.04376601480601127,0.03881162151984893,0.02429573717753796,0.0066867267029541155,0.006781866188594386,0.01945868325452673,87.52601823593126,164.6043230150048,True,0.07529038266604839,179.2104251074406,True,0.12835118854533448,177.70877701032248,True,0.14917829167140914,177.0370781332328,True,0.1473581733057247,176.3769018644111,True,0.12253000757365516,0.059830640018304994,0.07934845543550303,0.07791074576719183,0.054946458175209045,0.02085918255828839,0.0021869106063120577,0.024874119964332433,90.21852433787869
601,20026,13.908257526615742,162.94055752291715,87.68866952420606,69.15562303760414,179.60573218152007,176.5533890412352,171.3678475087127,171.81220761400547,2.992542910148345,2.8541124536570064,0.5549155,0.5415785000000001,0.02152499999999996,0.003843000000000041,149.0322999963014,18.53304648660192,3.0523431402848757,0.44436010529275904,42.76551243212023,0.140192098279468,0.00016599999999999948,0.21739996380530716,1.5212716315945871,10.72504148996447,0.36629557925154316,4.46948410673086,23.5892139015041,0.07221117261819918,0.7686593963844375,15.558823667315576,0.05650629387418612,0.5297016721180033,28.22534084955723,0.08754671973270087,1.1894499409663994,9.875404993196176,0.13919708390393648,0.5715170436007236,13.520169984975638,173.1709766690123,True,0.0804845879967091,170.85320105773056,True,0.11780368977667886,173.88256358613006,True,0.1250240473708959,174.76453868319922,True,0.11846747067444298,175.37173060099957,True,0.10033494081824143,0.03732400241131695,0.04460165579886021,0.03849114938528073,0.023516123575113283,0.008069143201108853,0.00819403154741307,0.01996074510132322,86.17371250038707,165.6760496768663,True,0.07587591034050264,179.1781205533539,True,0.13742707340622518,178.170837659017,True,0.14693913059495076,179.64530955589694,True,0.1413739629811656,178.23933618796286,True,0.12621068744365502,0.06832474299256461,0.07843578526412547,0.07146150292989922,0.05635367825617061,0.010116408700719805,0.007900393977517859,0.015335127583427546,89.75463264707429
602,20060,13.662978849588692,156.63967596670494,86.99542966272132,64.19603245220515,177.24338957157636,177.41265242763396,171.7689496484307,172.21774687278725,2.7504685889806884,2.6169206660888586,0.5522072499999999,0.54115775,0.02125499999999997,0.004153999999999991,142.97669711711626,22.799397210516176,0.16926285605759972,0.44879722435655367,41.59853860201165,0.1380383920690182,0.0003290000000000237,0.26848921019176836,2.3717864124656898,13.253786418184072,0.5195017507326155,5.340735192698386,38.141873681457824,0.10891297277744982,0.8602870224729748,0.7069821108494522,0.05237740429684477,0.3873762226082882,14.733966078333212,0.05527352263588515,0.8985406599648624,15.079844925224982,0.15102026720270034,0.24764861661065193,12.480235431382361,173.6457539841278,True,0.08031159658480218,171.90766478002453,True,0.11830502039220485,173.50455904173643,True,0.1250460262343431,173.55925918637865,True,0.11900765646377556,174.33938523519416,True,0.10263492255562918,0.03799360204034355,0.04480104066871666,0.03906938035085792,0.02494777461017312,0.007306637872510261,0.007108616883754559,0.017997923019059794,85.5556884878637,164.40662708605439,True,0.06945310070112061,179.2980803497203,True,0.1340190874204118,176.85770691343578,True,0.13705826361077242,176.32644234212572,True,0.1332434502855581,177.90592931919954,True,0.12234048880072369,0.07018041008714605,0.07426524151310619,0.07078383909481033,0.059178217994461456,0.005109707330170678,0.0038509931186642733,0.011608734125648642,90.08712572143143
603,20093,14.332929131860384,152.26222538223712,87.01588757558254,61.572005926944506,176.61901763181834,179.29180857535997,171.2514259199098,173.91311570237218,2.791393704461827,2.5956804139658,0.5472485,0.540135,0.02135999999999999,0.0037319999999999576,137.92929625037672,25.443881648638033,2.672790943541628,2.661689782462389,42.176914656254695,0.1340445506576079,0.0032559999999999256,0.3748719860999436,2.2871086558896465,36.520935073887834,0.7197178315680761,6.174938703484421,30.23596124968288,0.12729793366824277,0.7240219722926743,3.1893630728293405,0.044981400665134695,0.5044839387114116,7.095955308020356,0.06321358202595305,0.7095119826579384,6.311232906786107,0.15347129086195602,0.27873401465325304,18.875620290777746,173.1969315175655,True,0.08123017786512601,173.10548410905093,True,0.12029820143709549,174.01599716012183,True,0.12597885449550655,174.51893591985626,True,0.11975322434072502,174.93702899440243,True,0.10386167147701797,0.03906919995341595,0.04481218343263357,0.03898634725131352,0.025154697573216832,0.006216441184472032,0.007721647492601522,0.017193218953994668,86.29611190066731,164.74956228603756,True,0.06603567736458824,178.00009306131798,True,0.1235390479524591,178.68105346388725,True,0.1262329398611947,179.39691382030892,True,0.12399369495663884,178.54605344941797,True,0.1164800482357386,0.06504280075458008,0.06807805738268392,0.06559883701713018,0.0582103880248191,0.003075637332326439,0.0024960779234630918,0.007582190976228495,90.48339271858951
604,20126,13.699041036616402,121.06567594363523,87.18676668845679,37.11258477662783,176.43806618750327,179.68258219742737,171.41499794418658,174.370383220669,2.6735411472509947,0.6437949794818478,0.54297325,0.53967475,0.020863999999999994,0.0036889999999999423,107.36663490701882,50.07418191182896,3.244516009924098,2.955385276482417,40.91017952631358,0.1263885864546321,0.0022250000000000325,0.41743554145676076,0.3619078837993529,73.99929398208981,0.9266082402680409,5.9160551036734885,38.79532218820535,0.15383914780158844,0.7061769774182195,7.754299055284507,0.028961550214384093,0.4234264880926002,8.901106939468624,0.07451861970502358,0.48219431636477705,12.522131409297288,0.13341793052285875,0.9981655394288758,16.758474851238443,172.56833715206375,True,0.07839510397977663,172.91105635530545,True,0.1191881964667642,174.3606166279372,True,0.12546562114778692,174.18433007292822,True,0.11960310591702876,174.319744773356,True,0.10449192639146809,0.04079378350925543,0.04712383993267109,0.04164724649961874,0.02826475835736084,0.006985168645065149,0.007617929180558172,0.01643023901226036,85.86363569427489,163.487580025136,True,0.06031758995516978,177.69037105394224,True,0.1123195478133704,178.26508621726794,True,0.11724098567054102,178.86458015548354,True,0.11281218952311844,179.80197729968688,True,0.10613615625695132,0.058995873864194956,0.06394078842960889,0.059373441680603274,0.05273264981963257,0.005004817878804409,0.004580920649825803,0.006768372625676024,89.18562454393624
605,20160,15.66025479721315,88.09814873164305,87.04849686283171,6.641746239530949,173.473852350435,178.43752494559357,173.49870280176867,173.75669289969954,2.785404212650657,1.3908387345016626,0.54053925,0.53684025,0.017832999999999988,0.00410200000000005,72.4378939344299,80.40675062330077,4.963672595158556,0.2579900979308718,39.51657681270502,0.11526377250897178,0.00042199999999992244,0.37241986674680116,2.7178420683605444,59.75841728452655,1.1093469669814926,4.3702573634640665,91.38030041172624,0.17177327397854328,0.3502270779227083,15.591209399174423,0.01722806045000362,0.35734216151672427,8.898223223928436,0.07026324827351633,0.6877719906278406,11.439841081279663,0.10115666885361341,1.3850705653971318,8.468128233904325,170.87719929816285,True,0.07872142809934278,174.0637750513386,True,0.12004760141293958,174.51061185605965,True,0.12518892105933332,174.1073455965664,True,0.11997892221969662,175.03150745044005,True,0.10430496665068258,0.04133030714862891,0.04649136033716372,0.0415497041265038,0.0276012733401922,0.005750793771297915,0.006796709865810023,0.01722020107315826,85.79542160289165,151.36345915729146,False,0.04914785002418727,178.8130510131359,True,0.096205810094817,179.55970526234756,True,0.10365763536758876,179.0819787301671,True,0.10051683519192196,177.36817958696753,True,0.09523367673780105,0.05556272860470398,0.0634122945807829,0.060500964860074696,0.055910279457359074,0.007856587172557812,0.003141925046846231,0.005343319006011198,83.24546849833673
606,20193,17.816984910892767,50.25056292874401,87.10115941993028,27.759096208055734,171.9054540837979,178.0614018381143,172.76841869453293,174.61385290452108,3.518272034316206,3.034951950611097,0.5379102499999999,0.53583,0.014156999999999975,0.00322699999999998,32.43357801785125,59.342063211874546,6.155947754316401,1.8454342099881558,24.944255798507587,0.11304678345711562,0.0006350000000000522,0.23869795698152016,4.052536706498102,10.095009507194328,1.2019996484604725,1.7085395348797425,130.65600948552964,0.16726349929627127,0.6696655686588215,12.757258589641818,0.010494157011061342,0.6110994715471632,6.08881847687661,0.0638948060931509,0.8610952649785913,8.502510603623797,0.07947830632149812,1.5509706350684531,9.578212436144046,171.6215948901964,True,0.07803999044720596,173.54177856109436,True,0.11844015397237534,174.37539221401258,True,0.1252117825845475,174.21452264439696,True,0.12048232788670708,175.3701228492882,True,0.10547043212199325,0.0404013596800899,0.047218978017318385,0.042730605659175955,0.02917045191627987,0.007121943625163045,0.005976995984606291,0.016388617299821294,85.66729981388038,,False,,,False,,,False,,,False,,,False,,,,,,,,,
607,20226,18.441429288454074,32.193452749461926,87.898172051668,39.73397983017817,172.13662592069556,178.72172440341544,171.8635221969471,175.88334909049317,4.42440406855777,5.710913293619465,0.5368935,0.535558,0.009965999999999975,0.0032440000000000246,13.752023461007852,48.16419222148983,6.5850984827198715,4.019826893546082,18.130285264690908,0.10822100761404875,0.0004669999999999952,0.11058664259870422,3.16303045444192,26.602304692750806,1.100770788183747,4.6126970622161165,91.3812556412745,0.15763077252323213,0.8190831460540506,6.609927082531698,0.03155989459875228,0.6800796705641937,4.52330726303719,0.05860454735344642,0.7897137070440176,7.730434514639269,0.07505399034376653,1.6847130275723177,9.680617898220659,172.07952771428833,True,0.0782200387752397,173.1455297297343,True,0.1177922458271341,173.61302833071113,True,0.1241831759982003,173.07757386259655,True,0.11966264684520396,174.6109057484752,True,0.10433109740149378,0.039573489421581155,0.04598550964162509,0.0416458359983324,0.027700587809647563,0.006746548747322594,0.005658803848871207,0.01673038149594928,85.45502429914747,150.217856904549,False,0.05505033410434491,177.66621011942112,True,0.09213744255187463,179.04325674666038,True,0.09994215065226485,178.22980168561676,True,0.09514494379103916,178.63229311052623,True,0.08506660024357386,0.04566652284770541,0.054448908106591115,0.05107551336991144,0.04304492629799708,0.008788320260436617,0.005267016233124807,0.010156840158238188,70.92981994281388
608,20260,18.193784922109963,17.19843421633186,88.71258251599065,48.72301649652721,173.24956446948465,177.65754598892389,172.31078268803833,174.50824963294656,4.348372993344169,7.088721035565866,0.53755725,0.5364355000000001,0.004047999999999996,0.0032600000000000406,0.995350705778101,39.98956601946344,4.407981519439232,2.1974669449082285,11.89759129739725,0.10302287008718021,0.0007690000000000197,0.033013078298425494,2.5818650787540163,29.756316293652002,0.9074104620105835,6.137480122975088,39.224395823394026,0.13567968660564267,0.6815881043817454,10.935111035829667,0.048517229113338035,0.4372984134072489,14.796495990144482,0.05249811889292045,0.5833373133119041,8.965152000472925,0.0974215899966329,1.409628439423847,16.527147468833046,172.9375377880511,True,0.07844762130874336,173.3549947178053,True,0.11821785197253422,174.6786828770746,True,0.12425931833870654,174.24260041082292,True,0.1204628325459766,174.67172289903434,True,0.10550706661167304,0.03977040258785423,0.045838558583358634,0.04224731224586954,0.028589459211394715,0.006387320643274443,0.0052469996188298,0.01623214619204738,85.90684760680516,145.77910654182767,False,0.05110347999891988,174.8404237152267,True,0.08233148866017181,175.856584590541,True,0.09417693935353819,175.97058417874277,True,0.09264658285117695,177.35188514215866,True,0.08623610094386222,0.03936276124714825,0.052199877566906215,0.052545838750561326,0.04894196704261068,0.012855970636245285,0.004355532114449414,0.007669474558273215,69.18964798636723
609,20293,17.84976025800847,8.40265289776831,90.6892250366245,56.70465198658086,170.78234043385567,176.5814122945817,172.18483550975898,174.40978188985787,5.144751054327876,13.866826160475755,0.537086,0.537981,0.0012070000000000136,0.00394899999999998,9.44710736024016,33.98457305004364,5.7990718607260305,2.224946380098885,12.86392466277718,0.10148651886827131,0.0015939999999999843,0.06309909614720677,1.6443585419784374,54.5426064586995,0.6945278245263365,6.75323315860972,15.438504657282559,0.12646867623193295,0.421429176772214,18.012189536857925,0.054760728855671334,0.3349052891072436,22.983312828618622,0.057689598916256433,0.3603115899217284,15.4134247051379,0.11833159010477778,0.8070617398026757,22.190616337619097,173.19640958396516,True,0.07534928501319704,173.3538007611613,True,0.11666930564634385,174.24816553756278,True,0.12235814408939029,174.4432062815342,True,0.11824569949896696,175.61287900032463,True,0.10307558447081448,0.041324850441350675,0.047058973395092234,0.04320191118457607,0.029589474648935618,0.005996681165444747,0.0056102802960280125,0.016687425805078444,86.48313210036895,147.2599445698777,False,0.04685725800769823,175.83615499561094,True,0.07401524741565077,177.69892665231103,True,0.08447991290833576,178.73935993981792,True,0.08472114278030007,179.9672047750492,True,0.07938043313688826,0.03440581465392147,0.04679352139986896,0.04886392078006014,0.046440953963070034,0.012448157654849952,0.004181336269663091,0.0070021106103802695,69.2882688721636
610,20326,18.34997308185103,4.596237181566148,92.08303238797865,59.91135075054308,173.80475470929076,175.731323500006,170.24490088328122,175.1620005575595,6.557132945391658,18.141404628586812,0.536854,0.537977,-0.002259000000000011,0.004025000000000056,13.75373590028488,32.17168163743557,1.926568790715237,4.91709967427829,13.192271500678494,0.09222610324631522,0.00013799999999997148,0.0757276439789159,1.5883460371981588,70.1951744673309,0.46455864519480966,6.459290191297226,34.88245164528191,0.10786812628050821,1.199243812752307,27.387343866405384,0.02760495978387504,1.092316473980343,16.69143754078879,0.0743030679747957,0.5555538892603653,13.105980235127875,0.1208695865490346,0.437873025411938,19.465093484037883,173.7725625672835,True,0.07363344485354462,172.57670528154136,True,0.11335307209776005,173.45730827644144,True,0.12037480134978414,173.34150059627174,True,0.1171590035891395,174.76354434300842,True,0.10406586336066215,0.039732425058131036,0.04685309237392981,0.04398662393273668,0.032856384615474715,0.007531302808943484,0.005166510040636659,0.015386524136399371,87.47903338624019,143.72764144419142,False,0.04471120581017695,179.55857906134034,True,0.07057455573363536,178.8685778595716,True,0.08163135782283665,179.76629578106795,True,0.08257502558279954,178.88515502744696,True,0.0771786909580617,0.0307880388787594,0.04425371510958141,0.04707009943690365,0.04427832965458381,0.013770832400403329,0.004830533096874527,0.0069033814902553685,65.86073968663182
611,20360,18.101732457205625,0.7714243017459295,92.6474575032085,60.92462759964163,174.76663694804807,175.0432526142836,169.54850355957797,176.88922806472027,7.915880488245003,29.176135937849747,0.5399670000000001,0.5383545000000001,-0.004219000000000028,0.003678999999999988,17.330308155459694,31.72282990356687,0.2766156662355286,7.340724505142305,14.1676195576011,0.09329129323790084,-0.0008950000000000902,0.08809618796719616,3.7354305511728807,48.14164310269677,0.26279188748596277,4.581376098942826,75.0378575304455,0.05631150790675129,2.2426343733956777,17.25844603131534,0.02179223521011851,1.2633164524482583,11.963362774583327,0.08474728952052019,0.6923725522143246,15.99990915785558,0.10301081811745628,0.5516208681411809,13.201500208875585,176.16948379483046,True,0.06778266699533148,170.91681525209023,True,0.10689388033465708,172.99634811054398,True,0.11480169817994847,172.37567308525627,True,0.1130260067285401,172.02223564817507,True,0.10415106840546572,0.0391229522914618,0.04713485758968616,0.04571158776502953,0.03820118664387274,0.008422813069277979,0.004587793369366129,0.011313045964725835,86.70657173945176,151.67905070692257,False,0.04584375142808452,178.3285745866426,True,0.07048038073109422,179.218922693565,True,0.08259320381242027,179.33775267967775,True,0.08259176193785916,179.8199752978194,True,0.07559156794907748,0.029468747869565114,0.04436508119005301,0.04650441511297611,0.042840557162576655,0.015239782150673911,0.005012171585251275,0.008564387485395572,57.423996772289506
612,20393,18.37063687791129,0.6109986813608006,92.6119135118804,59.755483175479405,175.33869144512582,174.87134067989524,169.47878025589242,177.08617598153782,8.172621240816165,37.69419555392999,0.541366,0.53847375,-0.007695999999999981,0.003098999999999963,17.75963819655049,32.856430336401,0.4673507652305773,7.607395725645404,14.672703755956867,0.09285638099775373,-0.00026599999999998847,0.2239016035004838,4.583024146238481,18.273802843346797,0.15761139979665442,1.4347562261543823,68.27253645973555,0.05045016711911572,2.3292928105289694,28.151656870894385,0.06294645710406735,1.2928321454642577,15.193700456813056,0.08801351256660334,0.9633000001494064,23.983046715186877,0.08666412595938326,0.4474997342164443,41.85811248869571,178.33307084936575,True,0.06389782159823604,173.86685382436588,True,0.10217550973202925,175.77467197979985,True,0.1099688069226906,174.13165495070368,True,0.10839875029261178,174.41436221245024,True,0.10033492315240991,0.0383705075546311,0.04638339190917372,0.045304298515703806,0.03862008851621137,0.00846230258263078,0.0044337281152547195,0.010075531598878536,87.57190481239107,162.40511582660085,True,0.053519270342559815,177.67350586038867,True,0.07554816652308646,179.10998714377334,True,0.08282488635669837,179.51065224187846,True,0.08490097631947467,179.56999670957327,True,0.07749655825260887,0.024139859258081847,0.03385530200721887,0.038779963202664317,0.0357117752709103,0.010739542867366338,0.007366791703312921,0.009544876374264901,46.47520274697074
613,20426,17.87179651582278,4.275199562473481,92.57813415086527,59.215159981516564,175.29319129079005,173.75920154875791,169.65734446182435,176.05978347305876,8.04506310350792,43.30979668680808,0.54245025,0.5381925,-0.014202999999999966,0.002603000000000022,13.596596953349298,33.3629741693487,1.5339897420321336,6.4024390112344065,13.723999968991135,0.09230970589271746,-0.0003610000000000557,0.35253327776112553,3.4645847127337173,33.95004033064625,0.17021096708008984,1.3213396842498812,24.548902012924287,0.11381641453481452,0.5854069272300856,55.703499904824966,0.1068152405355188,1.0536643797664642,24.984434248487513,0.07728207769385073,1.83810210357415,15.431471579541155,0.12046157258365141,2.213816565343137,63.458323876694344,177.09459886833824,True,0.059226831056540676,173.8017908097216,True,0.09499505039737599,175.10258058507486,True,0.10229981702818441,173.94216127403007,True,0.1015530922670502,174.94096796931677,True,0.0954163264908056,0.03584774822774779,0.043424054589593496,0.04326770218072594,0.038674866774172555,0.008254215165598752,0.004646969442550707,0.008928199146524434,87.87121670522822,159.90147298096514,False,0.05875018387205268,175.73667820660134,True,0.0813035412389891,178.57156299783148,True,0.0882897411537717,179.39404386492373,True,0.08793831561384378,176.90050012308305,True,0.07777325702322102,0.02275227771015466,0.03085624102187437,0.032349062428453784,0.025783809668084343,0.009759590001634335,0.006215790376130753,0.011454636484847557,42.59433969377215
614,20460,17.41893780442517,7.474061918415516,92.74734364125156,56.95284624778023,175.97221155034615,170.36493237168327,169.47005385901605,175.31479888818075,8.11234203456712,46.34967970374031,0.54372275,0.53845225,-0.019469999999999987,0.0008810000000000207,9.944875886009655,35.79449739347133,5.607279178662878,5.844745029164699,14.29784937182714,0.08351116831298679,0.0011679999999999469,0.4336561344045221,4.624490133297653,43.120213599265725,0.16535513987189715,2.0237850384248643,11.460126221186249,0.08883137358102085,1.4031192179715282,41.83099056228278,0.12671215966358496,1.2270986401103026,29.795344319030033,0.11655509517627857,1.9744440684031177,14.254148147416034,0.22601529627777775,4.164669565185938,27.477312830555277,175.60009091449996,True,0.052488986968696555,172.86672762991788,True,0.08678684158903355,174.14942126003584,True,0.0957258556556169,172.40637377558863,True,0.09563102603235,173.8730995572446,True,0.0907212147736129,0.03444569575433198,0.04365968733282459,0.04420554613394121,0.04082359657110093,0.00959642110372402,0.004842231820142455,0.008283810838014105,88.20088191444474,165.14080808632508,True,0.06284487553492327,176.46205461710733,True,0.08698104176198397,178.6745284714205,True,0.08915676093264045,179.6251644499212,True,0.08383463986920921,178.45731253245862,True,0.0710632789842968,0.02473676189399091,0.027788030246852728,0.02455772149447097,0.01710312500685183,0.004610362458635998,0.007217587547096334,0.013320881727573442,44.43570114956881
615,20493,17.39234617943049,12.709044256840668,91.05949705872327,51.79285054838061,172.3009020055131,169.3718594833181,170.74013566591358,173.69958366623834,7.194332145758049,47.57044562835712,0.54351125,0.537311,-0.02471200000000001,-0.0013640000000000319,4.683301922589822,39.26664651034265,2.9290425221950045,2.9594480003247554,12.459609738863058,0.09095957591150039,0.004442999999999975,0.6199057227666311,5.732109368707424,32.095348491676624,0.17485589625871584,0.5702116354942703,50.88599971571896,0.03903168138295539,2.2392946554796715,33.494525391028255,0.1399325387543565,1.6780597409482378,36.689790822802046,0.16198892444484198,0.8887581944077375,35.396588397681676,0.3678143491512151,3.4803233364612316,49.291378940403995,176.09165490227343,True,0.04669150977426203,173.03074595145586,True,0.07778765972183509,173.67598670731417,True,0.08754680570414894,171.9492581340137,True,0.08909647881369953,172.46601304255674,True,0.08660921071110164,0.03157275613563056,0.04166570738629067,0.043972560262054323,0.04284482845105107,0.01023250751282402,0.00490201795182353,0.006204192211722627,87.84629370190535,170.09961704380092,True,0.07013466535886514,171.10986474935387,True,0.07727032745498105,172.19607734786527,True,0.07579261853901073,175.75011249167417,True,0.06981780020882926,179.95094666215718,True,0.05932367339435409,0.007311672038596923,0.005709776352888052,0.0028795362473843086,0.011378278428655205,0.0028725197997577358,0.0063702958330048975,0.010533327726791785,41.1039976100101
616,20526,19.2444802632067,27.503980771522425,89.22969852270803,41.03273938140873,171.04588856778878,165.46801039488773,171.0517963187827,174.93218051403286,8.410106764183146,50.980708040957296,0.5483815,0.538763,-0.027336000000000027,-0.0016760000000000108,8.259500508315725,48.1969591412993,5.577878172901052,3.8803841952501728,16.478680504441563,0.08424880381940149,0.010143000000000013,0.7611390882625424,3.297962796754747,108.7051471332831,0.18763557461467384,1.5048304487924664,55.07812519101248,0.061512779005714606,2.9662871886237556,17.000250787382548,0.1396777147286309,2.8446202116065566,7.175966982930814,0.16198621009875178,0.4419594279295906,29.256071686827074,0.42838072244903574,1.4634055397182966,58.42296386273305,176.47504911649673,True,0.03969317079801008,172.2675867912158,True,0.06969022915732163,172.4735719701007,True,0.08141945286600741,170.4461288987139,True,0.08420024846756691,170.7077086464295,True,0.08350900584966872,0.030219464588241807,0.04214254345670181,0.04537321820193054,0.045506799777615674,0.012011810063433404,0.004903763146808765,0.00516928312244553,87.39643023348799,169.15867134463994,True,0.039073125418885996,83.90899867997688,False,0.02855716936252607,99.81856732834063,False,0.021098396929624758,106.91036583648078,False,0.013848183310456246,126.65802931859993,False,0.009274956441946222,0.010526769684950817,0.018030067027052288,0.025928114567010038,0.03298298653851706,0.007619575644351827,0.008082570135792206,0.00725711581828485,26.62206188414664
617,20560,21.160335570127593,58.580259480230474,87.4719130115123,26.511349093744908,173.25344506069712,163.56935547850006,173.22715961367294,175.27692437069413,9.2644730670383,55.23693571948232,0.5539565,0.53392,-0.02959400000000001,-0.0005479999999999929,37.41992391010288,60.96056391776739,9.68408958219706,2.049764757021194,27.52858554177213,0.0705940096679598,0.0066510000000000735,0.7885124070806827,2.1020278116833944,149.82125110426367,0.21815440810923653,3.448189081973678,63.60031596024996,0.1639414961219256,2.327395960444107,38.81463497405716,0.20031501035411967,1.9530427456759296,54.07438940964245,0.13297051238794622,1.1089537234293942,14.869406131059101,0.4283211765893803,0.9779264617641509,51.13677550595633,154.58034353482097,False,0.03417309334842253,171.89088149803555,True,0.043649294450196975,169.36653052090534,True,0.04513853045902135,169.27690695941502,True,0.04262776170525491,173.14868383847607,True,0.039488569295430286,0.009764252403538086,0.01253909187301853,0.01150537982858452,0.010158345140818969,0.004430536084944992,0.0033280252402889286,0.0033930954893724792,0.8593928001977654,,False,,,False,,,False,,,False,,,False,,,,,,,,,
618,20593,28.21738135589412,77.62507109785885,80.70541315754977,8.201438477336751,172.2153296048124,160.30646492618246,174.41168442995485,177.09393146275175,10.839892931075179,62.21009974438583,0.560941,0.52796025,-0.02490199999999998,-0.003359000000000001,49.40768974196473,72.50397468021302,11.908864678629953,2.6822470327969086,34.12569403340115,0.0679995819398914,0.00929000000000002,0.6391801850062071,7.205343566289195,84.49111624365183,0.3595947162036743,5.745733543463734,41.79619932359769,0.20606118910817806,0.38798915218929525,54.20324078786786,0.21896733511842678,0.8867921324587725,56.8190488140645,0.08963706731623355,1.384141912730952,7.619666645368409,0.39037669054180707,2.336323875544965,51.87877185386775,169.00926644739195,True,0.024727253648555474,172.84548080867492,True,0.046920004177322894,177.02676027401304,True,0.05980764432746034,174.18336274991668,True,0.0647927736865771,171.32389502969028,True,0.06466451772804,0.022560264293664617,0.03589626277204911,0.04130332244505275,0.04209440877361266,0.01355088572750875,0.005984173292945325,0.00536149652615759,90.6068805333374,,False,,,False,,,False,,,False,,,False,,,,,,,,,
619,20626,48.694978618192266,104.24518466676888,61.57469230833782,23.39903332552739,171.1644583322683,161.65729981212272,175.54691891788343,176.43818414746903,10.300560429013922,63.69175305935698,0.56143375,0.5279400000000001,-0.026175000000000004,-0.002654999999999963,55.55020604857661,38.17565898281043,9.507158520145595,0.8912652295855992,26.03107219527956,0.06889905190929692,0.0066950000000000065,0.31385668667285205,7.166442935472331,66.49119552358303,0.5576344679806812,6.186482676228139,13.838362905387747,0.18901408567923067,1.320851000435856,42.12996381077076,0.1931073318472494,1.813376844428444,23.728140433526672,0.04684388665490091,1.6034528070460718,4.606943199243501,0.2755404085098932,3.7656163874619444,23.515809822147716,,False,,,False,,,False,,,False,,,False,,,,,,,,,,152.93741402785463,False,0.015124641681706066,174.10459363056026,True,0.0363040230553034,178.681296778409,True,0.04489262742366501,174.2817763862799,True,0.05010695201266986,173.46498746158474,True,0.051334606183353594,0.023453616608105413,0.0328611400441311,0.0388776510864532,0.0415400643475669,0.00961944431867038,0.0066085409130911595,0.006282304035940967,97.21725619346608
620,20660,97.6073406845062,108.20371124012458,13.522701580985977,25.81583470849933,169.58030334999296,161.74521825822754,176.90917605558022,176.62653378476685,10.346027408367727,64.62080886340411,0.56327075,0.52783875,-0.025700999999999974,-0.0029839999999999867,10.596370555618378,12.293133127513354,7.835085091765421,0.2826422708133691,7.751807761427631,0.06937060752941411,0.009009999999999962,0.16016618751142878,2.958995948828061,75.24922202373746,0.758239400095778,5.100781286073563,80.99413345456483,0.12097701421103764,2.4418231359919695,27.463625272465205,0.1647092112373285,2.105930821173793,16.98085400121451,0.02959467178762876,1.5220767420591024,15.606708542345586,0.13982563940021378,3.4081838143006715,35.38191234485098,,False,,,False,,,False,,,False,,,False,,,,,,,,,,159.71099749174653,False,0.019908687274654818,171.94264782438438,True,0.029743023669425432,177.7334695720705,True,0.035019617473638985,176.35293282689764,True,0.03735061908456139,168.183061692551,True,0.0395205524758954,0.010081906565724523,0.015178988932073126,0.01844411746329974,0.022487077733667368,0.007064318580018876,0.0064332674435313075,0.0070357295286274536,108.60347177262291
621,20693,164.65690655810016,120.11894302336036,52.4889140720264,33.900467905838234,165.9476519300015,159.64476701136982,177.43840555238756,176.17498362149362,10.737650136934977,66.1378918175622,0.5665867499999999,0.528575,-0.02626999999999996,-0.0025780000000000802,44.5379635347398,18.588446166188163,6.30288491863169,1.2634219308939407,17.6731791376134,0.06925681009835787,0.009687000000000001,0.1254269151361786,2.133399105000559,44.30408094280939,0.8969812051715748,0.8560302556696587,140.00238120500205,0.025563364405548253,2.8236318959139908,14.523475013352934,0.14314788130287778,2.035042353701389,27.804145913020864,0.061392887123702104,0.6382623589731938,22.551015978479963,0.07692878716674456,1.5218177400631003,54.336904225793006,159.4491579224967,False,0.03276498321379096,167.99735584326058,True,0.02873257976583378,171.4405507667005,True,0.02846452546591988,162.37445737573307,True,0.023748371607333424,161.75911917708817,True,0.017527014377811203,0.004279364088272969,0.009659483474803452,0.016030204770994056,0.024262523034507388,0.006780826645771188,0.006928932096650947,0.00914590864813333,113.8170829426354,,False,,,False,,,False,,,False,,,False,,,,,,,,,
622,20726,153.51705582660662,128.5922559061118,40.06666001222759,38.038909275287274,163.2823847225942,158.355422564345,179.01413109698896,179.05105674931738,11.753130084100974,65.22911530568064,0.5669635,0.5293785,-0.027822999999999987,-0.002415000000000056,24.92479992049482,2.0277507369403125,4.926962158249211,0.03692565232842071,7.979109617003191,0.04340576166823943,0.0065350000000000685,0.03736720180156907,0.35469195731086123,102.41411445138655,0.8130085886235543,4.143381007346867,109.15645736028254,0.07137856335938067,2.3875636782385667,28.679410153666065,0.12366424615832536,1.8510553690754623,39.15297974935089,0.05940567935933283,0.03550215371089202,8.954961780025021,0.07235768394455783,0.4256289646493899,32.06105526553404,166.09110547467012,True,0.031147635704817177,172.85529332028958,True,0.03151580000571141,173.65229652410034,True,0.028620040006960168,168.96237892736843,True,0.024235520708249712,173.14617126692136,True,0.01935505148533582,0.008538561002885643,0.015047630644058214,0.02050263441609392,0.027574447591928293,0.007447497566297017,0.00716880645574977,0.008927637649456898,120.54153397240316,,False,,,False,,,False,,,False,,,False,,,,,,,,,
623,20759,169.418589541249,133.44428985170597,51.48202316579542,39.78090822681772,163.9884847145094,157.84292213627035,177.5512233348434,179.78222327413977,12.807802869481065,64.87539318376538,0.567947,0.529336,-0.029965999999999993,-0.002774000000000054,35.97429968954302,11.701114938977696,6.1455625782390655,2.2309999392963675,14.012994286514036,0.0472753975128713,0.008467000000000002,0.11248480495045161,4.639954284786036,91.91855474190804,0.6237492927912364,6.3740762315989,61.12159944937817,0.13593180651669926,0.9443129685935769,46.28461556359443,0.09204132705959868,2.167665276718976,37.217084504577684,0.06373563275500796,0.13441550664225665,2.299548758658967,0.06364553233270051,0.8558914366895842,5.122256224046107,166.73268375619327,True,0.03668613668676494,169.10178748960112,True,0.03486548328935082,177.35082728147907,True,0.03138679751105554,173.75299095326525,True,0.023873688696973504,161.74466584392567,True,0.0173922748655833,0.0075975390752532745,0.014811096279479121,0.022312751443961394,0.030983790116769105,0.00757739381317876,0.009571190626040248,0.009963596589585476,116.09042402703906,,False,,,False,,,False,,,False,,,False,,,,,,,,,
624,20793,173.09899270481628,142.5056267806637,57.41820395311515,48.342711328675435,164.58172770243607,157.35335169123147,176.47585195488972,179.7557208520034,13.345664894070158,64.74765065723106,0.569033,0.52893475,-0.029600000000000015,-0.0029890000000000194,30.59336592415258,9.075492624439718,7.2283760112046025,3.279868897113687,12.544275864227647,0.048828762026084514,0.011623999999999968,0.32375843544251987,6.085789947619732,21.62224595865803,0.38617428328331965,8.224000861161253,21.93655270449551,0.13102234275951527,0.7751487737693241,28.872617497636725,0.06179018944255452,2.389127527850226,24.219282208916418,0.06691193766537713,0.13115989117342883,10.850628462166716,0.05665367567484293,0.765842318898246,5.340540730810413,158.0328926991854,False,0.030687231367459634,153.93476930343837,False,0.03291532895172094,175.00342790202663,True,0.02880231853514576,30.486543811529195,False,0.01833424953468237,64.60735382478036,False,0.014039362093770543,0.00700983031178361,0.012890140806057947,0.02134228256302494,0.03013074119566258,0.007985556023220897,0.012761808374991359,0.009689002528640392,121.06727955113436,,False,,,False,,,False,,,False,,,False,,,,,,,,,
625,20826,169.29116755281308,143.64639130444272,55.19527750684304,49.13626195012791,165.626865689943,158.50459450888678,176.24887382826552,179.6249299329916,13.064285911087334,64.51151322711938,0.5692775,0.52867275,-0.027906000000000042,-0.002511000000000041,25.644776248370363,6.059015556715131,7.12227118105622,3.376056104726075,10.550529772716947,0.0519699806907796,0.016557000000000044,0.5156478536660684,3.3462216663996447,117.49847124647451,0.09655931400550771,7.444873767799148,77.15810345061686,0.08944399168411585,1.0397710601786765,16.126306978856086,0.08811808872619108,1.1846784206927536,40.74422660189571,0.05934506140767385,0.5925797495298514,11.996368206319698,0.07219493471979194,0.6032044214909894,10.907855059320683,148.44671246920126,False,0.02251515269768342,9.742617792016055,False,0.02023852131456249,12.74040662434223,False,0.01643833817634862,24.33954950567971,False,0.013437000595370958,47.52556337786498,False,0.011833643437251249,0.0023184693226351058,0.008628909606665297,0.014625088854430968,0.01989695680248617,0.0066342891857380055,0.006007893224750251,0.005359247894994209,130.15067432488837,,False,,,False,,,False,,,False,,,False,,,,,,,,,
626,20859,170.58668421218428,147.04429798910098,54.54148366467274,50.986028094674204,165.86169854720245,159.81071514932233,175.63482386273276,179.77727601960254,13.58997673433546,65.33915439383522,0.570253,0.52814925,-0.024533000000000027,-0.0025760000000000227,23.542386223083298,3.5554555699985357,6.050983397880117,4.14245215686978,9.322819336957933,0.058150650176932675,0.02029000000000003,0.5444104398994675,1.701150804501926,86.28388483671934,0.13478645632517583,3.1626525177629436,119.36960298531385,0.0652466655520261,1.251187172587073,15.810053485776569,0.08609995688331827,0.3421025185133714,22.510960531438442,0.03894086238069488,0.9023690246486558,2.2026975340645203,0.08457124530023473,0.16402496859717217,15.825705490715716,,False,,,False,,,False,,,False,,,False,,,,,,,,,,113.41617401536992,False,0.013331142674204651,51.68363205519302,False,0.010513773062036325,35.23316580143835,False,0.01149803757169026,27.823685698688035,False,0.016620112063400812,29.243654031649747,False,0.021678309251415374,0.0035736542921776795,0.007268461253938114,0.015568877287717315,0.02288866664967621,0.008235932248385733,0.008513776659039183,0.007350246050303346,145.93954947793426
627,20893,175.45218743463045,150.51182223037375,57.92393528689589,50.153444458786005,166.9023757670634,161.69665924726158,175.3769957259432,177.20082771673,14.68423639067771,66.17014309705993,0.5729445,0.52824625,-0.022247000000000017,-0.0027000000000000357,24.940365204256693,7.770490828109885,5.205716519801825,1.8238319907868004,9.935101135738801,0.057897254796751854,0.017376999999999976,0.4033196661310575,2.4516485342459218,33.10197395126727,0.1681373109077986,0.5747815203744191,97.73368501903043,0.0374223196984953,1.255165871485752,23.776460238837174,0.06523099986928631,0.4069847121866155,5.201586068072174,0.03448278753356605,0.7222662440589152,5.778108760866405,0.0830784543020702,0.4592608514520433,18.782202597856884,,False,,,False,,,False,,,False,,,False,,,,,,,,,,124.68196180682247,False,0.015286059695029367,124.12779485472949,False,0.010664121389031573,138.3882741602702,False,0.010966503590479525,135.50515160411862,False,0.015629347331222756,140.31333491069756,False,0.019692716343866858,0.005195705341914635,0.011111577025787139,0.019114943185895173,0.025789361566351376,0.006674259359659301,0.008189528985234727,0.0067759918093221036,140.58402446379284
628,20926,175.22507963038478,,57.96503495697903,,166.9979587170069,163.4701237363662,175.34187169253528,175.85621752673268,14.84488140501131,66.26878867185762,0.5729995,0.5282392499999999,-0.019986999999999977,-0.002821999999999991,,,3.527834980640705,0.5143458341973997,2.0210904074190523,0.05834748503577511,0.017846999999999946,0.3818849191810844,1.8350671611433365,20.403435316230663,0.11388410495033224,3.386326556036884,60.06183702025472,0.04306313473707582,0.3751352510950624,41.39156405272812,0.058836840981589214,0.5258671389744263,5.1860584470425,0.04171201186692255,0.5723039756008075,6.166871986888702,0.06513061454199322,1.0983785522808363,28.57626766921445,,False,,,False,,,False,,,False,,,False,,,,,,,,,,,False,,,False,,,False,,,False,,,False,,,,,,,,,
629,20959,169.77957704111665,,58.196677321586264,,168.05245799400458,163.87350036155553,175.17112105644267,176.02334002491475,14.612126607200846,65.74484090966224,0.572322,0.52807525,-0.01922199999999996,-0.0033330000000000304,,,4.178957632449055,0.8522189684720729,2.515588300460564,0.05617049212887496,0.017469000000000068,0.3720697659597715,3.6339206824583257,80.57725574772938,0.09927201703934019,4.457210453208947,12.988850740258318,0.03230505049653686,1.514177091066103,20.198617454138798,0.04307181210123533,0.6185904445552344,5.815534924514919,0.05216048993822033,0.5445143112674024,6.572500103050151,0.013470432297184434,2.0448757356804212,20.747397169416082,,False,,,False,,,False,,,False,,,False,,,,,,,,,,,False,,,False,,,False,,,False,,,False,,,,,,,,,
630,20993,172.99917016846896,,59.169673549567435,,168.42817144362462,164.68291362409914,175.40720608685814,176.60760069845273,14.262308029942362,64.98551768863395,0.5715675,0.52888825,-0.017247999999999986,-0.002554999999999974,,,3.7452578195254773,1.2003946115945894,2.4728262155600333,0.058764326542554736,0.016525000000000012,0.18205318781861837,5.8109468906011,21.52436387303138,0.2170521134621603,3.6589033135339344,73.59482335719191,0.0681813297504474,1.7014142750875696,21.718097187233806,0.03259050716287854,0.19497525060799195,13.451861930911502,0.05799017590664543,0.3364584247284888,6.452850846076829,0.072037711291993,2.289159137728588,13.71340196853691,,False,,,False,,,False,,,False,,,False,,,,,,,,,,,False,,,False,,,False,,,False,,,False,,,,,,,,,
631,21026,172.26597806056444,,59.71142994069901,,168.2537835363004,165.33194650016912,174.4876740548228,175.57238681096644,14.75169209887793,64.31166649418954,0.56984475,0.52927775,-0.018672000000000022,-0.002583000000000002,,,2.9218370361312793,1.084712756143631,2.003274896137455,0.059227232629931265,0.017278000000000016,0.10674360557026741,4.132612929836024,59.49168076388657,0.3092003807705552,0.7996224094756392,131.28005647674223,0.11285849678662736,1.6734509286119104,26.895300037683914,0.032267252720391264,0.6011710740160825,17.263326266195907,0.05628536097774947,0.27511243849318995,3.2858592823320083,0.14042183968964453,1.126329347241193,36.16996363197029,,False,,,False,,,False,,,False,,,False,,,,,,,,,,,False,,,False,,,False,,,False,,,False,,,,,,,,,
632,21059,170.1813468250526,,61.93858198280406,,166.77706509785864,164.92048391421338,174.84059796715613,176.91092056178388,13.703489222105551,63.22020262244427,0.56809975,0.53018675,-0.01832600000000001,-0.0024609999999999355,,,1.856581183645261,2.070322594627754,1.9634518891365076,0.06668123049254565,0.02316000000000007,0.15523170026196373,1.8886809264694027,74.72039517480569,0.1796817432367451,5.12032715243507,75.43998511117266,0.1458074120983106,1.4007293205206153,36.124879057376205,0.014297315323281067,1.2251776490498352,9.644110850860503,0.05845254673451959,0.3319407012583014,2.468355803380325,0.14630887191711872,0.1814220511873767,25.634193309996046,,False,,,False,,,False,,,False,,,False,,,,,,,,,,,False,,,False,,,False,,,False,,,False,,,,,,,,,
633,21093,176.7680626361567,,64.2786926915594,,164.60782676310572,165.12051388033166,175.61051048253694,178.59728724974522,12.485562699524491,60.87203408744332,0.565294,0.52961025,-0.01917399999999997,-0.0036249999999999893,,,0.5126871172259371,2.9867767672082834,1.7497319422171103,0.07246513669344722,0.024494000000000016,0.18428015218136154,0.9001591406702675,71.81622430679757,0.03785758617280591,5.5802638312465955,8.491936693729237,0.15246697295378442,1.507849299751244,45.158656641078714,0.05277033791962761,1.2454477601464038,8.485069193655676,0.054621949238641894,0.40615417815394916,15.972490368023273,0.13487465296366372,0.61748499553559,17.008354641715954,,False,,,False,,,False,,,False,,,False,,,,,,,,,,,False,,,False,,,False,,,False,,,False,,,,,,,,,
634,21126,173.10628031244804,,68.23296240702243,,162.23134511719456,165.44909119068768,175.87683269583601,179.6579140354391,11.688513332461238,59.1126709779675,0.56309225,0.52982125,-0.020900999999999947,-0.003161999999999998,,,3.2177460734931174,3.7810813396030767,3.499413706548097,0.07626112982378377,0.02209899999999998,0.1031756947357903,2.9654608562837517,32.27191294517508,0.19544191060139893,4.719775163184894,37.550200838483946,0.11983237363571221,2.489779684914498,49.60970660093686,0.09255703865442323,0.8063277711743129,42.067543699901165,0.07509569951609768,1.0743979419816672,34.821404451170764,0.10808277247811786,1.250256926336276,27.919594165895397,,False,,,False,,,False,,,False,,,False,,,,,,,,,,,False,,,False,,,False,,,False,,,False,,,,,,,,,
635,21159,175.41902597886727,,70.27276717686442,,161.5485108631235,165.03104152919497,176.77264361145762,179.03131520473903,10.910212393555481,58.64273022364664,0.56168125,0.5302567499999999,-0.022577000000000014,-0.0032760000000000566,,,3.4825306660714546,2.258671593281406,2.87060112967643,0.07952751396215028,0.023426000000000058,0.06254878621850195,2.9929329811440906,28.56660674276582,0.34723894342212286,3.702058670994388,53.06068321146102,0.0940086228557156,3.367407543732556,57.40804939380232,0.10134209027805657,2.044156259169475,57.41872990482593,0.12550750559247142,2.4885869553049016,46.10755102243971,0.06011530104626968,2.4536339630569417,38.107763777915814,,False,,,False,,,False,,,False,,,False,,,,,,,,,,,False,,,False,,,False,,,False,,,False,,,,,,,,,
636,21193,174.3027010351802,,70.26900920501912,,160.45919149583622,166.8929607693904,177.13971603825735,177.48053314069327,11.568386184383977,59.378015613698835,0.56099475,0.53012475,-0.024065999999999976,-0.003554999999999975,,,6.433769273554191,0.34081710243592056,3.3872931879950556,0.07482441904218173,0.02550600000000003,0.1589718708493003,3.355939637596242,24.208102977017674,0.43921795557538806,1.8390797924756597,72.34575153570823,0.12656393789355916,4.461983439395504,23.233729114025696,0.1209351262178676,3.6885595459822387,13.21496828247428,0.24022089537675162,4.1348103400797385,24.5078696139951,0.07165912980158395,3.797409515548298,10.65013314067999,,False,,,False,,,False,,,False,,,False,,,,,,,,,,,False,,,False,,,False,,,False,,,False,,,,,,,,,
637,21226,178.5352320069967,,70.66944251141886,,163.1950400929213,165.73261399549912,178.97245873142793,178.1763599735019,10.519754310065752,58.20008688487893,0.55917575,0.53117775,-0.026290000000000036,-0.0038849999999999163,,,2.537573902577833,0.7960987579260461,1.6668363302519396,0.06599760444894952,0.021772000000000014,0.27803200316883525,3.0961378723746944,15.656511427848164,0.449490177183612,1.609308432375205,73.49102012800321,0.2563280409982097,4.002714000099642,29.046030432325466,0.22894796470873235,2.817761236774262,40.74332937855796,0.4011017599491621,4.130389816226724,14.462343798236825,0.207214142095872,3.1520579892384837,38.14434843908337,,False,,,False,,,False,,,False,,,False,,,,,,,,,,,False,,,False,,,False,,,False,,,False,,,,,,,,,
638,21259,173.2432849084479,166.115011881792,71.59249219564983,64.07400175862614,160.8961482058474,170.9970444907482,176.6952391203683,171.85333641585018,9.814016149915714,57.432036838336394,0.55496375,0.53153775,-0.026420999999999972,-0.004846000000000017,7.128273026655904,7.5184904370236865,10.100896284900813,4.841902704518134,7.397390613274634,0.048476375452378956,0.02247600000000005,0.36331659187876963,2.427769668086125,27.695562741062865,0.37298381317936935,3.435923929001081,40.39454134147852,0.36443367418366435,2.6297168401487863,53.76530957082586,0.2775615133136806,1.2025072791212799,51.7028940679089,0.5123569900344933,3.183120578446688,30.967595901418893,0.2711424782553235,1.3815718512342032,45.62818814632838,,False,,,False,,,False,,,False,,,False,,,,,,,,,,,False,,,False,,,False,,,False,,,False,,,,,,,,,
639,21293,99.66884976167489,146.9022588486177,72.79057660341287,61.00805820073483,161.69841929372492,169.39574861788307,173.3481665082029,170.7123310869676,8.66965376435196,56.21769127180533,0.55085725,0.533953,-0.025772000000000017,-0.004861999999999922,47.2334090869428,11.782518402678043,7.697329324158147,2.6358354212352992,17.337273058753574,0.02650449576958594,0.014585999999999988,0.440653717618761,2.2442917297055116,56.168957214936,0.24477585514134517,3.452374452718682,35.80090936779244,0.4315095504108305,0.4801453800260371,73.55184329993632,0.28537252842771355,0.8359540118233516,52.64888356829182,0.6139574159271666,2.0560178096948434,58.40605776975708,0.2990770646347158,0.351208741504555,47.699734887786924,,False,,,False,,,False,,,False,,,False,,,,,,,,,,,False,,,False,,,False,,,False,,,False,,,,,,,,,
640,21326,95.62833527189854,140.35003618277779,69.7078242071655,60.48552862502607,156.00165111620882,168.44079241647907,169.3448826531146,175.22817733209092,6.992351412735645,56.56800845358317,0.5503229999999999,0.5348474999999999,-0.025108999999999992,-0.004035000000000011,44.72170091087925,9.22229558213943,12.43914130027025,5.883294678976313,18.066608118066313,0.017682805942496754,0.013201000000000018,0.49253193381274313,2.839289686327462,51.01907831632371,0.14724094781104602,3.1628679711960848,26.142507888312092,0.3952729901223921,2.2987722826704693,60.22852439337155,0.22776397451514382,2.608300595678889,41.34518468233952,0.6499452997425474,0.7316684694732422,70.35723285008073,0.28259842370913973,1.8179276506377906,51.444440813576435,,False,,,False,,,False,,,False,,,False,,,,,,,,,,,False,,,False,,,False,,,False,,,False,,,,,,,,,
641,21359,101.1066651699509,134.46189278932994,70.46630599462074,61.883917350310796,159.78747752521608,166.11356154439898,170.58199824573137,179.038884624784,5.241194044890693,55.237524833022846,0.5478712499999999,0.5366595,-0.02660600000000002,-0.006604000000000054,33.355227619379036,8.582388644309944,6.3260840191829,8.456886379052634,14.180146665481129,0.021793263271020245,0.013470000000000093,0.47924930100825225,3.9996101586443653,14.620605574256311,0.04041939372944975,3.5556012416414604,10.804680786474654,0.2812383724915128,3.5212859686929594,19.97743729052674,0.11800451767918423,3.479891371452299,12.804374637115957,0.5660649541014418,2.588007900389612,34.42774629329304,0.17909805865674744,3.196078180444081,25.154440997994637,166.81155103955376,True,0.028307583171298834,143.2768811862078,False,0.04946670108264753,152.56922327201582,False,0.05256214046250403,151.49248216322155,False,0.05228144914785739,149.53727206313573,False,0.050498246009143745,0.0314407439002324,0.03397111162443764,0.03215317993604986,0.025935603887320628,0.003106264959722533,0.003284044000923256,0.01078827979800302,27.124295308950064,,False,,,False,,,False,,,False,,,False,,,,,,,,,
642,21393,106.86388525117017,133.0149522496105,72.0910281663116,65.1779565080803,160.64184064424919,162.9865602398624,167.83993874613176,172.1067654903781,2.3794396590667746,52.60030276147747,0.5439397499999999,0.53819975,-0.030115000000000003,-0.007650000000000046,26.151066998440328,6.913071658231303,2.3447195956132134,4.266826744246345,9.918921249132797,0.03387101352188921,0.011591000000000018,0.5877178359860886,3.7916199262848886,58.86368462215681,0.09491135183036349,2.657494912415722,41.65328392408481,0.16110035386226101,3.632432737448433,2.6515585161234,0.03052091123668985,3.261943533384866,33.057608858883526,0.4771512127203666,3.0344620482669846,14.31312259736658,0.06854135030634487,3.5030379208006597,8.003129445997812,,False,,,False,,,False,,,False,,,False,,,,,,,,,,179.26972695710234,True,0.052580027015968714,165.09902155771402,True,0.05940376860940726,169.0626619564739,True,0.05990510376420359,168.20079724679402,True,0.05316660099159995,169.2910305531908,True,0.04642760086414115,0.007611412746658786,0.007991183266575727,0.004819585459352296,0.019140490615446627,0.000541340927697136,0.010700801184958095,0.015346740533416189,44.089429282772066
643,21426,135.55428291900617,137.36831512483138,74.15952772954314,65.13007581310409,161.66010256069265,159.5317064042566,165.45729678466807,166.9823757813264,0.45567357567326994,51.11589870475392,0.5417727499999999,0.53789,-0.029602000000000017,-0.00778599999999996,1.8140322058252139,9.029451916439058,2.128396156436054,1.5250789966583227,3.624239818839662,0.03229863925926292,0.01249699999999998,0.6366822031764383,3.5214194638476872,112.3931763230458,0.14916832511129416,0.9899243928412096,44.136151108082906,0.051260768979810724,3.343788788428191,15.860196327197034,0.1045777978212522,1.5689063151059768,62.72576442591921,0.36306516508072034,3.5146408202619503,5.7128624270027855,0.055788832847999605,2.7936475216719523,39.273116719946856,,False,,,False,,,False,,,False,,,False,,,,,,,,,,164.74457349663533,True,0.04652029046555921,129.43332287457292,False,0.05126670508234362,147.3013190185287,False,0.04828613284370571,137.08777959421678,False,0.047820590596520246,130.55436661102993,False,0.06054178115153204,0.0047875719315744894,0.007122545893148012,0.025480738804045645,0.05522732086567299,0.008424845695916332,0.019126321392259373,0.02990591179014615,40.919415224855776
644,21459,149.12445826792614,138.94804506240587,75.53288239350005,63.81149031727314,160.29588767390277,162.63970535107694,163.82060653787195,166.91056071051807,1.8612632114854784,50.66785671846664,0.5375855,0.53642975,-0.02490300000000001,-0.007547999999999999,10.176413205520277,11.721392076226905,2.3438176771741723,3.0899541726461166,6.832894282891868,0.021251796394658008,0.010900999999999939,0.5158831618141986,5.585078276283038,80.93997145059643,0.15762218236603412,0.6569795394850446,24.926695244111038,0.06985816936554468,2.6054306904404325,26.042716808450304,0.10070518532012296,1.275485533107511,39.75379034907636,0.2452387192250888,3.394872217681625,6.044823293542365,0.11747950155981904,1.3720371505364428,42.20280271247397,,False,,,False,,,False,,,False,,,False,,,,,,,,,,,False,,,False,,,False,,,False,,,False,,,,,,,,,
645,21493,151.71436972677967,142.8970757038239,79.03467718066095,62.322578187293026,160.95473117874903,164.09347252882475,159.01993564289066,170.12361369232653,3.4922544116310497,49.180510894708846,0.5346885,0.5363020000000001,-0.02426499999999998,-0.007359000000000004,8.817294022955764,16.712098993367924,3.138741350075719,11.103678049435871,9.94295310395882,0.021652198341046102,0.013801999999999981,0.39410369081841473,6.663189047112294,52.040519591614995,0.15063872305580323,0.8430577467396189,20.108558514573453,0.14111079323087108,1.6111749831281932,39.917660618786414,0.07122429226161214,1.5154687698972256,11.187802761032225,0.13596790299184533,3.1096735528108668,22.51431361969358,0.1411968538187566,0.6432065170717626,44.62260073814514,,False,,,False,,,False,,,False,,,False,,,,,,,,,,,False,,,False,,,False,,,False,,,False,,,,,,,,,
646,21526,152.97346752797213,,80.60055711016231,,160.24655407079666,164.79076777159892,155.9877558047031,171.31277603434813,4.476278003519332,48.616213765825684,0.533583,0.5351135,-0.022262000000000004,-0.006974000000000036,,,4.54421370080226,15.32502022964502,9.93461696522364,0.02237219562313906,0.015564000000000022,0.2553035203254359,7.204145077640476,47.92200947293779,0.11698387016070602,1.1661766166324121,13.246925792520308,0.1714658206746836,0.41846239843228944,41.69484035036313,0.07488334518174952,1.2729583162912979,20.707180978431058,0.037578921783661484,1.9070969866196599,35.61594630284743,0.13155072358242387,1.8036093607459387,37.40077502624269,,False,,,False,,,False,,,False,,,False,,,,,,,,,,169.18056762745144,True,0.06724947941062445,146.3921613424151,False,0.06058919978015887,152.3321099825109,False,0.056353812861243094,156.11909833581905,False,0.05115768158351202,164.48608311608973,True,0.042589718536285286,0.03847897260842598,0.04814902209806547,0.05362126400971908,0.056935593594868224,0.011260288184589228,0.00830646453071341,0.009705200667683317,70.56575167724948
647,21559,160.55175860646028,,78.91542287981662,,159.21542246952524,164.14065115063917,156.68160592305244,169.8677833031732,4.750553594511738,48.40930450684211,0.53264625,0.5329115,-0.020084000000000046,-0.006651999999999991,,,4.925228681113936,13.186177380120768,9.055703030617352,0.018404151270841034,0.015372000000000052,0.3065511344288505,3.625694521850516,114.19631876284407,0.07577707553777865,1.191206665584872,5.930691624707453,0.1345793705708354,1.226539861533246,18.190251094069446,0.0813637982100653,0.9590869394858162,36.947281706929765,0.010129850534625963,0.7720443578532351,15.25227792919804,0.06363543529822678,2.4194228009487238,10.759307743209952,,False,,,False,,,False,,,False,,,False,,,,,,,,,,169.62502513575936,True,0.06883005640706684,164.43468274646116,True,0.06144749401725024,163.09346318597306,True,0.05230134133079193,166.31828282397083,True,0.04614886349629862,172.17604915707525,True,0.03827762659831464,0.025166135062818017,0.038906228627303384,0.046096978436769596,0.053593115089533634,0.01561456000020498,0.008943867675675891,0.010309041080527288,71.2030748522259
648,21593,164.9606480448954,,78.03457312356332,,156.7238574555986,158.96386581586634,156.59094689431865,170.59276310101674,4.106588300038057,50.773790808531686,0.5330647500000001,0.53098325,-0.016703000000000023,-0.005762000000000045,,,2.240008360267751,14.001816206698095,8.120912283482923,0.015366844829046704,0.010867999999999989,0.318037384297801,1.1909911036659362,103.58313872819984,,,,0.09538970212583774,1.2981306778840211,12.36198686455036,0.05954884664257893,1.4319921360317767,38.067368039676325,0.014308914565690837,0.9202844183770221,6.390734588361764,0.08478914541560605,1.1450615853449138,30.757925049576627,,False,,,False,,,False,,,False,,,False,,,,,,,,,,166.1976433756136,True,0.05565318334111715,171.31818816096956,True,0.05868346824276836,168.9256506801646,True,0.04909366485606879,171.54753580387808,True,0.04193975895257386,177.14025804341486,True,0.03311352480482866,0.011289661332387266,0.022978066258934848,0.029358658637614894,0.03628269258200111,0.01577523185249586,0.008975167965002131,0.01008576997556454,76.70203483629446
649,21626,166.99168977819673,,76.65928237584528,,156.13937875645018,159.27936787582803,157.5663407546178,171.18990506746718,3.5718531661463735,50.95600051630533,0.5322955,0.5309652499999999,-0.015494999999999981,-0.005473999999999979,,,3.1399891193778444,13.623564312849368,8.381776716113606,0.014038405963641334,0.011790999999999996,0.23125562879719347,3.879849462871738,63.34200655381898,,,,0.052835132891869925,1.8387641467703761,16.609615465851352,0.015472567814456016,2.1135037035812507,11.358003988447424,0.05161667751488841,0.6543962767201953,11.611540294690132,0.08296216282290111,1.242439402505371,23.194899751733157,173.46276187191566,True,0.041631383786753996,179.348939708611,True,0.05496221484802084,167.49673630635155,True,0.04765433425198595,167.7483570589291,True,0.04094705576717331,167.69752467215804,True,0.03027783271636202,0.016083931018255438,0.009806559284478886,0.008236363517961037,0.015773344160323118,0.007345130904211314,0.006798703773514491,0.011356074761994099,82.72221441554143,,False,,,False,,,False,,,False,,,False,,,,,,,,,
650,21659,167.62084347059513,,76.15483626760768,,153.70469729932418,159.10309001921496,157.04537436555165,174.7759535624023,1.7093582174635242,53.496961737780296,0.53492725,0.5313035,-0.015491000000000033,-0.005079000000000056,,,5.398392719890779,17.73057919685064,11.56448595837071,0.016206581286625547,0.01562600000000003,0.07177902915429725,5.120629986025668,25.65771753795293,,,,0.030779099045564768,2.088495369540919,18.266182523386433,0.07994420878897346,1.7874898160851524,17.550343086895996,0.056371372748572963,0.37202523630476275,1.0194124630304926,0.09282602406373294,1.4585936066686638,19.846820503715694,177.97793352680063,True,0.040220684429780634,174.0108657568571,True,0.056588926558117335,171.3779790422831,True,0.052057272633129724,173.96559908139028,True,0.04461659408785027,177.50560755986035,True,0.031215389057322334,0.01856358868861302,0.014765539949490546,0.009583113690236634,0.01049392748212034,0.004560232998433315,0.007451035498506241,0.013526162574802924,70.35888804917576,,False,,,False,,,False,,,False,,,False,,,,,,,,,
651,21693,170.15918628591263,,75.82253969946038,,156.41240691006243,159.4601265259125,157.62094971274772,174.7806656983147,1.4006274947049215,53.9309147768952,0.5355070000000001,0.5312255,-0.01612199999999997,-0.004994000000000054,,,3.0477196158500703,17.159715985566976,10.103717800708523,0.01692554108440847,0.013720999999999983,0.12460122261571996,5.587368554889044,28.102137177010242,,,,0.08752430540873563,1.2529080831910835,32.40154828940607,0.13516284462650022,1.0916889272753192,36.28548356991278,0.06949928341142028,0.635418524241608,15.082462039895654,0.09440865492480931,1.126873966906508,30.36122189470482,172.20025939475622,True,0.04032182857956715,174.22343912064397,True,0.05867722117653492,177.8383902582405,True,0.05256232896286082,169.54692628169573,True,0.03838784833772269,172.73627816217433,True,0.02499829044154819,0.022959070124898402,0.01766929364745523,0.009206037149610035,0.015498197475835692,0.006126564534875973,0.014340259202678307,0.01423515806023943,78.37261266584417,,False,,,False,,,False,,,False,,,False,,,,,,,,,
652,21726,164.10963567911662,,74.80222553108466,,157.2826652299639,161.26731612210622,157.9229403650293,174.92769670945637,0.8108358002243764,54.60136232857364,0.53489275,0.5293757499999999,-0.01922400000000002,-0.0061269999999999936,,,3.9846508921423265,17.00475634442708,10.494703618284703,0.015250624380660603,0.015249999999999986,0.31960140909853485,3.9083568989994326,149.40893403249845,,,,0.0988917295604608,0.46360469100071755,25.88834349394656,0.15032275251425212,0.6502156717874107,49.72608829999843,0.09838599158858463,1.2053618958666759,30.645110645003523,0.07833580368894558,1.0650202150782702,25.163585257872313,176.87743463466865,True,0.046136088661697376,166.24022585688584,True,0.04908923756792319,164.55413681260228,True,0.0405020606389354,128.64361590900992,False,0.028682281307455287,124.27429176806619,False,0.021423680192721287,0.008281366070884729,0.006972130305724354,0.01755161758927081,0.02535573264569576,0.009102235384783264,0.012821803968240963,0.007939816748515065,76.93504798490329,,False,,,False,,,False,,,False,,,False,,,,,,,,,
653,21759,163.3835420783371,,72.87409902612774,,157.80510511010334,162.12589088556345,160.57100983650315,175.5426334977997,0.6346602091412824,53.83282032461182,0.53694525,0.53161675,-0.028195000000000026,-0.008240000000000025,,,4.320785775460109,14.971623661296547,9.646204718378328,0.013163013712672374,0.013163000000000036,0.3627046608884687,5.110949229842209,198.38555008678532,,,,0.08886127245612484,0.4595658812470785,22.445443142721704,0.09323541350473218,2.192389011608985,30.686265655713232,0.14793373875081134,2.5148591393877155,37.79519158221315,0.039889996737535474,1.3119075694012308,7.851694491489457,170.94202132164276,True,0.04263158101689405,169.44619253736852,True,0.05184608830953404,156.43118323368984,False,0.039745527610034345,157.53585187042793,False,0.029718169274031675,166.54391884754838,True,0.015942024024571053,0.013533481628908346,0.003864974126692155,0.013339287424746488,0.028112467163164432,0.01385432856547007,0.010085670230579642,0.014778331468741638,77.09003718838377,,False,,,False,,,False,,,False,,,False,,,,,,,,,
654,21792,163.01814230496333,,70.53874094183088,,160.46890909238803,160.5662321019483,163.38028854839203,170.64411917798685,0.04140203740213306,49.07383180998981,0.538173,0.53085125,-0.029511999999999983,-0.009378999999999915,,,0.09732300956025597,7.263830629594821,3.6805768195775386,0.010560511019832292,0.009951999999999961,0.214486503100771,9.97655029888782,66.73785045795887,,,,0.06901881803687304,1.0494915928475912,13.750290586617437,0.018864317026164746,2.675201567736484,3.3123733282456356,0.25735613755683157,3.5766888425113468,12.25385611437732,0.030191772968767808,1.4149578119313229,7.178724940604701,179.4562767305581,True,0.06617122979059709,175.90722849533032,True,0.10331558471498868,157.15831022035374,False,0.09455456966746767,149.69728062349498,False,0.0909953073130697,161.28105953455747,True,0.0863357933767913,0.04453591203736597,0.0341700683786263,0.03013100789884067,0.03437570202919497,0.010424512842334676,0.004039065485975662,0.014069879921307047,84.00431101883846,168.79598692027741,True,0.04425538829340446,163.24154450881997,True,0.04229455063007525,174.07762756123944,True,0.04132396091857605,36.16511827767022,False,0.02279822898823502,73.6192271423136,False,0.020770558875485262,0.012988357324927546,0.0039029636175603763,0.021550264081908625,0.025221813673881602,0.009957580278360766,0.0189076986701185,0.0056218670386269185,91.35960142814581
655,21826,155.16264367704505,,68.13119077130233,,160.7944701839608,160.78695837986763,166.6975781793182,170.4590756480553,1.4776830404947388,48.40129985532489,0.540269,0.52995075,-0.03004699999999999,-0.010526000000000035,,,0.007511804093184082,3.761497468737076,1.88450463641513,0.01049621693754469,0.010180999999999996,0.4021375907821794,8.105988577029132,100.41348811382437,,,,0.07178559625632626,1.00120149816941,14.586438273081335,0.09357222827076145,1.9832120168577452,45.55223899886616,0.37667293535801233,3.126307714451199,27.47294242538269,0.07360074117920086,1.7208450615431736,11.743128990596288,179.74104257349413,True,0.06598333209227918,164.0805488818552,True,0.09055916698490551,147.43117183200914,False,0.08038640532453231,150.68174084907326,False,0.07974098450608698,162.47773802722563,True,0.08007510310327424,0.030485802876093013,0.022878956816253643,0.025793885554526275,0.03341967529764463,0.010214365276413439,0.004628102526954182,0.009432292881373034,72.83835656464719,,False,,,False,,,False,,,False,,,False,,,,,,,,,
656,21859,146.54429210320538,,64.0644870139329,,161.1120592816856,,169.270888232618,,2.824970523327833,46.53951648046793,0.5426934999999999,0.52887225,-0.024636999999999964,-0.009961999999999915,,,,,,0.013791040134812074,0.01213199999999992,0.5611856052538199,4.091102675523581,98.6341716902925,,,,0.08621621659189961,0.6247556148651,42.40257900821931,0.1303394740454033,0.589525077718474,68.98498218255385,0.4588346787536652,1.7758560362269937,45.93369806272451,0.13505673838558815,1.8660754033442684,27.86326718740993,,False,,,False,,,False,,,False,,,False,,,,,,,,,,177.7251929317676,True,0.07512307190870192,151.21651564218513,False,0.07365468790240037,157.27719234286508,False,0.08042918687267703,151.25841677573538,False,0.08170283630327653,155.2230596372861,False,0.08127528702502378,0.008355804748795922,0.023014248195411497,0.02930850970281505,0.037006006539479545,0.015299407210738575,0.00640834744688524,0.008543077255883836,69.66302877007708
657,21892,143.82262831592828,,55.67045782040366,,162.07680576510387,,174.90418626375848,,5.973259642188715,45.58073138455622,0.547032,0.5288042500000001,-0.02419699999999997,-0.009809999999999985,,,,,,0.023117068347867985,0.01219300000000001,0.5939587069613247,2.132626580668635,31.141591324795723,,,,0.04593510330089892,2.377692715523313,46.69076764083141,0.06768909574347602,2.5804436015929695,56.06484080360941,0.4888234565143406,0.3441097314474657,43.0622073099759,0.1967602555847576,2.3996939466145197,29.30744759642328,,False,,,False,,,False,,,False,,,False,,,,,,,,,,179.87300224626162,True,0.074530770081893,174.9488371905746,True,0.09273423072954237,167.84719363869416,True,0.08642322827805031,169.83246685082455,True,0.08206870700212106,166.6534568260632,True,0.07031634489931907,0.01970471638973777,0.013128747883937725,0.009946823613596383,0.006337930024858225,0.0065969072299070924,0.004504604422144072,0.011828205992457179,79.88517819843914
658,21926,145.6352465875235,,54.97853426704742,,162.1983366099474,,177.9043052768554,,8.19830161006816,42.60926481042391,0.54683825,0.53234425,-0.021745999999999988,-0.005404999999999993,,,,,,0.024868173334605836,0.015530999999999962,0.6472505969685011,2.29108603835127,47.23743243800139,,,,0.08784708569910472,3.7031101560751143,21.1815914673341,0.04255522229985498,4.020803038178355,34.436984853688315,0.46231085372888986,1.2107207699628253,25.256400494929558,0.27879473234961877,3.1427882958608193,7.94770125968031,,False,,,False,,,False,,,False,,,False,,,,,,,,,,175.50862710436928,True,0.0764345532661767,153.25519148386135,False,0.07730544711726332,161.8222435170567,True,0.0748325858232896,161.7380554748039,True,0.06840197418934635,165.73294465423206,True,0.06132141298111126,0.0038488217677621053,0.003984713289560406,0.008684996373056213,0.015368117549003841,0.002473189236593076,0.006433236976825882,0.00708782822873131,81.27957422070142
659,21959,142.57227415665108,,57.17464812833711,,164.43461538032454,,174.75933053499605,,7.458748145336368,35.62493347830246,0.54870425,0.5324335,-0.020623000000000002,-0.004905000000000048,,,,,,0.020279844230171026,0.014319000000000082,0.7434211870777989,1.990095914759156,51.682477578639634,,,,0.22013625415210647,3.789629018758829,14.429322747402498,0.20170498766355696,4.779097822218697,14.856282906691648,0.411339194351585,1.6803617234160757,8.850217850895218,0.38773198137836773,2.9271309161971986,32.566905390079604,,False,,,False,,,False,,,False,,,False,,,,,,,,,,176.61400930108468,True,0.07441122737866912,155.64001764077162,False,0.07494703487130096,167.49418527376102,True,0.07276026082965892,168.68149811964417,True,0.06395180155398282,170.38505808547555,True,0.055147370027953266,0.005083098661249873,0.005248712223012382,0.01145733380852627,0.019784234354657235,0.002186774794074618,0.008808461046062456,0.008805760898411919,80.97336981518832
660,21992,140.67156783935633,,55.540978620494634,,167.95800430841132,167.29046472533904,176.27628657712233,176.44954930326816,8.42907844462423,29.30535929180518,0.5479162500000001,0.5323975000000001,-0.019828999999999986,-0.004093000000000013,,,0.6675395830722834,0.17326272614582194,0.4204011546090527,0.014869223651556233,0.014693999999999985,0.7346259563531297,2.8266951239927933,38.41327328584263,,,,0.3336996496648273,2.769464905475392,41.91288868970402,0.357326436972216,3.2543360367742764,64.36134141658742,0.3557036826442551,1.7880590475594105,4.57194277888298,0.46739797825206214,1.0481577181114903,55.05042708705525,,False,,,False,,,False,,,False,,,False,,,,,,,,,,175.23488916713762,True,0.07136820816021652,156.40072318893976,False,0.07354770210550428,166.08324299521095,True,0.07176009858549526,167.5074976770908,True,0.06409518499856283,167.92588224504283,True,0.055041503549594244,0.005808926665056126,0.005790224607042422,0.009054607887700055,0.017276001418152304,0.0018472249456955555,0.00766520221520611,0.00907464384976071,81.26410526224022
661,22026,131.76708500161573,,51.79081553376134,,172.2924128837586,165.02295353591265,179.22874427394967,179.85735198064503,7.299759013303116,17.019028426751326,0.5433242500000001,0.5339165,-0.021763000000000032,-0.004170999999999925,,,7.269459347845952,0.6286077066953624,3.9490335272706574,0.039074206031600923,0.008421000000000012,0.8243733194113234,4.090863929266155,59.857754812731585,,,,0.40337206733801506,0.9897327728811947,62.613940720363615,0.41826043927614853,0.8550583446436401,73.48158729719171,0.2975155721671191,1.429481932724015,5.3872286138180545,0.45792368927137034,0.7620972275654719,46.801336059474984,,False,,,False,,,False,,,False,,,False,,,,,,,,,,177.04565093801216,True,0.0697182728988606,157.35085287625776,False,0.07318558245993537,168.77643915105824,True,0.07229842196064863,169.55372088496745,True,0.06420884204687077,169.4802998378007,True,0.0551343556505379,0.006947912492252617,0.0068034939553144064,0.007663946829147508,0.015444206454201503,0.0009427375032319379,0.008113057684991508,0.009075568301764914,81.21959126658196
662,22059,117.14729709518755,,39.898148992347515,,172.11060090048832,161.48423424129487,178.00571466680753,172.38285739028103,6.1300191547120475,13.231617844844086,0.5434399999999999,0.534928,-0.021503999999999968,-0.0047240000000000615,,,10.626366659193451,5.622857276526503,8.124611967859977,0.07026465412993939,0.008306000000000036,1.0026421229468359,3.339285553054613,78.79620863569826,,,,0.39885347441791996,1.425675098880639,66.60355878678166,0.395727798800697,1.7189988673577046,59.21459281184751,0.27175011948348343,1.4611745088140253,18.80936741914648,0.416714601239069,2.0876692797689906,46.137675730271205,,False,,,False,,,False,,,False,,,False,,,,,,,,,,175.41228065439296,True,0.06854131403759343,158.37066037093524,False,0.07215710460515996,170.7617747296722,True,0.07190796092923234,170.62637955656527,True,0.06554896087658443,169.29432158690338,True,0.055438552434204126,0.006847715312423518,0.0075479110355117325,0.0068173087065204335,0.014402630662486655,0.001007289432089891,0.006367693852565516,0.010116085013482223,80.91302692487001
663,22092,101.06980616390888,,23.293012316013183,,176.16865698453327,162.08952492074474,172.6410732209901,168.64697360782665,6.209060526236006,9.658583268612066,0.5404917499999999,0.536078,-0.017230999999999996,-0.004487000000000019,,,14.079132063788535,3.9940996131634563,9.036615838475996,0.09203520140142032,0.005410999999999944,1.0319088081728554,2.049530868097751,84.84964288385115,,,,0.3101602521741172,3.4096553674014016,36.366592524664675,0.30846266876019723,3.2890195162136884,20.375599937610605,0.215977055409381,2.5308488182624083,30.04201502466402,0.3203724833507053,3.8040925870700324,29.967871395319154,168.23754272867106,True,0.06192021182941801,158.75554706522456,False,0.08126797161243779,160.11254898933743,True,0.08621077557359057,159.19736383274176,False,0.08878385962549723,164.2807268481128,True,0.08616948116937918,0.022997907839627497,0.028253028510232335,0.031199209300878133,0.029405189235915462,0.005284291532457331,0.0029540116790561146,0.0028794487319624465,51.10748337438803,175.09485190870322,True,0.06875265694502286,159.7932483258815,False,0.07143669337252388,171.79350592513987,True,0.07013406371371901,171.8368776929817,True,0.06266124168894195,170.95558179076016,True,0.05218191334169339,0.005703824068114258,0.006256943183376356,0.008159272087631349,0.01739728866806551,0.0017298812097944897,0.007480712867100316,0.010484509049068527,81.08913407716312
664,22126,77.94785434082873,,1.0603732156518284,,177.90126377178808,162.77559654238019,170.47604932499675,169.22858917183558,6.43773987299737,10.711965894730593,0.5412045,0.5365362499999999,-0.015201999999999993,-0.004466999999999999,,,15.125667229407895,1.247460153161171,8.186563691284533,0.1057619583829649,0.009560000000000013,0.9855738166763511,3.2230088556875396,47.06438750468324,0.10154827343747239,2.014782162315897,9.36767967075951,0.17189323440948978,3.821081182533089,19.881509731094727,0.17643983841470298,3.021634418496605,34.62517458005208,0.11834263229798751,3.2981478519206773,7.519776768124194,0.16260234891269898,4.093624696393943,20.722955588520755,,False,,,False,,,False,,,False,,,False,,,,,,,,,,168.37216197376492,True,0.05917821146334181,179.56860153008415,True,0.09664023448853999,179.3540890203764,True,0.10273169890544982,172.18937385001854,True,0.10032467976525017,171.79867521337746,True,0.09336878191879766,0.039691395465516185,0.04647830375562344,0.044325956932704795,0.03683022086547946,0.007011874642347806,0.0024794455025267336,0.007533747341131118,76.68794195809151
665,22159,36.293638361118425,,40.968725564082554,,173.89117046168562,161.12483220932148,171.71844546020964,168.82579051088544,6.455030749314494,9.460003965968617,0.53931625,0.537456,-0.011131999999999975,-0.0043879999999999475,,,12.766338252364136,2.8926549493241964,7.829496600844166,0.11071317959935938,0.010051000000000032,0.8846759147181636,3.477032852588492,35.796570019966154,0.18177482684187926,1.8656197880742618,17.47931959935497,0.05503345836925523,2.6914638598915395,38.758355239680036,0.11002744557325561,1.057079766735527,51.278612447355265,0.0646536180401827,2.896488046924799,32.83967815463251,0.04760235475208513,2.4600270904924453,58.28253219944403,178.23862213991606,True,0.0644179237867847,173.29734559246123,True,0.10265576375927458,175.59316669284385,True,0.10712051472057069,179.31259541386035,True,0.1074407997084906,174.83890185754413,True,0.09683159866489863,0.03844095360419662,0.04312310606855679,0.043164419942818624,0.03252469530987184,0.005114990224819622,0.0032714846782462463,0.013137523434803067,89.91243325320515,176.27627716529022,True,0.06662613042943438,161.83732449974082,True,0.06847313823682977,171.17198003088868,True,0.06742048182859567,171.08547361720622,True,0.06120994645480421,169.34822634672832,True,0.05098835249348621,0.0018485940603604446,0.005612417839042192,0.007950505204073506,0.01674583631832101,0.005654299072387289,0.006233113587926992,0.01024228709810458,83.43326834011573
666,22192,18.608653611252812,,57.76396342217598,,172.1671236453689,162.23298700574173,172.93127707555144,169.84829532914887,6.498581535264701,8.09893191837297,0.5378937500000001,0.53802425,-0.009969999999999979,-0.004255000000000009,,,9.934136639627155,3.0829817464025666,6.508559193014861,0.11422190746524942,0.01018399999999997,0.7800043535772924,2.0373225027734043,48.65442884642417,0.2246757718229711,0.8640678301241007,28.28888698506116,0.03507101302903465,1.2710660390970958,32.202482274520435,0.11944469278490641,0.3627730409201568,25.493074165672986,0.11014102373799783,1.146654134729791,56.307886618600435,0.0016480192722574457,0.3201467558350863,61.007741240298174,175.58436905060495,True,0.0732393825888777,172.361214182843,True,0.10792076360460022,170.80770871892523,True,0.10829836732379675,168.399599158613,True,0.10374063548099179,170.3322671104483,True,0.09298829810788024,0.03481192337403954,0.035320039425232826,0.030701421986611667,0.019750187568729587,0.0015865011818463949,0.004635474625105807,0.011547382603863112,87.87771990253928,174.45904112326664,True,0.06577775311608021,165.5254035366018,True,0.06590836999956834,167.9676725844069,True,0.06390236665413887,168.38742616459686,True,0.057872002669684765,165.04494227887815,True,0.04801320905750831,0.005593980425421553,0.004851603961578088,0.0097958057351093,0.018917293490348965,0.010183290038096711,0.006215419937542431,0.009926708870516967,84.9182554759388
667,22226,8.027868913750904,,64.58501145251496,,171.9317041301308,162.69952379709957,174.22030777797812,169.86396633615928,6.169659411266001,6.443026323760831,0.5369237499999999,0.5392355,-0.00959500000000002,-0.005646999999999958,,,9.232180333031238,4.3563414418188415,6.79426088742504,0.11395245998661019,0.010464000000000029,0.7487746456571025,1.1199315269634884,27.006262054254158,0.23961531184085952,0.02978360783020974,23.65523834971975,0.036039136530135664,0.8159534830572276,11.87984180845496,0.1331417867635708,0.6564955788665231,6.939898147500604,0.10474625393960701,0.9142393486001706,41.15859330475813,0.02895866879320744,1.6279454867471657,33.34333642161162,177.6181605494343,True,0.07079766462956243,165.1963148243708,True,0.09994480571295333,166.17667062561696,True,0.10147599509736278,168.38638199649589,True,0.09943927258382373,171.88692013524548,True,0.08957959975351529,0.0303763302589368,0.03207231120452658,0.029701521392009562,0.019431908012338902,0.0017625873028023673,0.0026349999999999985,0.010289028331188521,89.4033132139911,174.80726247142874,True,0.06282970062000935,161.78148101329467,True,0.06275139230327885,174.13454160524194,True,0.06285607331038112,172.61279413558938,True,0.05766071290749017,171.00285306423544,True,0.04842408512300468,0.005551611297632388,0.007146737437460531,0.008969723574336005,0.016328615985441008,0.0015954497798426948,0.0052180951505314795,0.009283445534929366,86.55089553826667
668,22259,1.0993552289417943,,68.18363806434158,,171.56792120545603,164.67555405685536,174.70096415605562,170.53639692895334,5.892853416154416,4.662792161980771,0.53436775,0.53885975,-0.009182000000000023,-0.006353000000000053,,,6.89236714860067,4.164567227102282,5.528467187851476,0.11362324017999134,0.010522000000000031,0.7238240859180652,1.3025863826571888,4.107230143734204,0.2226830137647214,0.7255974403193185,11.670040828663094,0.04970402778991167,0.48824371074887896,14.99356320824588,0.14986784394863475,0.12673844201602844,24.746478819989576,0.05371164416835155,1.636854613700078,5.324753882508995,0.10926723154551625,1.9526138152957613,11.758566485962689,,False,,,False,,,False,,,False,,,False,,,,,,,,,,175.29742747230065,True,0.06175276972735715,163.26751295815157,True,0.061520838363923476,174.92227804041846,True,0.06094924347356576,172.78871735356972,True,0.0557017226394301,170.6804445147329,True,0.04694747010223234,0.005007922123995084,0.006799623298389385,0.009650137408348159,0.016964315076064822,0.0018613105597938607,0.005353009340548545,0.008852388717176857,87.44372536619169
669,22292,7.110391829035733,113.59198922536768,70.45323411625456,31.939733611239774,170.91146212195412,169.73440707191037,172.62910580533173,172.64686731440446,7.0886763793542364,1.984918862563505,0.52934325,0.5397084999999999,-0.006749999999999978,-0.005936000000000052,106.48159739633195,38.51350050501479,1.177055050043748,0.017761509072727222,36.54747861511581,0.1273830056365448,0.013561999999999963,0.7032061672742763,0.8667565775264778,18.867917903820146,0.19214541735799573,0.7992637873272218,1.1726083714368143,0.06764991072459439,0.6088443891321899,4.920478300412737,0.1289217736879552,1.0092122560862586,20.617696378037127,0.04081054442566084,1.1309084358014163,17.923563868536487,0.15758832546577928,0.8742337745140786,32.414079892957716,176.78986487898447,True,0.06444310890234888,175.6569735059722,True,0.10279090732161093,175.93751557797026,True,0.11748788172828721,176.3662502197494,True,0.11765115862157927,177.39351518652353,True,0.10711043798341971,0.03835485441244698,0.053840741172461605,0.05458465909026092,0.04408360733878299,0.018154230388534774,0.003995720961228442,0.010565931099529297,74.48166528184518,174.307962754317,True,0.05907965580468457,160.74612158388598,True,0.05964288753908549,172.37914848267232,True,0.058864424910127174,168.94801542632766,True,0.053775433805781606,166.03973599660074,True,0.04528572148039601,0.004030001985111152,0.005817680121835528,0.008583675727798687,0.01563440436985051,0.0020160679552039293,0.005226627689055352,0.008562641473283804,87.78525359786485
670,22326,15.81023621700654,114.59977191071643,72.96933841459769,33.253674382682036,171.92433740306174,170.04880100165147,169.7048498423167,173.7964364222855,8.067791075344294,0.1705367483573202,0.52651125,0.54160025,-0.004888999999999977,-0.0033320000000000016,98.7895356937099,39.71566403191565,1.8755364014102724,4.091586579968805,36.118080676751156,0.12693929844614715,0.016310999999999964,0.6871959037056964,0.6552772638802277,23.081863371778663,0.17170989611766052,0.7915902206443907,2.726786266875977,0.08281691571876515,0.686089156320688,10.224428299365602,0.08724674890874352,1.4512114141474046,14.125861643788634,0.05735227826681537,0.43822934276047165,20.11963504955273,0.16746646398959725,0.23999199856622885,27.253994540622735,176.41111209546088,True,0.07397005540757692,173.27382139369172,True,0.10567239439418415,175.39222099908298,True,0.11993422827533433,172.25921734197928,True,0.12073150720917886,176.79421278957497,True,0.10339829047909838,0.032404152727698345,0.047542902614375576,0.047974551795717704,0.029865670878116916,0.015468088860618814,0.002037737225453816,0.018399713177112295,79.53279722953113,174.02847336758006,True,0.05687775320808655,160.2600559141314,True,0.05867686192188536,172.7761485805055,True,0.057091139067284344,170.552345646495,True,0.05183432031000313,166.26583240257767,True,0.043638036481950006,0.004393856278942161,0.005526370418276372,0.007891285573339742,0.01476152302440367,0.002248479708603181,0.0053188602162493204,0.008247443846429057,87.01874171780119
671,22359,23.78427161438859,115.91390357756204,73.76081816668585,35.14659398469826,171.466993514798,170.92791001451684,168.12751127424536,175.13925319619943,8.686533528049841,2.5870582582907438,0.52293525,0.5415825000000001,-0.0044379999999999975,-0.003522000000000025,92.12963196317345,38.614224181987595,0.5390835002811514,7.011741921954069,34.57367039184906,0.12595640732412144,0.017711000000000032,0.6601726619362005,1.3314489006389612,21.2220387147248,0.14062374605767727,0.6521767772813539,7.905575290374235,0.11223939424942524,1.254400997337613,14.783824345498855,0.03439077897439507,1.8096666528436824,5.397652382616325,0.058035510025757304,0.29470150241640386,15.714081512055856,0.14304356036019936,0.960565225107399,10.469938747447413,,False,,,False,,,False,,,False,,,False,,,,,,,,,,175.08683271960876,True,0.05636402495386576,160.50286210551775,True,0.05871910132997608,170.79054403394028,True,0.05638548020545715,167.0118637795888,True,0.050100198412780766,164.2259460645424,True,0.04238047183550461,0.004096478975901072,0.004894470860062411,0.00821928038212591,0.014987203675135664,0.002854679141339726,0.006325153357824613,0.007734011119723069,85.88590690540157
672,22392,38.97015653868439,116.65478878603457,76.13576487782194,35.83575926333413,173.8167930100302,172.30616878721221,166.1693432206268,177.18838588532665,9.571857377528952,4.304797866244362,0.5194455,0.5407507500000001,-0.0020700000000000163,-0.0022049999999999015,77.68463224735018,40.30000561448781,1.5106242228179951,11.019042664699839,32.62857618733896,0.11622322280852483,0.014204000000000105,0.6162682810998465,1.9795877926592074,12.262705475082795,0.12987508017691435,0.29752182887427087,0.8974596511623809,0.16479909819132565,1.5814643437104368,12.535137642408335,0.035124435870367274,1.0979907655969416,31.16711659937114,0.0379273599568908,0.6273477009619619,4.665362830788607,0.10462613410411153,0.9090266167270667,5.231535397871811,121.44927459081883,False,0.03217540391354867,111.55516414756657,False,0.031892659092650155,137.83019974804603,False,0.03836873931992034,164.25271632830177,True,0.052556715270267826,170.20255075520612,True,0.06458048291086087,0.03255946616577124,0.05159303677823206,0.07013882491887082,0.08453550934370715,0.020620558309609387,0.018800668844485342,0.014778735703706084,6.078360609818126,174.09707974533913,True,0.05665116842572623,159.37600310085838,False,0.05926466483495878,169.38677809402205,True,0.056074739143396835,167.48431201924086,True,0.05065221761186769,164.45936617945569,True,0.04331546782617038,0.004221550662967277,0.0046448089304081544,0.007691145883416813,0.014213271439045954,0.003490272768710194,0.00543961809321207,0.007349999319727841,86.28471089457126
673,22426,58.87972437792855,119.06478261398199,77.457849833264,39.1522293852985,174.57498763479396,172.11453028048663,166.79252791443608,177.02022943620233,9.485440140419065,7.1884971320620705,0.5193395,0.5407489999999999,-0.0012359999999999594,-0.0024939999999999962,60.18505823605344,38.30562044796551,2.460457354307323,10.22770152176625,27.79470939002313,0.1086043072534418,0.00904499999999997,0.5565889386861363,2.137404450321495,16.402163046123686,0.12504610300693167,0.6672495370652763,11.541690753638099,0.20958975995179904,1.3112300900333527,30.411538576915692,0.0445768213283112,0.2894468952631347,23.289967906795898,0.02013592745701762,0.4753306476992962,7.135090340956635,0.08258141847760116,0.6247275880328557,4.819398651542119,100.30453816098654,False,0.02765123839903019,155.71295303004007,False,0.05011572952676634,169.85821708565607,True,0.06252323181026391,170.0083278991574,True,0.06866894599453228,172.84103168433361,True,0.06904308362175025,0.051503864486075274,0.06799814871744676,0.0761756792224395,0.0780115942216284,0.017171286556341658,0.00895977432751513,0.004188413064634394,18.53898623821207,174.6232673258461,True,0.054983305402640174,161.8327606947526,True,0.05922614295224702,171.3742094461237,True,0.05706345942895508,170.88186438183823,True,0.05098828685100137,166.05476194262235,True,0.04144252098992049,0.005325950994892845,0.005034032677684977,0.006324475709495608,0.01461849393747521,0.0026200047709879965,0.006102882106021736,0.009603312032835319,86.37060613559224
674,22459,76.15639100850714,121.05314660588918,82.04556209775771,40.24899596845435,175.39998760848982,171.49252450608384,165.17521123256086,178.4976805207137,10.438935779665764,10.590667996105587,0.517248,0.54069875,-0.0004979999999999984,-0.0017570000000000086,44.89675559738204,41.79656612930336,3.907463102405984,13.322469288152831,25.980813529311053,0.10542873216064012,0.008726000000000012,0.5024385699750723,2.665142080272071,22.3592072104867,0.08948114565284257,1.0160886576593955,5.013213913804556,0.23617066281420368,0.49983822139987555,53.52672242192813,0.022821904536970875,0.4703207231933681,5.851150403021235,0.02246280062401477,0.20972965977810445,6.501476315905737,0.06282078007988844,0.6727661570611287,3.561617927490493,86.44810460252216,False,0.02264351520855364,164.4843322243645,True,0.05920592680635953,170.68224806698228,True,0.07214343774731005,170.32681968150237,True,0.07407892192790065,167.42847356467007,True,0.06812661245798149,0.05764657093010823,0.0736550089878482,0.0776316975532546,0.07326060760053792,0.01715456315386667,0.007378061805108417,0.007375398904466127,23.613643717617553,175.5418897201914,True,0.05599026204618084,161.3626253116708,True,0.0595820010154073,172.01040628157313,True,0.057551653755561184,170.55846257448877,True,0.05236601892448954,167.21326504090675,True,0.04347515756153159,0.00507731789432173,0.00521050189521126,0.00644445265325146,0.01384865831046459,0.0025188102350117716,0.005219741756064198,0.008951503840137702,85.91860445442842
675,22492,96.9659857551489,121.04117405819501,85.36933701827819,40.78430214493921,178.06487939444753,171.92653751542963,165.6164523578331,177.94677385538344,10.07068740135627,11.898683065017968,0.5164037499999999,0.53969375,0.00039600000000000746,-0.0004490000000000327,24.075188303046104,44.58503487333898,6.138341879017901,12.33032149755033,21.782221638238326,0.09467594060794958,0.0021729999999999805,0.3976868528252914,3.252070781387354,6.297962208209941,0.06070002331647126,0.6474684449315827,11.241431916126787,0.17731631192951194,2.27131454458963,26.114799362979305,0.014093181066365238,0.25819115437610696,5.713233842774804,0.022888587453341422,0.05777416951275528,3.935129610988184,0.03890261194484399,0.5912039108969909,4.0281666266833565,86.8931130717469,False,0.01867675220695506,167.29224809159945,True,0.06602600230212344,172.98880173368067,True,0.07895728934050357,173.25142677916708,True,0.08065470908756664,169.50372107065778,True,0.07524602969592487,0.06000803100419145,0.07539399735390073,0.07833417655787285,0.07394408212967417,0.01713816909707676,0.00577045180206892,0.006493174031242324,36.522511433630044,176.15622114049896,True,0.05603144532313975,162.68105812137094,True,0.06026471923936924,172.62372842015344,True,0.05811970216716532,171.16825581832938,True,0.05275518357469721,168.35249995362653,True,0.04410800455699626,0.005754056134588954,0.005438292470987574,0.006286714960931565,0.013249138726724837,0.0024772963084782203,0.0053971816719469365,0.008688468219427392,85.77580798827263
676,22526,111.44932202944078,120.44292134718229,89.2290714804416,39.87046169348419,178.1246047541633,171.78766703534697,164.92367120711972,179.11531754320265,10.716440433301358,13.388461933779668,0.51422025,0.5392615000000001,0.0004810000000000092,-0.00022699999999997722,8.993599317741513,49.358609786957416,6.33693771881633,14.191646336082925,19.720198289899546,0.09268013862743188,-0.0028599999999999737,0.3088897570015355,2.2690302892501446,22.048759145851594,0.046144125658716895,0.3790189192602902,6.542458443229405,0.08912763168365821,2.1970693189941874,7.79672684908914,0.009342828073687217,0.12104341244421446,3.3712895590102416,0.020705884655210914,0.06874065599875848,2.131957013749441,0.028165642147509766,0.47208575793951824,0.66148541060626,64.87762939954835,False,0.01482381071114982,168.2814951185451,True,0.06981770558389894,174.55502565404214,True,0.08427765331331903,175.67627843985258,True,0.08813036440410307,176.20982361425408,True,0.08702982250355339,0.06768517758712014,0.08362676990055273,0.08830809232454291,0.08760859809972994,0.017071291134533467,0.006441270216347107,0.0025412117188459635,48.21321632825626,176.88524546318638,True,0.055498614937672094,165.81762613682056,True,0.061560726522678404,171.47967126320955,True,0.058812329404640984,171.2983537256991,True,0.053358021796164806,167.67628363829385,True,0.04458142596418377,0.006884932098430635,0.005701389479767229,0.0053415048441427075,0.012203654575576962,0.0031442398127369355,0.0054761921076602075,0.008829230147640284,85.87273367695691
677,22559,127.59305202398119,121.02141435834032,93.6474871841412,41.06707264386557,177.57459058704396,171.41586439810084,165.77099305533116,178.04079180680068,10.304033030400149,14.880744872845975,0.5142355,0.53993775,0.0014909999999999646,-0.0005420000000000424,6.571637665640864,52.580414540275626,6.15872618894312,12.269798751469523,19.395144286582283,0.08966188055690118,-0.0024279999999999857,0.2841644704602976,1.7810745893715307,18.874962717502846,0.03659301155101587,0.25106079698225864,5.0994460714305765,0.041996962204923376,1.7710869556641948,10.062396871967357,0.006932871412438142,0.035278828742001465,2.4168246848064854,0.01852967805255734,0.1263034579603484,1.304571826337005,0.021528904569284062,0.5861504461272073,2.83993418011863,54.60009312746146,False,0.012373366275997815,170.39693349659444,True,0.07778455338947447,171.91563553022138,True,0.09166760918121518,173.99222382708967,True,0.09685955074229899,176.5859325799237,True,0.0975640858359263,0.06777825067822275,0.0822434002336966,0.08792030448650637,0.08889192597755992,0.015422136460296299,0.007551002913520756,0.0029697355101086067,61.32280316370031,175.90146847685358,True,0.05569026906022272,168.79090898877087,True,0.06243938328491081,173.63944686010072,True,0.06022782722297061,173.96907144599325,True,0.05466494646480501,170.91290936297975,True,0.04544370143375208,0.00728512052062285,0.006038082477078284,0.004497344994549573,0.011397550789533703,0.002599604777653679,0.0055959506788391305,0.00927427948683884,86.314381915988
678,22592,143.63710096528487,124.47963749882622,98.25463387037084,43.326402910119896,177.60744895667517,171.33983029499882,166.04279504223956,178.17350898418027,10.470370945233402,15.257701168320725,0.5145845,0.540654,0.0013270000000000226,-0.0003889999999999727,19.15746346645865,54.92823096025094,6.267618661676352,12.130713941940712,23.121006757581664,0.08702738995281893,-0.0017890000000000406,0.21871695836734456,2.160554002338106,19.17210896859149,0.031606515239999446,0.11648847211877042,4.892338985589498,0.04536938441393747,1.547141430215611,19.104039612070125,0.009528790895936747,0.09775751026910698,0.5321735479327778,0.013776374624146406,0.1548415174983046,0.943384811604341,0.025146814188755806,0.5115392473414847,7.545809825366837,52.00162012648197,False,0.008864231325952578,172.171864412576,True,0.08155022331054643,172.35485572259395,True,0.09790253396618497,173.6769455107456,True,0.10243974801316132,174.79316784556,True,0.1014502315127964,0.07436477804041375,0.09112439437384491,0.0959190136938449,0.09511009639885772,0.017758945154484895,0.00631320980167769,0.003056649309292733,70.4020276332776,175.12402170812186,True,0.056969251530979426,168.53205956339613,True,0.0628727282134313,174.00429387421673,True,0.061228511675525815,174.64267865852145,True,0.057080370356191644,172.38106467772832,True,0.048920745425637166,0.006350611387890115,0.005623691492249518,0.00398266895435714,0.009348102534739337,0.002180021330170871,0.004172671326620398,0.008229629457029047,86.83847597145363
679,22626,151.20473598444593,126.47385433579683,99.8109123104053,44.426878249777396,173.75815569870082,170.65211130974438,166.03775363177965,178.3372470006786,10.89086589647895,15.22182926577132,0.51448625,0.5410397499999999,0.00033400000000000096,-0.0003870000000000262,24.730881648649103,55.384034060627904,3.106044388956434,12.299493368898936,23.880113366783092,0.09221284683817114,0.005461000000000049,0.15392823175142717,1.651378715025701,18.859817851188996,0.03660161803989848,0.10118722121215534,4.830210724230723,0.08588287099740631,0.5248654862043471,32.8507671429363,0.012414400407756232,0.06182531846019193,1.1739216133289316,0.009569145674030242,0.18207137275262295,0.5247057363630089,0.032372826689433226,0.09290632443504138,10.97207532664524,25.436814800744553,False,0.007987441392586279,172.31236179117866,True,0.07963241653999963,171.4597664809291,True,0.09820929920328324,172.44918209682157,True,0.10419322972727162,171.9770186090459,True,0.10343663229243301,0.0716674455523566,0.09022192466357609,0.09620863117724933,0.09546035931212489,0.01950522663287973,0.006689375830374554,0.0027200773886049776,74.84158019418817,176.0597066362215,True,0.0569390206624596,167.9770456570309,True,0.06268158310859737,173.80786523232882,True,0.060049353476952595,174.37302943073936,True,0.05499718866451263,171.67713096220484,True,0.046293786408113116,0.00634860622499143,0.004860089402469832,0.004502229336673063,0.011726758205062445,0.002867990585758586,0.005076990053171287,0.008782057219125802,86.3375131006327
680,22659,157.75357397840583,127.62477713864462,101.63825134361178,45.66557908509331,173.8958994746684,170.4820270658168,166.41410963036458,178.18493794926377,10.781041759024964,15.429952396299583,0.51498075,0.5418084999999999,-0.0005129999999999857,-0.0009429999999999161,30.128796839761208,55.97267225851847,3.413872408851603,11.770828318899191,25.32154245650762,0.09160094467853476,0.004724999999999979,0.10899804064888542,1.474016309324547,11.240443450970279,0.03825317373665905,0.22467563162506396,8.630575815180961,0.0785949970866058,0.7060904426551862,25.80334208864441,0.012644839783782997,0.11680527564912496,1.364626260012158,0.007148215051029972,0.18345815653544376,0.8181356813687636,0.02750635496389337,0.23303562015207155,3.7936594142656324,31.37729611279919,False,0.012258026146162341,172.27716232952977,True,0.07966121285795233,172.2305750304553,True,0.10368881525506977,171.89177582051204,True,0.11053065903178177,173.14662715252692,True,0.10858936009112485,0.06757630993920868,0.09150905468859351,0.09830856742420777,0.09634231686024572,0.024431191641015006,0.007747914622658202,0.0040406070088540216,77.48032122181759,175.42620627351764,True,0.057250485587460286,168.82151871487554,True,0.06341614490017504,174.84487687647479,True,0.06088062572773049,175.84312135965658,True,0.05614072718624154,172.83535570857944,True,0.04755724173036109,0.006583433906404741,0.005072196072708526,0.0041203185556459125,0.01086757530454701,0.0028719771935027815,0.004775769676188331,0.008674081161713917,86.38647018562631
681,22692,159.28694608372268,127.88483090744775,101.75841694354048,45.950924012728684,174.5888748898193,170.30982921124084,166.12833417004964,177.95096930013523,10.81462706731545,15.893703642273938,0.5151797499999999,0.54144675,-0.0009639999999999649,-0.0009949999999999681,31.402115176274933,55.8074929308118,4.279045678578456,11.822635130085587,25.82782222893769,0.09033866176781676,0.004948999999999981,0.056712627327833,1.0816787683397489,20.82474038186435,0.02810073529751043,0.470283144913057,4.301297227393875,0.03946154370041576,1.181248961324121,3.5113150988633914,0.017114883627460702,0.13237799313500848,4.238678301142508,0.007203964984369862,0.15006687197822527,4.355021166622976,0.018347394832981256,0.2112324048785422,5.996478920714464,22.6481940139354,False,0.0019353640484415385,168.96745686155936,True,0.0749692278538335,169.98707443336707,True,0.09958123817768083,172.2129143956391,True,0.10544860705575962,173.56476444522863,True,0.10321096141883383,0.07323892050679069,0.0979216832831217,0.10382286940746724,0.10161250378275306,0.025488763681277223,0.006776091277425376,0.003450009420276988,76.54538318739978,176.25551546041427,True,0.05975333553869608,168.94091612443447,True,0.06515062508525916,175.27935837483045,True,0.062352550076159675,176.20621683537254,True,0.057474800086646675,172.34376932039882,True,0.04883155964128116,0.006009497899159328,0.004437975326655222,0.004363700379265298,0.011816034233193495,0.0029910640247243414,0.00488543181305398,0.008707855878458274,85.27137773109412
682,22726,157.96997638493616,128.14527112945856,100.03536825264409,46.61130772168033,174.75480267075,170.50971448364106,166.4889042828503,178.0681124633027,10.61946178826379,15.822446883858886,0.51568975,0.5417175,-0.0010049999999999781,-0.0011010000000000186,29.824705255477596,53.42406053096376,4.245088187108934,11.579208180452383,24.768265538500668,0.08984141809321577,0.0066629999999999745,0.03965633506874288,0.9014928326271483,18.29868940303526,0.01508574362149289,0.38491261887115946,10.632384547543797,0.009459698374017462,0.7814377405673876,20.569056465743376,0.021512450460281354,0.23631928762990936,2.7378283438389115,0.014059461771617092,0.33721946403806163,4.095884810616584,0.014252634061917166,0.26710070039451894,5.383610702988224,0.0036079954068681313,False,0.0018806948184115272,171.62304369686825,True,0.07505559342913765,171.6781937965075,True,0.09891858915795351,173.0354302484588,True,0.10469255137305615,173.61413640737024,True,0.10134279469700848,0.07464772076895583,0.09838903113660578,0.10411111180849038,0.10072172589863616,0.024486109695090318,0.006452110507423161,0.004070808519201006,77.96054507260054,176.71986578728814,True,0.05939895306316435,168.1902154387114,True,0.06525562416374546,175.1616435135435,True,0.06283034318703026,176.5433710934369,True,0.05740456136057481,171.90050335768404,True,0.04790630331177725,0.006689684596451457,0.005292450850031577,0.004629652686757392,0.012561987820404881,0.002586467088520556,0.0054361824840599374,0.009578181142576076,86.11004895058888
683,22759,161.51236829365288,128.74558304711758,101.94154155736408,47.07409777058362,174.71470539366217,170.49032634846074,166.4596764590905,178.036220566031,10.672998845740816,16.39172354105864,0.515914,0.54170525,-0.0014430000000000276,-0.0014880000000000448,32.766785246535306,54.867443786780456,4.224379045201431,11.576544106940503,25.858788046364424,0.08976285216613836,0.007722999999999924,0.061641722963200446,1.057122969555747,33.96247746329777,0.009001158780074105,0.2504247424603536,11.82351639789039,0.015053983051996383,0.23883404454052348,21.58026855650794,0.028489506229221778,0.27874938079302125,2.8220372706119004,0.02974954359453937,0.4013091070506051,4.670531504048077,0.02180844893921469,0.2950200966127101,3.176050773271015,0.8586161284840428,False,0.007303867742504663,168.64104531629073,True,0.060715113406795175,168.55321530560718,True,0.08533089996595608,172.77161630055264,True,0.096137533086719,173.06359632716152,True,0.09712431442743875,0.06797171235153636,0.09263232060679472,0.10344084493081053,0.10442324073212816,0.025518522782481,0.011391069703939063,0.0026404781763915484,76.44372962415311,176.33153421418407,True,0.05873896939000547,168.23193751472752,True,0.06538832437828637,175.9650627577632,True,0.06286510550376893,177.66666879636912,True,0.05722567599425977,172.38190037336275,True,0.04723847086856221,0.007414694599240104,0.005893734384920983,0.0046671931607766394,0.012685398890062552,0.002731689770087378,0.005654595387823956,0.010074829278950577,87.03072160914915
684,22792,160.89084713300565,128.88001460047573,101.8491645723194,47.760652663776646,174.37654383865726,170.9103170343843,166.82579517299064,178.15327421934762,10.62951982600617,15.566890704930316,0.51676475,0.54184175,-0.0017530000000000046,-0.0015359999999999818,32.01083253252992,54.08851190854275,3.4662268042729636,11.327479046356984,25.223262572925655,0.08869410817523339,0.003997000000000028,0.08511265031106582,2.215721096251204,130.9452821032948,0.027808638735750048,0.42035693014686204,12.542670510625037,0.01137345993090082,0.6428922013695132,8.79962209478094,0.03814503404338754,0.15536952795471062,6.933459469475528,0.04053457695907701,0.3025665361263869,6.7762205258753925,0.02906000889062947,0.05846263991725641,2.262647061653755,3.214090385824699,False,0.00297785174244788,168.8128079502326,True,0.06236760525304779,169.01454227487622,True,0.08581509420842004,172.22123306114912,True,0.09788446051340328,173.34186202919057,True,0.09970158532841894,0.06520698369039922,0.08871997241320582,0.10081159671882993,0.10264024132863288,0.024307897996330423,0.012562469980063629,0.002891713851680315,75.97999637164118,175.3644308184232,True,0.058277374314565686,170.9345531362042,True,0.06641103029617895,177.21633778686314,True,0.06445395643403128,178.0072318916128,True,0.05991697979704918,174.9993231932648,True,0.05049232964520452,0.008633742757344562,0.007412075080569568,0.004729186505097908,0.009486974754894198,0.0023657863386197906,0.004565628981860013,0.009523681903549701,87.24475533194085
685,22825,160.2403546535156,130.3022143104809,101.23163394497573,48.77881304888795,174.47284054583255,170.25870681923672,167.17492840329953,177.78616381177514,10.555793068409454,13.594202676821524,0.5184679999999999,0.54161,-0.0021140000000000048,-0.0019599999999999618,29.93814034303469,52.45282089608778,4.214133726595833,10.611235408475608,24.30408259354848,0.08694790400003898,0.0025329999999998964,0.11120991887974972,8.199563005440968,155.21683053807496,0.03361478883588652,0.6581217383138449,15.012029881671433,0.029860223026963253,0.6868160172247633,8.523205115381563,0.038266206562949635,0.24412371910984054,6.422648281697703,0.04424281476409825,0.24222479947707326,2.9779648741038116,0.02379543577144273,0.14592195100857278,12.771889397979658,24.847909573754013,False,0.005562392380981462,170.64004042603094,True,0.0825122564471485,169.8655123966711,True,0.10129818439636515,171.884824356288,True,0.10695764068078539,173.1403902819153,True,0.10414666499221184,0.07695479863530273,0.09574001962084605,0.10141087224257558,0.09861112562992064,0.020112277891874874,0.006735651564622416,0.0036898846865450682,76.65292772437371,175.23595637767104,True,0.05924994928267872,171.43983610072686,True,0.06654904829522357,177.0121686593226,True,0.06491233338126122,178.2265050635037,True,0.060306178132924326,176.64531912086372,True,0.051381860846022316,0.007644595803572619,0.0066801380973749176,0.0038637050870893425,0.009064195606891985,0.002139720542500781,0.004616880548595551,0.008989424286348925,87.19113030312612
686,22859,155.59418118964723,130.31805507423124,100.56000644322903,48.765946670162,174.895328160893,170.90657460292059,166.86513733885963,178.4021198439932,10.906012029202559,10.988375543804384,0.5202442500000001,0.5416495,-0.0020719999999999628,-0.0017040000000000388,25.27612611541599,51.794059773067026,3.988753557972416,11.53698250513358,23.148980487897255,0.08575385729516774,0.006396000000000068,0.48844326827257245,12.333939458726025,65.50956284683473,0.04872034795367016,1.033179757806463,14.638191158931482,0.056950597284029736,1.0283420624595074,1.8697911260127869,0.037844444121596134,0.356145693487528,7.643026267115736,0.044914134179478274,0.20007901182749763,1.4093999510741417,0.038235952051039274,0.8927458397410242,15.543508663816947,52.16888671198016,False,0.006956594712932432,175.08385038259865,True,0.08359453346959947,172.36869453073336,True,0.0967777831632859,172.23642405235861,True,0.10302137574309514,174.24013443967843,True,0.10163029258050961,0.08092389790414195,0.09488373063913533,0.10182854029200258,0.10098967947270647,0.01716252778584785,0.012183393697980905,0.008233337233467374,64.90891973769048,174.40786052434026,True,0.05949277611609664,171.46753765646696,True,0.06814051078470132,177.63716001562057,True,0.06676701139035653,178.1138247254296,True,0.0622292993131049,177.8484715624903,True,0.05298582758625177,0.008913855507018249,0.0080971938349035,0.004585720117931313,0.007915506616761768,0.002046112411379198,0.0045451962553887575,0.009313227582315368,87.72094488786793
687,22892,146.02090996046155,130.24157989900903,97.40202317528758,49.21064905772821,175.2247503144129,171.07615723364722,167.45463927547274,178.36289561661465,10.649013823809248,7.351535956661796,0.52174875,0.54082075,-0.0029000000000000137,-0.0024610000000000465,15.779330061452526,48.19137411755937,4.148593080765664,10.908256341141907,19.75688840022987,0.08605192908935858,0.005178000000000016,0.9025552985879017,12.031458422486246,51.044551101198,0.09017750113460872,1.338331693781485,29.986396083940615,0.09787960143012067,0.6798747473122396,19.24066371219484,0.032206601470221814,0.5309436926770426,3.889499201921506,0.0495689162547796,0.32375454115931335,5.822309633606571,0.08352518506143965,1.1775021120769562,1.2093500520425653,150.5572546998991,False,0.022919064836943004,176.86605640185257,True,0.08341912310735475,178.53496185823795,True,0.09414460168273057,179.5697830200296,True,0.09719320966507891,175.87891444136608,True,0.09639835768829254,0.060507815966204,0.07183438831785238,0.07610326033751774,0.0765928494834864,0.019138245112862308,0.014839598141459206,0.0107492475085468,53.482659873841136,176.1914171231356,True,0.062178892214319804,172.33585772021084,True,0.07117469332564771,173.64245274600597,True,0.07149627973538206,172.43051401036092,True,0.06764624427859985,176.23300833526602,True,0.056164019523178746,0.010629506338490045,0.012069576835995553,0.009325568293675248,0.01041687189131176,0.00216322213376253,0.0038513058824248135,0.011606568657445655,92.91272744612247
688,22925,99.16286593069789,128.10877866070712,89.376063828485,49.13484293450704,175.94709675355736,170.78792006355857,167.85909052191252,178.01482367332724,10.306056514264007,0.6716294167267095,0.52256725,0.54111525,-0.005452999999999986,-0.0017239999999999478,28.945912730009226,40.24122089397796,5.159176689998787,10.155733151414722,21.125510866350176,0.08671075673179192,0.011558000000000068,1.2660265683743122,10.276399135957497,110.44575476267204,0.1365901185667308,2.5986369237699853,109.14173277529228,0.10107325728034573,0.2596365102030948,13.793206200185349,0.018574453879423154,0.3918748672445897,16.459170903154778,0.0599484425400869,0.5843506017278739,11.66990894862643,0.11592960059366138,0.9710296864597265,3.42311974441052,178.728705269153,True,0.0440297269126212,172.4531162859993,True,0.06942288364077079,175.65572756421912,True,0.07860281537578664,173.44656917574724,True,0.08016982347492105,178.59904500252438,True,0.0662083358573526,0.02539730074240175,0.03480757120225427,0.036889114925679645,0.02567071586458,0.010202533116829367,0.004712217843011875,0.016296090972991045,91.54861018032393,,False,,,False,,,False,,,False,,,False,,,,,,,,,
689,22959,24.44577160990869,123.29360618245204,87.93432771472169,46.02662571019293,175.85381702318278,170.00482618670273,168.15591924840638,176.94556753162772,10.287578822288145,12.72060937787171,0.5244015000000001,0.54136725,-0.006150999999999962,-0.0013480000000000159,98.84783457254335,41.90770200452876,5.848990836480056,8.78964828322134,38.84854392419338,0.0877915719474256,0.01066800000000001,1.5696843014700894,6.142284718752028,196.568592572233,0.2300790576242692,7.129787362947396,101.1958331351518,0.08162961894798731,0.2961344819553534,4.836150971910505,0.027739759665494437,0.6511232262353501,24.297772040901922,0.07734270841974537,1.009884220204255,13.907647842985059,0.14858172276830342,0.99422143537849,5.030498727844708,169.3767467459991,True,0.05201496885512862,174.08392632783494,True,0.08033424455983887,176.58113615896247,True,0.08273899238569442,179.2644823246766,True,0.07233398451627009,146.09452788833664,False,0.04316680514006104,0.02832850776161709,0.03150801869365955,0.023548691534775353,0.013404106423033203,0.008133313838774449,0.012425975092522941,0.02918556002546464,84.1286050283603,,False,,,False,,,False,,,False,,,False,,,,,,,,,
690,22992,4.03830216229234,124.07682546858732,87.96289583001152,47.937999165215935,175.21375587548766,168.32256815530803,168.9188602894041,176.2601653596045,10.879179822638617,22.118273063689564,0.52974575,0.5418835,-0.007193999999999978,-0.0014340000000000463,120.03852330629498,40.024896664795584,6.89118772017963,7.341305070200406,43.57397819036765,0.0880503052237753,0.014422999999999964,1.612417006555002,5.0742698200805485,199.1311540125111,0.4989886442633138,8.795596276276264,41.11496730052964,0.08514731427818567,0.1383498330476527,6.347454556867914,0.056622820479340676,1.2834007125008682,8.643502296859134,0.10083822155176721,1.177719797239966,13.648120432816985,0.18226759094259284,0.6368523803143521,13.465446272236665,,False,,,False,,,False,,,False,,,False,,,,,,,,,,,False,,,False,,,False,,,False,,,False,,,,,,,,,
691,23025,5.4275787956122405,120.72713720852755,85.02211847101105,45.022940891913706,175.26487503813516,170.19154910282555,169.3383485224488,178.7556642276868,11.61093047662917,39.12297588553088,0.5317415,0.5406635,-0.01173200000000002,-0.0011999999999999789,115.29955841291532,39.99917757909735,5.073325935309612,9.417315705237996,42.44734440814007,0.08814595952169338,0.016191999999999984,1.4068460370870253,8.754368208700468,91.86199127328926,0.7400917258802205,6.675937510884665,82.1160221844988,0.08753135074648964,0.16091878919858554,5.781222251068305,0.09593776865114961,1.0719183379776387,12.072219148707104,0.11461373497249785,1.0563291429579655,13.175150306706753,0.19055042494770819,0.10794962381760155,5.870687853892591,,False,,,False,,,False,,,False,,,False,,,,,,,,,,,False,,,False,,,False,,,False,,,False,,,,,,,,,
692,23059,13.547510141005816,109.36998914906788,80.62969314656482,35.88759080326224,174.1813167766062,169.32526800250338,171.93769992645,177.65049783485352,10.875038217930529,45.0060821253847,0.5343129999999999,0.5399935,-0.014824000000000004,0.00014999999999998348,95.82247900806206,44.74210234330258,4.856048774102817,5.71279790840353,37.783357008467746,0.08702788487031043,0.013866999999999963,1.1330994787775615,8.829768474503672,61.65823078717682,0.8942234516678638,4.771680764659478,94.11232536989455,0.0858432770778968,0.2507982802752839,6.285511403601748,0.12003415844476503,0.6052972860951021,18.892647500296572,0.12637147648733477,1.0387987637101346,15.593456686997012,0.1894423002559494,0.25363510733868283,5.112588814635824,178.93177458860907,True,0.07417150073983937,171.6493498371704,True,0.09533390116847201,166.38475552668794,True,0.09341100758475951,165.13877153291793,True,0.08636116330851498,173.98699727997905,True,0.07172427533966443,0.03983847328902051,0.04325787604587173,0.042702916083096745,0.041635999387549215,0.006484295027217676,0.008232014698723542,0.015398163559333943,56.605078314687454,,False,,,False,,,False,,,False,,,False,,,,,,,,,
693,23092,21.201487998883565,89.57326356559865,75.76285848350749,23.454741258957096,174.25031599833076,167.35267766150358,173.55428157232447,177.93662510254663,10.536188293052478,50.24723743211326,0.53598625,0.53817575,-0.020156000000000007,-0.00017899999999992922,68.37177556671509,52.30811722455039,6.897638336827185,4.382343530222158,32.989968664578704,0.08203577039925934,0.011247999999999925,0.8991316469754637,7.217341129823166,74.84905512122818,0.9825524869548032,3.266522526247708,127.14124908376411,0.08016808231255702,0.4639676490765261,7.761038923001276,0.12781746379372097,0.2911955828432609,25.540709399167234,0.13550533633622375,0.9657667227844537,21.07671956004427,0.2073124262675412,0.45031402225429207,0.30677092351707064,179.51456310915253,True,0.06699260054662755,175.67003271,True,0.09633656631829889,172.55257391702705,True,0.10047931049226003,169.35282879456193,True,0.09543602859507512,172.04175846219144,True,0.08655531061696904,0.03875703500011319,0.04473203063801147,0.0444721549961321,0.041030078576575944,0.0062082462096794905,0.008305163273530496,0.00986612923085848,62.343162984207325,,False,,,False,,,False,,,False,,,False,,,,,,,,,
694,23125,32.20848447412915,79.26502692510311,66.42580719301608,15.759969097612068,174.57494655147326,168.02695529132583,175.06697167602803,179.46933745119634,10.01114990455888,52.4877991979527,0.53604275,0.5381210000000001,-0.022218000000000016,-0.0006699999999999484,47.056542450973964,50.66583809540401,6.547991260147427,4.402365775168306,27.168184395423427,0.07798767710991267,0.011766000000000054,0.6845324545700472,5.420071695818068,66.77309453205932,0.9219637255262363,5.133562726769889,130.10392010524558,0.06227110542639779,0.7071283205594301,6.0022103063977825,0.10496649788235737,1.124332143912851,22.64135626713083,0.1151676603588477,1.1069216757454559,11.092671232840617,0.2187728290678431,0.26647068680728353,6.414967410788818,175.542144199323,True,0.05693375738522799,172.62447480152224,True,0.08222489200357762,170.43667547828778,True,0.08760694397706152,167.5142429968559,True,0.08747871316497519,171.8619947443615,True,0.08544594673242259,0.032235338139997856,0.039125823914647466,0.041314496547822044,0.04195782860206186,0.006985711273735834,0.004478415791326163,0.004636542893147911,70.24550098721983,,False,,,False,,,False,,,False,,,False,,,,,,,,,
695,23159,68.19858950715137,79.6940470718857,34.41253397137699,16.700842037678974,175.8392555397446,167.38544846853972,174.73750447380564,179.080693102977,10.638821588993425,54.63320303069333,0.538223,0.5382097499999999,-0.022040999999999977,-0.0012079999999999869,11.495457564734338,17.711691933698013,8.453807071204892,4.343188629171351,10.501036299702148,0.08026377280566867,0.012240000000000029,0.5443856448871198,4.275508675696435,76.11478594426795,0.7063021192723972,8.001233691287446,77.0638089362616,0.051211915392951016,0.8477291500771561,7.066746823227019,0.05317682072415192,1.6992368907847666,3.183330397263954,0.0938624705180762,0.9745427661771049,9.342479995906837,0.2247743491618051,0.07082687982518553,26.065739113211116,163.58321905218267,True,0.0324826341912106,151.49616424424195,False,0.052131190864970686,150.7189571241748,False,0.05396300848729623,150.00728344520925,False,0.05493953913166731,153.66165783579098,False,0.05330296806932991,0.02294085318814448,0.025671251722500784,0.02694190765331957,0.026016097036258134,0.0031619566726949467,0.0013395390998399545,0.0020539301351311786,7.905213057494775,,False,,,False,,,False,,,False,,,False,,,,,,,,,
696,23192,128.79481957638166,84.49010190738001,23.178660358012472,16.823049894750778,175.4672196667404,166.06592428447178,176.07967340906038,178.2360345684977,11.06581761642318,57.26112998051584,0.5411134999999999,0.5381239999999999,-0.02191599999999999,-0.0013499999999999623,44.30471766900165,6.355610463261694,9.401295382268614,2.156361159437324,15.55449616849232,0.07981306735741965,0.012136000000000036,0.4051720581664437,7.720866668636842,102.08820203909039,0.41595749740367105,7.8206180106654,67.378865029252,0.03810137703350631,0.827706259656495,12.370999105373116,0.014170732780205952,1.335400208441752,21.140854602084985,0.08895109859048464,0.5777008405316222,14.915211530531161,0.2198533934416927,1.4836161509659638,53.42175496256009,152.25962564853683,False,0.035687252415953816,156.45438047637938,False,0.04489116047731451,151.25877938348543,False,0.0452873544491175,151.11753771665985,False,0.04394734763327594,162.0344576966069,True,0.04099219674523438,0.01065552345030504,0.011532649305341789,0.010459684555473017,0.008383281994541294,0.0011899663860798792,0.00134702078677352,0.002973224848544083,33.3544606137685,,False,,,False,,,False,,,False,,,False,,,,,,,,,
697,23225,164.34889070378193,94.24076549625613,52.51916800874217,16.18711162255195,176.90393382863226,165.78070415706873,176.08774653648308,175.62042806969885,12.0361100551666,57.76277138405886,0.54334575,0.5380705,-0.02176499999999998,-0.0014529999999999266,70.1081252075258,36.33205638619022,11.123229671563536,0.46731846678423494,29.507682433015948,0.08086069147614315,0.012095000000000078,0.23299888739324762,10.838273129179617,43.32851107862977,0.19366933026826616,5.276582315457952,61.82194363077636,0.033241709104105045,0.38102019024392925,16.189090994755983,0.03848178801716729,0.31296864740864944,20.093455513537535,0.0745912474552763,0.3655262855701754,9.797658591317388,0.1268927958488648,3.506663157263464,40.206077242022275,159.7350925664586,False,0.03642048584244864,3.491420038395954,False,0.032212676293658093,44.26240520289742,False,0.02748885652405353,32.89300051037695,False,0.023738925881345196,139.8316129651248,False,0.030219481398594514,0.006005707701844956,0.012156635389777909,0.019449470866838514,0.02537395052016934,0.006221971472130077,0.007294517461765349,0.009360774861089242,100.20322227680036,160.74083439241429,True,0.036969404782874145,149.57418006605232,False,0.04227470622015009,155.84267375558449,False,0.042709443101028574,156.0134622584056,False,0.03987222372780327,164.20918451278837,True,0.03480927400851672,0.006199903547636846,0.007310749345997303,0.005401872360580207,0.004960289205278271,0.0014610694713120165,0.0028439059407793428,0.005067601405004148,34.536194890652794
698,23259,172.7433883190762,101.26803818116059,68.17875405505114,22.343594852293876,176.5155907331246,160.6357980258,176.64242935414367,179.73742024532658,11.078637639689909,56.750767226868746,0.5424997500000001,0.53866525,-0.021051000000000042,-0.0011139999999999484,71.4753501379156,45.83515920275727,15.879792707324611,3.0949908911829027,34.071323234795095,0.08811899778140926,0.011773000000000033,0.4237751222245093,9.991124541385389,85.07814267118725,0.06423868295000865,3.82202916349405,41.642897112778336,0.019813579133212564,0.33863183525868185,7.915414320050516,0.03349722644738887,0.32466324822714676,6.780365686325293,0.06453734847135859,0.4617282876898645,5.686586461295068,0.01606111529894844,4.176534972568377,18.71600316264474,,False,,,False,,,False,,,False,,,False,,,,,,,,,,170.54675202603704,True,0.03723758135271411,144.12758706771095,False,0.04301016486831922,157.7671115658703,False,0.043264623019275215,159.92904958986844,False,0.040161435843355985,156.75273254524961,False,0.03411267853745876,0.006265694614326488,0.006666310823836498,0.0034634055494555944,0.0038266904761164243,0.0005043500768315427,0.0032476111220403263,0.006070828773734266,38.44989981079818
699,23292,155.16989527753321,,74.43030428294287,,176.55327865233693,159.84114840126546,178.74347231065255,179.9027672363636,10.550753922322537,56.050441580239486,0.5425665,0.53934775,-0.020726999999999995,-0.0009639999999999649,,,16.71213025107147,1.1592949257110376,8.935712588391254,0.08802503794375775,0.011907000000000001,0.6791779371820805,5.159875612817256,163.76065091575435,0.06267516797298436,2.6747979772704196,52.262434666537054,0.013731752073193416,0.4879022496880944,9.603807512954388,0.05129396927880992,0.5530090517952051,1.5730771085922253,0.04392606253463772,0.7399482961770463,3.911379132757423,0.15294415250870325,2.2871323970528716,82.83452575984843,,False,,,False,,,False,,,False,,,False,,,,,,,,,,170.14387015137828,True,0.037171435821071006,148.38339406470226,False,0.04322103943682984,154.7310844963409,False,0.04264315021196258,155.5278932707424,False,0.04010075772351445,152.42261106764252,False,0.03462449255945856,0.006642483044765717,0.006526431873543186,0.00449343265221594,0.004401474525656123,0.0010682743093419038,0.0025427972785890727,0.005493946941862498,38.39009438772423
700,23325,151.48691296153373,,90.7918435668799,,175.41660019066705,159.61953295958622,179.44409874258207,177.10706904761832,9.252779277499261,53.67468020881399,0.5408187500000001,0.540035,-0.021372000000000002,-0.0022260000000000613,,,15.797067231080831,2.3370296949637464,9.067048463022289,0.08734438106712986,0.012129999999999974,0.7351573778966277,1.0698485552402448,148.14843222799226,0.1123034033055962,0.9005763403556561,41.08577236754834,0.012859514886974338,0.9253632862405136,7.164871249740277,0.06559748431626254,0.42772962784547985,7.5454339419066105,0.015883599282945797,0.7156916203974885,0.8262858238088036,0.1656221728309791,1.293499757469729,68.27219425787868,,False,,,False,,,False,,,False,,,False,,,,,,,,,,170.90909872903356,True,0.03653427095208002,147.9687835916081,False,0.043410292800210366,159.89559614978987,False,0.04313412158604826,157.40582105410743,False,0.040579916029977174,150.58281278635002,False,0.03598407884050941,0.006951257512134034,0.006601014846218692,0.004071100711109966,0.0017647594736961048,0.0012736797085610193,0.002629455456933964,0.004780590863062877,40.85999531346947
701,23359,168.11666478728407,,95.93095673421861,,175.34763527306689,153.34879007998256,178.93266345153208,169.2735671569194,7.318080859833898,49.69515914945394,0.5366615,0.5397434999999999,-0.02058399999999999,-0.0022520000000000318,,,21.99884519308432,9.65909629461268,15.828970743848501,0.08748746352478164,0.012807000000000013,0.6486541941808469,4.866407335717306,122.09636932396586,0.10930531005937814,0.7971191565566952,18.615395118872893,0.04990812854887634,0.8147649631817996,7.898255307366838,0.07521707398980008,1.0459695377393856,20.42330079246982,0.005837522229329321,0.6880127670010708,4.386632314436571,0.06676806380192084,2.2879153566592536,7.741137779739293,,False,,,False,,,False,,,False,,,False,,,,,,,,,,104.66760096494015,False,0.016353395304951182,168.3120775771933,True,0.031564018533767224,156.6580758767026,False,0.04096724922422789,154.8183047792424,False,0.042982497135462046,155.8063028114922,False,0.04048426904366681,0.041182846914704675,0.05013704826772315,0.051681000009674766,0.05065778954909105,0.00940543465236987,0.0024015255568076137,0.00540733760736283,22.467227690118417
702,23392,160.81712416286487,,104.13496522029718,,175.53417044035342,153.40920377833038,177.77682599511346,168.98931455609898,7.964055910228403,50.76403908655899,0.53658975,0.54044975,-0.021921999999999997,-0.0011889999999999956,,,22.12496666202304,8.78751143901448,15.45623905051876,0.09319952794944837,0.013249000000000066,0.4993070692108359,9.13545830331519,68.82426928890298,0.12701432910393973,1.5799023463858717,58.03398740074112,0.06439532040420236,0.4016852184859155,19.809868903963153,0.13504535943027052,1.7230425289088211,4.793949298782214,0.03047667434271953,0.45645128697294995,15.622593149976742,0.012345790027099646,1.695517363085278,15.65201389232065,,False,,,False,,,False,,,False,,,False,,,,,,,,,,175.15068930947783,True,0.035973140341093356,149.67734727436908,False,0.04540835033339126,157.3489402725041,False,0.04453663197863078,154.94856682755918,False,0.04162852034362977,153.79165292310375,False,0.037874057519626775,0.010090106144139382,0.009058433087460557,0.007189228053136165,0.00554321432022972,0.0010941828000841094,0.0034011483354890533,0.003898297705409383,47.69301102201681
703,23425,158.22960276042784,,103.36098721002809,,175.10463185153347,154.83672538254245,177.00512118283365,170.1130881116556,9.060642848736935,50.50063928101132,0.53597875,0.541062,-0.022633999999999987,0.00032799999999999496,,,20.267906468991015,6.892033071178048,13.579969770084531,0.09811160153620974,0.012516000000000083,0.4545241450344014,9.281580436685411,99.71602308654897,0.20886136773498545,3.4891933797789716,43.667364188315105,0.07641881563674559,0.9036742677818224,8.388342047920428,0.1888771952453433,1.357497806583559,13.944469799311893,0.033606284336375074,0.34984927992294595,19.432090590934965,0.04544042825380039,1.2828571435096654,36.81794766246947,,False,,,False,,,False,,,False,,,False,,,,,,,,,,178.1457281322678,True,0.03582722009869039,147.12715807807558,False,0.04614232601419224,150.63283211621712,False,0.04474023438695876,147.5491613767432,False,0.041729485019587814,148.0984119039993,False,0.03867521822821435,0.010647186013214908,0.009448932056057992,0.007821745329528442,0.006951136669639018,0.0015298473780086335,0.0038212193080220157,0.0034093519912147506,50.71595898009873
704,23459,161.85163966968292,,100.44810584556767,,173.4879807259314,154.86177014353677,176.56671251267417,175.58595417788155,12.353488593928509,53.076002444849394,0.5391735000000001,0.541148,-0.02184799999999998,0.0010080000000000089,,,18.626210582394634,0.9807583347926254,9.80348445859363,0.09293483577216886,0.013398000000000021,0.607355274311268,3.4888762662255304,181.5178739795277,0.3329522103408976,4.176611091461252,23.70410247755854,0.08769414796649158,0.4756154849637199,23.211023224145993,0.22546656269002352,0.8259601248020548,24.068582660266607,0.008301269645617781,0.8551015702648352,7.84282981235729,0.07386164559974841,0.7958022061894058,65.38810358280432,,False,,,False,,,False,,,False,,,False,,,,,,,,,,179.3090204700022,True,0.0359959513973447,145.7626233150717,False,0.04715443301535926,148.709397003379,False,0.046175869390840944,151.31303309415807,False,0.04344423812198806,154.39535990224846,False,0.03928307790894195,0.011286399691664303,0.01057815035816753,0.008786420260834307,0.0057402028709793995,0.0016853216310247642,0.0034593531187203175,0.004172052252788763,52.476236768519385
705,23492,170.7858098044102,,99.69425993165338,,174.6778730392737,158.4434804304901,174.51196449747545,176.2132201279781,12.659807249768214,50.9232077896036,0.534246,0.541107,-0.020589999999999997,0.0009799999999999809,,,16.234392608783594,1.7012556305026578,8.967824119643126,0.10507898231806394,0.01255699999999993,0.6559283392253157,3.5139308509888023,122.06606341815638,0.4557717786846537,3.80737810650916,34.97469868597978,0.08800303313910343,0.7547814004399839,21.096530417683393,0.24337371152014944,0.26748924389829465,31.554576990969025,0.02414455656700805,0.8695509248347382,4.768821220027639,0.020665672868958304,3.1117173218898913,42.686234400143526,,False,,,False,,,False,,,False,,,False,,,,,,,,,,178.2696070432671,True,0.03642982559661797,147.36047866360786,False,0.048672700048384455,147.33398587439837,False,0.0477051353734585,147.22920664406377,False,0.046007492096396665,157.95097891653685,False,0.04241460597482898,0.012431709496284105,0.011478943679624874,0.010185279573973392,0.007083614402266631,0.0009677318843564294,0.0022969623418767457,0.0036303180301456087,54.940946911401575
706,23525,175.1349256131787,84.16593479536938,98.04444172942456,32.202348993116125,175.93328812434663,161.96897766024193,170.9099533612939,177.34922577660274,13.731139322138002,48.516505842395325,0.5292405,0.54073475,-0.01869499999999996,0.0009580000000000144,90.96899081780931,65.84209273630844,13.964310464104699,6.439272415308835,44.30366660838283,0.11195029211216914,0.012519999999999976,0.6450808058100326,5.116039798314652,51.721621811989294,0.5479856756974459,2.449250667065415,56.258352437384204,0.09939039052186176,0.9536135409045962,6.408627379103833,0.20840860383942925,1.2714401326480955,24.01179780079861,0.05029149086155815,0.5404274621357069,10.407478554271066,0.1338898288568089,3.5931997752664913,13.324627728296743,,False,,,False,,,False,,,False,,,False,,,,,,,,,,178.9649337924925,True,0.03721197330161351,150.16040874629098,False,0.05037821294964718,145.72196222638232,False,0.048772763598139465,143.9633512275553,False,0.047375592334027855,155.8884006938653,False,0.04456031693109912,0.013479156538893708,0.012004694498403563,0.011050639890974682,0.009105947946260212,0.0016694361323512867,0.0019208425234776476,0.003110723710007048,56.77017543286329
707,23559,179.21870143569794,85.27885888218412,96.36316527981978,34.53877313643284,172.35811321762452,164.49398052785966,168.0552749766486,178.33091943212347,14.943214514223813,47.26711034515061,0.5245042499999999,0.54160775,-0.018475999999999992,0.0005910000000000082,93.93984255351381,61.824392143386945,7.864132689764858,10.275644455474861,43.47600296053512,0.11572379354307398,0.019934000000000007,0.6085550218867436,4.738524580424354,57.08681981828849,0.5821344909772828,1.3564297444089004,56.875124996596725,0.10538864227654128,0.557828608199594,10.67376460023663,0.15871169974633545,1.8760939075810912,13.925217546563514,0.06017111398301724,0.28415858059570603,8.898059655049664,0.24916179779954528,2.2222815467556,56.29550805302183,,False,,,False,,,False,,,False,,,False,,,,,,,,,,179.53267575582015,True,0.03916005573285105,153.77535424349796,False,0.053019972284036494,150.18558115693094,False,0.05074851549552953,147.9014439317361,False,0.0488309934570248,155.39015699950576,False,0.04517000478193463,0.014101130522053867,0.011953657599245507,0.01028357355202945,0.007034532038451432,0.002316695923076639,0.0020435236724834047,0.003675610697557637,59.6479361241049
708,23592,172.7022829926995,73.99377265364502,96.70252757550222,37.96077497928988,174.08946915708287,168.32476409498648,167.46658019811295,177.9719988075514,13.868503409093984,42.14494243732602,0.51786725,0.541702,-0.01804300000000003,0.0005190000000000472,98.70851033905448,58.741752596212336,5.764705062096397,10.505418609438436,43.43009665170042,0.12253742986124685,0.012999000000000094,0.5748874348130719,3.2504959601631933,67.37813489077296,0.5371389232370356,1.9135438747152385,20.484093237740662,0.10242642118984237,0.37149300959040016,8.064647766311538,0.0911240358616167,2.1702533899209215,5.936079256007482,0.06432782218367591,0.44561799932168905,4.284433201095611,0.28254020097910787,0.6393888018649784,47.815157865801936,171.18807108775098,True,0.058726156463708754,174.6668850748953,True,0.08570505208562684,162.80835775936256,True,0.09380045347438361,165.1620901525432,True,0.09192799213514898,172.52328156306032,True,0.080944376487808,0.08036823229361213,0.08491953276484743,0.08516868615283438,0.07866652350269455,0.00851710191320965,0.003351346296639598,0.011329313703839283,23.75888119643929,177.47617974761877,True,0.04103001291737547,160.69282037335404,True,0.05633643248378437,158.4224547480561,False,0.05544394849755921,160.02066825625744,True,0.05401598804057921,168.36187859866467,True,0.04722467644145378,0.015414947453689208,0.014605073536275003,0.013275255929736341,0.006269839312135545,0.0010966284694462368,0.001513610584001073,0.00703789180081646,64.00023056056335
709,23625,172.9099880807454,67.44784860582517,98.22235684526717,45.35028247794124,175.77361141605343,168.4041804314075,164.8675469574003,178.37229798942525,14.879701338528795,40.05835406943271,0.5126905,0.541622,-0.017796000000000034,0.0005600000000000049,105.46213947492022,52.87207436732593,7.3694309846459305,13.504751032024956,44.80209896472926,0.10564819341569454,0.009655999999999998,0.4971271705368712,2.891746957741787,47.57644688919717,0.47025112199667446,1.1864546678881038,37.270279334591756,0.10512942246121376,0.7267313688142959,22.431263593260795,0.04600830306473583,1.8207743163231909,14.534408778147064,0.07253907350387988,0.4664295976909138,3.8727001450966196,0.24761510205951068,1.1594054040456034,1.8579827781796239,,False,,,False,,,False,,,False,,,False,,,,,,,,,,174.53040882073026,True,0.044549245930767464,159.91664963597307,False,0.058929246567387905,159.1812921331699,False,0.05739995077524023,150.90985045905487,False,0.054820112048407976,155.5855016560032,False,0.05135195920313073,0.01445402705130993,0.013037473681660871,0.010790460694520908,0.008053401082772402,0.0017598210136260885,0.002896221331321173,0.003680105569137946,68.15470048125094
710,23659,176.7532998285071,67.93352828125231,103.03359463343524,51.08845302409227,174.0052735415308,169.9570760908536,165.48446820985842,179.14274081757375,14.135771763783342,35.33250105658119,0.507116,0.5409185,-0.017081000000000013,0.0003229999999999622,108.81977154725479,51.945141609342976,4.048197450677208,13.658272607715332,44.61784580374758,0.10324349822143764,0.00946199999999997,0.4099361341907704,2.3556504037063055,29.06179378861407,0.4657173364787758,0.7726465905377375,38.19960093086469,0.1471818944726663,1.5304634509206125,6.0171000056185635,0.0484596040181638,1.8805017437439933,12.692769580644091,0.0801669716648192,0.43814009461516834,6.399740098575129,0.23617531708671619,0.7567767843331437,22.063368832015964,170.66741991461677,True,0.048118197077612945,173.93531279181028,True,0.07882894585747036,168.25645181759364,True,0.08227882831567303,166.45954940682182,True,0.07682267293579415,167.3662142932265,True,0.06844677502994571,0.03268311069956465,0.037473807826267115,0.03583850081964923,0.03469600948235977,0.006177944803897185,0.01025932990014455,0.013164832281499053,18.393666285920936,178.97812349902702,True,0.04802352132028638,158.4872964034671,False,0.06232086567113781,160.9457293496724,True,0.06154631922381711,156.4147276597582,False,0.05905031408045176,162.64646646239427,True,0.05525020941136785,0.014300857946291212,0.013576211916436768,0.011186395889650962,0.007704803696396181,0.0012741569762003391,0.0026203299410570593,0.00391545923232511,70.53120512866555
711,23692,177.83606539237667,71.3130449404095,105.19021430076741,56.5200257365208,172.34297810228517,170.4669392638923,166.77557703142674,179.33951855638176,13.958204704025661,33.209060487402795,0.503603,0.5394535,-0.015021000000000007,0.0004549999999999832,106.52302045196717,48.67018856424661,1.8760388383928728,12.563941524955027,42.40829734489042,0.09847835722126966,0.008904000000000023,0.33939632603038944,2.5533095598937394,15.168026885412543,0.5199706688319223,1.4798378673708354,10.240728291817929,0.2074605611709271,1.129677128471965,19.133407128703492,0.10434259212508765,1.3352305790829377,29.959386833562412,0.07912214101091601,0.48534226414024956,3.703621052127254,0.2522009179837346,0.840627238045314,15.785818138558819,174.05470737144253,True,0.05798421442082318,172.94137943311117,True,0.0854662401887435,171.4769328835347,True,0.08698976877771313,169.1725470157822,True,0.08116756673696703,164.51666411247805,True,0.07108850331804711,0.03172318473924079,0.035853422960716023,0.03531294119724382,0.036784531667536584,0.00641308568475426,0.009737413311552501,0.015272683392253,25.665511481623966,,False,,,False,,,False,,,False,,,False,,,,,,,,,
712,23725,178.92489989909635,77.75388191210828,107.96541445761002,62.28326860235496,171.92776557016865,172.04950696503303,167.23166545244365,177.23897282271605,13.444762029470436,26.94250046897003,0.49828324999999996,0.53703725,-0.01050000000000001,0.0005730000000000457,101.17101798698806,45.682145855255065,0.12174139486438662,10.0073073702724,39.24555315184498,0.0985706480550879,0.007906999999999997,0.24185449302156722,3.2596224478432294,15.960937424805309,0.563120491991842,1.4249630346509583,19.151809951171373,0.2187586198760707,0.7080654023004106,9.522467148644022,0.11607060963364699,0.30283256676408876,32.02870624001182,0.0794451045553035,0.20399708280968457,9.281755010930823,0.2872623076347159,0.818889049441918,10.517129796964701,174.0862446434299,True,0.061806091301747905,171.34353406531116,True,0.09064187717606031,170.97707160112253,True,0.0918631569292064,167.94965051000077,True,0.08511408138492714,164.63441391880787,True,0.07462675882684443,0.033296058145071784,0.037597039790387754,0.03731377750911854,0.03895149374542652,0.007219913642142837,0.011376863407811504,0.015534989314447556,23.75728584433497,,False,,,False,,,False,,,False,,,False,,,,,,,,,
713,23759,176.40194691866597,70.40355125582123,107.23584744863186,71.24328096693166,171.49489924109974,171.08592352506062,168.40755340526482,177.1785613763448,13.787871287278746,25.210913129520733,0.4951562500000001,0.53517825,-0.010387000000000035,0.0014300000000000423,105.99839566284474,35.992566481700194,0.40897571603912297,8.771007971079968,37.79273645791601,0.07745684519782613,0.011067999999999967,0.13242807210396354,3.178086447776206,19.44816328346248,0.6078216851746375,2.0899039340646923,25.940645839675458,0.23641086725312607,0.9357101493089842,26.369604589067922,0.09427360882625499,0.8108550463522664,18.165483358651088,0.08262687943708996,0.13656473753350235,8.004892296208501,0.3069752557628754,0.21931380574212386,18.59074477408239,171.44244821988755,True,0.07060372967485497,171.89246116579875,True,0.0994163474786717,172.1280825457446,True,0.10141734534585292,168.404078649558,True,0.09415005553370641,167.13393056399542,True,0.08087356582345062,0.0349248701357643,0.040535830878372286,0.04034437404397298,0.04216740951256075,0.007924566928230186,0.01156103559375194,0.018242365307163434,26.591205832302744,,False,,,False,,,False,,,False,,,False,,,,,,,,,
714,23792,175.61680651263205,62.984338089468686,107.46572957229529,77.41478463309532,173.08895513726986,169.07489132866476,168.8972701677825,177.51443851241484,12.958654604480973,19.781569572358077,0.48887925000000004,0.532365,-0.008935000000000026,0.0010409999999999586,112.63246842316337,30.050944939199965,4.014063808605101,8.617168344632347,38.8286613789002,0.05836752560285556,0.01081399999999999,0.05606989734774139,2.3012030729540265,38.19531009207486,0.6746906153551193,2.477284707428593,38.6373709038929,0.2781551353713901,1.3257151984849997,26.81078167624045,0.07003599053152372,1.144993033568975,7.470819442244995,0.07811229665633061,0.35975275290396097,4.503641206117025,0.3006588293006393,0.427434933852302,14.567486578728774,172.62531309601567,True,0.07705404609752821,172.0839708385235,True,0.10820796913351623,171.76812523896177,True,0.11046786286065284,169.8900332791198,True,0.10119555970990034,166.00476169701307,True,0.08291959638710261,0.037658380475001835,0.04334212460182357,0.04228449981967389,0.04452898432481929,0.007782194613346546,0.01369627723142316,0.02363442616185129,26.991483453228245,,False,,,False,,,False,,,False,,,False,,,,,,,,,
715,23825,173.72356008201493,63.308484026201135,106.50312401720103,81.92631783840586,171.4144051481119,171.13464750127568,171.29766419605008,176.4197410925212,12.20348869190247,15.14480756100923,0.48192925000000003,0.5304685,-0.007330000000000003,0.0011019999999999364,110.41507605581378,24.576806178795167,0.27975764683623083,5.122076896471128,35.09842919447908,0.049030589003192696,0.002067000000000041,0.034889481511068264,1.353487303591281,21.45012980055738,0.6942691190918019,2.217170939072543,45.91616563070358,0.2791426459553336,1.2141419689681217,28.999106867919703,0.04888275557317759,1.2272406243018255,22.15395572502499,0.06406599097604489,0.33028110074187633,6.843340666542644,0.2787710951540841,0.7429828832398337,17.456638706935156,173.42257152464376,True,0.08263578123307118,170.34821833962565,True,0.11480765342084123,171.07825006591978,True,0.11805078573647868,169.23450128351962,True,0.1074222098869689,166.95813520073048,True,0.08609922810919966,0.03833860978178524,0.04470943959613003,0.042237639197758185,0.046376712313401416,0.007985037570356224,0.014516640176018654,0.028086738863741394,28.22254158129026,,False,,,False,,,False,,,False,,,False,,,,,,,,,
716,23858,173.7267130024822,67.47335855881968,106.89609412708376,84.782473641569,168.44419679456857,166.54002503274617,172.55131142261342,178.564165725494,11.482506871630546,12.402903196201231,0.478909,0.53051725,-0.00426399999999999,0.002383000000000024,106.25335444366252,22.11362048551476,1.904171761822397,6.012854302880584,34.071000248470064,0.050731450294664304,0.003174999999999928,0.038426750710189764,1.1973589233020228,25.38848052425379,0.6498757481825512,2.0934000085422673,24.61779556118941,0.23920733242880973,1.1087122478355258,18.881935237898293,0.0371105606624484,1.4800350327439997,33.20828738805348,0.05825430623871553,0.10968510671748895,10.84758373203059,0.2590551276259415,1.3606054026859775,22.081351218657545,171.92730129646466,True,0.08740176124655609,167.2607454747974,True,0.11949788652524361,167.38607543309735,True,0.12232356110332958,166.54542865513375,True,0.11031589318860632,162.93222166524725,True,0.08739231142383178,0.03750324296644226,0.0434913555778617,0.041277102575156606,0.047909191654629285,0.007925662685227024,0.01671094937458673,0.030408138680294156,29.726432817297795,,False,,,False,,,False,,,False,,,False,,,,,,,,,
717,23892,173.5484073313851,72.40188515488215,106.37153626345992,89.55047200335251,174.87342256551196,168.77374915078323,171.99158523523477,177.5771611439045,11.053377989043026,7.116587987994073,0.47657400000000005,0.52815775,-0.00014500000000000624,0.0026559999999999917,101.14652217650296,16.821064260107406,6.099673414728727,5.585575908669739,32.41320894000221,0.04071161075172535,0.006720999999999977,0.09212671231863122,2.3396595534641116,40.60822100233802,0.6037897808248096,2.1423263763150238,13.047748279652344,0.2135150371026094,0.4214565572709376,24.687698300144763,0.054609547828859274,1.9625786612026455,29.394272318871405,0.07136268034475844,0.40111414123304723,3.2687505953127296,0.23290720408581234,2.1889428496849574,6.664369546930284,172.5598622989657,True,0.09448292520873808,167.34464494534387,True,0.12462973969723277,168.01391210433766,True,0.12709027866048608,168.0378225452236,True,0.1128249755772187,162.41345189684463,True,0.0885178092645768,0.03608540293525903,0.04197219281857932,0.039804271454204516,0.04996560898257919,0.007790617497990777,0.018782816934634735,0.031797361164096614,32.397176982353784,170.08190593635345,True,0.07054839927312313,176.46545564731025,True,0.09700959173710606,172.29203294629454,True,0.09175085291156698,172.27327936401292,True,0.08420533327527417,177.04956577046275,True,0.07030991140657197,0.026492513678395994,0.0217847110148379,0.015455282850857153,0.007761573680639749,0.00685573927450572,0.008044048358879997,0.013951879371611534,67.70733359207942
718,23925,173.73744365219173,72.25002254230519,106.87444346188406,95.2851945320866,177.83970464890444,167.0908317708363,172.92215844719038,179.0999732668767,10.346940785653219,5.9427420130940725,0.47546325,0.526966,0.0032410000000000494,0.0027449999999999974,101.48742110988654,11.58924892979745,10.748872878068141,6.1778148196863185,32.50083943435961,0.034473854730795624,0.009758000000000044,0.1927805431521751,3.2587175306929614,30.895987879566107,0.551882273013037,2.527778299670251,13.719045765639198,0.21254990471324864,1.054114034209215,23.20494735661728,0.10338048847287146,1.9044252698136315,21.15533807324216,0.08445481546024439,0.3042983687464345,3.8120159955774136,0.19644477518251574,1.376026190521628,46.229071358959686,159.91362344521133,False,0.07274024440431859,154.0494843432514,False,0.08933824794565874,158.34260890475653,False,0.08610510814696186,165.5140054397191,True,0.07862049122207264,173.56917935422575,True,0.06329814711348195,0.020185102278660858,0.02059360980984149,0.019353916916221403,0.0227450750713204,0.005856557435900385,0.008392132804001603,0.01592861136445985,69.26965877658677,,False,,,False,,,False,,,False,,,False,,,,,,,,,
719,23958,173.23574133598584,73.97578326701871,105.89766589458895,98.31193353010653,179.95971769291938,166.42155883455715,172.62256820007445,178.89784563385064,9.617511616243851,3.9841088527009236,0.473254,0.52122025,0.007713000000000025,0.0016439999999999788,99.25995806896712,7.585732364482425,13.538158858362237,6.275277433776182,31.664781681396992,0.030264511560572048,0.012602000000000002,0.2975887639436387,4.3236172341796495,36.73069411511567,0.47844405712086513,2.2749695543210686,19.802300285149553,0.1975704753478646,1.90556293849559,28.61982289432486,0.1408377529263629,0.9249936354324974,32.00593925554865,0.08799343021199983,0.28551160407002296,1.9446520053153669,0.18836382190943948,0.8644059341349063,41.181326731583,170.85423008064407,True,0.0740341477562888,167.05610723759747,True,0.08477414644807696,166.10437753422653,True,0.0835890177535303,170.50701469266295,True,0.0787155885069787,173.981201383271,True,0.06467329113320272,0.01228605876593465,0.014585075419757015,0.01575309137915479,0.022825864364794644,0.005586186982190959,0.006726329831341956,0.01590247590785786,72.09979723680286,,False,,,False,,,False,,,False,,,False,,,,,,,,,
720,23992,169.82452744496072,75.80581878523344,103.22444364899088,102.49170918745837,177.48286541700244,166.21446869114956,173.49627264617845,177.09792194790484,8.305054208191695,1.532247339420155,0.47043675,0.5191047499999999,0.010052000000000005,0.0016850000000000476,94.01870865972728,0.732734461532516,11.268396725852881,3.6016493017263826,27.405372287209765,0.027899079160431117,0.014827000000000035,0.4795302130499919,5.692532480357435,13.988260671869867,0.42464982194636314,1.9706829845132507,11.559843633764217,0.15162942395770584,2.226416898755006,30.612259275747654,0.14942876065232036,0.23997446958151525,34.931583931637235,0.09802970335092577,0.22409419316219864,7.8877860917681115,0.20685508460195917,1.4245438745953727,16.304862401782017,166.85841170311184,True,0.09395350408579764,170.2041573218553,True,0.11954792841785253,163.68715176581617,True,0.11105913045760803,162.71761086623354,True,0.0946610039298126,162.0609571860114,True,0.07562385880791853,0.034055882325965375,0.03398284767349553,0.03913041933074576,0.05524259491551789,0.01220108556645675,0.02108979328964608,0.026055350506182046,38.88145913637721,165.87990777783355,True,0.07343055159809167,172.38111540549127,True,0.09408877971894418,175.2019626796337,True,0.09190796336553217,178.08216096207366,True,0.08447702651608899,179.21567191185983,True,0.06816832475571044,0.022675544646160086,0.023665747104201048,0.024316332063039445,0.029797535602797777,0.006661077765647225,0.011235533498681768,0.019527784538958814,70.84871822234723
721,24025,152.36982996283007,77.15538296825783,85.78572076894913,105.0864847598047,177.47090282118126,166.0570335714882,174.24938180110126,176.68698821370273,7.985075091052019,2.0832867799060697,0.46969700000000003,0.515367,0.015795000000000003,0.001755000000000062,75.21444699457224,19.30076399085557,11.41386924969305,2.4376064126014683,27.091671661930583,0.0305797034812308,0.019338999999999995,0.6739047681006679,3.618007918126164,112.00080522571113,0.35358942971977203,2.0651342266018706,13.331131852601994,0.09375876703169979,1.657818587292943,33.334049160595804,0.12619155291717007,1.4409508968277933,29.024725355217765,0.10289615576544878,0.24355729886535954,12.595163264709845,0.20842249468582139,1.1087633525603906,33.471203500550615,165.6088189623086,True,0.09453019737628816,172.72981706617108,True,0.11635420501640668,165.94857555089595,True,0.10818810871810262,163.95071749208296,True,0.09201680407947235,160.066318608371,True,0.07124725994029525,0.031854354380523864,0.031680895505020026,0.03615408310274235,0.05537639826677063,0.010720185119670282,0.01929531355018621,0.028033049673554942,42.83038760668003,165.09891267811545,True,0.08377843866413362,168.7725178303731,True,0.09798160489091814,173.7152486602231,True,0.09612111500081548,176.98109497984495,True,0.08735333718296054,178.21335914608656,True,0.0730789478098857,0.01730832614668441,0.019317821875149382,0.022149982302476,0.03157660858927065,0.005794707240232249,0.012062393211962535,0.01745305297075557,69.85052702801373
722,24058,139.70998477421904,81.283004983773,72.95211092273668,108.44789401964817,176.67952017691275,165.97339588275656,174.5743957194754,176.2706554292102,7.544518855360843,1.7837838870238811,0.46876400000000007,0.5155265,0.01439299999999999,0.001790999999999987,58.42697979044604,35.495783096911495,10.706124294156183,1.6962597097347896,26.581286722812127,0.02955260565500104,0.017925999999999997,0.7179693800436548,3.131626037982523,126.5542248013406,0.2989822395995216,1.7742052979964307,23.20546765304463,0.0493286871506282,1.0906263119476118,21.104579582128867,0.06368200181589942,2.150653773293823,2.3945920429646477,0.08765704705755925,0.6158440106063114,6.922112138740761,0.16068386883863656,1.5853170132594405,9.275428204812712,165.1648161196731,True,0.09298621615056721,175.01694390987166,True,0.11251118277309151,161.85003656827243,True,0.10169989384950212,158.55624997273185,False,0.08530030002291906,157.2601334736601,False,0.06720197069283014,0.03039551106660327,0.02895414445291036,0.03471992871536463,0.05365563095333056,0.012393739467973341,0.01874881225571366,0.024671060637921544,46.20697777828494,164.2321965217791,True,0.08246890521887626,171.0567895516586,True,0.1012726177651195,173.28902300163915,True,0.09835454810531134,176.47932652289572,True,0.08878031169690723,176.84651043905328,True,0.07283502591473417,0.021796804008844994,0.02357975455767089,0.025058729836126985,0.03211320600625232,0.007855062698667632,0.012777716384393588,0.018370663923767162,68.40645844659748
723,24092,128.4078610977396,87.59650308015796,53.914618514737214,116.91291583283784,177.25210609554244,165.76619345923385,176.3477287419276,172.6654702453985,5.051558677704996,4.437644228281222,0.46427324999999997,0.514528,0.014164999999999983,0.0009689999999999976,40.811358017581654,62.998297318100626,11.485912636308598,3.6822584965291014,29.744456617129995,0.029110973755613213,0.016803000000000012,0.6547861487218248,5.68086014827756,74.03132916157591,0.2892981180956518,1.8455123049465,6.712365730434079,0.020737016786409355,0.24855846605750348,24.288411032920155,0.03914904837674081,1.577226827836916,26.469776830321685,0.06782581747751727,0.6351326675371599,6.418204920057751,0.1158445027871135,1.2246281483302526,12.97825263522086,166.06633422905963,True,0.0927674170924253,167.26588033394026,True,0.10817428687077164,150.89846517649048,False,0.09343818347977452,150.3285450306335,False,0.07563321222849126,152.9848868279354,False,0.05525484594132899,0.024829226850629063,0.02513540868973487,0.03624939891915448,0.06007946579323087,0.016599744094412984,0.020178485671625637,0.027392383320916057,50.59257830916778,161.94093242041615,True,0.08283640434615691,171.85867282920756,True,0.10256379561034197,174.94929250283855,True,0.09955433387854093,176.45275305381855,True,0.09116048776745327,178.0861891553491,True,0.07314484550533962,0.022617968365881137,0.024295549407247412,0.02565031822414686,0.03289690977888351,0.008090043757607248,0.011706340162493164,0.02076546907729269,65.77503246619018
724,24125,108.2763900576799,87.62299383953702,27.08479602958246,119.92206953881222,178.10876062419237,164.88312326715166,177.9521095430025,170.84883586540892,4.046516767564024,5.41824137544997,0.46331849999999997,0.51400975,0.013400000000000023,0.0008530000000001037,20.653396218142888,92.83727350922976,13.22563735704071,7.103273677593592,33.45489519050174,0.032788085427484154,0.015924999999999967,0.538020700268656,6.46968359366063,43.93097595680974,0.2899838284462033,1.920507708187814,7.856208092166414,0.040048591215013814,0.5380659825153367,11.972415255386492,0.06703968686376832,0.38844675940907936,31.109887572789802,0.04853705792364833,0.6584463307439947,6.761894419189725,0.09860276069928808,0.8497145889417125,18.231487429128055,169.5316275867774,True,0.09067619649058947,164.07569882876209,True,0.10273234132443393,140.92439039368904,False,0.08851057925468572,133.46291407289542,False,0.06948242748350117,138.67973206688615,False,0.05251055212050239,0.022099150571911152,0.02182873431969889,0.03558221680840023,0.05761373088075444,0.015025991148672988,0.021191090038032514,0.023673021628005157,51.93927042325478,160.82246946719314,True,0.08322188861711803,172.87253269746083,True,0.10577177208026721,173.78234721716657,True,0.10326687606875691,176.06009175339085,True,0.0931967866023287,179.82119012276226,True,0.07447251145221302,0.02613197765191144,0.02869923546019997,0.027881506307945402,0.03400884051243145,0.00884026266578089,0.012454184276780264,0.0213745373049336,64.64501494822655
725,24158,136.96113616729667,86.06743047639412,71.0720103459121,119.10706769677931,176.73981867445613,164.16687419394265,178.098154073064,171.57129268801484,4.413141018084946,2.463730969607455,0.46401575,0.5139940000000001,0.014769000000000032,0.0010330000000000616,50.89370569090255,48.035057350867206,12.572944480513485,6.526861385049159,29.5071422268331,0.02790932181189651,0.01331199999999999,0.4702423113960689,4.7428281531393335,93.40668825488751,0.2948553049464498,1.607639693430566,19.901297408116946,0.05606904278657645,0.5484571041395405,15.187831061134888,0.06046583036950181,1.0455151943992036,41.39578223745333,0.024379616830067462,0.7564736222980193,1.2968698474287084,0.06452793078888155,1.3161335451094167,6.232507098940411,172.13866846953238,True,0.09629720924824353,159.43832073080813,False,0.10472088422564048,134.12268061392433,False,0.08595303594405493,130.07552148093882,False,0.06402722025045286,128.10356721150333,False,0.04110335582406866,0.017549175764120673,0.021487907878618654,0.04139180401963656,0.06957747779993183,0.01945268518739765,0.023782132473771127,0.029222431948761576,58.014530898504624,160.02355695910578,True,0.08405878391935012,172.67683594451643,True,0.10745404811825376,173.2164447940992,True,0.10599476621984691,175.88963767163733,True,0.0941843223578107,177.99324698965518,True,0.07454157517117545,0.026741351816989365,0.030860960451677483,0.02915884531321501,0.035784250907347485,0.01014351738796754,0.01415211885195994,0.022488274389112214,65.13852625384813
726,24192,156.8941561513397,84.67678609366,75.15544455197283,120.73890450411704,176.74481924346802,162.69705430243812,179.14671227685943,170.66201045415224,4.163421082080574,2.1169963508620424,0.4645015,0.516168,0.013628000000000029,0.0009460000000000024,72.2173700576797,45.58345995214421,14.047764941029897,8.484701822707194,35.08332419339025,0.023459710761217844,0.008172999999999986,0.40163978566660136,3.3906763667418294,118.94254051699876,0.2961170172889789,1.1177709199701806,29.932986120977876,0.05809992245552511,0.7593381191359035,11.170424835155883,0.05131347997136599,2.6720501048594523,27.854769113466883,0.0044162138395210755,0.6780318820355935,3.6959478817912546,0.010807899372116448,0.7627120933383116,30.938837871269584,173.2851304203143,True,0.09717753286125351,118.08492284434463,False,0.09790541339987288,124.33191632943615,False,0.08444721770431517,127.27277318511221,False,0.061584600429003385,114.8280535476139,False,0.03694104300097655,0.006319115127927349,0.01672102344355754,0.04199251748823828,0.07212671644404729,0.014369247753449063,0.025911361600656914,0.030688328074367343,63.71801506939096,161.25470664340685,True,0.08268445505655825,173.89222164670662,True,0.10523868568639576,174.76100004327168,True,0.10463441370791925,178.40033390416306,True,0.0932402535657213,176.47667851966943,True,0.0747565978894171,0.02690114527301765,0.03193160515852593,0.031385327861916626,0.038048727127198374,0.009736209991572688,0.014344655485580664,0.021847725488022794,63.37624075568182
727,24225,157.54601891469088,84.04693512854666,69.28348071304585,123.40166975763232,176.3518726648618,161.95327777577668,179.98878078389902,169.51054840420176,3.4378250392163894,3.9473450941021246,0.46376775000000003,0.51623125,0.014274000000000009,0.001426999999999956,73.49908378614421,54.11818904458647,14.398594889085103,10.47823237969726,38.12352502487826,0.021822998167071363,0.0039799999999999836,0.25809291226934306,5.221698013466885,80.58499069081957,0.2684445312399747,1.506176394410633,24.566677582586454,0.06994958748741517,0.46949413779654303,31.111880641019948,0.15018837670181698,2.907552710582125,17.7910866997987,0.021254884483487287,0.5117964259461679,5.171324249985277,0.013760924569052193,0.7618815219982781,23.256434989500647,173.32557484056,True,0.10369491642795226,156.11808050919817,False,0.11198996185819515,145.62307098722485,False,0.09536739342668439,144.90945781975563,False,0.06832997778427857,135.65564752257674,False,0.04164973264019834,0.011845005192063041,0.0134894640367955,0.041473254333365225,0.07261431188133641,0.016877539275617158,0.02966408085547233,0.03175318555672799,64.85270829212868,162.51123185302353,True,0.08421140954170046,172.6474086488656,True,0.10838197769002006,174.23682467541016,True,0.1080468384775788,177.54906072475225,True,0.09664120895353082,177.5667669426903,True,0.07682719863433785,0.028792632686157782,0.03408629557461475,0.033595155975229544,0.03956555493102555,0.00997898997895076,0.014750720558671035,0.023208455743543136,63.959070130297135
728,24258,161.53402062544302,82.63479538900668,70.49901610181402,124.34730531788385,176.50443863186305,159.2453277921464,179.42151294378684,167.8046553969521,3.385346164627207,3.1586988702041356,0.46496699999999996,0.51684475,0.013564999999999994,0.0007480000000000819,78.89922523643634,53.84828921606983,17.25911083971664,11.616857546834723,40.40587070976438,0.020000545692555476,0.003522000000000025,0.1543254764148509,5.861438499714382,21.40431720108625,0.20891202403572232,1.8738745626719249,7.170476757016041,0.04107991785452622,1.5153749944452517,25.61108455482904,0.22150484405328014,2.2869448348592867,23.92047062183403,0.036479647648786556,0.4776048352262121,3.2790669316780434,0.060278738596999185,0.7722138594544257,14.47653316426468,175.50020845556972,True,0.10937486276562819,160.87609118956206,True,0.11291352610294306,153.13736385773078,False,0.10186751005104623,159.31853162278017,False,0.07907531764084164,142.6139917516502,False,0.04434675298147541,0.011184492299608424,0.013034237875687232,0.034087270717967445,0.07200059942111595,0.011061626327082267,0.023574865429096342,0.038446113249586106,66.32209313798532,162.71825308387193,True,0.0864612587289822,172.4329403989838,True,0.11219562688893,174.20681271297934,True,0.11195077244039002,177.84120724787203,True,0.10076174543942751,176.4946202137093,True,0.0800908601277324,0.030478272556035697,0.03589248702723175,0.03506898294789855,0.039253785766471025,0.010261584721669478,0.014523476512185364,0.02352062490666436,63.53691018069213
729,24292,162.16549796451042,82.12032949473839,69.05212567858946,126.28166857001935,175.66974251665093,,179.496279495402,166.48415329560808,3.2895047631869185,3.817748929725955,0.46439625000000007,0.51865375,0.01364700000000002,0.0008739999999999304,80.04516846977204,57.22954289142989,,13.012126199793926,50.09561252033195,,,0.2345959054232335,3.8596924043661267,50.73698683252452,0.1531524085073828,1.7353476033392936,7.7265677200935405,0.03169536576959481,1.8008392974264391,17.09432970689772,,,,0.05229421367639414,0.34947870479665427,6.352924107854564,0.06517049406304065,0.20966440542338083,17.862385537826825,177.2786998389446,True,0.10526050368490544,161.53010103922043,True,0.10845085480990914,157.8546821531093,False,0.10094265882172906,163.1198765619167,True,0.08049780186439877,157.22379810048608,False,0.04452369163714976,0.011602788673418137,0.011398403133772753,0.0287851897509813,0.06693964165574834,0.0075113325715215,0.021085400755024755,0.0390497111384963,62.09030879354355,161.58084505515396,True,0.08908915499094155,172.18617441268637,True,0.11457434975159145,175.3740357225318,True,0.11572216244954983,179.81610580923328,True,0.10419002306363122,176.47403203523007,True,0.08318344713342912,0.030791108391871835,0.03715954403649215,0.03558722193428424,0.040199629898793866,0.009813742660167914,0.014504491580196793,0.02424214027267399,63.33185776751435
730,24325,156.50127470819697,81.04787729208506,64.72654199303317,127.18307396611266,175.05956255877052,145.4718561173797,178.70282764715046,165.60827741630547,2.7611867120786844,4.995925932850245,0.46504475,0.51939725,0.014000000000000012,0.0004709999999999992,75.45339741611191,62.45653197307949,29.58770644139082,13.094550230844987,45.1480465153568,0.014963283897594125,0.009436,0.29078461386038296,2.628624052545064,36.720104001564316,0.10684691110289429,1.4489175707268185,13.024411510315916,0.07959139003428864,1.4590275961460328,31.977943352972094,0.33619197646406757,1.5869018516442914,53.594281788252594,0.05944145354672219,0.052092173542290066,4.936463807849615,0.04665135262634496,0.4254327697646956,1.7068802753319354,178.07189337208695,True,0.10395150381788615,163.803803526957,True,0.10680169843686942,158.4244280560526,False,0.09788099017173865,164.6474872702264,True,0.07872830050242413,165.54311164963067,True,0.04503120590212965,0.013188268461022449,0.014603314726458528,0.02985448793732696,0.06539405258125547,0.008973249132839206,0.01955591902724086,0.036609039116043476,61.4217552132765,161.6228424039322,True,0.09106355007356129,172.01029563621188,True,0.1169555676314728,175.25148343184998,True,0.1186613394581403,179.81452618047152,True,0.10666720555540961,176.82803655575276,True,0.08582885934229816,0.031013378919427688,0.03738793144853029,0.035317660525578436,0.03998402981191365,0.009301675225463421,0.014969175695408194,0.02423191335821421,63.33361177135008
731,24358,146.64084343302218,80.77419637656661,51.23402572162776,128.07940908166574,172.8852156631222,138.35324851443926,179.8222117815064,163.6634284014671,2.6606607433378606,7.344162111619837,0.464433,0.520823,0.014029999999999987,8.399999999997299e-05,65.86664705645558,76.84538336003799,34.53196714868295,16.158783380039324,48.35069523630396,0.02466184847086694,0.014403000000000055,0.3636214139029903,1.6978763025607457,63.573303417112456,0.07255137810644789,1.0045489329635044,14.647893243269408,0.11940954923296279,1.7820121748278324,19.866434494307438,0.32203500465310775,2.4278568884935057,51.61278832148112,0.05565300688312818,0.05838342463829136,2.6660028856293274,0.037111273366467544,0.31472880935914516,0.7579129946467655,177.89416215483578,True,0.10433577497675474,168.64142202135105,True,0.10871283395257429,162.26514450959084,True,0.09968487657112285,168.15650065031775,True,0.0813567650905565,169.30909982132957,True,0.04734467620546155,0.015149541313188282,0.015290251175176958,0.028635736728780024,0.06338148945078527,0.009054540352773274,0.01872864877667368,0.03644819140917695,61.97236012635581,161.99372152220676,True,0.09175238798527265,171.76747415148532,True,0.11848219123564523,174.91793728475238,True,0.12046992857140741,179.89095261441395,True,0.10842377861889896,176.92153147616483,True,0.08734631528576352,0.031415723722365514,0.03799930305939833,0.03532088941405638,0.039392300326332806,0.009615891950308111,0.014865413549578734,0.024446559921592254,63.77290068590404
732,24392,132.00351378845673,79.97911869070154,36.08583859002014,127.44560284202801,174.4099391416974,138.49484382912127,178.2768979930385,164.70050603007016,3.134164916961379,6.897174402640346,0.46606725,0.52057325,0.013029000000000013,7.80000000000225e-05,52.02439509775519,91.35976425200786,35.91509531257614,13.57639196296833,48.21891165632688,0.01918717498747538,0.017240000000000033,0.3658685810698866,2.1037472720597745,79.62250301813755,0.050555410509236794,0.6085231433726013,12.588028009001127,0.16186542911764812,0.9916665008215753,38.71310961501667,0.2623393488445318,3.090391976348804,45.02882153563563,0.060862972246868104,0.22971635904041746,1.306098881906171,0.025844292439006464,0.4729442972368941,3.1190396458641887,178.56857250375285,True,0.1054522576761636,171.1612925610918,True,0.11106251200112487,164.99092296746355,True,0.10251450719288467,170.03846953243715,True,0.08440143660507213,172.4366470204267,True,0.04923677622468801,0.015953108693919194,0.015210289806575048,0.02694660950843351,0.06278134826522923,0.008568522684803981,0.018401457550965856,0.037714146550067947,62.769378406222145,161.60296071528376,True,0.09274019832844868,171.15112882437586,True,0.1193747167745331,174.46738159931135,True,0.12118069917689034,179.79384259735312,True,0.10941692214643949,177.04705753980863,True,0.088531892197106,0.03138646263916976,0.03780119301027414,0.035366208306800415,0.03935110918385908,0.00948762615199398,0.014620647625874809,0.024203759129523682,64.39537495697282
733,24425,114.44755355971968,79.58083015025174,18.654768322120674,127.76722307656321,174.8739038559153,131.64852397563843,178.90029753490498,163.28384406235594,2.872220408894514,8.910845920193374,0.466527,0.5211935000000001,0.01346499999999995,-0.0012249999999999206,34.86672340946794,109.11245475444254,43.225379880276876,15.61645347254904,50.7052528791841,0.0289867281699746,0.023240999999999956,0.23648207265124163,4.065823782438101,11.70956893213297,0.03604538191119629,0.3814652958135958,7.834681933964688,0.151801134088307,1.0051579626270732,35.70728697015162,0.18555928565132623,3.071107124607243,50.48655584315855,0.0710362340122943,0.044863690625500184,8.701962110056884,0.005433239662980623,0.5142429527401645,4.085261275232414,179.658427603457,True,0.10482525667032731,170.44660115629893,True,0.11078812742347435,162.32821413673162,True,0.10144384532341033,167.90210042112304,True,0.08354171999665792,167.89893501723108,True,0.047326383772690654,0.015221615223096358,0.013888641762245878,0.02689936564307793,0.06405675646643377,0.009344554778051165,0.018381000244818053,0.038928666879306316,62.09173299149887,161.8152018062381,True,0.09362748334223239,171.39528973626764,True,0.12013581902163901,175.57152496991364,True,0.12188217157566568,179.94609194409938,True,0.1104173669854521,176.06676993830473,True,0.08899206488783143,0.03140771416388017,0.037773633727773676,0.03584400018134138,0.039861814032981495,0.009386059450056772,0.014568773730139406,0.024720179307602137,64.25133659116912
734,24458,89.19511608031868,78.8521703425605,6.283732124217547,127.37840656039465,174.3302386410428,132.8088297852032,178.64149191256664,164.6952529423604,3.0224330140029196,9.820296505857119,0.4667705,0.5210995,0.013309000000000015,-0.0013290000000000246,10.342945737758185,121.0946744361771,41.52140885583961,13.946238970206224,46.72631699999528,0.028201667840750108,0.023912999999999962,0.10571561630648012,2.3286497328611695,57.51051707443874,0.0255117060267362,0.31843345636598336,2.671845500870274,0.10019892222736984,1.7220006892468362,5.831094617281595,0.07840846119750684,2.9687114744788823,28.265372381713842,0.06287136484032899,0.34548433868122363,5.481400468497972,0.0083209874499011,0.2089362727984901,8.414907063329583,177.82865474209055,True,0.10461581735569432,168.20782097719515,True,0.10869559420694105,160.70024983810586,True,0.09903031538372474,163.86783876741012,True,0.07971118466062337,165.2561455784501,True,0.047899717128601055,0.01401313116330538,0.015753960898770816,0.030497206839315602,0.06356051228553777,0.009865249363295425,0.01978812707155476,0.034466287136853034,62.75353804628923,162.2516373227586,True,0.09434398289769201,171.0979447317223,True,0.12100950230457111,175.60741621994006,True,0.12310567627043037,179.75626688574272,True,0.11120700974758743,175.51113714244065,True,0.09010670799668581,0.03143831301135606,0.038064950190431095,0.035737770075929466,0.039380154964144064,0.009492263481383148,0.014920695995830718,0.024229320275236808,64.07165327524386
735,24492,105.16870446067723,78.8808893442061,9.696238439365695,126.96813928651665,175.1089470043928,130.24176166263024,178.68223439063715,164.10029478565306,3.5373115173603513,9.311615204673114,0.4666355,0.5222495,0.013298000000000032,-0.0010280000000000289,26.287815116471137,117.27190084715095,44.867185341762564,14.581939604984086,50.75221022759218,0.024666592083220577,0.020814,0.09136876353222374,0.23728159139463992,21.50260056280022,0.01751570726665602,0.3272210919226299,3.85869126566874,0.046926766702237,1.3487311073670858,23.000127254941717,0.01715270273198663,2.3410072244876323,20.757197700977088,0.04822601472016781,0.3423653647158325,1.2856279418378502,0.008811286539580668,0.04980161866283663,3.7108460890718455,176.98064801558615,True,0.10107961719357669,165.60444398754677,True,0.10780218911506392,156.3204739510838,False,0.09814101349588765,157.1571823487251,False,0.07546010350509734,155.98107658845296,False,0.04266018645060056,0.01580643571460689,0.01605570459369507,0.03204172537489205,0.06722106158043027,0.009910905912175768,0.02330263995773868,0.03669985303785287,64.92082991564511,159.91828439885256,False,0.09394556673414664,170.99969769650195,True,0.1212334041838305,175.69108468166183,True,0.12332850864256814,179.55857697319522,True,0.11166499807012042,175.46215653488917,True,0.09018371909053208,0.0319457547257848,0.038483193383605806,0.036089005597272995,0.03945399087544887,0.009475617235832191,0.014737201158971844,0.024712103127819778,64.61716493990201
736,24525,122.87255832352402,78.73142866697779,26.69617052967366,126.65004991054072,174.59860258184298,132.37611458419087,177.4066750410936,165.22791836069314,4.1819291468571915,7.242091783757268,0.46775825,0.52218575,0.013278999999999985,-0.0008780000000000454,44.14112965654623,99.95387938086705,42.22248799765211,12.178756680400454,49.62406342886646,0.023733982830532158,0.020470999999999906,0.09682100102310283,0.9009891467167669,7.365486810896531,0.015143861569717863,0.4459419664940766,4.49270831920459,0.03235545276448229,0.2563804499365159,21.966957618265077,0.0804236196330525,1.8316291986032573,29.021459434081507,0.040859840002255426,0.26009292149395763,1.7455129953527404,0.005238312073542265,0.04287601829370315,0.4702462597530482,176.44637459452923,True,0.10187019666222301,163.10013606002823,True,0.10467689388781073,156.22545096041947,False,0.09701535746983565,158.8005189178287,False,0.07440284147799729,157.35109972510134,False,0.04240875835249127,0.015353547147157878,0.01886210818015845,0.03461129879100177,0.06913039028531517,0.008533502504833503,0.023159192235481806,0.03614778401230149,64.74832733423418,159.7634661652879,False,0.09437892070796317,171.03394963488353,True,0.12201229663029871,175.0961683602966,True,0.12364899369586477,178.81901227755478,True,0.11151116685336944,176.48951884435925,True,0.09032447756837567,0.032207040115477883,0.038566943876848746,0.036172488786369125,0.03986816486872702,0.009799034901458385,0.015261573870345099,0.024423064119802832,65.002946750885
737,24558,126.4657920858689,78.61228404655581,31.531396309191983,126.71907043108841,175.13047434239107,136.57779978274806,178.03689763097088,166.43845703050206,4.059892092910509,7.31037799310657,0.46798549999999994,0.5218445,0.013654,-0.0008599999999999719,47.853508039313084,95.18767412189644,38.55267455964301,11.59844060046882,48.29807433033034,0.016655976494940158,0.012707999999999942,0.04764188158738929,0.6588622721854739,32.932747905925815,0.031178918756725564,0.36300655424183365,5.4136162101877465,0.03006849701124738,0.3647783527890483,9.947816685449915,0.13099436222077454,0.8468149911930891,37.69072545158827,0.03144201563999148,0.4141549443559881,4.516566938420441,0.00614103395378926,0.027453244545171493,0.6249214428957065,174.50941848107718,True,0.09970282002029832,166.42606652243202,True,0.10458272137403961,155.47181667142823,False,0.09292213390791235,153.45786812704182,False,0.06937333799810987,152.5556679364407,False,0.04148880177831123,0.01655277022132549,0.020375137251071464,0.03863899151116656,0.07071033119000363,0.012472215520908894,0.0246060821139815,0.033441791578801484,64.97127723783838,159.88657906475726,False,0.09451589737710793,170.73314444098457,True,0.12233070107703949,174.58723533897782,True,0.12423937769081102,178.5631032616313,True,0.11176966846152847,175.91541416831927,True,0.09113316136840639,0.03235359146988164,0.03887081437273985,0.036266980202382434,0.03951341615198564,0.009781624047161088,0.015627098547075186,0.02371326702502207,65.38754183809102
738,24592,122.7423196864309,78.62790900090407,28.972451078613155,126.76505215667306,175.34545495747744,140.03358513250822,178.04201477633538,167.8017665521402,4.032325322916245,8.682612771896514,0.46820275,0.5207915,0.013629999999999975,-0.0010180000000000744,44.114410685526835,97.7926010780599,35.31186982496922,10.24024822419517,46.864782453187786,0.013137819149310921,0.009414000000000033,0.05935504089580639,1.306939382066205,21.61687529553035,0.03780446912116181,0.1585718877314626,5.114518630608513,0.011440122391671288,0.9206919537731976,11.882210020000263,0.11976031234824674,0.8331391381405455,23.040431150973426,0.01367993327615476,0.560792280839817,1.748021339785861,0.003410458700145215,0.08427963948981576,0.5479073720368884,175.4908659549689,True,0.09906928457397883,166.89641342527418,True,0.10396404421241029,153.42326709013543,False,0.09102141841347014,148.2730086777131,False,0.06610056548169617,151.91317473215517,False,0.041502527935054774,0.01692037709390663,0.021226108168950784,0.04224463541090155,0.07138822497443115,0.013740672217908406,0.026618405906439976,0.03040955547192362,63.02722329776654,160.36304800192514,True,0.09478690080913077,171.14195355091834,True,0.12260773871579234,174.8367523769371,True,0.12470282726947292,178.60597716195255,True,0.11224972824020553,176.0116799783502,True,0.09157600062243382,0.03230766757288433,0.03892790474710912,0.03638202310207611,0.03965650384237116,0.009758298212290923,0.015716909397206567,0.023822963207795946,65.23081679308697
739,24625,122.30789262596937,78.67966618159048,30.766842657237486,127.09997320245465,175.529287173459,140.86406741508668,178.35207326440997,168.36475748259355,3.978579639169467,8.743017454057657,0.46832725,0.52091,0.014122000000000023,-0.0009639999999999649,43.628226444378896,96.33313054521716,34.66521975837233,9.98731578181642,46.1534731324462,0.015230302196607946,0.008572000000000024,0.1145628085327508,0.800742131489354,28.47154162219021,0.04150489651099568,0.02129622941577373,6.266029110155254,0.031618218676697916,0.9824109648705986,13.718433417562277,0.09026562821142964,0.9493682332498787,6.044529017956247,0.008551574536988205,0.2970796461317568,10.2585994109161,0.0018459570891154755,0.054927119985388365,1.9446945464543104,174.75903739485406,True,0.10058497233682571,166.87952689234245,True,0.10746575091628029,152.03050011257554,False,0.09434759827361794,149.3619877664222,False,0.07053440032353009,152.1900727344467,False,0.0425241619435351,0.017278223288289818,0.019037688935372388,0.03988052383056168,0.07196983602176679,0.01351562799132917,0.02598739273186131,0.03387857591458062,64.30248051638321,160.02551243224644,True,0.0947178722153322,172.56186479608832,True,0.12300670598386088,176.23288493715216,True,0.12507605752101397,179.93169635952174,True,0.1124382171905976,176.02399342752094,True,0.09098688259853722,0.032755579952124185,0.039179080361846155,0.03644864024898599,0.04014048450131117,0.009516560092806643,0.01593297894306021,0.024846673821660736,64.65595557103624
740,24658,128.60530660344605,78.83061834989476,37.31369452280407,127.10262102002545,175.06170917684008,143.5974437106813,178.28448150125828,169.40352863704425,3.9720606256045277,8.842980043318514,0.468381,0.5210192499999999,0.014052999999999982,-0.0008620000000000294,49.77468825355129,89.78892649722138,31.464265466158793,8.880952864214038,44.977208270286376,0.011514093103670835,-0.00048199999999998244,0.09903298651943925,0.592185961217704,26.747393567512674,0.03920715394286207,0.25499386570481786,6.863750564157239,0.05346633574918617,0.03587223882824072,16.608307658213025,0.06940387417932448,0.7951008384524979,7.845227634088393,0.008157658241663788,0.12799657704221012,7.503915769740062,0.0026712189496794817,0.07538529640010484,3.680281536622064,174.2672379530814,True,0.10105389627817427,168.09254543169874,True,0.10925478384949561,154.3259251652859,False,0.09619238966259236,151.24513563753564,False,0.07187398684503313,153.2809534985573,False,0.043282627138379645,0.017732071649979322,0.018451979839572804,0.03872223291598771,0.07055016360718097,0.0134439289272147,0.026252614688826753,0.033737242047920855,63.94745893839244,159.7130459902349,False,0.09521144941654866,172.1776798457619,True,0.12364793449548603,176.25712910308175,True,0.1258856999424478,179.77603983662974,True,0.11320488699698439,176.069959648442,True,0.09145566565828493,0.032853445435753,0.03934516226933116,0.03649794366810274,0.040039927385049044,0.009468085603753276,0.01598322902294776,0.025111613110272338,64.94198365325131
741,24692,100.18104916092183,78.64899908580267,7.417406760808578,127.13332017208957,174.8535117916013,144.35038736288368,178.77580980141462,169.79525167880303,3.8345127552003198,8.158882253650921,0.46872500000000006,0.5211385,0.014024000000000036,-0.00045599999999990093,21.53205007511916,119.715913411281,30.503124428717626,8.980558122611598,45.182911509432344,0.011239931716874487,-0.00044800000000000395,0.07508358249107401,1.0182339034555976,1.5622854303252383,0.024951487768801097,0.4386650232228798,1.6660011729538706,0.03274416171072327,0.137847797437603,14.03931851265449,0.04835666833722122,0.6882162563117784,7.977474351550347,0.0018091877155996235,0.2204257489596068,1.9198889780090787,0.0034383354268258197,0.2073583325319124,2.14450806665853,173.6398333522514,True,0.10260653404632673,168.12439610930258,True,0.10990309049339786,156.29626540778472,False,0.09805044918306087,152.60796367821465,False,0.0750251271241842,154.88076752637264,False,0.04635706596625808,0.016823733741354797,0.01749461980152756,0.03634167977680728,0.06787504196683787,0.012149764154089561,0.02462794642271257,0.033276169926841,63.38775001092311,160.30867814137756,True,0.09579097548307983,172.59876754367912,True,0.12419397183841092,175.85030941167005,True,0.12601550828767072,179.13368340753993,True,0.1132535552333789,175.6164908533823,True,0.09153422291689595,0.03277944095008333,0.039202956686964316,0.03655551976104292,0.04022612764112399,0.009871203574032915,0.01607424399466426,0.024962819151690425,64.75292340086075
742,24725,113.3979700018159,78.39553588957543,21.454332682597144,126.99584899580017,174.4545944512679,143.48447263813918,178.37684852274634,170.30682527859832,3.82378889019656,9.306451443204994,0.46852724999999995,0.52278125,0.01441300000000001,-0.0014119999999999688,35.00243411224048,105.54151631320303,30.970121813128713,8.070023244148018,44.89602387068006,0.020163529576936602,0.014169999999999905,0.03397286991729128,0.6794367964811361,24.70292940371158,0.011165348538797745,0.35451357023208846,6.719090364123875,0.04499809479573079,0.9492593816077582,15.091909213643559,0.028756787211786865,0.7477950509126245,4.7580401022504555,0.006734245631123265,0.25100067780624385,1.556694748027627,0.011319060285103322,0.21617738682349624,0.9827104488450726,173.93453918701542,True,0.1023111731190685,168.60506256296333,True,0.11056271158487384,155.33304375446443,False,0.09798402964259022,152.8212130435027,False,0.07483170793854704,152.88975084247795,False,0.04535659450399687,0.01724075201376089,0.017385939721510625,0.036412077337059465,0.06914480530018148,0.012864879400911614,0.02485098959800188,0.03452804014131128,63.663174840508105,160.1836491488194,True,0.0965149768740583,172.67015131316376,True,0.1246497717005531,175.53323092580047,True,0.12615630388133606,178.77702359894792,True,0.11336079873571815,176.30094530452155,True,0.09232086780354701,0.03257335957496554,0.03891518790909275,0.03641996695495479,0.040542718964075415,0.010044053564174165,0.016041899419956512,0.024385413877972207,64.85061613668192
743,24758,121.83475585019403,78.4192757568099,30.928748401088683,127.586847233629,174.52529785815025,143.09230025963356,179.01578586991175,168.98461023648986,3.345382934543829,8.469516508655637,0.4695825,0.5224902499999999,0.014328000000000007,-0.0011430000000000051,43.41548009338413,96.65809883254032,31.432997598516693,10.031175633421896,45.384438039465756,0.018734376557547883,0.008511999999999964,0.032692663689359726,0.6150538572226533,24.631569550776387,0.011879310455295408,0.2329793277082451,7.839801426374281,0.09467489933054556,0.8713524628702265,21.402258729923734,0.012273386088464884,0.5769773927155181,8.695013761500782,0.017236613228524177,0.23004443337995195,2.7694043336308165,0.01743879352293599,0.14280038407603304,2.4789204325970084,173.90629209143216,True,0.10283123417036286,167.80785873612783,True,0.11150541611957689,156.1999842282777,False,0.09950358720166826,153.16175827408898,False,0.0751973061352599,151.28197605625718,False,0.04515039363062073,0.017463059325330158,0.018185594546233568,0.03710857142224696,0.07052356980471144,0.01256507198546827,0.025964951453834872,0.03538357219106065,64.68022554352684,160.0371602214623,True,0.09676597210280069,172.22999932889473,True,0.12458120719033029,175.39871418812453,True,0.12603637660612116,178.96583698924744,True,0.11352937045540246,176.35533460970245,True,0.09177883944570234,0.032347503056650295,0.0388430162706245,0.036559294919349845,0.04097613731185502,0.01027556757556485,0.015709860597726492,0.0251494130746624,64.63399860120899
744,24792,102.94756307824507,77.80187883802546,12.855555388450083,127.15490163478586,173.8642129547244,145.06401459300693,178.67540233892996,169.9839464527322,3.4298277567456514,7.8465409295062285,0.469947,0.52134825,0.015116000000000018,-0.0006749999999999812,25.14568424021961,114.29934624633577,28.800198361717463,8.691455886197758,44.23417118361765,0.015352890867846372,0.005413000000000001,0.07124749323882605,0.9753028118946411,1.831203634809434,0.021962936048050753,0.2750447031389644,3.4532304299306267,0.10337206120694756,0.48672585482617137,24.988639762757074,0.014549481644693739,0.28830149780569175,6.91888376738048,0.021913345139234836,0.06689858896347423,3.26342129992824,0.02088557533676232,0.055056553981173595,3.53089464245984,174.53383088030782,True,0.10283540041250386,166.1293692074817,True,0.109834162353978,155.36512670023714,False,0.09895901714346199,153.5769484861815,False,0.07453847932444024,150.54477080153754,False,0.04425706977421801,0.016338339022067123,0.018305291147643635,0.037891407390066675,0.0723918775623343,0.011593947127704157,0.026221670007838916,0.036370970525956565,63.63684987717247,160.17231833019912,True,0.09722851573483986,171.90995225588918,True,0.12480414804805165,175.5494596494463,True,0.1264386004984237,178.83522760270355,True,0.11372715596989139,176.67382245657444,True,0.09183552378573338,0.032223649482949604,0.03876698306549014,0.036743036415081434,0.04172884188424116,0.010042583034259674,0.01615029526045882,0.02549677312916284,64.42602555536983
745,24825,105.96688171495079,77.9973157871459,16.205294630214333,127.63936986341355,175.13920471654288,145.04893186140745,179.53682835925548,169.74665064667604,3.140166386509461,8.558243284568194,0.47018800000000005,0.52050575,0.015853000000000006,-0.0014399999999999968,27.969565927804894,111.43407523319922,30.090272855135424,9.790177712579435,44.821022932179744,0.01727721971267369,0.007705000000000073,0.0933574062710646,0.6468391023195847,2.3340928925421998,0.02936859140920413,0.1096930790506575,4.556073222331431,0.06207828180727717,0.8037518588509069,9.81489747768316,0.016177694844397024,0.20641125741835314,6.964540913363997,0.02170763769476156,0.03515855112088407,0.7076790594406103,0.021002348031301268,0.09988322059459381,3.3476405966240814,172.63684703623264,True,0.10334829756701364,169.53001496980542,True,0.11158376324985642,155.5901907982143,False,0.0974196599973537,152.452505475734,False,0.07326229486577665,150.2732397940419,False,0.04559299741188332,0.0176457106686016,0.01886428710553354,0.03959092518494608,0.07165632798992702,0.014582430010118375,0.026135252304119803,0.03359950029390321,64.11481034192695,160.4373609727634,True,0.09761046094041353,172.57088296791494,True,0.12505876266779548,175.75473186976265,True,0.12677441575097081,179.25530572330396,True,0.11411582275039689,176.01680336764423,True,0.09236014292972917,0.03212928024403909,0.038928667585726606,0.03691329230778529,0.04181757124702484,0.01034332311203708,0.01603146833574516,0.025325171430811665,64.12078253145336
746,24858,111.63003587281922,78.17909863045696,21.115802711768694,127.47619858923466,176.2850311705401,144.93004234912488,178.6312598955678,169.57434993833888,3.526225221405766,8.70620390074923,0.470554,0.5201972499999999,0.016152999999999973,-0.0013879999999999448,33.45093724236226,106.36039587746596,31.35498882141522,9.056909957228925,45.05580797461809,0.02815903496215738,0.024475000000000025,0.11085477905298295,0.8793490049318792,19.588818742478644,0.027430792638281923,0.08646883146337969,2.106899416924149,0.050624201467074206,0.21743397186957264,7.777991131155726,0.020580678139611862,0.26347178337696436,11.041927647025343,0.02311399839642096,0.0418462136194182,1.217118976639357,0.01529575583981621,0.16832684536266568,1.44439489865776,173.008277417563,True,0.10333067386308867,167.74936121021742,True,0.1099698301990141,155.32713101842006,False,0.09687374858546562,153.24470218692014,False,0.07366732058382469,151.4479815538598,False,0.04460067310030196,0.01674515873319806,0.019738987410705726,0.039445098871722976,0.07341150114253217,0.013806887592792201,0.02507227083851802,0.03563616316328122,64.35184754390748,159.33976359143168,False,0.0973902715880801,172.01523944607408,True,0.1252509660641386,175.49334113814152,True,0.12731862547168818,178.55189557885205,True,0.11421823729159893,175.7892214222339,True,0.09213729972166537,0.0326127045796573,0.03944338261356399,0.03723526460225576,0.04171006065687272,0.010012771244765337,0.016632790084649084,0.02548456995909487,64.25888646473933
747,24891,107.70771315483252,78.56537180200084,17.919452524051025,128.2849269862785,175.68255491169325,144.96739636957705,178.95527540690725,168.81935927429927,3.234807201038195,8.59974946263171,0.4711362499999999,0.5202465000000001,0.016649000000000025,-0.0005190000000000472,29.14234135283168,110.36547446222747,30.7151585421162,10.135916132607974,45.08972262244583,0.025359760408962855,0.020818000000000003,0.1492527328748276,1.9148880298013706,19.556568691239974,0.027912715542882077,0.20032273764208805,1.445852139877112,0.07175987296215011,0.295831154771695,26.160445247212873,0.008213559654772225,0.6220984219502447,1.8543248711970417,0.023885568505285747,0.10709916716233471,2.2472805362304262,0.010024486810658186,0.056654221657811296,3.6102796425183814,173.93447952415013,True,0.10450704342291958,166.9070999689868,True,0.10911314517508877,155.40796519624374,False,0.0970095859438643,151.4744749509738,False,0.07359187794858887,145.57760359891446,False,0.042181990149825786,0.016176826790195893,0.020896787552157382,0.04065400724405896,0.07733069240605567,0.01309860836119626,0.025136337939325966,0.038481998401850175,63.36605531100895,158.79902920038694,False,0.0976149882600003,171.98822156295196,True,0.12585642173921835,175.36848425081592,True,0.12778027221758448,178.78503768696717,True,0.11451613068035436,175.7206042310553,True,0.09252507613614806,0.03290883850882615,0.03955018489210891,0.03714527459852734,0.041480128314652066,0.009945642110995143,0.016752159562277328,0.02534502917733575,64.18492177292578
748,24925,96.369246260629,78.40958801727415,6.6190739994526115,128.14614773110287,175.90170141855248,141.54088017797548,179.15261993172788,167.34479758840038,3.240274177891881,8.941348822660364,0.471038,0.52091875,0.016500000000000015,0.00010900000000002574,17.959658243354852,121.52707373165026,34.360821240576996,11.807822343327501,46.4138438897274,0.025859088653701578,0.02127099999999993,0.23898243683571974,2.157643234633341,19.839092319393416,0.033065720870734054,0.16730459219222596,2.619486854439218,0.030803520975523344,1.5962097766559176,10.848374368698023,0.023844931752402494,0.2954337580837505,12.13318082502923,0.024177227427393092,0.15507293148671106,1.974054666737296,0.012187370579197812,0.07363087986854493,1.5951589961215658,174.26631681108503,True,0.10324922244743537,167.46219804260843,True,0.10951483137000206,153.23754899633383,False,0.09589741836983934,150.90976789385036,False,0.07372050852374797,146.41543144873214,False,0.04232541823774456,0.016749965791009815,0.02035573103575501,0.038970005914805816,0.07539360145927503,0.014371634562568002,0.023760340001776088,0.03821669676986747,63.737800409800485,158.83350079967514,False,0.09782827233473974,172.58058741630998,True,0.1263027946642512,175.48918641192734,True,0.12799741342699078,178.81328674855712,True,0.11477031438921828,175.81144029885965,True,0.09264389146079734,0.03302448122226903,0.03966872117928681,0.03735683071407423,0.04193948036158772,0.010316866578569285,0.016751152587210192,0.025613006266348392,64.14814548130336
749,24958,64.26929609833779,78.3897940659222,26.410739423305365,128.3201476472347,175.82685174141807,140.5630583022407,179.40194898604258,166.61793447114422,3.2150511110711384,9.38179996368549,0.471487,0.52032075,0.016077000000000008,0.0008259999999999934,14.120497967584413,101.90940822392935,35.26379343917736,12.78401451489836,41.01942853639737,0.022907226043325245,0.015986999999999973,0.2938140125098358,0.5863022768213622,47.641547883523415,0.03289557849072082,0.10207941334447222,2.393506496272402,0.03557010439776219,1.0203740684245217,32.28500189691929,0.02108254606254644,0.2596967120847496,6.949714848422816,0.02220870848897546,0.13123099797674764,3.3648222544772324,0.014832459828756249,0.08896120894664071,3.0246536621479896,172.63197421981968,True,0.1055767558177462,168.56372658725877,True,0.10846189923194231,157.30573565745752,False,0.0944658838311483,152.6518183213657,False,0.07269278685674392,149.35455829985244,False,0.042796120443329935,0.016904341986602144,0.022933864153255983,0.04223465792450558,0.07747053390806083,0.014731771006908841,0.02336868402371006,0.036735879273538545,65.92222228184033,158.05048063752483,False,0.09760750947032713,172.29018998953615,True,0.12637400806336724,175.5095579103357,True,0.12819390924689053,178.80217402291404,True,0.11526248619997752,176.0131196664593,True,0.09285527122355523,0.03328628067237312,0.039939187285171436,0.03763838811638989,0.04178929074535721,0.010237698667181029,0.016518679275293158,0.025864430343620553,64.28162474405839
750,24991,68.67414182205387,78.59953027604422,21.925550867298774,128.4176737669294,175.72718125913843,146.37962482479537,179.3121347662479,169.2166393823192,3.2398472380181396,9.292812575692908,0.47236525,0.519655,0.015832999999999986,-6.999999999979245e-06,9.925388453990351,106.49212289963063,29.347556434343062,10.095495383928721,38.96514079297319,0.022981194681739214,0.01700999999999997,0.2775878208938765,0.9884709386558471,38.449661658996376,0.03080826935128358,0.0642019006073936,1.1164842590406854,0.036847208591779375,0.5537101777786791,29.281180210751675,0.01287652564565543,0.2063133333230661,4.6839631621723194,0.018473009017711886,0.07298432348010012,4.678455642724683,0.01667174543205691,0.21599014607776135,2.068006746530667,172.81313604461508,True,0.10230702287233266,167.22267370336039,True,0.1075157869803314,157.71154851849505,False,0.09418550462252667,154.57520385811125,False,0.07319170273330167,148.12621172124554,False,0.04251486622347529,0.017315641859313207,0.0215844863269896,0.03888794479012748,0.07510108279512355,0.014126355403995783,0.022423953710262602,0.03798864300024415,63.40089119138467,157.16811354622317,False,0.09834176724566222,171.970189185188,True,0.12686989266567544,175.35694735380582,True,0.12862572181721665,178.92740252015585,True,0.11540671488262716,175.6068548082543,True,0.0930898968202243,0.03299940681285045,0.03966490766408009,0.03744194152284307,0.041884424420063356,0.010319896608009204,0.01685581493135235,0.02573193692670643,64.47759642175967
751,25025,48.86521950345259,78.77463582767979,38.69719274594823,129.01009588138416,175.03985835705893,146.21029771728152,179.21313968398962,168.587612384516,2.850184417625098,10.424043004078966,0.47234825,0.51840475,0.016459,-0.00034199999999995345,29.909416324227195,90.31290313543593,28.829560639777412,10.625527299473617,39.91935184972854,0.02208872827937365,0.01676600000000006,0.22779523579911878,1.9921400367487372,26.51836268875363,0.030631659996584702,0.030331055795088355,0.289788538215046,0.0068880064519821595,0.9677585649696804,4.702107464375539,0.010514103005721934,0.06437596497251583,2.811539681033243,0.020048276830379824,0.19698786795107434,1.1815607008191051,0.02277446272260854,0.1995214291763254,3.8055193142277473,172.49302387473398,True,0.10384168305646824,166.27599517708717,True,0.10694236076036473,158.63727672028506,False,0.09345884619981137,155.42911791066038,False,0.07187345460599485,147.63954154203566,False,0.042199478965977776,0.016295987021349767,0.021868304209517516,0.041487934065219514,0.07722509310450847,0.014174096937724118,0.02344221533899898,0.03721698821774808,63.73954313141818,157.53726421651132,False,0.09815179660097918,172.49529685465794,True,0.12707929847146618,175.43363967539247,True,0.1288465013921604,178.87486459195986,True,0.11550235434829886,175.7976031697383,True,0.09371611841086885,0.03335435090059468,0.04005197529460939,0.03772349745185355,0.04209514235633371,0.010446145174177883,0.01701895252358379,0.025320451220308085,63.8936826846462
752,25058,55.45944458848989,78.89340965583123,32.30000104686614,129.2984555845499,174.8340129525879,148.96775509467133,179.45732598014465,169.71418659279067,2.580547897953267,10.661238522548743,0.47318,0.5184065,0.01668200000000003,-0.00038400000000005097,23.433965067341347,96.99845453768377,25.866257857916565,9.743139387353978,39.01045421257391,0.021164392951369973,0.015979999999999994,0.1442963549190695,2.760856163498611,7.3403921677058515,0.031161581521004816,0.05868417130440038,1.6385001431696038,0.030317471506464397,0.5241822778019858,15.33405607242329,0.011939171683346038,0.18632994505125924,8.383360398744323,0.022035954352369304,0.15186787522906228,1.6678886993752273,0.024725397336119635,0.09948441247606042,6.715964298424631,172.26724130968887,True,0.1021375020058744,164.83497336405156,True,0.10535593825219346,157.69462000677618,False,0.09331346722204678,154.6303341215898,False,0.0719912467248623,150.12229584483086,False,0.043706294203466875,0.015882856827409836,0.021000859244326195,0.03948839243372664,0.07454442088446323,0.01285760203148319,0.022932274898055795,0.03631644855984678,61.736523885589314,157.4071747734042,False,0.09761864130380019,172.31551222950267,True,0.1272077269665644,175.0724235252843,True,0.12850930200183955,178.36129493835648,True,0.11557778293426466,175.84844867202278,True,0.0930663366905564,0.033849674887655834,0.04011570476758448,0.03806164423668531,0.042162609940562264,0.010478144158199,0.016817818080833238,0.02603153758424572,63.7492101477231
753,25091,51.84825021658632,79.12825342952458,35.038422088699676,129.546018985374,173.8817678370786,148.66177650853928,179.79431127294296,169.45740077993392,2.2834188842841914,10.946143280886883,0.47381025000000004,0.51870875,0.016661999999999955,-0.0007889999999999286,27.280003212938254,94.50759689667431,25.219991328539322,10.336910493009043,39.33612548279024,0.02435325132297535,0.017603000000000035,0.045681542381861666,2.4688025801097835,36.6749343574131,0.027983556291204012,0.1198266593591932,1.3104540380793346,0.04024257732037074,0.4067671404391159,6.373728919773024,0.019537429945061514,0.4896727589993559,3.746021388814218,0.01845751646784552,0.11644108056441776,3.627989065982954,0.018155116618709707,0.27400361916583066,3.714738429642466,172.2775503435701,True,0.10286505043016311,169.11110783524438,True,0.10601423806734636,158.25222976687922,False,0.08993981402026578,154.15019193757047,False,0.06898863585403033,147.84682556299563,False,0.041785537222823854,0.01644676858838838,0.023729295859759535,0.04412426100231028,0.07827601372706715,0.016872813428708323,0.023314813424087248,0.03549751802591277,62.844341467000056,158.13270077919205,False,0.09796965710361555,172.67065919762027,True,0.12780701265971287,175.72273225533513,True,0.12954603303073392,178.96213118417364,True,0.11616779609685296,175.76470494126664,True,0.09326260978548694,0.034150523187793165,0.04062747450925295,0.03803432598324833,0.042419029986552025,0.010285979049171742,0.017107741639386515,0.026616067215124037,63.76394865837626
754,25125,41.952621672068446,79.54979102258197,45.21785875938558,130.46999436380713,174.75045905808506,147.32580644847724,179.3511684734366,168.66472408857445,1.8199875438410158,12.779158611454534,0.4741425,0.5188462500000001,0.016845,-0.0015120000000000688,37.597169350513525,85.25213560442155,27.42465260960782,10.686444384862142,40.24010048735126,0.022935717124171178,0.01707599999999998,0.021734373240159522,0.3095268952220265,59.486479188070994,0.02569376889207246,0.11090083380936268,4.000033390411689,0.04786373368966186,0.2873433982515077,4.041363893770152,0.0371514133007243,0.4165366253021283,4.382659474519943,0.023948540251781756,0.22170518805820152,3.4695529279037776,0.006435424458987914,0.29079621475284545,3.133309547418225,171.405560516239,True,0.10122562772835744,167.20073267503037,True,0.10372622711734966,157.86956179789377,False,0.0871021033328128,153.22381859034425,False,0.06624021311861852,147.66103010584618,False,0.040581621468344514,0.015613971852158551,0.024745600012931596,0.0460294238612651,0.07964749870523245,0.017776950835281087,0.02378476598581536,0.03495022353290463,62.58212135127667,158.68609865053705,False,0.09803232522489713,172.90561952222342,True,0.12791084312520187,175.76203956130178,True,0.12992618964627572,179.5172374318331,True,0.11632039763085407,175.67177476990852,True,0.0931522375952398,0.03417304168493053,0.04089930739022362,0.03801300969405079,0.04275847653974587,0.010392713841918281,0.017228501763066954,0.027086756210369628,63.63068766933003
755,25158,48.64477400705741,79.61733638029894,39.00834330996058,130.65705724638008,175.294059913029,147.3817232562549,179.85858551217743,168.1609796312701,1.9769106908862657,15.888236216996118,0.47505025,0.519072,0.017062999999999995,-0.0019850000000000145,30.97256237324153,91.6487139364195,27.9123366567741,11.697605880907332,40.557804711835615,0.022448632252322197,0.018836999999999993,0.026181770637817393,1.5168030210425794,13.565225670356899,0.03036081359841499,0.19645837756113627,3.70580214035181,0.054938500006562564,0.2151721919283621,9.573274010728928,0.047338948226890366,0.20350387621037577,11.044261949203252,0.03327837435369165,0.15405823507178162,6.225651243985285,0.0017684265617453213,0.23700902424525971,6.214850610965338,172.013788407351,True,0.10219964040054154,165.80345108165392,True,0.10366530631315377,157.5108150751228,False,0.08782541237022459,155.03769633303207,False,0.06805025734705193,145.26394131743322,False,0.04056961288945211,0.015266048637417606,0.0252049005552492,0.04489708557356482,0.08023082046196463,0.01723516002246571,0.022261511920801794,0.0367707321792754,63.15500888794843,158.2296513263527,False,0.0983171240883296,172.99724500848296,True,0.12828093577769065,176.2115638134939,True,0.13051240208501255,179.98071461711524,True,0.1168112864966395,175.64389479349737,True,0.09336993760841869,0.03432934914908813,0.04116784042186325,0.03828377332500023,0.04326804162427506,0.01029139417183115,0.01741544776915023,0.027533467525903785,63.32343309663102
756,25191,49.229796994565774,79.70007220442231,37.84746393432805,130.5577815524158,176.06294730089107,142.59762555895733,179.0930915528005,166.2735234797704,1.8427354168419994,15.385385945240941,0.47587599999999997,0.51962025,0.017125999999999975,-0.001699000000000006,30.47027520985654,92.71031761808776,33.465321741933735,12.819568073030098,42.36637066072703,0.023217090989182947,0.018695000000000017,0.07909253130727072,0.5857978075544312,31.439254339324265,0.038436898771428155,0.22335106790812198,3.654172033404243,0.0536351569562571,0.47437353928230097,11.280962231324398,0.050521858906725975,0.34008319064797876,15.317894650613793,0.03132851646525243,0.20472746684499513,6.129278237859627,0.01130242992807193,0.37208568395886266,6.532143210252996,172.1212055419233,True,0.10175404051928358,166.76371266170474,True,0.10402530381594667,157.36672327571347,False,0.08813070891011832,154.8325563331124,False,0.06767060221395998,145.88352548945133,False,0.03974679329203808,0.0150497847160682,0.024489501362828944,0.044878988870071454,0.0809470608051954,0.01727118887048603,0.023078741495150875,0.03756069494831003,63.45689768693863,158.56078575570837,False,0.09849389732364135,172.9874811515095,True,0.12865888389458383,176.1833009455623,True,0.1308550226663081,179.80388464205916,True,0.11718776866635869,175.66228229827635,True,0.0937211417130628,0.03446478047224439,0.04117645945197329,0.03827978663733641,0.04308626697684542,0.010166528709446494,0.017435514675512197,0.02751920400374981,63.18884036401673
757,25225,43.64330088449487,79.51161664434471,43.66799463520125,130.37162551204463,177.14570776183274,141.31688966600072,178.64096292439658,166.28017786616726,1.7718947082432657,16.386294700927884,0.47650175000000006,0.51945025,0.017459000000000002,-0.0019099999999999673,35.86831575984984,86.70363087684339,35.82881809583202,12.360785058229311,42.69038744768864,0.022466031247196372,0.018056000000000072,0.06384930786700332,0.6744980871725377,15.858096925555264,0.04454082097640331,0.06190185789336662,15.24518208849125,0.03527284509100358,0.7201238330036501,5.09838068451216,0.02926374440683747,0.8262909984285809,16.32787379752291,0.023194572545081664,0.3265375600667985,2.9174363796527736,0.026384799456792434,0.47225823124528876,4.701585526395839,172.59804889184355,True,0.10212258683073006,166.4356600780247,True,0.10412579527187298,156.93481921856431,False,0.09004482386011982,155.28252612480574,False,0.06930944276936583,146.53124658821082,False,0.04089570287939797,0.015200299799675005,0.023528802030702692,0.04342852069780874,0.07972639628755336,0.015411782018961992,0.023094957393335933,0.0377962572882554,63.01660027549876,159.15124758095283,False,0.09911814310710226,173.31877413436175,True,0.12924954038603004,176.61759450574473,True,0.1315409823287024,179.8511059903169,True,0.11769773443019202,175.30843503403423,True,0.09441050709534402,0.03439816647729935,0.04117172181242849,0.038337130422085586,0.043221000323916604,0.01016265093368853,0.017729289043839254,0.027347981643989768,63.06432560380417
758,25258,36.03007868843566,79.54601078982937,52.065213080567844,130.560941097179,177.36098661064082,139.85043968378366,178.79618305098586,165.53284983427528,1.9261880125785014,15.288036576219648,0.477447,0.51937775,0.017567,-0.0019340000000001023,43.51593210139371,78.49572801661117,37.51054692685716,13.263333216710578,43.19638506539315,0.022789591681291747,0.017908000000000035,0.04670646705648723,0.5365875462146917,20.111704804210575,0.03606985002018344,0.7980863071340067,30.10369162126964,0.02683075156502007,0.591697059177329,17.473686207850562,0.008212183534363718,1.2782638807032078,21.881938779934977,0.016890669479382787,0.17980813925278258,14.918696859576459,0.040280463453732145,0.4094670212381047,6.463456459857906,172.47612156401746,True,0.10202903383351229,166.92605805917927,True,0.10652016864894646,155.09119920525342,False,0.08699900983919298,152.61169981488484,False,0.06540805223365083,146.6522520531049,False,0.04051244358218839,0.01623018287019589,0.02668795237555701,0.04778140000041859,0.08032367147983215,0.021160825361974892,0.024142810109844315,0.033830466535358324,63.3934214927057,160.38608905397209,True,0.10023432795205445,173.51383554523576,True,0.12976900024659205,176.58995819236085,True,0.13140316396875687,179.86509215055108,True,0.11805606969995235,175.33269639660864,True,0.09538817957168488,0.03390846538845427,0.04042905664246942,0.038492831449505,0.043415426313696395,0.010396525958222788,0.01743626760519578,0.02652768472746916,62.48035120732962
759,25291,27.14546659547553,79.17085246648946,61.835530333028224,130.40744276775482,177.67817804316522,140.25320370546166,178.16811522716534,165.43230185084823,1.7571407990272494,15.789030430100873,0.47801374999999996,0.518762,0.017728999999999995,-0.0019970000000000265,52.02538587101394,68.57191243472658,37.42497433770356,12.735813376317111,42.689521504940295,0.02194150981587185,0.017483000000000026,0.03626120163432867,0.7294675719190991,34.815641467369694,0.015660707714604923,2.0013786070676414,41.42179944509428,0.022536663307969634,0.6818123752239855,28.088665745948923,0.055108191690364385,2.058896965363601,19.10939235964678,0.03002765115015608,0.7066789356345647,18.040140265390324,0.048507320391573294,0.3102450985301059,14.180485742620881,172.41016585177601,True,0.10399148639191576,165.61317477134165,True,0.10910998136284326,154.39308969155442,False,0.09249155919325829,153.43461110252906,False,0.07001462850719126,149.03828003155473,False,0.04398664953142033,0.01594181335356803,0.02447416727899029,0.04542246823984799,0.07826075985447625,0.018409989815314953,0.02494093512681512,0.03432188191227283,62.76719479216559,160.26287451680463,True,0.09966802692940198,171.6276871978537,True,0.1290052815818019,175.7148517522237,True,0.13132152584020637,179.95347955777666,True,0.11859102156993163,175.84345199540272,True,0.09522592212207762,0.03409282299839659,0.04106928712553942,0.03978922749941244,0.04462558929582892,0.010145982505405778,0.01731861253103147,0.027494566099504108,62.17080954341435
760,25325,31.91375126670209,77.55958862841153,54.36944289578674,129.28104635554095,177.64536776259644,142.74716054920253,177.4825068858081,166.28681217246952,1.5456783202043294,15.826581812517889,0.47880524999999996,0.517566,0.020233,-0.00206699999999993,45.64583736170944,74.91160345975422,34.8982072133939,11.195694713338582,41.66283568704904,0.01966600429675532,0.016893999999999965,0.06191619015158845,1.860097817975533,41.410296078508274,0.10032986901031159,3.57240904323621,41.18532713239978,0.021469606308329548,1.3987185223432763,19.445237261618242,0.1390567270745294,2.5210351160145956,5.349487359844486,0.06196606727970201,1.2310175697934935,15.624609087456882,0.05588640294454994,0.7120691729429707,7.748839890213422,175.51699690513908,True,0.10672339576681397,164.26267592627838,True,0.11474741018864,153.39994732040688,False,0.10367846995881067,152.0731366761029,False,0.078468579476119,148.84937078226477,False,0.046561784201209475,0.016734228186564226,0.021051364920118606,0.04011229628181365,0.07780492580807469,0.0131765175976052,0.027225871262459164,0.04002974365393817,55.096444650617514,158.40270458060726,False,0.09890638841348925,172.33909816671772,True,0.12696181015171454,175.3740361279266,True,0.12885909408730142,179.7880128294035,True,0.11598009285217872,175.52866468682745,True,0.09460617833947209,0.03218805818933476,0.039936742080445176,0.039357209873160465,0.04511410574310435,0.012117245644122256,0.017594757315746078,0.025675047224883563,60.807035097641986
761,25358,34.829148428110194,73.93608890621428,47.266951035598844,127.63552232104334,176.24358225813566,151.15675467040677,178.1739051981779,169.26794780958133,1.5826597702520022,17.102700139710695,0.47949425000000007,0.51505825,0.02155600000000002,-0.001306999999999947,39.106940478104086,80.36857128544449,25.08682758772889,8.905957388596562,38.36707418496851,0.017762788773162886,0.017557000000000045,0.1321836499605922,3.4728496001440297,47.63321945857712,0.24897379441599612,4.751392062648354,16.776186864682792,0.07323920179511653,1.4741513284859067,9.421604545161761,0.2234685668548674,2.335508271793143,7.421921671624298,0.10873157697696231,1.7153796803678845,8.29694038074195,0.06887099864247119,0.6588131662045545,9.367542354776953,179.64299579359053,True,0.10662216760130142,163.9734268180661,True,0.11650077699740892,156.40421231497527,False,0.10942685908861681,154.54128915602888,False,0.08510540364747707,150.6083409231846,False,0.04996857877706751,0.016712566080647234,0.016439509055929856,0.029405730087858725,0.0720644814107477,0.007798661744171232,0.025016542367001862,0.04401177298178295,44.36072907027806,155.27630755420228,False,0.09735772986774086,175.59230617056835,True,0.1258986075300279,175.5499935329917,True,0.12618429801682932,179.35719570750973,True,0.11251401414934943,176.08474679888445,True,0.09261806802670848,0.0317292307659672,0.03898293725465025,0.0385186737180812,0.04526618959002402,0.014116523226347192,0.01833973942017713,0.024410376174897438,59.8490491515954
762,25391,35.98982649544162,68.40516582678565,42.66558318051547,123.56448502939688,174.8521585606307,154.45807077391893,179.32478779940462,169.7342384445516,2.0567235938063755,17.57377231019406,0.48153699999999994,0.5144905,0.021072000000000035,-0.0007940000000000724,32.41533933134403,80.89890184888141,20.394087786711765,9.59054935485301,35.82471958044755,0.013473936321654402,0.01290799999999992,0.28307570585599073,5.003856531565028,23.553096662213004,0.41264612129127004,4.679629434897611,8.284878648007,0.11440444139403567,1.1312286989429179,14.21938811700395,0.2922326994253526,2.032039216211918,13.109157301449352,0.17180725361442015,1.7145655365094952,12.097539596893634,0.07426939459404593,0.4952935127779295,11.791257312447351,176.33516204409077,True,0.10586268398260076,163.94516684539974,True,0.12107530800704164,159.90633286600394,False,0.11537959751186513,156.425803591654,False,0.0901542762657435,157.38565641757552,False,0.0565604988043776,0.020723339909387215,0.013357778932142884,0.018825548624143706,0.05816403136819181,0.007367580131902209,0.025319702703625855,0.03962115980129813,40.72577321325253,156.3888854422716,False,0.09083769196759678,176.38880510250212,True,0.12154415976096918,176.0648655153148,True,0.12154314633495382,179.99358381782432,True,0.11011333587717703,176.44392364195795,True,0.0901577073799018,0.032889472388592675,0.0392114445666058,0.03869142566512637,0.04481788172147361,0.014627374508092686,0.01662632806725526,0.025740150310361445,59.28271728111131
763,25425,38.66955343590236,61.22679812105352,39.8058820139085,116.90326857941791,174.23916867663846,,179.10495104603297,170.2957299929478,3.303574516241238,12.62054608364095,0.48519875,0.51458925,0.019733999999999974,0.0006209999999999827,22.55724468515116,77.09738656550941,,8.809221053085167,36.154617434581915,,,0.4639325572625526,4.862771126248383,30.088383816096677,0.5623383083540723,4.230533120888132,21.308774845144306,0.1469298646092916,0.5443753728298634,25.614780912639368,,,,0.22055111823812631,1.0340750688363163,27.99623877325832,0.06933809377902844,0.6710802944911863,7.835102848597735,173.72464947162848,True,0.10026756008300997,170.08640690696024,True,0.12401855667600718,161.74924853597454,True,0.11274615527812915,163.48856977462728,True,0.09557493884905188,162.76549173595893,True,0.05833624311695096,0.02613344303760984,0.012491280038490817,0.004784367983339117,0.0445560184262463,0.015704802131832143,0.017176835389558814,0.03978408396582729,35.46909894471864,156.61457417733408,False,0.09114235656927022,174.55350214713846,True,0.11377357136435506,178.6661109602297,True,0.11180217393682465,178.65074779588292,True,0.10043214481429737,175.13108983062153,True,0.08528569817384388,0.024498350026073177,0.02988174486203909,0.03407514262626056,0.044974664979296926,0.013905829353188548,0.017861119589768153,0.021624750287575566,57.4475148299605
764,25458,40.02743654319987,52.10921384844425,37.88593894246456,106.81279554864571,177.2988883152249,,178.19605694039143,171.63592198322704,4.498174773392432,8.044640099827756,0.48795575,0.51574075,0.019316,0.003890999999999978,12.08177730524438,68.92685660618115,,6.560134957164394,29.18958962286331,,,0.6019871313954848,3.9407165928407943,39.49726123525532,0.6960916434982033,3.301252919146237,34.66291317196,0.14913919392609848,0.6431813305905402,34.12446125079934,,,,0.23553962795772465,0.4784248700370863,30.75231961203039,0.06374919797729801,0.6674309913138162,13.347208943573735,172.0552150801774,True,0.10213636446437677,155.9833051794099,False,0.11914845666226653,159.76195389366367,False,0.1048800051964148,163.47121103939548,True,0.08715482703786406,164.01241006267242,True,0.05587587122363285,0.01724982414403115,0.004252005644398856,0.015491687900290296,0.04634416443307615,0.015638011158712,0.017753077761334776,0.03175650429439612,33.95224033544362,157.07515757707304,False,0.09296570147102641,177.14326715738,True,0.1041470052617933,178.0594913385021,True,0.10119738161138361,179.29897834301912,True,0.09128069590554182,174.8160446102844,True,0.07678539107147923,0.013983646341351737,0.023290131064465893,0.03426290829745776,0.05045302559807488,0.014633138966059169,0.017373787151913688,0.022111565593598264,54.770321773364
765,25491,44.656926795838814,42.9817248219688,38.22205388736216,99.61653077754879,177.48594784571236,168.01528733046183,176.21796082024375,171.81027755385534,5.713808299308705,3.3027515767140665,0.4905315,0.5155879999999999,0.019179,0.004753000000000007,1.675201973870017,61.39447689018663,9.470660515250529,4.407683266388403,19.237005661423893,0.05414374475412648,0.015985999999999945,0.7061116091199793,2.765409041389788,29.447809652520135,0.7798057913242145,2.6378547727107073,50.704258211147824,0.10843611671707695,1.756052194063865,20.59655970153523,0.41714390568993137,1.3149998497180977,39.33545490046785,0.21101434769678998,1.1161597672981831,16.490037542786983,0.05586801254097651,0.920205482318271,19.02376113197076,173.3959905764475,True,0.0976961176557185,142.76046252478784,False,0.10556865781566037,149.94632290567506,False,0.09225504652321187,156.66717168804615,False,0.07655550797297339,160.0332843951091,True,0.04390975619381185,0.010033496399560778,0.014993090942163997,0.024707619067809827,0.0537920296884213,0.015789058553314743,0.015699652989795646,0.03358424466918971,27.346386806628793,155.88100333917473,False,0.0837982339790046,169.60309988912132,True,0.09314328714405563,168.31244898865918,True,0.0867167317188557,172.91807924627776,True,0.07873929048448429,168.2386914365302,True,0.06728154696497396,0.012246218436725687,0.018295554924625822,0.030872146993689974,0.049519597130832975,0.012754203228739946,0.015774857527090364,0.021772388017854173,51.4447385545208
766,25525,51.02664214447862,36.397518554901374,38.569466916549175,92.50399828332083,177.32616980330675,173.40021798422814,174.46936113652362,173.56185386540022,6.7939274872867905,1.2086472520781877,0.49106325,0.5162152499999999,0.019393999999999967,0.004837000000000091,14.629123589577247,53.93453136677165,3.9259518190786196,0.9075072711233929,18.349278511637728,0.0706290925398309,0.018411999999999984,0.7648813840381851,2.0188498862790145,31.234773501338157,0.8556872271781438,3.4156729196659747,34.381992059817314,0.04230076124332479,1.9800011164245606,23.238873097145557,0.3843849043655257,1.9012727311098105,44.74879782156781,0.1666581986313843,1.2216435927632108,7.708500656677773,0.03321469571464946,1.4946401914185459,5.49026041087973,178.7085971368581,True,0.07411363854244368,117.08951901529781,False,0.0738994972242707,158.26081481546456,False,0.062304391955944775,159.00014389962328,False,0.03859712918080825,166.2832224925726,True,0.017525603242114086,0.004445042182027054,0.02323350694578846,0.040955456937995405,0.059251474622999845,0.02665148080313737,0.02409782417563873,0.021260049764758315,21.712579361651244,,False,,,False,,,False,,,False,,,False,,,,,,,,,
767,25558,55.62012360314993,31.540437181816912,40.32153132959742,85.92795664079459,178.11428810954118,177.3096233474899,174.30948828531092,173.89812433434295,7.493183816765269,0.7248497576598943,0.49101800000000007,0.5180765,0.018149000000000026,0.004511000000000043,24.079686421333015,45.60642531119717,0.8046647620512886,0.4113639509679672,17.72553511138736,0.08507892723818274,0.018683999999999923,0.82962425103976,2.5570479007364613,50.15333697581392,0.9046484170162609,3.078302394104996,36.391482387366324,0.03464746188866667,0.9060908087208949,39.8329713376798,0.3080792938473137,2.722515400383218,49.61951553035,0.13197147323441186,1.0215831118076408,11.576774363091879,0.0630050065662664,1.1083568713692087,18.282618885612806,169.45299539447382,True,0.10593084722591431,155.48822316703684,False,0.10057680474642254,162.25183659300296,True,0.08810041077089253,157.17880280767403,False,0.058454156952264746,163.75409879235625,True,0.04305694946231098,0.019372215903194965,0.03316343866368498,0.053324652957145426,0.06651859827897753,0.016201367997795722,0.029678626063212546,0.015411385401708689,37.107002097301425,,False,,,False,,,False,,,False,,,False,,,,,,,,,
768,25591,64.03049937460439,23.34333774734783,41.678201398332774,77.7648525385738,177.70630938442332,179.75076078945108,173.67330772995345,175.28240315792522,8.333262976149843,1.5918314502962851,0.49076200000000003,0.5203045000000001,0.017125,0.0064670000000000005,40.68716162725656,36.08665114024103,2.0444514050277576,1.6090954279717664,20.106839900124278,0.0913146005685838,0.016826000000000008,0.9242871025684343,3.6471829559560964,21.620874477436356,0.9461196100611896,1.895925467731598,49.3511434500791,0.021312265023438984,1.259289782147905,22.033194252858475,0.209550082625401,3.5530335117047165,22.394949543477676,0.09923371701435632,0.8499202643214127,12.427187881665997,0.07702261279303152,0.373758497533496,15.996792268701157,,False,,,False,,,False,,,False,,,False,,,,,,,,,,164.02475481510604,True,0.08011753331200357,116.21397018746593,False,0.08782336830821286,99.52551518139528,False,0.07356154346531894,109.00944268964747,False,0.06753507625671275,128.1184527834474,False,0.06401769731097803,0.007715256638634932,0.007465114667572065,0.017930266283577613,0.03291998865431156,0.014655238517335684,0.01080756642357568,0.015481866618725294,47.85343030573261
769,25625,77.26259425217239,15.283044681093608,42.17939195221473,69.47773783573712,178.45592951261938,179.34909294404508,173.61831299933564,173.92828149547478,8.584892268449007,0.8520255333499124,0.49039325,0.520341,0.017266999999999977,0.006500999999999979,61.979549571078785,27.298345883522387,0.8931634314257053,0.3099684961391347,22.620256845541505,0.09510352123870078,0.01676600000000006,1.0241849972135055,3.4373704363766513,26.521456775940965,1.030655276503305,1.7899764174876018,32.400103763089234,0.05874130422885839,1.652994382260532,35.91796875176837,0.15318376907395168,3.2817097363841228,21.876682411679866,0.08035989251087741,0.6470539649581376,8.911182421959959,0.07692796064171836,0.36942051599183956,6.019765737815644,,False,,,False,,,False,,,False,,,False,,,,,,,,,,162.16872487703537,True,0.06459821920146094,64.69335507053393,False,0.06332695932223492,73.55932218859351,False,0.04676829055032905,91.55868771316096,False,0.042461755557207014,124.27310564333553,False,0.04688269387524569,0.005971278338848394,0.01917807313053114,0.023859840841883227,0.03530364605816231,0.01668291059737479,0.013947438761292353,0.01793470033203788,30.862540984224434
770,25658,90.73431225297996,4.98358405554914,43.54853758307456,59.45288690800315,179.52504703580033,175.4097078053517,173.60683877183845,170.9561062881789,8.207928859972185,2.3469057305981993,0.48847399999999996,0.52051875,0.01702999999999999,0.005631000000000053,85.75072819743082,15.904349324928589,4.115339230448626,2.650732483659567,27.1052873091169,0.09439568136837619,0.015793999999999975,1.11116329137505,2.3238115939666852,61.49947099921561,1.0575774663926445,0.9330611566560603,62.92343866370428,0.1289277724510311,3.2304814541446425,13.964923181993521,0.1649616404294099,2.224528236206267,39.90479456428386,0.08200409100800175,0.5399468725664028,5.313473206196939,0.07666707178832159,0.3789664103903183,5.957257558965321,,False,,,False,,,False,,,False,,,False,,,,,,,,,,164.99040469918447,True,0.0745829584422608,114.12876234898599,False,0.07670577266412222,86.56487026232472,False,0.05345936086411805,99.29761069716479,False,0.04903387369971903,121.35765588552367,False,0.04970989497071985,0.0035566965009682745,0.021483192546732945,0.028015918689202415,0.039206749469957336,0.023298292641307467,0.01362544685505762,0.01538790642030292,26.458651923333715
771,25691,111.00789445077473,2.1478276612799725,43.18069341909113,49.3319591597997,179.87227131174396,175.30096315748125,172.0965264183729,171.6739803502578,8.792801154575434,1.308907440852176,0.4891995,0.5207665,0.015239999999999976,0.0040519999999999445,108.86006678949475,6.151265740708574,4.571308154262709,0.4225460681150821,30.00129668814528,0.09214389315087573,0.012062000000000017,1.1164414279362354,2.9369778104754327,84.24782499650311,1.020896113928732,2.601138312407584,35.434217075968576,0.24855386271224686,1.9074319160097386,52.4125201975818,0.16274117045901743,1.7480941943623545,27.315278019825485,0.08011280270701533,0.2975311157375601,6.545294449823152,0.07105828250913986,0.2130569134036653,4.9913391732284405,,False,,,False,,,False,,,False,,,False,,,,,,,,,,,False,,,False,,,False,,,False,,,False,,,,,,,,,
772,25725,131.54372944340847,8.703153185794266,41.671541543632706,43.42265206111531,179.04310401629428,176.32022340264655,172.84989350732235,173.61086693066343,9.256680987875894,1.1588862495410162,0.4883155,0.52013475,0.013610000000000011,0.004359000000000002,122.8405762576142,1.7511105174826014,2.7228806136477317,0.7609734233410848,32.018885203021405,0.08547044748332609,0.011427999999999994,1.0574000696653458,5.1562994106994005,88.60421638891347,0.9793778096844593,2.994011716296272,41.36753741755665,0.24535926740324235,0.4474959867194085,35.33974086942373,0.1524667409978782,1.4939576704036481,12.274183339834783,0.07963703589881872,0.14603015524967936,3.5815999918575665,0.06328573656404084,0.04629041647629526,8.705813429883847,171.86647186928639,True,0.08513913697002096,31.36524340793344,False,0.08219133555916946,82.66511409118007,False,0.08201840077689881,57.38950081140533,False,0.05081055795796777,78.76808793333254,False,0.034878915536467076,0.029713828110830898,0.0447564063123929,0.061985644692944875,0.08175303035973654,0.01521264359011933,0.035581021036502035,0.024936858603280397,127.29911545051402,,False,,,False,,,False,,,False,,,False,,,,,,,,,
773,25758,143.44781427422777,30.982014335274833,40.14536679214148,36.91205807765207,179.74849633260274,176.0818990393969,172.22480987992037,173.71019214390896,9.596593073389837,0.933468348877742,0.48754324999999993,0.52048875,0.012057999999999958,0.006305000000000005,112.46579993895293,3.233308714489411,3.6665972932058537,1.4853822639885834,30.212772052659194,0.08050991229035091,0.011418999999999957,0.8827006188039422,7.381339342382744,38.999117004764415,0.8802038708122383,3.7994596754931536,23.051514185923637,0.22731492468429784,1.824984603428552,27.31703410338867,0.15273542333797047,1.2520652418533353,3.7092092276273747,0.0760601814692901,0.25856895457696066,2.6680359291799682,0.07170811040913884,0.475852333939988,6.822946223526855,,False,,,False,,,False,,,False,,,False,,,,,,,,,,,False,,,False,,,False,,,False,,,False,,,,,,,,,
774,25791,155.90232920213197,67.26792172767158,37.39634486367642,38.00289408856019,176.54021706429833,175.46434486742456,172.16619373369156,174.66419786597024,9.586761150028318,1.25233593006029,0.48624975,0.52300525,0.011178000000000021,0.009824999999999973,88.63440747446039,0.6065492248837714,1.0758721968737746,2.4980041322786803,23.203708257124156,0.09367201076629027,0.04380000000000006,0.6754254916779155,6.934820234763054,23.509159392660088,0.7506042802026995,3.6458624534518145,14.894293007723235,0.26197073886083466,2.0086042581739485,7.842192261711675,0.1606190843882009,1.3335287823266964,3.2812422357626874,0.06740147550020467,0.2976672660941689,0.7792601757788572,0.08754118568488684,0.4894403630130961,1.4286794562760887,163.11890595952676,True,0.0823128827948578,87.65912804776148,False,0.06533188233167629,100.97820573559295,False,0.059183951583178324,103.69152262166017,False,0.05430451045723549,109.3973792453625,False,0.05136584955979998,0.017011061842224916,0.029681815459974843,0.044843231038808995,0.06130038943595708,0.016882495194727537,0.015629475391067994,0.016472655796804556,172.5248441576453,,False,,,False,,,False,,,False,,,False,,,,,,,,,
775,25825,169.89636452629227,80.52441711804684,35.62353499297884,40.2733543641497,179.12067670574393,169.82809646901487,171.49841602246525,174.41499747510713,9.464362619054567,1.272981844287564,0.48603175,0.5246075,0.010444000000000009,0.009024000000000032,89.37194740824543,4.649819371170857,9.292580236729066,2.9165814526418785,26.557732117196807,0.07836261543618872,0.03596299999999997,0.5853933875731235,6.026467501599253,36.38397833847567,0.6691139386902079,3.1693618537923403,20.693986927349457,0.2913851038142606,1.4928756717267777,12.777523021304946,0.18413846230126787,1.4603726912733601,3.2979202918518844,0.06326391270858019,0.25034836126670357,1.748111593867476,0.09742834623216017,0.3839923578105131,2.84028582760395,168.82748156747354,True,0.07291382196812889,91.86247129103742,False,0.06365784333450192,98.6348875045599,False,0.060103703263609316,92.47400714203373,False,0.05576800728912588,93.61083096256857,False,0.053030188506170695,0.015607593023909887,0.030078503287231502,0.047855848597637425,0.06357273321951794,0.014593417968385541,0.01793825523845619,0.01638197088265027,164.0907332396693,,False,,,False,,,False,,,False,,,False,,,,,,,,,
776,25858,177.96987213526322,83.96318460877052,34.57682099523383,40.335959810031355,179.39099030343527,169.350386325299,171.2120035677208,174.51442428368927,9.221013775132844,2.028441743406504,0.48469525,0.525227,0.009757000000000016,0.007695000000000007,94.0066875264927,5.759138814797524,10.04060397813626,3.302420715968452,28.277212758848734,0.07280162816860623,0.030357999999999996,0.565689074702512,4.613464152455125,44.329767865390686,0.605475418500408,2.405487574069086,22.671883121626195,0.33022862198206315,1.1564581263675062,11.408785534172251,0.2190718355278536,1.1265586837962238,11.010934995676692,0.06096690542332161,0.19069288884844365,1.8133172538524425,0.10941198304218887,0.29922543343863284,2.9895146757973334,173.27613328210467,True,0.0752959438283364,172.07415681150422,True,0.029521478028716578,158.7179847745018,False,0.041446022402638345,151.76004275167222,False,0.04354385464103974,150.67951267544683,False,0.05188532254886733,0.0855842961529742,0.09866118532634804,0.10644328677751357,0.12378516050399574,0.013967011204978695,0.009809098327573275,0.024427527934688702,68.93916108361616,,False,,,False,,,False,,,False,,,False,,,,,,,,,
777,25891,178.48629841359966,90.56915050762295,33.82106530711181,40.11582838641985,174.48524957725277,166.16776717195827,170.63423281738147,174.79375797245294,8.639946187631288,2.8532307023555594,0.483953,0.5255275,0.011070000000000024,0.007148000000000043,87.9171479059767,6.294763079308041,8.317482405294498,4.159525155071464,26.672229636412677,0.09358655434409369,0.054227000000000025,0.5786798180706549,3.1020982498051426,45.909012022930064,0.5730402721288204,1.675010253610787,22.302920000198736,0.34874055635142887,0.7406989320996122,12.657242803411462,0.23722963015941056,0.7340413973076624,11.923683657755431,0.0597434258403129,0.13103339719780702,1.837524147813987,0.11480200182210719,0.1868658960782677,3.417580153418295,176.60288538729904,True,0.08228005012759775,168.57267364165583,True,0.028107520933017254,160.29678158541128,True,0.034463097713351376,154.4044050384884,False,0.036389156695367374,157.83774236095456,False,0.04785746968864945,0.08671298590176674,0.09923936529926015,0.10888100386201438,0.12768204249619441,0.012530495161804276,0.012106986288915973,0.02319845706076169,65.49179568784324,,False,,,False,,,False,,,False,,,False,,,,,,,,,
